[INFO | borealis::log] File logging initialized
[INFO | dusk] Build: v2.0.3 (rev f39afb4994aeb85e1f4524f40f32d6bb03808749, built Wed Sep 30 08:33:18 2026 -0500, type RelWithDebInfo)
[INFO | dusk] Platform: android
[INFO | dusk::config] Loading config from '/data/data/dev.twilitrealm.dusk/files/config.json'
[INFO | aurora] Aurora initializing
[INFO | aurora::system_info] CPU model: Unknown
[INFO | aurora::system_info] Memory: 15140 MiB
[INFO | aurora::system_info] Architecture: aarch64
[ERROR | aurora::system_info] Failed to open /etc/os-release or /usr/lib/os-release
[INFO | aurora::system_info] OS: Unknown
[INFO | aurora::gpu] Creating WebGPU instance
[INFO | aurora::gpu] Attempting to initialize Vulkan
[INFO | aurora::gpu] Requesting adapter
  Feature level: Compatibility
  Power preference: HighPerformance
  Backend: Vulkan
  Compatible surface: true
[INFO | aurora::gpu] Graphics adapter information
  API: Vulkan
  Device: Adreno (TM) 830 (IntegratedGPU)
  Driver: Qualcomm Technologies Inc. Adreno Vulkan Driver: Driver Build: 3967b80d3b, Ica4ce9bea6, 1770914544
Date: 02/12/26
Compiler Version: E031.47.18.49
Driver Branch: 
 512.800.72
[INFO | aurora::gpu] Using limits:
  maxTextureDimension1D: 16384
  maxTextureDimension2D: 16384
  maxTextureDimension3D: 2048
  maxTextureArrayLayers: 2048
  maxStorageBuffersPerShaderStage: 2
  minUniformBufferOffsetAlignment: 256
  minStorageBufferOffsetAlignment: 64
  maxImmediateSize: 64
[INFO | aurora::gpu] Enabling features: 
  CoreFeaturesAndLimits
  TextureCompressionBC
  TextureCompressionASTC
  DualSourceBlending
  TextureComponentSwizzle
[DEBUG | aurora::gpu::cache] SQLite version 3.51.3
[DEBUG | aurora::gpu::cache] Using dawn cache at /data/data/dev.twilitrealm.dusk/files/dawn_cache.db
[DEBUG | aurora::gpu::cache] SQLite cache init succeeded
[INFO | aurora::gpu] Using surface format RGBA8Unorm, present mode Fifo
[INFO | aurora::gfx::pipeline_cache] No bundled initial pipeline cache found at './initial_pipeline_cache.db'
[INFO | aurora] Using framebuffer size 1920x1080 scale 2.30625
[WARNING | aurora::texture] texture_replacement: failed to load texture TextureReplacement tex1_128x64_6b0c0e381e32c091_14.dds because 45x22 is not aligned to 4x4 texel blocks for format 62
[WARNING | aurora::texture] texture_replacement: failed to load texture TextureReplacement tex1_56x89_m_52820dbae736d0d1_59a43005f82eebd3_9.dds because 41x64 is not aligned to 4x4 texel blocks for format 62
[INFO | aurora::texture] Loaded 4732 texture replacement registrations from /data/data/dev.twilitrealm.dusk/files/texture_replacements
[INFO | dusk] Texture replacement directory loaded: 4732 registration(s)
[INFO | aurora::rmlui] Loaded font face 'Fira Sans' [regular] from 'res/FiraSans-Regular.ttf'.
[INFO | aurora::rmlui] Loaded font face 'Fira Sans' [bold] from 'res/FiraSans-Bold.ttf'.
[INFO | aurora::rmlui] Loaded font face 'Fira Sans Condensed' [regular] from 'res/FiraSansCondensed-Regular.ttf'.
[INFO | aurora::rmlui] Loaded font face 'Fira Sans Condensed' [bold] from 'res/FiraSansCondensed-Bold.ttf'.
[INFO | aurora::rmlui] Loaded font face 'Alegreya SC' [regular] from 'res/AlegreyaSC-Regular.ttf'.
[INFO | aurora::rmlui] Loaded font face 'Alegreya SC' [bold] from 'res/AlegreyaSC-Bold.ttf'.
[INFO | aurora::rmlui] Loaded font face 'Material Symbols Rounded' [regular] from 'res/MaterialSymbolsRounded-Regular.ttf'.
[INFO | aurora::rmlui] Loaded font face 'Noto Mono' [regular] from 'res/NotoMono-Regular.ttf'.
[INFO | dusk] Disc verification status: verified (path: content://com.android.externalstorage.documents/document/primary%3ADusklight%2FLegend%20of%20Zelda%2C%20The%20-%20Twilight%20Princess%20(USA).rvz)
[INFO | dusk] Loading DVD image: content://com.android.externalstorage.documents/document/primary%3ADusklight%2FLegend%20of%20Zelda%2C%20The%20-%20Twilight%20Princess%20(USA).rvz
[INFO | dusk] Loaded game disc is GZ2E01
[INFO | dusk] Initializing mods...
[INFO | dusk::mods::manifest] symbol manifest loaded: 312357 symbols, build id 3021f75aced6da670bbefc9c2e3c1463afcafeb9
[INFO | org.twilight.hd_hud] found 'Twilight HD' v2.4.4 by Hyrule Hysteria (/data/data/dev.twilitrealm.dusk/files/mods/Twilight-HD-HUD.dusk)
[INFO | alexandre.cooper_hat.texture_selector] found 'Cowboy Link' v1.1.0 by XandasLegend (/data/data/dev.twilitrealm.dusk/files/mods/alexandre.cooper_hat.texture_selector.dusk)
[INFO | com.skilarmbabcock.champions_leathers] found 'Champion's Leathers' v1.0.0 by Skilar Babcock (/data/data/dev.twilitrealm.dusk/files/mods/champions_leathers.dusk)
[INFO | com.blueflaregames.zora_swim] found 'Zora Swim' v1.1.1 by Blue Flare Games (/data/data/dev.twilitrealm.dusk/files/mods/com.blueflaregames.zora_swim.dusk)
[INFO | com.ditrey.linkle] found 'Linkle Mod' v1.1.1 by Ditrey (/data/data/dev.twilitrealm.dusk/files/mods/com.ditrey.linkle.dusk)
[INFO | com.dusklight.twilit_essentials] found 'Twilit Essentials' v2.3.1 by Fimmel (/data/data/dev.twilitrealm.dusk/files/mods/com.dusklight.twilit_essentials.dusk)
[INFO | com.kamilink.lazytweaks] found 'Lazy Shield Rework' v1.0.0 by Kamilink (/data/data/dev.twilitrealm.dusk/files/mods/com.kamilink.lazytweaks.dusk)
[INFO | com.melonspeedruns.rollandsprint] found 'Roll and Sprint' v1.1.0 by MelonSpeedruns (/data/data/dev.twilitrealm.dusk/files/mods/com.melonspeedruns.rollandsprint.dusk)
[INFO | com.mikey022.tp_randomizer_tracker] found 'TPTracker' v0.4.36 by mikey022 (/data/data/dev.twilitrealm.dusk/files/mods/com.mikey022.tp_randomizer_tracker.dusk)
[INFO | com.ordonhero.zeldartist] found 'Ordonian Hero' v1.0.0 by Skilar Babcock (/data/data/dev.twilitrealm.dusk/files/mods/com.ordonhero.zeldartist.dusk)
[INFO | com.skilarmbabcock.hero_of_time] found 'Hero of Time' v1.0.0 by Skilar Babcock (/data/data/dev.twilitrealm.dusk/files/mods/com.skilarmbabcock.hero_of_time.dusk)
[INFO | com.tomtee.no_underwater_filter] found 'No Underwater Filter' v1.0.0 by tomtee (/data/data/dev.twilitrealm.dusk/files/mods/com.tomtee.no_underwater_filter.dusk)
[INFO | dev.baxlek.time_sync_neo] found 'Time Sync Neo' v1.3.1 by baxlek (/data/data/dev.twilitrealm.dusk/files/mods/dev.baxlek.time_sync_neo.dusk)
[INFO | dev.baxlek.unrestricted_items] found 'Unrestricted Items' v1.1.1 by baxlek (/data/data/dev.twilitrealm.dusk/files/mods/dev.baxlek.unrestricted_items.dusk)
[INFO | dev.remiafterdark.coop_mod] found 'Crests of Courage' v1.7.9 by remiafterdark (/data/data/dev.twilitrealm.dusk/files/mods/dev.remiafterdark.coop_mod.dusk)
[INFO | dev.remiafterdark.ganondorf] found 'Ganondorf' v1.0.0 by remiafterdark (/data/data/dev.twilitrealm.dusk/files/mods/dev.remiafterdark.ganondorf.dusk)
[INFO | dev.twilitrealm.randomizer] /data/data/dev.twilitrealm.dusk/files/mods/dev.twilitrealm.randomizer.dusk v1.0.5 shadowed by /data/data/dev.twilitrealm.dusk/files/bundled_mods/randomizer.dusk v1.0.6
[INFO | com.skilarmbabcock.fierce_deity] found 'Fierce Deity' v1.0.0 by Skilar Babcock (/data/data/dev.twilitrealm.dusk/files/mods/fierce_deity.dusk)
[INFO | dev.baxlek.fire_arrows] found 'Fire Arrows Standalone' v1.0.0 by baxlek (/data/data/dev.twilitrealm.dusk/files/mods/fire_arrows.dusk)
[INFO | hopex.dark_link] found 'Dark Link' v1.1.3 by Nozzly (/data/data/dev.twilitrealm.dusk/files/mods/hopex.dark_link.dusk)
[INFO | com.skilarmbabcock.hyrule_warriors] found 'Hyrule Warriors Outfit' v1.0.0 by Skilar Babcock (/data/data/dev.twilitrealm.dusk/files/mods/hyrule_warriors.dusk)
[INFO | com.bytheeightdivines.royalshield] found 'Royal Shield' v1.0.0 by ByTheEightDivines (/data/data/dev.twilitrealm.dusk/files/mods/royal_shield.dusk)
[INFO | com.example.zelda_on_epona] found 'Zelda on Epona' v1.0.0 by You (/data/data/dev.twilitrealm.dusk/files/mods/zelda_on_epona.dusk)
[INFO | dev.twilitrealm.cosmetics] found 'Cosmetics' v1.0.0 by Twilit Realm (/data/data/dev.twilitrealm.dusk/files/bundled_mods/cosmetics.dusk)
[INFO | dev.twilitrealm.luau] found 'Luau Support' v1.0.0 by Twilit Realm (/data/data/dev.twilitrealm.dusk/files/bundled_mods/luau_runtime.dusk)
[INFO | dev.twilitrealm.randomizer] found 'Dusklight Randomizer' v1.0.6 by Twilit Realm (/data/data/dev.twilitrealm.dusk/files/bundled_mods/randomizer.dusk)
[INFO | dusk::mods::loader] initializing 25 mod(s)...
[INFO | alexandre.cooper_hat.texture_selector] disabled by config
[INFO | com.skilarmbabcock.champions_leathers] disabled by config
[INFO | com.blueflaregames.zora_swim] disabled by config
[INFO | com.ditrey.linkle] disabled by config
[INFO | com.kamilink.lazytweaks] disabled by config
[INFO | com.ordonhero.zeldartist] disabled by config
[INFO | com.skilarmbabcock.hero_of_time] disabled by config
[INFO | dev.remiafterdark.coop_mod] disabled by config
[INFO | dev.remiafterdark.ganondorf] disabled by config
[INFO | com.bytheeightdivines.royalshield] disabled by config
[INFO | dev.twilitrealm.cosmetics] activating mod
[INFO | dev.twilitrealm.cosmetics] cosmetics initialized
[INFO | dev.twilitrealm.luau] activating mod
[INFO | dev.twilitrealm.randomizer] activating mod
[INFO | dev.twilitrealm.randomizer] randomizer v1.0.6-HEAD-1f24e81 initialized
[INFO | org.twilight.hd_hud] activating mod
[INFO | org.twilight.hd_hud] Text Font: Dusklight - Fira Sans Bold selected
[INFO | org.twilight.hd_hud] Twilight HD initialized
[INFO | com.dusklight.twilit_essentials] activating mod
[DEBUG | com.dusklight.twilit_essentials] init menu_tab: OK
[DEBUG | com.dusklight.twilit_essentials] init general: OK
[DEBUG | com.dusklight.twilit_essentials] init damage_vignette: OK
[DEBUG | com.dusklight.twilit_essentials] init oxygen_vignette: OK
[DEBUG | com.dusklight.twilit_essentials] init flurry_vignette: OK
[DEBUG | com.dusklight.twilit_essentials] init hp_bars: OK
[DEBUG | com.dusklight.twilit_essentials] init boss_bar: OK
[DEBUG | com.dusklight.twilit_essentials] init boss_rush: OK
[DEBUG | com.dusklight.twilit_essentials] init boss_rush_portal: OK
[DEBUG | com.dusklight.twilit_essentials] init boss_rush_dpad: OK
[DEBUG | com.dusklight.twilit_essentials] init boss_rush_music: OK
[DEBUG | com.dusklight.twilit_essentials] init boss_rush_gamemode: OK
[DEBUG | com.dusklight.twilit_essentials] init visible_equipment: OK
[INFO | com.dusklight.twilit_essentials] [ZButton/mobile] Midna touch button available
[INFO | com.dusklight.twilit_essentials] [ZButton/mobile] Midna button in Customize Layout available
[DEBUG | com.dusklight.twilit_essentials] init z_button: OK
[DEBUG | com.dusklight.twilit_essentials] init quick_access_bottles: OK
[INFO | com.dusklight.twilit_essentials] [QuickAccess/mobile] touch button available
[DEBUG | com.dusklight.twilit_essentials] init quick_access: OK
[DEBUG | com.dusklight.twilit_essentials] init quick_access_itemwheel: OK
[DEBUG | com.dusklight.twilit_essentials] init sheathed_spin: OK
[DEBUG | com.dusklight.twilit_essentials] init flurry_rush: OK
[DEBUG | com.dusklight.twilit_essentials] init stamina: OK
[DEBUG | com.dusklight.twilit_essentials] init puppet_zelda_pattern: OK
[DEBUG | com.dusklight.twilit_essentials] init collection_menu: OK
[DEBUG | com.dusklight.twilit_essentials] init collection_menu_shield: OK
[DEBUG | com.dusklight.twilit_essentials] init epona: OK
[INFO | com.melonspeedruns.rollandsprint] activating mod
[INFO | com.mikey022.tp_randomizer_tracker] activating mod
[INFO | com.mikey022.tp_randomizer_tracker] TPTracker: native map draw hook installed
[INFO | com.mikey022.tp_randomizer_tracker] TPTracker: minimap hooks installed
[INFO | com.tomtee.no_underwater_filter] activating mod
[INFO | dev.baxlek.time_sync_neo] activating mod
[INFO | dev.baxlek.time_sync_neo] time_sync_neo initialized
[INFO | dev.baxlek.unrestricted_items] activating mod
[INFO | dev.baxlek.unrestricted_items] unrestricted_items initialized
[INFO | com.skilarmbabcock.fierce_deity] activating mod
[INFO | dev.baxlek.fire_arrows] activating mod
[INFO | dev.baxlek.fire_arrows] fire_arrows initialized
[INFO | hopex.dark_link] activating mod
[INFO | com.skilarmbabcock.hyrule_warriors] activating mod
[INFO | com.example.zelda_on_epona] activating mod
[INFO | com.example.zelda_on_epona] zelda_on_epona initialized
[DEBUG | dusk::mods::overlay] Registering 36 overlay file(s).
[INFO | dusk::mods::textures] [org.twilight.hd_hud] registered 2 texture replacement(s).
[INFO | dusk::mods::textures] [com.dusklight.twilit_essentials] registered 4 texture replacement(s).
[INFO | dusk::mods::textures] [com.skilarmbabcock.hyrule_warriors] registered 20 texture replacement(s).
[INFO | dusk::mods::loader] 15/25 mod(s) active
[INFO | dusk::osReport] Starting main01 (Game Loop)...
[DEBUG | aurora::ar] Initialized 0x1800000 bytes of ARAM!
[INFO | dusk] COPYDATE=[2006/11/06 18:16
]
[DEBUG | dusk] [DIAG] cDyl_InitCallback: START
[DEBUG | dusk] fopScnM_CreateReq: procName=9 fade=32767
[DEBUG | dusk] fopScnM_CreateReq: result=0 (error=4294967295)
[DEBUG | dusk] cDyl_InitCallback: fpcNm_LOGO_SCENE_e created, DONE
[INFO | aurora::input] Added controller 'Odin Controller' (instance 3, vid 2020, pid 0111, type 1)
[DEBUG | dusk] fapGm_Execute frame=0
[DEBUG | dusk] fpcDw_Handler: before BeforeOfDraw
[DEBUG | dusk] fpcDw_Handler: before draw iteration
[DEBUG | dusk] fpcDw_Handler: before AfterOfDraw
[DEBUG | dusk] fpcDw_Handler: done
[DEBUG | dusk] fpcNdRq_Handler: queue size=1
[DEBUG | dusk] fpcNdRq_phase_Create: name=9 layer=0x7aced93418
[DEBUG | dusk] fpcNdRq_phase_Create: creating_id=1 (error=4294967295)
[DEBUG | dusk] fopScnRq_phase_Execute: ret=0 name=9
[DEBUG | dusk] fapGm_Execute frame=1
[DEBUG | dusk] [DIAG] fpcSCtRq_phase_Load: procName=9 ret=4
[DEBUG | dusk] fpcSCtRq_phase_CreateProcess: procName=9
[DEBUG | dusk] fpcBs_Create: pid=1 profname=fpcNm_LOGO_SCENE_e (9) profile=0x7aceb60020 procSize=1304 unkSize=0
[DEBUG | dusk] fpcSCtRq_phase_CreateProcess: fpcBs_Create OK proc=0xb400007a0907ea48
[DEBUG | dusk] [DIAG] dScnLogo_Create: entry i_this=0xb400007a0907ea48
[DEBUG | dusk] dScnLogo_c::create START
[DEBUG | dusk] dScnLogo_c::create resLoad=0 (need 4 for complete)
[DEBUG | dusk] fpcSCtRq_phase_SubCreateProcess: pid=1 procName=0009 ret=0
[DEBUG | dusk] fpcCtRq_Do: phase=0 process=0xb400007a0907ea48
[DEBUG | dusk] fpcDw_Handler: before BeforeOfDraw
[DEBUG | dusk] fpcDw_Handler: before draw iteration
[DEBUG | dusk] fpcDw_Handler: before AfterOfDraw
[DEBUG | dusk] fpcDw_Handler: done
[DEBUG | dusk] fpcNdRq_Handler: queue size=1
[DEBUG | dusk] fopScnRq_phase_Execute: ret=0 name=9
[DEBUG | dusk] fapGm_Execute frame=2
[DEBUG | dusk] [DIAG] dScnLogo_Create: entry i_this=0xb400007a0907ea48
[DEBUG | dusk] fpcSCtRq_phase_SubCreateProcess: pid=1 procName=0009 ret=0
[DEBUG | dusk] fpcCtRq_Do: phase=0 process=0xb400007a0907ea48
[DEBUG | dusk] fpcDw_Handler: before BeforeOfDraw
[DEBUG | dusk] fpcDw_Handler: before draw iteration
[DEBUG | dusk] fpcDw_Handler: before AfterOfDraw
[DEBUG | dusk] fpcDw_Handler: done
[DEBUG | dusk] fpcNdRq_Handler: queue size=1
[DEBUG | dusk] fopScnRq_phase_Execute: ret=0 name=9
[DEBUG | dusk] fapGm_Execute frame=3
[DEBUG | dusk] [DIAG] dScnLogo_Create: entry i_this=0xb400007a0907ea48
[DEBUG | dusk] fpcSCtRq_phase_SubCreateProcess: pid=1 procName=0009 ret=0
[DEBUG | dusk] fpcCtRq_Do: phase=0 process=0xb400007a0907ea48
[DEBUG | dusk] fpcDw_Handler: before BeforeOfDraw
[DEBUG | dusk] fpcDw_Handler: before draw iteration
[DEBUG | dusk] fpcDw_Handler: before AfterOfDraw
[DEBUG | dusk] fpcDw_Handler: done
[DEBUG | dusk] fpcNdRq_Handler: queue size=1
[DEBUG | dusk] fopScnRq_phase_Execute: ret=0 name=9
[DEBUG | dusk] fapGm_Execute frame=4
[DEBUG | dusk] [DIAG] dScnLogo_Create: entry i_this=0xb400007a0907ea48
[DEBUG | dusk] Loading Resource: dolby_p2_232_112.bti (Size: 26016)
[DEBUG | dusk] Loading Resource: nintendo_376x104.bti (Size: 78240)
[DEBUG | dusk] Loading Resource: progressive_choice.bti (Size: 15008)
[DEBUG | dusk] Loading Resource: progressive_inter.bti (Size: 15008)
[DEBUG | dusk] Loading Resource: progressive_no.bti (Size: 2592)
[DEBUG | dusk] Loading Resource: progressive_pro.bti (Size: 15008)
[DEBUG | dusk] Loading Resource: progressive_yes.bti (Size: 2848)
[DEBUG | dusk] Loading Resource: warning.bti (Size: 136224)
[DEBUG | dusk] Loading Resource: warning_pstart.bti (Size: 14624)
[DEBUG | dusk] dScnLogo_c::create resLoad COMPLETE, continuing init...
[DEBUG | dusk] fpcSCtRq_phase_SubCreateProcess: pid=1 procName=0009 ret=2
[DEBUG | dusk] fpcCtRq_Do: phase=4 process=0xb400007a0907ea48
[DEBUG | dusk] fpcDw_Handler: before BeforeOfDraw
[DEBUG | dusk] fpcDw_Handler: before draw iteration
[DEBUG | dusk] dScnLogo_c::draw: mExecCommand=14 mTimer=0
[DEBUG | dusk] fpcDw_Handler: before AfterOfDraw
[DEBUG | dusk] fpcDw_Handler: done
[DEBUG | dusk] fpcNdRq_Handler: queue size=1
[DEBUG | dusk] fopScnRq_phase_Execute: ret=2 name=9
[DEBUG | dusk] fapGm_Execute frame=5
[DEBUG | dusk] dScnLogo_c::draw: mExecCommand=14 mTimer=0
[DEBUG | dusk] fapGm_Execute frame=6
[DEBUG | dusk] dScnLogo_c::draw: mExecCommand=14 mTimer=0
[DEBUG | dusk] Loading Resource: ef_mizubashira.bck (Size: 672)
[DEBUG | dusk] Loading Resource: f_znc_r_impact.bck (Size: 704)
[DEBUG | dusk] Loading Resource: o_g_hutk.bck (Size: 416)
[DEBUG | dusk] Loading Resource: o_g_hutu.bck (Size: 416)
[DEBUG | dusk] Loading Resource: waita.bck (Size: 768)
[DEBUG | dusk] Loading Resource: zelda_notice_cursor_red.bck (Size: 512)
[DEBUG | dusk] Loading Resource: zelda_notice_cursor_yellow.bck (Size: 416)
[DEBUG | dusk] Loading Resource: o_g_hart.bmd (Size: 5472)
[DEBUG | dusk] Loading Resource: o_g_hutk.bmd (Size: 29376)
[DEBUG | dusk] Loading Resource: o_g_hutu.bmd (Size: 29376)
[DEBUG | dusk] Loading Resource: o_g_rupy.bmd (Size: 8224)
[DEBUG | dusk] Loading Resource: breakwoodbox.bmd (Size: 3744)
[DEBUG | dusk] Loading Resource: d_brockbrk.bmd (Size: 2848)
[DEBUG | dusk] Loading Resource: ef_mizubashira.bmd (Size: 12224)
[DEBUG | dusk] Loading Resource: ef_screen_suityu.bmd (Size: 4128)
[DEBUG | dusk] Loading Resource: ef_thunder01.bmd (Size: 10016)
[DEBUG | dusk] Loading Resource: ef_thunder02.bmd (Size: 10304)
[DEBUG | dusk] Loading Resource: mpm_tubo.bmd (Size: 4704)
[DEBUG | dusk] Loading Resource: nv.bmd (Size: 4256)
[DEBUG | dusk] Loading Resource: o_g_arow.bmd (Size: 4960)
[DEBUG | dusk] Loading Resource: o_g_arow_taba.bmd (Size: 22304)
[DEBUG | dusk] Loading Resource: o_g_tane.bmd (Size: 13152)
[DEBUG | dusk] Loading Resource: zelda_notice_cursor_red.bmd (Size: 7808)
[DEBUG | dusk] Loading Resource: zelda_notice_cursor_yellow.bmd (Size: 10688)
[DEBUG | dusk] Loading Resource: f_znc_r_impact.bpk (Size: 416)
[DEBUG | dusk] Loading Resource: zelda_notice_cursor_red.bpk (Size: 320)
[DEBUG | dusk] Loading Resource: zelda_notice_cursor_yellow.bpk (Size: 320)
[DEBUG | dusk] Loading Resource: ef_mizubashira.brk (Size: 480)
[DEBUG | dusk] Loading Resource: ef_thunder.brk (Size: 640)
[DEBUG | dusk] Loading Resource: f_g_hart.brk (Size: 384)
[DEBUG | dusk] Loading Resource: f_g_rupy.brk (Size: 800)
[DEBUG | dusk] Loading Resource: f_znc_r_impact.brk (Size: 384)
[DEBUG | dusk] Loading Resource: o_g_hutk.brk (Size: 416)
[DEBUG | dusk] Loading Resource: o_g_hutu.brk (Size: 544)
[DEBUG | dusk] Loading Resource: zelda_notice_cursor_red.brk (Size: 288)
[DEBUG | dusk] Loading Resource: zelda_notice_cursor_red_02.brk (Size: 224)
[DEBUG | dusk] Loading Resource: zelda_notice_cursor_yellow.brk (Size: 544)
[DEBUG | dusk] Loading Resource: zelda_notice_cursor_yellow_02.brk (Size: 224)
[DEBUG | dusk] Loading Resource: ef_mizubashira.btk (Size: 704)
[DEBUG | dusk] Loading Resource: ef_screen_suityu.btk (Size: 320)
[DEBUG | dusk] Loading Resource: f_znc_r_impact.btk (Size: 256)
[DEBUG | dusk] Loading Resource: zelda_notice_cursor_red.btk (Size: 256)
[DEBUG | dusk] Loading Resource: zelda_notice_cursor_yellow.btk (Size: 576)
[DEBUG | dusk] Loading Resource: mpm_tubo.btp (Size: 128)
[DEBUG | dusk] Loading Resource: areamapres.bin (Size: 444)
[DEBUG | dusk] Loading Resource: item_table.bin (Size: 128)
[DEBUG | dusk] Loading Resource: a_kusa_rgba.bti (Size: 2080)
[DEBUG | dusk] Loading Resource: ball32_i4.bti (Size: 544)
[DEBUG | dusk] Loading Resource: im_enter_4i_32.bti (Size: 544)
[DEBUG | dusk] Loading Resource: im_map_icon_circle_4i.bti (Size: 64)
[DEBUG | dusk] Loading Resource: im_map_icon_enter_4i.bti (Size: 160)
[DEBUG | dusk] Loading Resource: im_map_icon_nijumaru_4i.bti (Size: 160)
[DEBUG | dusk] Loading Resource: im_map_icon_square_4i.bti (Size: 64)
[DEBUG | dusk] Loading Resource: im_map_icon_tresurebox_4i.bti (Size: 64)
[DEBUG | dusk] Loading Resource: im_map_icon_try_force_4i.bti (Size: 160)
[DEBUG | dusk] Loading Resource: map_icon_circle16x16_4i.bti (Size: 160)
[DEBUG | dusk] Loading Resource: moya.bti (Size: 1056)
[DEBUG | dusk] Loading Resource: rope.bti (Size: 160)
[DEBUG | dusk] Loading Resource: snow.bti (Size: 160)
[DEBUG | dusk] Loading Resource: snow_tex.bti (Size: 1056)
[DEBUG | dusk] Loading Resource: txa_ring_a_32hafe.bti (Size: 544)
[DEBUG | dusk] Loading Resource: txa_tuki_as.bti (Size: 2080)
[DEBUG | dusk] Loading Resource: txa_tuki_bs.bti (Size: 2080)
[DEBUG | dusk] Loading Resource: txa_tuki_cs.bti (Size: 2080)
[DEBUG | dusk] Loading Resource: txa_tuki_ds.bti (Size: 2080)
[DEBUG | dusk] Loading Resource: vr_lenzf_tex.bti (Size: 1056)
[DEBUG | dusk] Loading Resource: warp_tex.bti (Size: 1056)
[DEBUG | dusk] Loading Resource: zl2_polygon_ia8 (Size: 64)
[DEBUG | dusk] Loading Resource: crod_ball_revive_demo.bck (Size: 288)
[DEBUG | dusk] Loading Resource: crod_ball_wait_a.bck (Size: 288)
[DEBUG | dusk] Loading Resource: crod_ball_wait_a_t.bck (Size: 288)
[DEBUG | dusk] Loading Resource: crod_ball_wait_a_t_start.bck (Size: 288)
[DEBUG | dusk] Loading Resource: crod_ball_wait_b.bck (Size: 352)
[DEBUG | dusk] Loading Resource: crod_ball_wait_c.bck (Size: 384)
[DEBUG | dusk] Loading Resource: ef_shippu.bck (Size: 544)
[DEBUG | dusk] Loading Resource: pb_move.bck (Size: 2816)
[DEBUG | dusk] Loading Resource: pb_wait.bck (Size: 928)
[DEBUG | dusk] Loading Resource: spout.bck (Size: 1088)
[DEBUG | dusk] Loading Resource: ef_setboom.bmd (Size: 15392)
[DEBUG | dusk] Loading Resource: al_arrow.bmd (Size: 5024)
[DEBUG | dusk] Loading Resource: al_arrowb.bmd (Size: 9696)
[DEBUG | dusk] Loading Resource: al_bomb.bmd (Size: 11104)
[DEBUG | dusk] Loading Resource: al_boom.bmd (Size: 20000)
[DEBUG | dusk] Loading Resource: al_pachi_nut.bmd (Size: 2176)
[DEBUG | dusk] Loading Resource: al_sp.bmd (Size: 21824)
[DEBUG | dusk] Loading Resource: crod_ball.bmd (Size: 3840)
[DEBUG | dusk] Loading Resource: footmark.bmd (Size: 2272)
[DEBUG | dusk] Loading Resource: hk.bmd (Size: 3648)
[DEBUG | dusk] Loading Resource: inochidama.bmd (Size: 13120)
[DEBUG | dusk] Loading Resource: pb.bmd (Size: 34976)
[DEBUG | dusk] Loading Resource: pg.bmd (Size: 20736)
[DEBUG | dusk] Loading Resource: rod_ukia.bmd (Size: 4384)
[DEBUG | dusk] Loading Resource: rod_ukib.bmd (Size: 2656)
[DEBUG | dusk] Loading Resource: rod_ukic.bmd (Size: 2656)
[DEBUG | dusk] Loading Resource: sango_fook.bmd (Size: 9984)
[DEBUG | dusk] Loading Resource: sfook.bmd (Size: 3456)
[DEBUG | dusk] Loading Resource: uki.bmd (Size: 4928)
[DEBUG | dusk] Loading Resource: uki_saki.bmd (Size: 4160)
[DEBUG | dusk] Loading Resource: wl_change.bmd (Size: 44256)
[DEBUG | dusk] Loading Resource: worm.bmd (Size: 8256)
[DEBUG | dusk] Loading Resource: worm_hole.bmd (Size: 2816)
[DEBUG | dusk] Loading Resource: ef_shippu.bmd (Size: 33216)
[DEBUG | dusk] Loading Resource: al_podm.bmd (Size: 21504)
[DEBUG | dusk] Loading Resource: al_swm.bmd (Size: 22720)
[DEBUG | dusk] Loading Resource: al_poda.bmd (Size: 12032)
[DEBUG | dusk] Loading Resource: al_swa.bmd (Size: 11808)
[DEBUG | dusk] Loading Resource: al_swm.brk (Size: 256)
[DEBUG | dusk] Loading Resource: crod_ball.brk (Size: 736)
[DEBUG | dusk] Loading Resource: inochidama.brk (Size: 288)
[DEBUG | dusk] Loading Resource: al_swa.btk (Size: 320)
[DEBUG | dusk] Loading Resource: al_swm.btk (Size: 320)
[DEBUG | dusk] Loading Resource: crod_ball.btk (Size: 416)
[DEBUG | dusk] Loading Resource: ef_setboom.btk (Size: 704)
[DEBUG | dusk] Loading Resource: ef_shippu.btk (Size: 1120)
[DEBUG | dusk] Loading Resource: inochidama.btk (Size: 672)
[DEBUG | dusk] Loading Resource: zelda_v_cursor_new_orange.blo (Size: 2368)
[DEBUG | dusk] Loading Resource: zelda_v_cursor_new_orange.brk (Size: 320)
[DEBUG | dusk] Loading Resource: zelda_v_cursor_new_orange_02.brk (Size: 384)
[DEBUG | dusk] Loading Resource: zelda_v_cursor_new_red.blo (Size: 2368)
[DEBUG | dusk] Loading Resource: zelda_v_cursor_new_red.brk (Size: 320)
[DEBUG | dusk] Loading Resource: zelda_v_cursor_new_red_02.brk (Size: 384)
[DEBUG | dusk] Loading Resource: zelda_v_cursor_new_yellow.bck (Size: 2016)
[DEBUG | dusk] Loading Resource: zelda_v_cursor_new_yellow.blo (Size: 2336)
[DEBUG | dusk] Loading Resource: zelda_v_cursor_new_yellow.bpk (Size: 448)
[DEBUG | dusk] Loading Resource: zelda_v_cursor_new_yellow.brk (Size: 320)
[DEBUG | dusk] Loading Resource: zelda_v_cursor_new_yellow_02.brk (Size: 352)
[DEBUG | dusk] Loading Resource: blur.bti (Size: 96)
[DEBUG | dusk] Loading Resource: rock_mark.bti (Size: 544)
[DEBUG | dusk] Loading Resource: tt_v_point_128_00_4ia_02.bti (Size: 16416)
[DEBUG | dusk] Loading Resource: tt_map_icon_link_40_4ia_00.bti (Size: 1632)
[DEBUG | dusk] Loading Resource: tt_navi_l.bti (Size: 544)
[DEBUG | dusk] fapGm_Execute frame=7
[DEBUG | dusk] dScnLogo_c::draw: mExecCommand=14 mTimer=0
[DEBUG | dusk] fapGm_Execute frame=8
[DEBUG | dusk] dScnLogo_c::draw: mExecCommand=14 mTimer=0
[DEBUG | dusk] fapGm_Execute frame=9
[DEBUG | dusk] dScnLogo_c::draw: mExecCommand=14 mTimer=0
[DEBUG | dusk] dScnLogo_c::draw: mExecCommand=14 mTimer=0
[DEBUG | dusk] dScnLogo_c::draw: mExecCommand=15 mTimer=0
[DEBUG | dusk] fpcNdRq_Handler: queue size=1
[DEBUG | dusk] [DIAG] fpcSCtRq_phase_Load: procName=0 ret=4
[DEBUG | dusk] fpcSCtRq_phase_CreateProcess: procName=0
[DEBUG | dusk] fpcBs_Create: pid=2 profname=fpcNm_OVERLAP0_e (0) profile=0x7aceb5fb18 procSize=384 unkSize=0
[DEBUG | dusk] fpcSCtRq_phase_CreateProcess: fpcBs_Create OK proc=0xb400007a0907e8a8
[DEBUG | dusk] fpcSCtRq_phase_SubCreateProcess: pid=2 procName=0000 ret=2
[DEBUG | dusk] fpcCtRq_Do: phase=4 process=0xb400007a0907e8a8
[DEBUG | dusk] dScnLogo_c::draw: mExecCommand=15 mTimer=0
[DEBUG | dusk] fpcNdRq_Handler: queue size=1
[DEBUG | dusk] dScnLogo_c::draw: mExecCommand=15 mTimer=0
[DEBUG | dusk] fpcNdRq_Handler: queue size=1
[DEBUG | dusk] fpcNdRq_Handler: queue size=1
[DEBUG | dusk] fpcNdRq_Handler: queue size=1
[DEBUG | dusk] fpcNdRq_Handler: queue size=1
[DEBUG | dusk] fpcNdRq_Handler: queue size=1
[DEBUG | dusk] fpcNdRq_Handler: queue size=1
[DEBUG | dusk] fpcNdRq_Handler: queue size=1
[DEBUG | dusk] fpcNdRq_Handler: queue size=1
[DEBUG | dusk] fpcNdRq_Handler: queue size=1
[DEBUG | dusk] fpcNdRq_Handler: queue size=1
[DEBUG | dusk] fpcNdRq_Handler: queue size=1
[DEBUG | dusk] fpcNdRq_Handler: queue size=1
[DEBUG | dusk] fpcNdRq_Handler: queue size=1
[DEBUG | dusk] fpcNdRq_Handler: queue size=1
[DEBUG | dusk] fpcNdRq_Handler: queue size=1
[DEBUG | dusk] fpcNdRq_Handler: queue size=1
[DEBUG | dusk] fpcNdRq_Handler: queue size=1
[DEBUG | dusk] fpcNdRq_Handler: queue size=1
[DEBUG | dev.twilitrealm.cosmetics] Loaded base texture data for al_SP. size: 800 hash: 8F18F04BC30C8091
[DEBUG | dev.twilitrealm.cosmetics] Loaded base texture data for L_al_boom00. size: 2000 hash: A0B9537632BF5353
[DEBUG | dev.twilitrealm.cosmetics] Loaded base texture data for al_SWM. size: 800 hash: B28F966CE362E1B0
[DEBUG | dev.twilitrealm.cosmetics] Loaded base texture data for al_SWgripM. size: 800 hash: 9C3E2139933B9BEF
[DEBUG | dev.twilitrealm.cosmetics] Loaded base texture data for al_SWA. size: 800 hash: 91A45C6361D59DE5
[DEBUG | dev.twilitrealm.cosmetics] Loaded base texture data for al_SWgripA. size: 400 hash: 5EAEFD04199EDE61
[DEBUG | dusk] fpcNdRq_Handler: queue size=1
[DEBUG | dusk] fpcNdRq_Handler: queue size=1
[DEBUG | dusk] fpcNdRq_Handler: queue size=1
[DEBUG | dusk] fpcNdRq_Handler: queue size=1
[DEBUG | dusk] fpcNdRq_Handler: queue size=1
[INFO | dusk::mods::updates] Checked 25 installed mods for updates
[DEBUG | dusk] fopScnRq_phase_Execute: ret=0 name=12
[DEBUG | dusk] fopScnRq_phase_Execute: ret=0 name=12
[DEBUG | dusk] fpcNdRq_phase_Create: name=12 layer=0x7aced93418
[DEBUG | dusk] fpcNdRq_phase_Create: creating_id=3 (error=4294967295)
[DEBUG | dusk] fopScnRq_phase_Execute: ret=0 name=12
[DEBUG | dusk] [DIAG] fpcSCtRq_phase_Load: procName=12 ret=4
[DEBUG | dusk] fpcSCtRq_phase_CreateProcess: procName=12
[DEBUG | dusk] fpcBs_Create: pid=3 profname=fpcNm_OPENING_SCENE_e (12) profile=0x7aceb602a8 procSize=912 unkSize=0
[DEBUG | dusk] fpcSCtRq_phase_CreateProcess: fpcBs_Create OK proc=0xb400007a0907eaf0
[DEBUG | dusk] fpcSCtRq_phase_SubCreateProcess: pid=3 procName=000c ret=0
[DEBUG | dusk] fpcCtRq_Do: phase=0 process=0xb400007a0907eaf0
[DEBUG | dusk] fopScnRq_phase_Execute: ret=0 name=12
[DEBUG | dusk] Loading Resource: vrbox_kasumim.bmd (Size: 2272)
[DEBUG | dusk] Loading Resource: vrbox_kumo.bmd (Size: 69664)
[DEBUG | dusk] Loading Resource: vrbox_sora.bmd (Size: 6624)
[DEBUG | dusk] Loading Resource: vrbox_sun.bmd (Size: 12032)
[DEBUG | dusk] Loading Resource: vrbox_sun.btk (Size: 320)
[DEBUG | dusk] Loading Resource: colordata_tbl.dat (Size: 800)
[DEBUG | dusk] Loading Resource: pol_arg.dat (Size: 128)
[DEBUG | dusk] Loading Resource: pol_effcol.dat (Size: 128)
[DEBUG | dusk] Loading Resource: pol_effcol2.dat (Size: 128)
[DEBUG | dusk] Loading Resource: pol_efftbl.dat (Size: 128)
[DEBUG | dusk] Loading Resource: pol_efftbl2.dat (Size: 128)
[DEBUG | dusk] Loading Resource: pol_sound.dat (Size: 128)
[DEBUG | dusk] Loading Resource: room0.dzs (Size: 5440)
[DEBUG | dusk] Loading Resource: stage.dzs (Size: 1952)
[DEBUG | dusk] Loading Resource: cloudtx_01.bti (Size: 4128)
[DEBUG | dusk] Loading Resource: cloudtx_02.bti (Size: 4128)
[DEBUG | dusk] Loading Resource: cloudtx_03.bti (Size: 4128)
[DEBUG | dusk] Loading Resource: f_moon.bti (Size: 8224)
[DEBUG | dusk] Loading Resource: f_moon_a.bti (Size: 2080)
[DEBUG | dusk] Loading Resource: f_moon_a_a00.bti (Size: 64)
[DEBUG | dusk] Loading Resource: f_moon_a_a01.bti (Size: 544)
[DEBUG | dusk] Loading Resource: f_moon_a_a02.bti (Size: 544)
[DEBUG | dusk] Loading Resource: f_moon_a_a03.bti (Size: 544)
[DEBUG | dusk] fpcSCtRq_phase_SubCreateProcess: pid=3 procName=000c ret=0
[DEBUG | dusk] fpcCtRq_Do: phase=0 process=0xb400007a0907eaf0
[DEBUG | dusk] fopScnRq_phase_Execute: ret=0 name=12
[DEBUG | dusk] Loading Resource: event_list.dat (Size: 106476)
[DEBUG | dusk] Loading Resource: camstyle.dat (Size: 43328)
[DEBUG | dusk] Loading Resource: camtype.dat (Size: 14560)
[DEBUG | dusk] fpcSCtRq_phase_SubCreateProcess: pid=3 procName=000c ret=0
[DEBUG | dusk] fpcCtRq_Do: phase=0 process=0xb400007a0907eaf0
[DEBUG | dusk] fopScnRq_phase_Execute: ret=0 name=12
[DEBUG | dusk] fopScnM_CreateReq: procName=18 fade=32767
[DEBUG | dusk] fopScnM_CreateReq: result=2 (error=4294967295)
[DEBUG | dusk] fpcBs_Create: pid=7 profname=fpcNm_KANKYO_e (19) profile=0x7aceb5ae60 procSize=440 unkSize=0
[DEBUG | dusk] fpcBs_Create: pid=9 profname=fpcNm_KYEFF_e (785) profile=0x7aceb5aeb0 procSize=440 unkSize=0
[DEBUG | dusk] fpcBs_Create: pid=11 profname=fpcNm_KYEFF2_e (786) profile=0x7aceb5aef0 procSize=440 unkSize=0
[DEBUG | dusk] fpcBs_Create: pid=13 profname=fpcNm_ENVSE_e (21) profile=0x7aceb59f20 procSize=456 unkSize=0
[DEBUG | dusk] fpcSCtRq_phase_SubCreateProcess: pid=3 procName=000c ret=2
[DEBUG | dusk] fpcCtRq_Do: phase=0 process=0xb400007a0907eaf0
[DEBUG | dusk] fopScnRq_phase_Execute: ret=0 name=12
[DEBUG | dusk] fpcNdRq_phase_Create: name=18 layer=0xb400007a0907ec48
[DEBUG | dusk] fpcNdRq_phase_Create: creating_id=16 (error=4294967295)
[DEBUG | dusk] fopScnRq_phase_Execute: ret=0 name=18
[DEBUG | dusk] fpcCtRq_Do: phase=0 process=0xb400007a0907eaf0
[DEBUG | dusk] [DIAG] fpcSCtRq_phase_Load: procName=737 ret=4
[DEBUG | dusk] fpcSCtRq_phase_CreateProcess: procName=737
[DEBUG | dusk] fpcBs_Create: pid=4 profname=fpcNm_TITLE_e (737) profile=0x7aceb9dc90 procSize=1872 unkSize=0
[DEBUG | dusk] fpcSCtRq_phase_CreateProcess: fpcBs_Create OK proc=0xb400007a0907d084
[DEBUG | dusk] fpcSCtRq_phase_SubCreateProcess: pid=4 procName=02e1 ret=0
[DEBUG | dusk] fpcCtRq_Do: phase=0 process=0xb400007a0907d084
[DEBUG | dusk] [DIAG] fpcSCtRq_phase_Load: procName=781 ret=4
[DEBUG | dusk] fpcSCtRq_phase_CreateProcess: procName=781
[DEBUG | dusk] fpcBs_Create: pid=5 profname=fpcNm_CAMERA_e (781) profile=0x7aceb59d68 procSize=4240 unkSize=0
[DEBUG | dusk] fpcSCtRq_phase_CreateProcess: fpcBs_Create OK proc=0xb400007a0907bfd4
[DEBUG | dusk] fpcSCtRq_phase_SubCreateProcess: pid=5 procName=030d ret=0
[DEBUG | dusk] fpcCtRq_Do: phase=0 process=0xb400007a0907bfd4
[DEBUG | dusk] fpcCtRq_Do: phase=4 process=0xb400007a0907e26c
[DEBUG | dusk] fpcCtRq_Do: phase=4 process=0xb400007a0907dfd4
[DEBUG | dusk] fpcCtRq_Do: phase=4 process=0xb400007a0907dd3c
[DEBUG | dusk] fpcCtRq_Do: phase=4 process=0xb400007a0907da94
[DEBUG | dusk] [DIAG] fpcSCtRq_phase_Load: procName=730 ret=4
[DEBUG | dusk] fpcSCtRq_phase_CreateProcess: procName=730
[DEBUG | dusk] fpcBs_Create: pid=14 profname=fpcNm_VRBOX_e (730) profile=0x7aceb66078 procSize=1648 unkSize=0
[DEBUG | dusk] fpcSCtRq_phase_CreateProcess: fpcBs_Create OK proc=0xb400007a0907b944
[DEBUG | dusk] fpcSCtRq_phase_SubCreateProcess: pid=14 procName=02da ret=2
[DEBUG | dusk] fpcCtRq_Do: phase=4 process=0xb400007a0907b944
[DEBUG | dusk] [DIAG] fpcSCtRq_phase_Load: procName=731 ret=4
[DEBUG | dusk] fpcSCtRq_phase_CreateProcess: procName=731
[DEBUG | dusk] fpcBs_Create: pid=15 profname=fpcNm_VRBOX2_e (731) profile=0x7aceb66130 procSize=1720 unkSize=0
[DEBUG | dusk] fpcSCtRq_phase_CreateProcess: fpcBs_Create OK proc=0xb400007a0907b26c
[DEBUG | dusk] fpcSCtRq_phase_SubCreateProcess: pid=15 procName=02db ret=2
[DEBUG | dusk] fpcCtRq_Do: phase=4 process=0xb400007a0907b26c
[DEBUG | dusk] [DIAG] fpcSCtRq_phase_Load: procName=18 ret=4
[DEBUG | dusk] fpcSCtRq_phase_CreateProcess: procName=18
[DEBUG | dusk] fpcBs_Create: pid=16 profname=fpcNm_ROOM_SCENE_e (18) profile=0x7aceb60388 procSize=912 unkSize=0
[DEBUG | dusk] fpcSCtRq_phase_CreateProcess: fpcBs_Create OK proc=0xb400007a0907aebc
[DEBUG | dusk] fpcSCtRq_phase_SubCreateProcess: pid=16 procName=0012 ret=0
[DEBUG | dusk] fpcCtRq_Do: phase=0 process=0xb400007a0907aebc
[DEBUG | dusk] fopScnRq_phase_Execute: ret=0 name=12
[DEBUG | dusk] fopScnRq_phase_Execute: ret=0 name=18
[DEBUG | dusk] fpcCtRq_Do: phase=0 process=0xb400007a0907eaf0
[DEBUG | dusk] Loading Resource: titlelogo.bck (Size: 704)
[DEBUG | dusk] Loading Resource: titlelogo_r.bmd (Size: 1995456)
[DEBUG | dusk] Loading Resource: titlelogo.bpk (Size: 576)
[DEBUG | dusk] Loading Resource: titlelogo.brk (Size: 704)
[DEBUG | dusk] Loading Resource: titlelogo.btk (Size: 672)
[DEBUG | dusk] fpcSCtRq_phase_SubCreateProcess: pid=4 procName=02e1 ret=2
[DEBUG | dusk] fpcCtRq_Do: phase=4 process=0xb400007a0907d084
[DEBUG | dusk] fpcSCtRq_phase_SubCreateProcess: pid=5 procName=030d ret=0
[DEBUG | dusk] fpcCtRq_Do: phase=0 process=0xb400007a0907bfd4
[DEBUG | dusk] Loading Resource: model.bmd (Size: 927520)
[DEBUG | dusk] Loading Resource: model1.bmd (Size: 7488)
[DEBUG | dusk] Loading Resource: model2.bmd (Size: 22752)
[DEBUG | dusk] Loading Resource: model3.bmd (Size: 166848)
[DEBUG | dusk] Loading Resource: model4.bmd (Size: 10400)
[DEBUG | dusk] Loading Resource: model.btk (Size: 576)
[DEBUG | dusk] Loading Resource: model1.btk (Size: 320)
[DEBUG | dusk] Loading Resource: model2.btk (Size: 352)
[DEBUG | dusk] Loading Resource: model4.btk (Size: 320)
[DEBUG | dusk] Loading Resource: room.dzr (Size: 7456)
[DEBUG | dusk] Loading Resource: event_list.dat (Size: 5304)
[DEBUG | dusk] Loading Resource: room.kcl (Size: 449804)
[DEBUG | dusk] Loading Resource: room.plc (Size: 608)
[DEBUG | dusk] fpcSCtRq_phase_SubCreateProcess: pid=16 procName=0012 ret=0
[DEBUG | dusk] fpcCtRq_Do: phase=0 process=0xb400007a0907aebc
[DEBUG | dusk] fopScnRq_phase_Execute: ret=0 name=12
[DEBUG | dusk] fopScnRq_phase_Execute: ret=0 name=18
[DEBUG | dusk] fpcCtRq_Do: phase=0 process=0xb400007a0907eaf0
[DEBUG | dusk] fpcSCtRq_phase_SubCreateProcess: pid=5 procName=030d ret=0
[DEBUG | dusk] fpcCtRq_Do: phase=0 process=0xb400007a0907bfd4
[DEBUG | dusk] Loading Resource: demo38_wl_cut01_gp_1_o.bck (Size: 8000)
[DEBUG | dusk] Loading Resource: demo38_wl_cut01_gp_1_l.bck (Size: 5088)
[DEBUG | dusk] Loading Resource: demo38_wl_cut00_gp_1_o.bmd (Size: 239584)
[DEBUG | dusk] Loading Resource: demo38_twfilm_cut00_gp_1_o.bmd (Size: 45376)
[DEBUG | dusk] Loading Resource: demo38_01.stb (Size: 9368)
[DEBUG | dusk] Loading Resource: demo38_twfilm_cut00_gp_1_l.btk (Size: 832)
[DEBUG | dusk] fpcSCtRq_phase_SubCreateProcess: pid=16 procName=0012 ret=0
[DEBUG | dusk] fpcCtRq_Do: phase=0 process=0xb400007a0907aebc
[DEBUG | dusk] [DIAG] fpcSCtRq_phase_Load: procName=253 ret=4
[DEBUG | dusk] fpcSCtRq_phase_CreateProcess: procName=253
[DEBUG | dusk] fpcBs_Create: pid=17 profname=fpcNm_ALINK_e (253) profile=0x7aceb56250 procSize=18784 unkSize=0
[DEBUG | dusk] fpcSCtRq_phase_CreateProcess: fpcBs_Create OK proc=0xb400007a09075238
[DEBUG | dusk] fpcSCtRq_phase_SubCreateProcess: pid=17 procName=00fd ret=0
[DEBUG | dusk] fpcCtRq_Do: phase=0 process=0xb400007a09075238
[DEBUG | dusk] [DIAG] fpcSCtRq_phase_Load: procName=732 ret=4
[DEBUG | dusk] fpcSCtRq_phase_CreateProcess: procName=732
[DEBUG | dusk] fpcBs_Create: pid=18 profname=fpcNm_BG_e (732) profile=0x7aceb633f8 procSize=1904 unkSize=0
[DEBUG | dusk] fpcSCtRq_phase_CreateProcess: fpcBs_Create OK proc=0xb400007a09074aa8
[DEBUG | dusk] fpcCtRq_Do: phase=4 process=0xb400007a09074aa8
[DEBUG | dusk] [DIAG] fpcSCtRq_phase_Load: procName=222 ret=4
[DEBUG | dusk] fpcSCtRq_phase_CreateProcess: procName=222
[DEBUG | dusk] fpcBs_Create: pid=19 profname=fpcNm_OBJ_IHASI_e (222) profile=0x7aceb8b470 procSize=1752 unkSize=0
[DEBUG | dusk] fpcSCtRq_phase_CreateProcess: fpcBs_Create OK proc=0xb400007a090743b0
[DEBUG | dusk] fpcCtRq_Do: phase=0 process=0xb400007a090743b0
[DEBUG | dusk] [DIAG] fpcSCtRq_phase_Load: procName=187 ret=4
[DEBUG | dusk] fpcSCtRq_phase_CreateProcess: procName=187
[DEBUG | dusk] fpcBs_Create: pid=20 profname=fpcNm_CSTAF_e (187) profile=0x7aceb670f8 procSize=3824 unkSize=0
[DEBUG | dusk] fpcSCtRq_phase_CreateProcess: fpcBs_Create OK proc=0xb400007a090734a0
[DEBUG | dusk] fpcCtRq_Do: phase=0 process=0xb400007a090734a0
[DEBUG | dusk] [DIAG] fpcSCtRq_phase_Load: procName=733 ret=4
[DEBUG | dusk] fpcSCtRq_phase_CreateProcess: procName=733
[DEBUG | dusk] fpcBs_Create: pid=21 profname=fpcNm_SET_BG_OBJ_e (733) profile=0x7aceb64f08 procSize=1664 unkSize=0
[DEBUG | dusk] fpcSCtRq_phase_CreateProcess: fpcBs_Create OK proc=0xb400007a09072e00
[DEBUG | dusk] [DIAG] fpcSCtRq_phase_Load: procName=238 ret=4
[DEBUG | dusk] fpcSCtRq_phase_CreateProcess: procName=238
[DEBUG | dusk] fpcBs_Create: pid=22 profname=fpcNm_HORSE_e (238) profile=0x7aceb73d10 procSize=8464 unkSize=0
[DEBUG | dusk] fpcSCtRq_phase_CreateProcess: fpcBs_Create OK proc=0xb400007a09070cd0
[DEBUG | dusk] [DIAG] fpcSCtRq_phase_Load: procName=784 ret=4
[DEBUG | dusk] fpcSCtRq_phase_CreateProcess: procName=784
[DEBUG | dusk] fpcBs_Create: pid=23 profname=fpcNm_GRASS_e (784) profile=0x7aceb67ae8 procSize=1640 unkSize=0
[DEBUG | dusk] fpcSCtRq_phase_CreateProcess: fpcBs_Create OK proc=0xb400007a09070648
[DEBUG | dusk] [DIAG] fpcSCtRq_phase_Load: procName=784 ret=4
[DEBUG | dusk] fpcSCtRq_phase_CreateProcess: procName=784
[DEBUG | dusk] fpcBs_Create: pid=24 profname=fpcNm_GRASS_e (784) profile=0x7aceb67ae8 procSize=1640 unkSize=0
[DEBUG | dusk] fpcSCtRq_phase_CreateProcess: fpcBs_Create OK proc=0xb400007a0906ffc0
[DEBUG | dusk] [DIAG] fpcSCtRq_phase_Load: procName=784 ret=4
[DEBUG | dusk] fpcSCtRq_phase_CreateProcess: procName=784
[DEBUG | dusk] fpcBs_Create: pid=25 profname=fpcNm_GRASS_e (784) profile=0x7aceb67ae8 procSize=1640 unkSize=0
[DEBUG | dusk] fpcSCtRq_phase_CreateProcess: fpcBs_Create OK proc=0xb400007a0906f938
[DEBUG | dusk] [DIAG] fpcSCtRq_phase_Load: procName=784 ret=4
[DEBUG | dusk] fpcSCtRq_phase_CreateProcess: procName=784
[DEBUG | dusk] fpcBs_Create: pid=26 profname=fpcNm_GRASS_e (784) profile=0x7aceb67ae8 procSize=1640 unkSize=0
[DEBUG | dusk] fpcSCtRq_phase_CreateProcess: fpcBs_Create OK proc=0xb400007a0906f2b0
[DEBUG | dusk] [DIAG] fpcSCtRq_phase_Load: procName=784 ret=4
[DEBUG | dusk] fpcSCtRq_phase_CreateProcess: procName=784
[DEBUG | dusk] fpcBs_Create: pid=27 profname=fpcNm_GRASS_e (784) profile=0x7aceb67ae8 procSize=1640 unkSize=0
[DEBUG | dusk] fpcSCtRq_phase_CreateProcess: fpcBs_Create OK proc=0xb400007a0906ec28
[DEBUG | dusk] [DIAG] fpcSCtRq_phase_Load: procName=784 ret=4
[DEBUG | dusk] fpcSCtRq_phase_CreateProcess: procName=784
[DEBUG | dusk] fpcBs_Create: pid=28 profname=fpcNm_GRASS_e (784) profile=0x7aceb67ae8 procSize=1640 unkSize=0
[DEBUG | dusk] fpcSCtRq_phase_CreateProcess: fpcBs_Create OK proc=0xb400007a0906e5a0
[DEBUG | dusk] [DIAG] fpcSCtRq_phase_Load: procName=333 ret=4
[DEBUG | dusk] fpcSCtRq_phase_CreateProcess: procName=333
[DEBUG | dusk] fpcBs_Create: pid=29 profname=fpcNm_Obj_Yobikusa_e (333) profile=0x7aceb6c0c8 procSize=2360 unkSize=0
[DEBUG | dusk] fpcSCtRq_phase_CreateProcess: fpcBs_Create OK proc=0xb400007a0906dc48
[DEBUG | dusk] [DIAG] fpcSCtRq_phase_Load: procName=333 ret=4
[DEBUG | dusk] fpcSCtRq_phase_CreateProcess: procName=333
[DEBUG | dusk] fpcBs_Create: pid=30 profname=fpcNm_Obj_Yobikusa_e (333) profile=0x7aceb6c0c8 procSize=2360 unkSize=0
[DEBUG | dusk] fpcSCtRq_phase_CreateProcess: fpcBs_Create OK proc=0xb400007a0906d2f0
[DEBUG | dusk] [DIAG] fpcSCtRq_phase_Load: procName=333 ret=4
[DEBUG | dusk] fpcSCtRq_phase_CreateProcess: procName=333
[DEBUG | dusk] fpcBs_Create: pid=31 profname=fpcNm_Obj_Yobikusa_e (333) profile=0x7aceb6c0c8 procSize=2360 unkSize=0
[DEBUG | dusk] fpcSCtRq_phase_CreateProcess: fpcBs_Create OK proc=0xb400007a0906c998
[DEBUG | dusk] [DIAG] fpcSCtRq_phase_Load: procName=333 ret=4
[DEBUG | dusk] fpcSCtRq_phase_CreateProcess: procName=333
[DEBUG | dusk] fpcBs_Create: pid=32 profname=fpcNm_Obj_Yobikusa_e (333) profile=0x7aceb6c0c8 procSize=2360 unkSize=0
[DEBUG | dusk] fpcSCtRq_phase_CreateProcess: fpcBs_Create OK proc=0xb400007a0906c040
[DEBUG | dusk] [DIAG] fpcSCtRq_phase_Load: procName=333 ret=4
[DEBUG | dusk] fpcSCtRq_phase_CreateProcess: procName=333
[DEBUG | dusk] fpcBs_Create: pid=33 profname=fpcNm_Obj_Yobikusa_e (333) profile=0x7aceb6c0c8 procSize=2360 unkSize=0
[DEBUG | dusk] fpcSCtRq_phase_CreateProcess: fpcBs_Create OK proc=0xb400007a0906b6e8
[DEBUG | dusk] [DIAG] fpcSCtRq_phase_Load: procName=333 ret=4
[DEBUG | dusk] fpcSCtRq_phase_CreateProcess: procName=333
[DEBUG | dusk] fpcBs_Create: pid=34 profname=fpcNm_Obj_Yobikusa_e (333) profile=0x7aceb6c0c8 procSize=2360 unkSize=0
[DEBUG | dusk] fpcSCtRq_phase_CreateProcess: fpcBs_Create OK proc=0xb400007a0906ad90
[DEBUG | dusk] [DIAG] fpcSCtRq_phase_Load: procName=733 ret=4
[DEBUG | dusk] fpcSCtRq_phase_CreateProcess: procName=733
[DEBUG | dusk] fpcBs_Create: pid=35 profname=fpcNm_SET_BG_OBJ_e (733) profile=0x7aceb64f08 procSize=1664 unkSize=0
[DEBUG | dusk] fpcSCtRq_phase_CreateProcess: fpcBs_Create OK proc=0xb400007a0906a6f0
[DEBUG | dusk] [DIAG] fpcSCtRq_phase_Load: procName=733 ret=4
[DEBUG | dusk] fpcSCtRq_phase_CreateProcess: procName=733
[DEBUG | dusk] fpcBs_Create: pid=36 profname=fpcNm_SET_BG_OBJ_e (733) profile=0x7aceb64f08 procSize=1664 unkSize=0
[DEBUG | dusk] fpcSCtRq_phase_CreateProcess: fpcBs_Create OK proc=0xb400007a0906a050
[DEBUG | dusk] [DIAG] fpcSCtRq_phase_Load: procName=733 ret=4
[DEBUG | dusk] fpcSCtRq_phase_CreateProcess: procName=733
[DEBUG | dusk] fpcBs_Create: pid=37 profname=fpcNm_SET_BG_OBJ_e (733) profile=0x7aceb64f08 procSize=1664 unkSize=0
[DEBUG | dusk] fpcSCtRq_phase_CreateProcess: fpcBs_Create OK proc=0xb400007a090699b0
[DEBUG | dusk] fopScnRq_phase_Execute: ret=0 name=12
[DEBUG | dusk] fopScnRq_phase_Execute: ret=0 name=18
[DEBUG | dusk] Loading Resource: al_kantera.bmd (Size: 21024)
[DEBUG | dusk] Loading Resource: ef_ktglow.bmd (Size: 3040)
[DEBUG | dusk] Loading Resource: al.bmd (Size: 176288)
[DEBUG | dusk] Loading Resource: al_bootsh.bmd (Size: 22048)
[DEBUG | dusk] Loading Resource: al_face.bmd (Size: 72576)
[DEBUG | dusk] Loading Resource: al_hands.bmd (Size: 61056)
[DEBUG | dusk] Loading Resource: al_head.bmd (Size: 33851)
[DEBUG | dusk] Loading Resource: al_swb.bmd (Size: 23552)
[DEBUG | dusk] Loading Resource: ef_ktglow.btk (Size: 512)
[DEBUG | dusk] Loading Resource: i_bajyohasiparts.bmd (Size: 76032)
[DEBUG | dusk] Loading Resource: i_bajyohasiparts_ef.bmd (Size: 37088)
[DEBUG | dusk] Loading Resource: i_bajyohasiparts_ef.btk (Size: 512)
[DEBUG | dusk] Loading Resource: i_bajyohasiparts.dzb (Size: 6848)
[DEBUG | dusk] Loading Resource: cs_f_b_fall.bck (Size: 448)
[DEBUG | dusk] Loading Resource: cs_f_b_swing_reaction.bck (Size: 416)
[DEBUG | dusk] Loading Resource: cs_f_b_walk.bck (Size: 544)
[DEBUG | dusk] Loading Resource: cs_f_b.bmd (Size: 66176)
[DEBUG | dusk] Loading Resource: cs_f_cover.bmd (Size: 30112)
[DEBUG | dusk] Loading Resource: cs_f_b_start.brk (Size: 352)
[DEBUG | dusk] Loading Resource: cs_f_b_stop.brk (Size: 320)
[DEBUG | dusk] Loading Resource: cs_f_cover_vanish.brk (Size: 544)
[DEBUG | dusk] Loading Resource: cs_f_b_start.btk (Size: 512)
[DEBUG | dusk] Loading Resource: cs_f_cover_vanish.btk (Size: 896)
[DEBUG | dusk] Loading Resource: cs_f_b.dzb (Size: 544)
[DEBUG | dusk] Loading Resource: model0.bmd (Size: 22624)
[DEBUG | dusk] Loading Resource: spec.dat (Size: 16)
[DEBUG | dusk] Loading Resource: hs_back_walk.bck (Size: 5536)
[DEBUG | dusk] Loading Resource: hs_back_walk_start.bck (Size: 6304)
[DEBUG | dusk] Loading Resource: hs_excitement.bck (Size: 11968)
[DEBUG | dusk] Loading Resource: hs_excitement_2.bck (Size: 14144)
[DEBUG | dusk] Loading Resource: hs_jump_end.bck (Size: 5344)
[DEBUG | dusk] Loading Resource: hs_jump_middle.bck (Size: 4640)
[DEBUG | dusk] Loading Resource: hs_jump_start.bck (Size: 4832)
[DEBUG | dusk] Loading Resource: hs_jump_start_clift.bck (Size: 5248)
[DEBUG | dusk] Loading Resource: hs_lash.bck (Size: 3200)
[DEBUG | dusk] Loading Resource: hs_neck_waitback_left.bck (Size: 2880)
[DEBUG | dusk] Loading Resource: hs_neck_waitback_right.bck (Size: 2848)
[DEBUG | dusk] Loading Resource: hs_run_dash.bck (Size: 7680)
[DEBUG | dusk] Loading Resource: hs_run_fast.bck (Size: 6688)
[DEBUG | dusk] Loading Resource: hs_run_slow.bck (Size: 7712)
[DEBUG | dusk] Loading Resource: hs_stand.bck (Size: 17984)
[DEBUG | dusk] Loading Resource: hs_stop_slow.bck (Size: 14208)
[DEBUG | dusk] Loading Resource: hs_stop_stand.bck (Size: 16352)
[DEBUG | dusk] Loading Resource: hs_turn_left.bck (Size: 9632)
[DEBUG | dusk] Loading Resource: hs_turn_left_start.bck (Size: 5248)
[DEBUG | dusk] Loading Resource: hs_turn_right.bck (Size: 9472)
[DEBUG | dusk] Loading Resource: hs_turn_right_start.bck (Size: 5344)
[DEBUG | dusk] Loading Resource: hs_wait_01.bck (Size: 4768)
[DEBUG | dusk] Loading Resource: hs_wait_01b.bck (Size: 4672)
[DEBUG | dusk] Loading Resource: hs_wait_01b_connect.bck (Size: 4672)
[DEBUG | dusk] Loading Resource: hs_wait_02.bck (Size: 8928)
[DEBUG | dusk] Loading Resource: hs_wait_03.bck (Size: 7552)
[DEBUG | dusk] Loading Resource: hs_wait_04.bck (Size: 12640)
[DEBUG | dusk] Loading Resource: hs_wait_05.bck (Size: 10528)
[DEBUG | dusk] Loading Resource: hs_walk_fast.bck (Size: 5792)
[DEBUG | dusk] Loading Resource: hs_walk_slow.bck (Size: 5600)
[DEBUG | dusk] Loading Resource: hs.bmd (Size: 131264)
[DEBUG | dusk] Loading Resource: hs_eye.btp (Size: 128)
[DEBUG | dusk] Loading Resource: tazuna.bti (Size: 160)
[DEBUG | dusk] Loading Resource: al_umakusa.bmd (Size: 5984)
[DEBUG | dusk] Loading Resource: j_umakusa.bmd (Size: 13152)
[DEBUG | dusk] Loading Resource: j_umakusa_c.bmd (Size: 9536)
[DEBUG | dusk] Loading Resource: model0.bmd (Size: 13312)
[DEBUG | dusk] Loading Resource: model1.bmd (Size: 10656)
[DEBUG | dusk] Loading Resource: model0.dzb (Size: 832)
[DEBUG | dusk] Loading Resource: spec.dat (Size: 148)
[DEBUG | dusk] [DIAG] fpcSCtRq_phase_Load: procName=734 ret=4
[DEBUG | dusk] fpcSCtRq_phase_CreateProcess: procName=734
[DEBUG | dusk] fpcBs_Create: pid=38 profname=fpcNm_BG_OBJ_e (734) profile=0x7aceb634d8 procSize=4344 unkSize=0
[DEBUG | dusk] fpcSCtRq_phase_CreateProcess: fpcBs_Create OK proc=0xb400007a09068898
[DEBUG | dusk] [DIAG] fpcSCtRq_phase_Load: procName=734 ret=4
[DEBUG | dusk] fpcSCtRq_phase_CreateProcess: procName=734
[DEBUG | dusk] fpcBs_Create: pid=39 profname=fpcNm_BG_OBJ_e (734) profile=0x7aceb634d8 procSize=4344 unkSize=0
[DEBUG | dusk] fpcSCtRq_phase_CreateProcess: fpcBs_Create OK proc=0xb400007a09067780
[DEBUG | dusk] fpcBs_Create: pid=43 profname=fpcNm_Tag_Attp_e (346) profile=0x7aceb66d00 procSize=1632 unkSize=0
[DEBUG | dusk] [DIAG] fpcSCtRq_phase_Load: procName=734 ret=4
[DEBUG | dusk] fpcSCtRq_phase_CreateProcess: procName=734
[DEBUG | dusk] fpcBs_Create: pid=40 profname=fpcNm_BG_OBJ_e (734) profile=0x7aceb634d8 procSize=4344 unkSize=0
[DEBUG | dusk] fpcSCtRq_phase_CreateProcess: fpcBs_Create OK proc=0xb400007a09066668
[DEBUG | dusk] fpcBs_Create: pid=45 profname=fpcNm_Tag_Attp_e (346) profile=0x7aceb66d00 procSize=1632 unkSize=0
[DEBUG | dusk] [DIAG] fpcSCtRq_phase_Load: procName=734 ret=4
[DEBUG | dusk] fpcSCtRq_phase_CreateProcess: procName=734
[DEBUG | dusk] fpcBs_Create: pid=41 profname=fpcNm_BG_OBJ_e (734) profile=0x7aceb634d8 procSize=4344 unkSize=0
[DEBUG | dusk] fpcSCtRq_phase_CreateProcess: fpcBs_Create OK proc=0xb400007a09064ed0
[DEBUG | dusk] fpcBs_Create: pid=47 profname=fpcNm_Tag_Attp_e (346) profile=0x7aceb66d00 procSize=1632 unkSize=0
[DEBUG | dusk] fopScnRq_phase_Execute: ret=0 name=12
[DEBUG | dusk] fopScnRq_phase_Execute: ret=0 name=18
[INFO | com.example.zelda_on_epona] spawning HoZelda actor in room 0 at (-9704.9, 129.8, -81.6)
[INFO | com.example.zelda_on_epona] spawned HoZelda actor id 48
[DEBUG | dusk] [DIAG] fpcSCtRq_phase_Load: procName=548 ret=4
[DEBUG | dusk] fpcSCtRq_phase_CreateProcess: procName=548
[DEBUG | dusk] fpcBs_Create: pid=48 profname=fpcNm_HOZELDA_e (548) profile=0x7aceb73e40 procSize=2368 unkSize=0
[DEBUG | dusk] fpcSCtRq_phase_CreateProcess: fpcBs_Create OK proc=0xb400007a0906fce8
[DEBUG | dusk] fopScnRq_phase_Execute: ret=0 name=12
[DEBUG | dusk] fopScnRq_phase_Execute: ret=0 name=18
[INFO | com.example.zelda_on_epona] spawning HoZelda actor in room 0 at (-9704.9, 129.8, -81.6)
[INFO | com.example.zelda_on_epona] spawned HoZelda actor id 49
[DEBUG | dusk] Loading Resource: al_sha.bmd (Size: 24288)
[DEBUG | dusk] Loading Resource: zelh_aldieh.bck (Size: 6240)
[DEBUG | dusk] Loading Resource: zelh_arelordh.bck (Size: 9280)
[DEBUG | dusk] Loading Resource: zelh_ashooth.bck (Size: 5216)
[DEBUG | dusk] Loading Resource: zelh_atbh.bck (Size: 4064)
[DEBUG | dusk] Loading Resource: zelh_barelordh.bck (Size: 1216)
[DEBUG | dusk] Loading Resource: zelh_bashooth.bck (Size: 1952)
[DEBUG | dusk] Loading Resource: zelh_damh.bck (Size: 4864)
[DEBUG | dusk] Loading Resource: zelh_dashh.bck (Size: 6976)
[DEBUG | dusk] Loading Resource: zelh_dstarth.bck (Size: 7584)
[DEBUG | dusk] Loading Resource: zelh_egnd_wh.bck (Size: 6048)
[DEBUG | dusk] Loading Resource: zelh_egnd_whb.bck (Size: 5344)
[DEBUG | dusk] Loading Resource: zelh_jumph.bck (Size: 5600)
[DEBUG | dusk] Loading Resource: zelh_jumphed.bck (Size: 5568)
[DEBUG | dusk] Loading Resource: zelh_jumphst.bck (Size: 4896)
[DEBUG | dusk] Loading Resource: zelh_numbh.bck (Size: 4704)
[DEBUG | dusk] Loading Resource: zelh_standh.bck (Size: 10624)
[DEBUG | dusk] Loading Resource: zelh_standhwc.bck (Size: 14176)
[DEBUG | dusk] Loading Resource: zelh_stoph.bck (Size: 8064)
[DEBUG | dusk] Loading Resource: zelh_stoptostandh.bck (Size: 11648)
[DEBUG | dusk] Loading Resource: zelh_waitbh.bck (Size: 6656)
[DEBUG | dusk] Loading Resource: zelh_waitch.bck (Size: 5184)
[DEBUG | dusk] Loading Resource: zelh_waith.bck (Size: 5216)
[DEBUG | dusk] Loading Resource: o_zg_arow.bmd (Size: 9312)
[DEBUG | dusk] Loading Resource: o_zg_bow.bmd (Size: 17120)
[DEBUG | dusk] Loading Resource: zelh.bmd (Size: 240768)
[DEBUG | dusk] Loading Resource: zelh_fa.btk (Size: 352)
[DEBUG | dusk] Loading Resource: zelh_faldieh.btk (Size: 992)
[DEBUG | dusk] Loading Resource: zelh_fegnd_wh.btk (Size: 352)
[DEBUG | dusk] Loading Resource: zelh_fa.btp (Size: 128)
[DEBUG | dusk] Loading Resource: zelh_faldieh.btp (Size: 864)
[DEBUG | dusk] Loading Resource: zelh_fb.btp (Size: 128)
[DEBUG | dusk] Loading Resource: zelh_fc.btp (Size: 128)
[DEBUG | dusk] Loading Resource: zelh_fmaba01.btp (Size: 160)
[DEBUG | dusk] [DIAG] fpcSCtRq_phase_Load: procName=548 ret=4
[DEBUG | dusk] fpcSCtRq_phase_CreateProcess: procName=548
[DEBUG | dusk] fpcBs_Create: pid=49 profname=fpcNm_HOZELDA_e (548) profile=0x7aceb73e40 procSize=2368 unkSize=0
[DEBUG | dusk] fpcSCtRq_phase_CreateProcess: fpcBs_Create OK proc=0xb400007a0906f388
[DEBUG | dusk] fopScnRq_phase_Execute: ret=0 name=12
[DEBUG | dusk] fopScnRq_phase_Execute: ret=0 name=18
[DEBUG | dusk] fopScnRq_phase_Execute: ret=0 name=12
[DEBUG | dusk] fopScnRq_phase_Execute: ret=0 name=18
[DEBUG | dusk] [DIAG] fpcSCtRq_phase_Load: procName=255 ret=4
[DEBUG | dusk] fpcSCtRq_phase_CreateProcess: procName=255
[DEBUG | dusk] fpcBs_Create: pid=50 profname=fpcNm_MIDNA_e (255) profile=0x7aceb66698 procSize=3360 unkSize=0
[DEBUG | dusk] fpcSCtRq_phase_CreateProcess: fpcBs_Create OK proc=0xb400007a0906e648
[DEBUG | dusk] fopScnRq_phase_Execute: ret=0 name=12
[DEBUG | dusk] fopScnRq_phase_Execute: ret=0 name=18
[DEBUG | dusk] Loading Resource: s_md_hands.bmd (Size: 19776)
[DEBUG | dusk] Loading Resource: s_md_mask.bmd (Size: 15424)
[DEBUG | dusk] Loading Resource: s_md_gokou.bmd (Size: 3008)
[DEBUG | dusk] Loading Resource: s_md.bmd (Size: 69984)
[DEBUG | dusk] Loading Resource: s_md_hair_hand.bmd (Size: 18944)
[DEBUG | dusk] Loading Resource: s_md_appear.brk (Size: 352)
[DEBUG | dusk] Loading Resource: s_md_gokou_appear.brk (Size: 256)
[DEBUG | dusk] Loading Resource: s_md_hair_hand_appear.brk (Size: 288)
[DEBUG | dusk] Loading Resource: s_md_mask_appear.brk (Size: 256)
[DEBUG | dusk] Loading Resource: s_md_hair_hand_moya.btk (Size: 544)
[DEBUG | dusk] Loading Resource: s_md_hands_moya.btk (Size: 608)
[DEBUG | dusk] Loading Resource: s_md_mask_moya.btk (Size: 320)
[DEBUG | dusk] Loading Resource: s_md_moya.btk (Size: 512)
[DEBUG | dusk] fopScnRq_phase_Execute: ret=0 name=12
[DEBUG | dusk] fpcBs_Create: pid=52 profname=fpcNm_DEMO00_e (718) profile=0x7aceb66470 procSize=11112 unkSize=0
[DEBUG | dusk] fpcBs_Create: pid=54 profname=fpcNm_DEMO00_e (718) profile=0x7aceb66470 procSize=11112 unkSize=0
[DEBUG | dusk] fpcBs_Create: pid=56 profname=fpcNm_DEMO00_e (718) profile=0x7aceb66470 procSize=11112 unkSize=0
[DEBUG | dusk] fpcBs_Create: pid=58 profname=fpcNm_DEMO00_e (718) profile=0x7aceb66470 procSize=11112 unkSize=0
[DEBUG | dusk] frameInterp: onTypeChange 41 -> 40 (event_type_id=40, leaving_event=false, entering_event=true)
[DEBUG | dusk] frameInterp: presentation sync not requested for ZEV event [STBWAIT] (staff idx 12)
[DEBUG | dev.twilitrealm.cosmetics] Loaded base texture data for al_bootsH. size: 2000 hash: C9F8C58AA332C5E6
[DEBUG | dev.twilitrealm.cosmetics] Loaded base texture data for al_SWB. size: 4000 hash: 1071499E19799A7D
[DEBUG | dev.twilitrealm.cosmetics] Loaded base texture data for hs_body. size: 8000 hash: F473331D6D5B148D
[DEBUG | dev.twilitrealm.cosmetics] Loaded base texture data for hs_eye.1. size: 200 hash: 24B0258CCF8EED45
[DEBUG | dev.twilitrealm.cosmetics] Loaded base texture data for hs_eye.2. size: 200 hash: 1B47C467FC5CA5BC
[DEBUG | dev.twilitrealm.cosmetics] Loaded base texture data for hs_eye.3. size: 200 hash: EC429699463FDDB2
[DEBUG | dev.twilitrealm.cosmetics] Loaded base texture data for al_hair. size: 4000 hash: 582A10908B80C70E
[DEBUG | dev.twilitrealm.cosmetics] Loaded base texture data for al_lowbody. size: 2000 hash: C4790EAFCB60026F
[DEBUG | dev.twilitrealm.cosmetics] Loaded base texture data for al_upbody. size: 4000 hash: 33E862A57F216822
[DEBUG | dev.twilitrealm.cosmetics] Registered replacement for al_lowbody.
[DEBUG | dev.twilitrealm.cosmetics] Registered replacement for al_upbody.
[DEBUG | aurora::gpu::cache] Dawn cache prune completed; no stale entries found
[DEBUG | dusk] fapGm_Execute frame=300
[DEBUG | dusk] fapGm_Execute frame=600
[ERROR | dusk::mods::ui] [com.dusklight.twilit_essentials] elem_set_rml: stale or invalid text handle 0x100000007
[ERROR | dusk::mods::ui] [com.dusklight.twilit_essentials] elem_set_rml: stale or invalid text handle 0x30000000e
[DEBUG | dusk] fapGm_Execute frame=900
[INFO | aurora::card] CARD API Initialized BUILT <Sep 30 2026 13:39:06>
[INFO | aurora::card] Loaded GC Card Image: /data/data/dev.twilitrealm.dusk/files/USA/Card A
[INFO | org.twilight.hd_hud] Text Font: replacement drawing active; original advances preserved
[INFO | org.twilight.hd_hud] Text Font: original cell=24x24 ascent=21 descent=3 scale=18.00x18.00
[DEBUG | dusk] [DIAG] fpcSCtRq_phase_Load: procName=0 ret=4
[DEBUG | dusk] fpcSCtRq_phase_CreateProcess: procName=0
[DEBUG | dusk] fpcBs_Create: pid=59 profname=fpcNm_OVERLAP0_e (0) profile=0x7aceb5fb18 procSize=384 unkSize=0
[DEBUG | dusk] fpcSCtRq_phase_CreateProcess: fpcBs_Create OK proc=0xb400007a09059650
[DEBUG | dusk] fpcNdRq_phase_Create: name=13 layer=0x7aced93418
[DEBUG | dusk] fpcNdRq_phase_Create: creating_id=60 (error=4294967295)
[WARNING | dusk::mods::actor] Attempted to delete actor with ID (49) but it doesn't exist!
[DEBUG | dusk] [DIAG] fpcSCtRq_phase_Load: procName=13 ret=4
[DEBUG | dusk] fpcSCtRq_phase_CreateProcess: procName=13
[DEBUG | dusk] fpcBs_Create: pid=60 profname=fpcNm_NAME_SCENE_e (13) profile=0x7aceb60138 procSize=1704 unkSize=0
[DEBUG | dusk] fpcSCtRq_phase_CreateProcess: fpcBs_Create OK proc=0xb400007a0907e7d8
[DEBUG | dusk] Loading Resource: zelda_file_select.bck (Size: 23584)
[DEBUG | dusk] Loading Resource: zelda_file_select.blo (Size: 176800)
[DEBUG | dusk] Loading Resource: zelda_file_select.bpk (Size: 288)
[DEBUG | dusk] Loading Resource: zelda_file_select.brk (Size: 544)
[DEBUG | dusk] Loading Resource: zelda_file_select.btk (Size: 1408)
[DEBUG | dusk] Loading Resource: zelda_file_select_02.btk (Size: 544)
[DEBUG | dusk] Loading Resource: zelda_file_select_03.btk (Size: 544)
[DEBUG | dusk] Loading Resource: zelda_file_select_04.btk (Size: 448)
[DEBUG | dusk] Loading Resource: zelda_file_select_05.btk (Size: 800)
[DEBUG | dusk] Loading Resource: zelda_file_select_3menu_window.bck (Size: 5568)
[DEBUG | dusk] Loading Resource: zelda_file_select_3menu_window.blo (Size: 12992)
[DEBUG | dusk] Loading Resource: zelda_file_select_3menu_window.bpk (Size: 288)
[DEBUG | dusk] Loading Resource: zelda_file_select_3menu_window.btk (Size: 768)
[DEBUG | dusk] Loading Resource: zelda_file_select_copy_select.bck (Size: 5632)
[DEBUG | dusk] Loading Resource: zelda_file_select_copy_select.blo (Size: 55488)
[DEBUG | dusk] Loading Resource: zelda_file_select_copy_select.bpk (Size: 256)
[DEBUG | dusk] Loading Resource: zelda_file_select_copy_select.brk (Size: 416)
[DEBUG | dusk] Loading Resource: zelda_file_select_copy_select.btk (Size: 1120)
[DEBUG | dusk] Loading Resource: zelda_file_select_copy_select_02.btk (Size: 448)
[DEBUG | dusk] Loading Resource: zelda_file_select_copy_select_03.btk (Size: 608)
[DEBUG | dusk] Loading Resource: zelda_file_select_details.blo (Size: 23904)
[DEBUG | dusk] Loading Resource: zelda_file_select_details.btk (Size: 832)
[DEBUG | dusk] Loading Resource: zelda_file_select_info_text.blo (Size: 13728)
[DEBUG | dusk] Loading Resource: zelda_file_select_warning_window.bck (Size: 1088)
[DEBUG | dusk] Loading Resource: zelda_file_select_warning_window.blo (Size: 4704)
[DEBUG | dusk] Loading Resource: zelda_file_select_yes_no_window.bck (Size: 2944)
[DEBUG | dusk] Loading Resource: zelda_file_select_yes_no_window.blo (Size: 9024)
[DEBUG | dusk] Loading Resource: zelda_file_select_yes_no_window.bpk (Size: 224)
[DEBUG | dusk] Loading Resource: zelda_file_select_yes_no_window.btk (Size: 576)
[DEBUG | dusk] Loading Resource: zelda_option_check.blo (Size: 48832)
[DEBUG | dusk] Loading Resource: ak_kagerou_battle_rr.bti (Size: 2720)
[DEBUG | dusk] Loading Resource: ak_ocarina_fire_00.bti (Size: 32800)
[DEBUG | dusk] Loading Resource: ak_ocarina_fire_01.bti (Size: 32800)
[DEBUG | dusk] Loading Resource: ak_ocarina_ind_00.bti (Size: 32800)
[DEBUG | dusk] Loading Resource: black_80.bti (Size: 3232)
[DEBUG | dusk] Loading Resource: bow_light.bti (Size: 320)
[DEBUG | dusk] Loading Resource: i4_gra.bti (Size: 1056)
[DEBUG | dusk] Loading Resource: im_b_button_00.bti (Size: 1184)
[DEBUG | dusk] Loading Resource: im_kinobou_48.bti (Size: 2592)
[DEBUG | dusk] Loading Resource: navi_l.bti (Size: 544)
[DEBUG | dusk] Loading Resource: ni_hairianotate_48.bti (Size: 2816)
[DEBUG | dusk] Loading Resource: ni_kinotate_48.bti (Size: 2656)
[DEBUG | dusk] Loading Resource: ni_magicarmor_48.bti (Size: 2784)
[DEBUG | dusk] Loading Resource: ni_mastersword_48.bti (Size: 2688)
[DEBUG | dusk] Loading Resource: ni_zouranofuku_48.bti (Size: 2752)
[DEBUG | dusk] Loading Resource: ttdelunotate_s3_tc.bti (Size: 2592)
[DEBUG | dusk] Loading Resource: tt_1_metal_40x40.bti (Size: 1632)
[DEBUG | dusk] Loading Resource: tt_2_metal_40x40.bti (Size: 1632)
[DEBUG | dusk] Loading Resource: tt_3setu_w_l.bti (Size: 92960)
[DEBUG | dusk] Loading Resource: tt_3_metal_40x40.bti (Size: 1632)
[DEBUG | dusk] Loading Resource: tt_black_32.bti (Size: 1056)
[DEBUG | dusk] Loading Resource: tt_block128_00.bti (Size: 8224)
[DEBUG | dusk] Loading Resource: tt_block8x8.bti (Size: 64)
[DEBUG | dusk] Loading Resource: tt_book_meramera_00.bti (Size: 6944)
[DEBUG | dusk] Loading Resource: tt_button_base0_center_tate.bti (Size: 1312)
[DEBUG | dusk] Loading Resource: tt_button_base0_side.bti (Size: 1312)
[DEBUG | dusk] Loading Resource: tt_gold_uzu_long2.bti (Size: 4832)
[DEBUG | dusk] Loading Resource: tt_heart_00.bti (Size: 1312)
[DEBUG | dusk] Loading Resource: tt_horiwaku_lu.bti (Size: 1600)
[DEBUG | dusk] Loading Resource: tt_horiwaku_side_l_rr.bti (Size: 928)
[DEBUG | dusk] Loading Resource: tt_horiwaku_side_r_rr.bti (Size: 928)
[DEBUG | dusk] Loading Resource: tt_horiwaku_top_rr.bti (Size: 1056)
[DEBUG | dusk] Loading Resource: tt_i4_gra.bti (Size: 1056)
[DEBUG | dusk] Loading Resource: tt_iastarrr.bti (Size: 1056)
[DEBUG | dusk] Loading Resource: tt_itumonofuku_s3tc.bti (Size: 2624)
[DEBUG | dusk] Loading Resource: tt_kazari_kani_00.bti (Size: 4128)
[DEBUG | dusk] Loading Resource: tt_kazari_kani_02.bti (Size: 4128)
[DEBUG | dusk] Loading Resource: tt_kokirinoken_s3_tc.bti (Size: 2592)
[DEBUG | dusk] Loading Resource: tt_line2.bti (Size: 96)
[DEBUG | dusk] Loading Resource: tt_metal_cube_00.bti (Size: 1184)
[DEBUG | dusk] Loading Resource: tt_spot_square3.bti (Size: 2080)
[DEBUG | dusk] Loading Resource: tt_uzumaki_00.bti (Size: 16160)
[DEBUG | dusk] Loading Resource: tt_w08_160_gra.bti (Size: 6432)
[DEBUG | dusk] Loading Resource: tt_yakushima.bti (Size: 8224)
[DEBUG | dusk] Loading Resource: tt_zelda_button_ab_maru.bti (Size: 1632)
[DEBUG | dusk] Loading Resource: tt_zelda_button_a_8ia.bti (Size: 1568)
[DEBUG | dusk] Loading Resource: tt_zelda_button_a_text.bti (Size: 800)
[DEBUG | dusk] Loading Resource: tt_zelda_button_b_text.bti (Size: 512)
[DEBUG | dusk] Loading Resource: tt_zelda_revo_maru_button_64_8ia_01.bti (Size: 8736)
[DEBUG | dusk] fapGm_Execute frame=1200
[DEBUG | dusk] [DIAG] fpcSCtRq_phase_Load: procName=0 ret=4
[DEBUG | dusk] fpcSCtRq_phase_CreateProcess: procName=0
[DEBUG | dusk] fpcBs_Create: pid=61 profname=fpcNm_OVERLAP0_e (0) profile=0x7aceb5fb18 procSize=384 unkSize=0
[DEBUG | dusk] fpcSCtRq_phase_CreateProcess: fpcBs_Create OK proc=0xb400007a0907e558
[DEBUG | dusk] fpcNdRq_phase_Create: name=11 layer=0x7aced93418
[DEBUG | dusk] fpcNdRq_phase_Create: creating_id=62 (error=4294967295)
[DEBUG | dusk] [DIAG] fpcSCtRq_phase_Load: procName=11 ret=4
[DEBUG | dusk] fpcSCtRq_phase_CreateProcess: procName=11
[DEBUG | dusk] fpcBs_Create: pid=62 profname=fpcNm_PLAY_SCENE_e (11) profile=0x7aceb60268 procSize=912 unkSize=0
[DEBUG | dusk] fpcSCtRq_phase_CreateProcess: fpcBs_Create OK proc=0xb400007a0907eaf0
[DEBUG | dusk] Loading Resource: vrbox_kasumim.bmd (Size: 2272)
[DEBUG | dusk] Loading Resource: vrbox_kumo.bmd (Size: 69664)
[DEBUG | dusk] Loading Resource: vrbox_sora.bmd (Size: 6624)
[DEBUG | dusk] Loading Resource: vrbox_sun.bmd (Size: 12032)
[DEBUG | dusk] Loading Resource: door-knob_00.bmd (Size: 7712)
[DEBUG | dusk] Loading Resource: vrbox_sun.btk (Size: 320)
[DEBUG | dusk] Loading Resource: colordata_tbl.dat (Size: 800)
[DEBUG | dusk] Loading Resource: pol_arg.dat (Size: 128)
[DEBUG | dusk] Loading Resource: pol_effcol.dat (Size: 128)
[DEBUG | dusk] Loading Resource: pol_effcol2.dat (Size: 128)
[DEBUG | dusk] Loading Resource: pol_efftbl.dat (Size: 128)
[DEBUG | dusk] Loading Resource: pol_efftbl2.dat (Size: 128)
[DEBUG | dusk] Loading Resource: pol_sound.dat (Size: 128)
[DEBUG | dusk] Loading Resource: stage.dzs (Size: 27200)
[DEBUG | dusk] Loading Resource: event_list.dat (Size: 4700)
[DEBUG | dusk] Loading Resource: iria_nioi.stb (Size: 3056)
[DEBUG | dusk] Loading Resource: iria_pouch01.stb (Size: 1032)
[DEBUG | dusk] Loading Resource: cloudtx_01.bti (Size: 4128)
[DEBUG | dusk] Loading Resource: cloudtx_02.bti (Size: 4128)
[DEBUG | dusk] Loading Resource: cloudtx_03.bti (Size: 4128)
[DEBUG | dusk] Loading Resource: f_moon.bti (Size: 8224)
[DEBUG | dusk] Loading Resource: f_moon_a.bti (Size: 2080)
[DEBUG | dusk] Loading Resource: f_moon_a_a00.bti (Size: 64)
[DEBUG | dusk] Loading Resource: f_moon_a_a01.bti (Size: 544)
[DEBUG | dusk] Loading Resource: f_moon_a_a02.bti (Size: 544)
[DEBUG | dusk] Loading Resource: f_moon_a_a03.bti (Size: 544)
[DEBUG | dusk] Loading Resource: i_enkei.bti (Size: 8224)
[DEBUG | dusk] Loading Resource: i_iwakabe_a.bti (Size: 86048)
[DEBUG | dusk] Loading Resource: i_iwayama.bti (Size: 43040)
[DEBUG | dusk] Loading Resource: i_koyojyu4.bti (Size: 10784)
[DEBUG | dusk] Loading Resource: i_kumo.bti (Size: 10784)
[DEBUG | dusk] Loading Resource: i_kusa_a.bti (Size: 43680)
[DEBUG | dusk] Loading Resource: i_tuchimichi_a_nuki.bti (Size: 10784)
[DEBUG | dusk] Loading Resource: event_list.dat (Size: 106476)
[DEBUG | dusk] Loading Resource: camstyle.dat (Size: 43328)
[DEBUG | dusk] Loading Resource: camtype.dat (Size: 14560)
[DEBUG | dusk] fpcBs_Create: pid=84 profname=fpcNm_SUSPEND_e (783) profile=0x7aceb66c48 procSize=1632 unkSize=0
[DEBUG | dusk] fpcBs_Create: pid=86 profname=fpcNm_SUSPEND_e (783) profile=0x7aceb66c48 procSize=1632 unkSize=0
[DEBUG | dusk] fpcBs_Create: pid=88 profname=fpcNm_SUSPEND_e (783) profile=0x7aceb66c48 procSize=1632 unkSize=0
[DEBUG | dusk] fpcBs_Create: pid=90 profname=fpcNm_SUSPEND_e (783) profile=0x7aceb66c48 procSize=1632 unkSize=0
[DEBUG | dusk] fopScnM_CreateReq: procName=18 fade=32767
[DEBUG | dusk] fopScnM_CreateReq: result=5 (error=4294967295)
[DEBUG | dusk] fopScnM_CreateReq: procName=18 fade=32767
[DEBUG | dusk] fopScnM_CreateReq: result=6 (error=4294967295)
[DEBUG | dusk] fopScnM_CreateReq: procName=18 fade=32767
[DEBUG | dusk] fopScnM_CreateReq: result=7 (error=4294967295)
[DEBUG | dusk] fpcBs_Create: pid=95 profname=fpcNm_KANKYO_e (19) profile=0x7aceb5ae60 procSize=440 unkSize=0
[DEBUG | dusk] fpcBs_Create: pid=97 profname=fpcNm_KYEFF_e (785) profile=0x7aceb5aeb0 procSize=440 unkSize=0
[DEBUG | dusk] fpcBs_Create: pid=99 profname=fpcNm_KYEFF2_e (786) profile=0x7aceb5aef0 procSize=440 unkSize=0
[DEBUG | dusk] fpcBs_Create: pid=101 profname=fpcNm_ENVSE_e (21) profile=0x7aceb59f20 procSize=456 unkSize=0
[DEBUG | dusk] fpcNdRq_phase_Create: name=18 layer=0xb400007a0907ec48
[DEBUG | dusk] fpcNdRq_phase_Create: creating_id=104 (error=4294967295)
[DEBUG | dusk] fpcNdRq_phase_Create: name=18 layer=0xb400007a0907ec48
[DEBUG | dusk] fpcNdRq_phase_Create: creating_id=105 (error=4294967295)
[DEBUG | dusk] fpcNdRq_phase_Create: name=18 layer=0xb400007a0907ec48
[DEBUG | dusk] fpcNdRq_phase_Create: creating_id=106 (error=4294967295)
[DEBUG | dusk] [DIAG] fpcSCtRq_phase_Load: procName=781 ret=4
[DEBUG | dusk] fpcSCtRq_phase_CreateProcess: procName=781
[DEBUG | dusk] fpcBs_Create: pid=63 profname=fpcNm_CAMERA_e (781) profile=0x7aceb59d68 procSize=4240 unkSize=0
[DEBUG | dusk] fpcSCtRq_phase_CreateProcess: fpcBs_Create OK proc=0xb400007a09078d70
[DEBUG | dusk] [DIAG] fpcSCtRq_phase_Load: procName=686 ret=4
[DEBUG | dusk] fpcSCtRq_phase_CreateProcess: procName=686
[DEBUG | dusk] fpcBs_Create: pid=64 profname=fpcNm_KYTAG04_e (686) profile=0x7aceb63f28 procSize=1784 unkSize=0
[DEBUG | dusk] fpcSCtRq_phase_CreateProcess: fpcBs_Create OK proc=0xb400007a09078658
[DEBUG | dusk] [DIAG] fpcSCtRq_phase_Load: procName=688 ret=4
[DEBUG | dusk] fpcSCtRq_phase_CreateProcess: procName=688
[DEBUG | dusk] fpcBs_Create: pid=65 profname=fpcNm_KYTAG06_e (688) profile=0x7aceb74328 procSize=1688 unkSize=0
[DEBUG | dusk] fpcSCtRq_phase_CreateProcess: fpcBs_Create OK proc=0xb400007a09077fa0
[DEBUG | dusk] [DIAG] fpcSCtRq_phase_Load: procName=559 ret=4
[DEBUG | dusk] fpcSCtRq_phase_CreateProcess: procName=559
[DEBUG | dusk] fpcBs_Create: pid=66 profname=fpcNm_Tag_Restart_e (559) profile=0x7aceb9d048 procSize=1680 unkSize=0
[DEBUG | dusk] fpcSCtRq_phase_CreateProcess: fpcBs_Create OK proc=0xb400007a090778f0
[DEBUG | dusk] [DIAG] fpcSCtRq_phase_Load: procName=559 ret=4
[DEBUG | dusk] fpcSCtRq_phase_CreateProcess: procName=559
[DEBUG | dusk] fpcBs_Create: pid=67 profname=fpcNm_Tag_Restart_e (559) profile=0x7aceb9d048 procSize=1680 unkSize=0
[DEBUG | dusk] fpcSCtRq_phase_CreateProcess: fpcBs_Create OK proc=0xb400007a09077240
[DEBUG | dusk] [DIAG] fpcSCtRq_phase_Load: procName=559 ret=4
[DEBUG | dusk] fpcSCtRq_phase_CreateProcess: procName=559
[DEBUG | dusk] fpcBs_Create: pid=68 profname=fpcNm_Tag_Restart_e (559) profile=0x7aceb9d048 procSize=1680 unkSize=0
[DEBUG | dusk] fpcSCtRq_phase_CreateProcess: fpcBs_Create OK proc=0xb400007a09076b90
[DEBUG | dusk] [DIAG] fpcSCtRq_phase_Load: procName=559 ret=4
[DEBUG | dusk] fpcSCtRq_phase_CreateProcess: procName=559
[DEBUG | dusk] fpcBs_Create: pid=69 profname=fpcNm_Tag_Restart_e (559) profile=0x7aceb9d048 procSize=1680 unkSize=0
[DEBUG | dusk] fpcSCtRq_phase_CreateProcess: fpcBs_Create OK proc=0xb400007a090764e0
[DEBUG | dusk] [DIAG] fpcSCtRq_phase_Load: procName=559 ret=4
[DEBUG | dusk] fpcSCtRq_phase_CreateProcess: procName=559
[DEBUG | dusk] fpcBs_Create: pid=70 profname=fpcNm_Tag_Restart_e (559) profile=0x7aceb9d048 procSize=1680 unkSize=0
[DEBUG | dusk] fpcSCtRq_phase_CreateProcess: fpcBs_Create OK proc=0xb400007a09075e30
[DEBUG | dusk] [DIAG] fpcSCtRq_phase_Load: procName=559 ret=4
[DEBUG | dusk] fpcSCtRq_phase_CreateProcess: procName=559
[DEBUG | dusk] fpcBs_Create: pid=71 profname=fpcNm_Tag_Restart_e (559) profile=0x7aceb9d048 procSize=1680 unkSize=0
[DEBUG | dusk] fpcSCtRq_phase_CreateProcess: fpcBs_Create OK proc=0xb400007a0907dc64
[DEBUG | dusk] [DIAG] fpcSCtRq_phase_Load: procName=559 ret=4
[DEBUG | dusk] fpcSCtRq_phase_CreateProcess: procName=559
[DEBUG | dusk] fpcBs_Create: pid=72 profname=fpcNm_Tag_Restart_e (559) profile=0x7aceb9d048 procSize=1680 unkSize=0
[DEBUG | dusk] fpcSCtRq_phase_CreateProcess: fpcBs_Create OK proc=0xb400007a09075780
[DEBUG | dusk] [DIAG] fpcSCtRq_phase_Load: procName=559 ret=4
[DEBUG | dusk] fpcSCtRq_phase_CreateProcess: procName=559
[DEBUG | dusk] fpcBs_Create: pid=73 profname=fpcNm_Tag_Restart_e (559) profile=0x7aceb9d048 procSize=1680 unkSize=0
[DEBUG | dusk] fpcSCtRq_phase_CreateProcess: fpcBs_Create OK proc=0xb400007a090750d0
[DEBUG | dusk] [DIAG] fpcSCtRq_phase_Load: procName=559 ret=4
[DEBUG | dusk] fpcSCtRq_phase_CreateProcess: procName=559
[DEBUG | dusk] fpcBs_Create: pid=74 profname=fpcNm_Tag_Restart_e (559) profile=0x7aceb9d048 procSize=1680 unkSize=0
[DEBUG | dusk] fpcSCtRq_phase_CreateProcess: fpcBs_Create OK proc=0xb400007a09074a20
[DEBUG | dusk] [DIAG] fpcSCtRq_phase_Load: procName=559 ret=4
[DEBUG | dusk] fpcSCtRq_phase_CreateProcess: procName=559
[DEBUG | dusk] fpcBs_Create: pid=75 profname=fpcNm_Tag_Restart_e (559) profile=0x7aceb9d048 procSize=1680 unkSize=0
[DEBUG | dusk] fpcSCtRq_phase_CreateProcess: fpcBs_Create OK proc=0xb400007a09074370
[DEBUG | dusk] [DIAG] fpcSCtRq_phase_Load: procName=559 ret=4
[DEBUG | dusk] fpcSCtRq_phase_CreateProcess: procName=559
[DEBUG | dusk] fpcBs_Create: pid=76 profname=fpcNm_Tag_Restart_e (559) profile=0x7aceb9d048 procSize=1680 unkSize=0
[DEBUG | dusk] fpcSCtRq_phase_CreateProcess: fpcBs_Create OK proc=0xb400007a09073cc0
[DEBUG | dusk] [DIAG] fpcSCtRq_phase_Load: procName=559 ret=4
[DEBUG | dusk] fpcSCtRq_phase_CreateProcess: procName=559
[DEBUG | dusk] fpcBs_Create: pid=77 profname=fpcNm_Tag_Restart_e (559) profile=0x7aceb9d048 procSize=1680 unkSize=0
[DEBUG | dusk] fpcSCtRq_phase_CreateProcess: fpcBs_Create OK proc=0xb400007a0907d5b4
[DEBUG | dusk] [DIAG] fpcSCtRq_phase_Load: procName=559 ret=4
[DEBUG | dusk] fpcSCtRq_phase_CreateProcess: procName=559
[DEBUG | dusk] fpcBs_Create: pid=78 profname=fpcNm_Tag_Restart_e (559) profile=0x7aceb9d048 procSize=1680 unkSize=0
[DEBUG | dusk] fpcSCtRq_phase_CreateProcess: fpcBs_Create OK proc=0xb400007a09073610
[DEBUG | dusk] [DIAG] fpcSCtRq_phase_Load: procName=559 ret=4
[DEBUG | dusk] fpcSCtRq_phase_CreateProcess: procName=559
[DEBUG | dusk] fpcBs_Create: pid=79 profname=fpcNm_Tag_Restart_e (559) profile=0x7aceb9d048 procSize=1680 unkSize=0
[DEBUG | dusk] fpcSCtRq_phase_CreateProcess: fpcBs_Create OK proc=0xb400007a09072f60
[DEBUG | dusk] [DIAG] fpcSCtRq_phase_Load: procName=559 ret=4
[DEBUG | dusk] fpcSCtRq_phase_CreateProcess: procName=559
[DEBUG | dusk] fpcBs_Create: pid=80 profname=fpcNm_Tag_Restart_e (559) profile=0x7aceb9d048 procSize=1680 unkSize=0
[DEBUG | dusk] fpcSCtRq_phase_CreateProcess: fpcBs_Create OK proc=0xb400007a090728b0
[DEBUG | dusk] [DIAG] fpcSCtRq_phase_Load: procName=559 ret=4
[DEBUG | dusk] fpcSCtRq_phase_CreateProcess: procName=559
[DEBUG | dusk] fpcBs_Create: pid=81 profname=fpcNm_Tag_Restart_e (559) profile=0x7aceb9d048 procSize=1680 unkSize=0
[DEBUG | dusk] fpcSCtRq_phase_CreateProcess: fpcBs_Create OK proc=0xb400007a09072200
[DEBUG | dusk] [DIAG] fpcSCtRq_phase_Load: procName=559 ret=4
[DEBUG | dusk] fpcSCtRq_phase_CreateProcess: procName=559
[DEBUG | dusk] fpcBs_Create: pid=82 profname=fpcNm_Tag_Restart_e (559) profile=0x7aceb9d048 procSize=1680 unkSize=0
[DEBUG | dusk] fpcSCtRq_phase_CreateProcess: fpcBs_Create OK proc=0xb400007a09071b50
[DEBUG | dusk] [DIAG] fpcSCtRq_phase_Load: procName=238 ret=4
[DEBUG | dusk] fpcSCtRq_phase_CreateProcess: procName=238
[DEBUG | dusk] fpcBs_Create: pid=91 profname=fpcNm_HORSE_e (238) profile=0x7aceb73d10 procSize=8464 unkSize=0
[DEBUG | dusk] fpcSCtRq_phase_CreateProcess: fpcBs_Create OK proc=0xb400007a0906fa20
[DEBUG | dusk] [DIAG] fpcSCtRq_phase_Load: procName=699 ret=4
[DEBUG | dusk] fpcSCtRq_phase_CreateProcess: procName=699
[DEBUG | dusk] fpcBs_Create: pid=92 profname=fpcNm_KYTAG17_e (699) profile=0x7aceb63fe0 procSize=1632 unkSize=0
[DEBUG | dusk] fpcSCtRq_phase_CreateProcess: fpcBs_Create OK proc=0xb400007a0907cf34
[DEBUG | dusk] [DIAG] fpcSCtRq_phase_Load: procName=406 ret=4
[DEBUG | dusk] fpcSCtRq_phase_CreateProcess: procName=406
[DEBUG | dusk] fpcBs_Create: pid=93 profname=fpcNm_Obj_GanonWall_e (406) profile=0x7aceb89630 procSize=1672 unkSize=0
[DEBUG | dusk] fpcSCtRq_phase_CreateProcess: fpcBs_Create OK proc=0xb400007a0906f378
[DEBUG | dusk] [DIAG] fpcSCtRq_phase_Load: procName=730 ret=4
[DEBUG | dusk] fpcSCtRq_phase_CreateProcess: procName=730
[DEBUG | dusk] fpcBs_Create: pid=102 profname=fpcNm_VRBOX_e (730) profile=0x7aceb66078 procSize=1648 unkSize=0
[DEBUG | dusk] fpcSCtRq_phase_CreateProcess: fpcBs_Create OK proc=0xb400007a0906ece8
[DEBUG | dusk] [DIAG] fpcSCtRq_phase_Load: procName=731 ret=4
[DEBUG | dusk] fpcSCtRq_phase_CreateProcess: procName=731
[DEBUG | dusk] fpcBs_Create: pid=103 profname=fpcNm_VRBOX2_e (731) profile=0x7aceb66130 procSize=1720 unkSize=0
[DEBUG | dusk] fpcSCtRq_phase_CreateProcess: fpcBs_Create OK proc=0xb400007a0906e610
[DEBUG | dusk] [DIAG] fpcSCtRq_phase_Load: procName=18 ret=4
[DEBUG | dusk] fpcSCtRq_phase_CreateProcess: procName=18
[DEBUG | dusk] fpcBs_Create: pid=104 profname=fpcNm_ROOM_SCENE_e (18) profile=0x7aceb60388 procSize=912 unkSize=0
[DEBUG | dusk] fpcSCtRq_phase_CreateProcess: fpcBs_Create OK proc=0xb400007a0906e260
[DEBUG | dusk] [DIAG] fpcSCtRq_phase_Load: procName=18 ret=4
[DEBUG | dusk] fpcSCtRq_phase_CreateProcess: procName=18
[DEBUG | dusk] fpcBs_Create: pid=105 profname=fpcNm_ROOM_SCENE_e (18) profile=0x7aceb60388 procSize=912 unkSize=0
[DEBUG | dusk] fpcSCtRq_phase_CreateProcess: fpcBs_Create OK proc=0xb400007a0906deb0
[DEBUG | dusk] [DIAG] fpcSCtRq_phase_Load: procName=18 ret=4
[DEBUG | dusk] fpcSCtRq_phase_CreateProcess: procName=18
[DEBUG | dusk] fpcBs_Create: pid=106 profname=fpcNm_ROOM_SCENE_e (18) profile=0x7aceb60388 procSize=912 unkSize=0
[DEBUG | dusk] fpcSCtRq_phase_CreateProcess: fpcBs_Create OK proc=0xb400007a0906db00
[DEBUG | dusk] Loading Resource: ef_portal.bmd (Size: 60192)
[DEBUG | dusk] Loading Resource: ef_portal_blue_app.brk (Size: 896)
[DEBUG | dusk] Loading Resource: ef_portal_blue_disapp.brk (Size: 896)
[DEBUG | dusk] Loading Resource: ef_portal_red_app.brk (Size: 896)
[DEBUG | dusk] Loading Resource: ef_portal_red_disapp.brk (Size: 896)
[DEBUG | dusk] Loading Resource: ef_portal.btk (Size: 1792)
[DEBUG | dusk] Loading Resource: hs_back_walk.bck (Size: 5536)
[DEBUG | dusk] Loading Resource: hs_back_walk_start.bck (Size: 6304)
[DEBUG | dusk] Loading Resource: hs_excitement.bck (Size: 11968)
[DEBUG | dusk] Loading Resource: hs_excitement_2.bck (Size: 14144)
[DEBUG | dusk] Loading Resource: hs_jump_end.bck (Size: 5344)
[DEBUG | dusk] Loading Resource: hs_jump_middle.bck (Size: 4640)
[DEBUG | dusk] Loading Resource: hs_jump_start.bck (Size: 4832)
[DEBUG | dusk] Loading Resource: hs_jump_start_clift.bck (Size: 5248)
[DEBUG | dusk] Loading Resource: hs_lash.bck (Size: 3200)
[DEBUG | dusk] Loading Resource: hs_neck_waitback_left.bck (Size: 2880)
[DEBUG | dusk] Loading Resource: hs_neck_waitback_right.bck (Size: 2848)
[DEBUG | dusk] Loading Resource: hs_run_dash.bck (Size: 7680)
[DEBUG | dusk] Loading Resource: hs_run_fast.bck (Size: 6688)
[DEBUG | dusk] Loading Resource: hs_run_slow.bck (Size: 7712)
[DEBUG | dusk] Loading Resource: hs_stand.bck (Size: 17984)
[DEBUG | dusk] Loading Resource: hs_stop_slow.bck (Size: 14208)
[DEBUG | dusk] Loading Resource: hs_stop_stand.bck (Size: 16352)
[DEBUG | dusk] Loading Resource: hs_turn_left.bck (Size: 9632)
[DEBUG | dusk] Loading Resource: hs_turn_left_start.bck (Size: 5248)
[DEBUG | dusk] Loading Resource: hs_turn_right.bck (Size: 9472)
[DEBUG | dusk] Loading Resource: hs_turn_right_start.bck (Size: 5344)
[DEBUG | dusk] Loading Resource: hs_wait_01.bck (Size: 4768)
[DEBUG | dusk] Loading Resource: hs_wait_01b.bck (Size: 4672)
[DEBUG | dusk] Loading Resource: hs_wait_01b_connect.bck (Size: 4672)
[DEBUG | dusk] Loading Resource: hs_wait_02.bck (Size: 8928)
[DEBUG | dusk] Loading Resource: hs_wait_03.bck (Size: 7552)
[DEBUG | dusk] Loading Resource: hs_wait_04.bck (Size: 12640)
[DEBUG | dusk] Loading Resource: hs_wait_05.bck (Size: 10528)
[DEBUG | dusk] Loading Resource: hs_walk_fast.bck (Size: 5792)
[DEBUG | dusk] Loading Resource: hs_walk_slow.bck (Size: 5600)
[DEBUG | dusk] Loading Resource: hs.bmd (Size: 131264)
[DEBUG | dusk] Loading Resource: hs_eye.btp (Size: 128)
[DEBUG | dusk] Loading Resource: tazuna.bti (Size: 160)
[DEBUG | dusk] Loading Resource: yganonwall.bmd (Size: 44704)
[DEBUG | dusk] Loading Resource: yganonwall.btk (Size: 544)
[DEBUG | dusk] Loading Resource: model.bmd (Size: 721376)
[DEBUG | dusk] Loading Resource: model1.bmd (Size: 5280)
[DEBUG | dusk] Loading Resource: model4.bmd (Size: 9024)
[DEBUG | dusk] Loading Resource: model.btk (Size: 576)
[DEBUG | dusk] Loading Resource: model1.btk (Size: 320)
[DEBUG | dusk] Loading Resource: room.dzr (Size: 16288)
[DEBUG | dusk] Loading Resource: event_list.dat (Size: 10496)
[DEBUG | dusk] Loading Resource: room.kcl (Size: 398286)
[DEBUG | dusk] Loading Resource: room.plc (Size: 384)
[DEBUG | dusk] Loading Resource: model.bmd (Size: 80064)
[DEBUG | dusk] Loading Resource: room.dzr (Size: 1824)
[DEBUG | dusk] Loading Resource: room.kcl (Size: 42260)
[DEBUG | dusk] Loading Resource: room.plc (Size: 160)
[DEBUG | dusk] Loading Resource: model.bmd (Size: 50368)
[DEBUG | dusk] Loading Resource: room.dzr (Size: 1280)
[DEBUG | dusk] Loading Resource: room.kcl (Size: 21404)
[DEBUG | dusk] Loading Resource: room.plc (Size: 64)
[DEBUG | dusk] [DIAG] fpcSCtRq_phase_Load: procName=253 ret=4
[DEBUG | dusk] fpcSCtRq_phase_CreateProcess: procName=253
[DEBUG | dusk] fpcBs_Create: pid=107 profname=fpcNm_ALINK_e (253) profile=0x7aceb56250 procSize=18784 unkSize=0
[DEBUG | dusk] fpcSCtRq_phase_CreateProcess: fpcBs_Create OK proc=0xb400007a0905fddc
[DEBUG | dusk] [DIAG] fpcSCtRq_phase_Load: procName=790 ret=4
[DEBUG | dusk] fpcSCtRq_phase_CreateProcess: procName=790
[DEBUG | dusk] fpcBs_Create: pid=108 profname=fpcNm_METER2_e (790) profile=0x7aceb5d430 procSize=1504 unkSize=0
[DEBUG | dusk] fpcSCtRq_phase_CreateProcess: fpcBs_Create OK proc=0xb400007a0905f7dc
[DEBUG | dusk] [DIAG] fpcSCtRq_phase_Load: procName=732 ret=4
[DEBUG | dusk] fpcSCtRq_phase_CreateProcess: procName=732
[DEBUG | dusk] fpcBs_Create: pid=109 profname=fpcNm_BG_e (732) profile=0x7aceb633f8 procSize=1904 unkSize=0
[DEBUG | dusk] fpcSCtRq_phase_CreateProcess: fpcBs_Create OK proc=0xb400007a0905ee8c
[DEBUG | dusk] [DIAG] fpcSCtRq_phase_Load: procName=333 ret=4
[DEBUG | dusk] fpcSCtRq_phase_CreateProcess: procName=333
[DEBUG | dusk] fpcBs_Create: pid=110 profname=fpcNm_Obj_Yobikusa_e (333) profile=0x7aceb6c0c8 procSize=2360 unkSize=0
[DEBUG | dusk] fpcSCtRq_phase_CreateProcess: fpcBs_Create OK proc=0xb400007a0905e534
[DEBUG | dusk] [DIAG] fpcSCtRq_phase_Load: procName=333 ret=4
[DEBUG | dusk] fpcSCtRq_phase_CreateProcess: procName=333
[DEBUG | dusk] fpcBs_Create: pid=111 profname=fpcNm_Obj_Yobikusa_e (333) profile=0x7aceb6c0c8 procSize=2360 unkSize=0
[DEBUG | dusk] fpcSCtRq_phase_CreateProcess: fpcBs_Create OK proc=0xb400007a0905dbdc
[DEBUG | dusk] [DIAG] fpcSCtRq_phase_Load: procName=83 ret=4
[DEBUG | dusk] fpcSCtRq_phase_CreateProcess: procName=83
[DEBUG | dusk] fpcBs_Create: pid=112 profname=fpcNm_Obj_Digpl_e (83) profile=0x7aceb6a7f8 procSize=1712 unkSize=0
[DEBUG | dusk] fpcSCtRq_phase_CreateProcess: fpcBs_Create OK proc=0xb400007a0905d50c
[DEBUG | dusk] [DIAG] fpcSCtRq_phase_Load: procName=60 ret=4
[DEBUG | dusk] fpcSCtRq_phase_CreateProcess: procName=60
[DEBUG | dusk] fpcBs_Create: pid=113 profname=fpcNm_Obj_HsTarget_e (60) profile=0x7aceb8aea8 procSize=1720 unkSize=0
[DEBUG | dusk] fpcSCtRq_phase_CreateProcess: fpcBs_Create OK proc=0xb400007a0905ce34
[DEBUG | dusk] [DIAG] fpcSCtRq_phase_Load: procName=60 ret=4
[DEBUG | dusk] fpcSCtRq_phase_CreateProcess: procName=60
[DEBUG | dusk] fpcBs_Create: pid=114 profname=fpcNm_Obj_HsTarget_e (60) profile=0x7aceb8aea8 procSize=1720 unkSize=0
[DEBUG | dusk] fpcSCtRq_phase_CreateProcess: fpcBs_Create OK proc=0xb400007a0905c75c
[DEBUG | dusk] [DIAG] fpcSCtRq_phase_Load: procName=696 ret=4
[DEBUG | dusk] fpcSCtRq_phase_CreateProcess: procName=696
[DEBUG | dusk] fpcBs_Create: pid=115 profname=fpcNm_KYTAG14_e (696) profile=0x7aceb67e28 procSize=1640 unkSize=0
[DEBUG | dusk] fpcSCtRq_phase_CreateProcess: fpcBs_Create OK proc=0xb400007a0905c0d4
[DEBUG | dusk] [DIAG] fpcSCtRq_phase_Load: procName=696 ret=4
[DEBUG | dusk] fpcSCtRq_phase_CreateProcess: procName=696
[DEBUG | dusk] fpcBs_Create: pid=116 profname=fpcNm_KYTAG14_e (696) profile=0x7aceb67e28 procSize=1640 unkSize=0
[DEBUG | dusk] fpcSCtRq_phase_CreateProcess: fpcBs_Create OK proc=0xb400007a0905ba4c
[DEBUG | dusk] [DIAG] fpcSCtRq_phase_Load: procName=784 ret=4
[DEBUG | dusk] fpcSCtRq_phase_CreateProcess: procName=784
[DEBUG | dusk] fpcBs_Create: pid=117 profname=fpcNm_GRASS_e (784) profile=0x7aceb67ae8 procSize=1640 unkSize=0
[DEBUG | dusk] fpcSCtRq_phase_CreateProcess: fpcBs_Create OK proc=0xb400007a0905b3c4
[DEBUG | dusk] [DIAG] fpcSCtRq_phase_Load: procName=784 ret=4
[DEBUG | dusk] fpcSCtRq_phase_CreateProcess: procName=784
[DEBUG | dusk] fpcBs_Create: pid=118 profname=fpcNm_GRASS_e (784) profile=0x7aceb67ae8 procSize=1640 unkSize=0
[DEBUG | dusk] fpcSCtRq_phase_CreateProcess: fpcBs_Create OK proc=0xb400007a0905ad3c
[DEBUG | dusk] [DIAG] fpcSCtRq_phase_Load: procName=784 ret=4
[DEBUG | dusk] fpcSCtRq_phase_CreateProcess: procName=784
[DEBUG | dusk] fpcBs_Create: pid=119 profname=fpcNm_GRASS_e (784) profile=0x7aceb67ae8 procSize=1640 unkSize=0
[DEBUG | dusk] fpcSCtRq_phase_CreateProcess: fpcBs_Create OK proc=0xb400007a0905a6b4
[DEBUG | dusk] [DIAG] fpcSCtRq_phase_Load: procName=784 ret=4
[DEBUG | dusk] fpcSCtRq_phase_CreateProcess: procName=784
[DEBUG | dusk] fpcBs_Create: pid=120 profname=fpcNm_GRASS_e (784) profile=0x7aceb67ae8 procSize=1640 unkSize=0
[DEBUG | dusk] fpcSCtRq_phase_CreateProcess: fpcBs_Create OK proc=0xb400007a0905a02c
[DEBUG | dusk] [DIAG] fpcSCtRq_phase_Load: procName=784 ret=4
[DEBUG | dusk] fpcSCtRq_phase_CreateProcess: procName=784
[DEBUG | dusk] fpcBs_Create: pid=121 profname=fpcNm_GRASS_e (784) profile=0x7aceb67ae8 procSize=1640 unkSize=0
[DEBUG | dusk] fpcSCtRq_phase_CreateProcess: fpcBs_Create OK proc=0xb400007a090599a4
[DEBUG | dusk] [DIAG] fpcSCtRq_phase_Load: procName=784 ret=4
[DEBUG | dusk] fpcSCtRq_phase_CreateProcess: procName=784
[DEBUG | dusk] fpcBs_Create: pid=122 profname=fpcNm_GRASS_e (784) profile=0x7aceb67ae8 procSize=1640 unkSize=0
[DEBUG | dusk] fpcSCtRq_phase_CreateProcess: fpcBs_Create OK proc=0xb400007a0905931c
[DEBUG | dusk] [DIAG] fpcSCtRq_phase_Load: procName=784 ret=4
[DEBUG | dusk] fpcSCtRq_phase_CreateProcess: procName=784
[DEBUG | dusk] fpcBs_Create: pid=123 profname=fpcNm_GRASS_e (784) profile=0x7aceb67ae8 procSize=1640 unkSize=0
[DEBUG | dusk] fpcSCtRq_phase_CreateProcess: fpcBs_Create OK proc=0xb400007a09058c94
[DEBUG | dusk] [DIAG] fpcSCtRq_phase_Load: procName=784 ret=4
[DEBUG | dusk] fpcSCtRq_phase_CreateProcess: procName=784
[DEBUG | dusk] fpcBs_Create: pid=124 profname=fpcNm_GRASS_e (784) profile=0x7aceb67ae8 procSize=1640 unkSize=0
[DEBUG | dusk] fpcSCtRq_phase_CreateProcess: fpcBs_Create OK proc=0xb400007a0905860c
[DEBUG | dusk] [DIAG] fpcSCtRq_phase_Load: procName=784 ret=4
[DEBUG | dusk] fpcSCtRq_phase_CreateProcess: procName=784
[DEBUG | dusk] fpcBs_Create: pid=125 profname=fpcNm_GRASS_e (784) profile=0x7aceb67ae8 procSize=1640 unkSize=0
[DEBUG | dusk] fpcSCtRq_phase_CreateProcess: fpcBs_Create OK proc=0xb400007a09057f84
[DEBUG | dusk] [DIAG] fpcSCtRq_phase_Load: procName=784 ret=4
[DEBUG | dusk] fpcSCtRq_phase_CreateProcess: procName=784
[DEBUG | dusk] fpcBs_Create: pid=126 profname=fpcNm_GRASS_e (784) profile=0x7aceb67ae8 procSize=1640 unkSize=0
[DEBUG | dusk] fpcSCtRq_phase_CreateProcess: fpcBs_Create OK proc=0xb400007a090578fc
[DEBUG | dusk] [DIAG] fpcSCtRq_phase_Load: procName=784 ret=4
[DEBUG | dusk] fpcSCtRq_phase_CreateProcess: procName=784
[DEBUG | dusk] fpcBs_Create: pid=127 profname=fpcNm_GRASS_e (784) profile=0x7aceb67ae8 procSize=1640 unkSize=0
[DEBUG | dusk] fpcSCtRq_phase_CreateProcess: fpcBs_Create OK proc=0xb400007a09057274
[DEBUG | dusk] [DIAG] fpcSCtRq_phase_Load: procName=784 ret=4
[DEBUG | dusk] fpcSCtRq_phase_CreateProcess: procName=784
[DEBUG | dusk] fpcBs_Create: pid=128 profname=fpcNm_GRASS_e (784) profile=0x7aceb67ae8 procSize=1640 unkSize=0
[DEBUG | dusk] fpcSCtRq_phase_CreateProcess: fpcBs_Create OK proc=0xb400007a09056bec
[DEBUG | dusk] [DIAG] fpcSCtRq_phase_Load: procName=784 ret=4
[DEBUG | dusk] fpcSCtRq_phase_CreateProcess: procName=784
[DEBUG | dusk] fpcBs_Create: pid=129 profname=fpcNm_GRASS_e (784) profile=0x7aceb67ae8 procSize=1640 unkSize=0
[DEBUG | dusk] fpcSCtRq_phase_CreateProcess: fpcBs_Create OK proc=0xb400007a09056564
[DEBUG | dusk] [DIAG] fpcSCtRq_phase_Load: procName=784 ret=4
[DEBUG | dusk] fpcSCtRq_phase_CreateProcess: procName=784
[DEBUG | dusk] fpcBs_Create: pid=130 profname=fpcNm_GRASS_e (784) profile=0x7aceb67ae8 procSize=1640 unkSize=0
[DEBUG | dusk] fpcSCtRq_phase_CreateProcess: fpcBs_Create OK proc=0xb400007a09055edc
[DEBUG | dusk] [DIAG] fpcSCtRq_phase_Load: procName=784 ret=4
[DEBUG | dusk] fpcSCtRq_phase_CreateProcess: procName=784
[DEBUG | dusk] fpcBs_Create: pid=131 profname=fpcNm_GRASS_e (784) profile=0x7aceb67ae8 procSize=1640 unkSize=0
[DEBUG | dusk] fpcSCtRq_phase_CreateProcess: fpcBs_Create OK proc=0xb400007a09055854
[DEBUG | dusk] [DIAG] fpcSCtRq_phase_Load: procName=784 ret=4
[DEBUG | dusk] fpcSCtRq_phase_CreateProcess: procName=784
[DEBUG | dusk] fpcBs_Create: pid=132 profname=fpcNm_GRASS_e (784) profile=0x7aceb67ae8 procSize=1640 unkSize=0
[DEBUG | dusk] fpcSCtRq_phase_CreateProcess: fpcBs_Create OK proc=0xb400007a090551cc
[DEBUG | dusk] [DIAG] fpcSCtRq_phase_Load: procName=539 ret=4
[DEBUG | dusk] fpcSCtRq_phase_CreateProcess: procName=539
[DEBUG | dusk] fpcBs_Create: pid=133 profname=fpcNm_Obj_LifeContainer_e (539) profile=0x7aceb66970 procSize=3336 unkSize=0
[DEBUG | dusk] fpcSCtRq_phase_CreateProcess: fpcBs_Create OK proc=0xb400007a090544a4
[DEBUG | dusk] [DIAG] fpcSCtRq_phase_Load: procName=251 ret=4
[DEBUG | dusk] fpcSCtRq_phase_CreateProcess: procName=251
[DEBUG | dusk] fpcBs_Create: pid=134 profname=fpcNm_TBOX_e (251) profile=0x7aceb65d80 procSize=3328 unkSize=0
[DEBUG | dusk] fpcSCtRq_phase_CreateProcess: fpcBs_Create OK proc=0xb400007a09053784
[DEBUG | dusk] [DIAG] fpcSCtRq_phase_Load: procName=780 ret=4
[DEBUG | dusk] fpcSCtRq_phase_CreateProcess: procName=780
[DEBUG | dusk] fpcBs_Create: pid=135 profname=fpcNm_SCENE_EXIT_e (780) profile=0x7aceb64e48 procSize=1680 unkSize=0
[DEBUG | dusk] fpcSCtRq_phase_CreateProcess: fpcBs_Create OK proc=0xb400007a090530d4
[DEBUG | dusk] [DIAG] fpcSCtRq_phase_Load: procName=780 ret=4
[DEBUG | dusk] fpcSCtRq_phase_CreateProcess: procName=780
[DEBUG | dusk] fpcBs_Create: pid=136 profname=fpcNm_SCENE_EXIT_e (780) profile=0x7aceb64e48 procSize=1680 unkSize=0
[DEBUG | dusk] fpcSCtRq_phase_CreateProcess: fpcBs_Create OK proc=0xb400007a09052a24
[DEBUG | dusk] [DIAG] fpcSCtRq_phase_Load: procName=549 ret=4
[DEBUG | dusk] fpcSCtRq_phase_CreateProcess: procName=549
[DEBUG | dusk] fpcBs_Create: pid=137 profname=fpcNm_SWC00_e (549) profile=0x7aceb6c4d0 procSize=1664 unkSize=0
[DEBUG | dusk] fpcSCtRq_phase_CreateProcess: fpcBs_Create OK proc=0xb400007a09052384
[DEBUG | dusk] [DIAG] fpcSCtRq_phase_Load: procName=26 ret=4
[DEBUG | dusk] fpcSCtRq_phase_CreateProcess: procName=26
[DEBUG | dusk] fpcBs_Create: pid=138 profname=fpcNm_NO_CHG_ROOM_e (26) profile=0x7aceb56d40 procSize=1728 unkSize=0
[DEBUG | dusk] fpcSCtRq_phase_CreateProcess: fpcBs_Create OK proc=0xb400007a09051ca4
[DEBUG | dusk] [DIAG] fpcSCtRq_phase_Load: procName=549 ret=4
[DEBUG | dusk] fpcSCtRq_phase_CreateProcess: procName=549
[DEBUG | dusk] fpcBs_Create: pid=139 profname=fpcNm_SWC00_e (549) profile=0x7aceb6c4d0 procSize=1664 unkSize=0
[DEBUG | dusk] fpcSCtRq_phase_CreateProcess: fpcBs_Create OK proc=0xb400007a09051604
[DEBUG | dusk] [DIAG] fpcSCtRq_phase_Load: procName=549 ret=4
[DEBUG | dusk] fpcSCtRq_phase_CreateProcess: procName=549
[DEBUG | dusk] fpcBs_Create: pid=140 profname=fpcNm_SWC00_e (549) profile=0x7aceb6c4d0 procSize=1664 unkSize=0
[DEBUG | dusk] fpcSCtRq_phase_CreateProcess: fpcBs_Create OK proc=0xb400007a09050f64
[DEBUG | dusk] [DIAG] fpcSCtRq_phase_Load: procName=549 ret=4
[DEBUG | dusk] fpcSCtRq_phase_CreateProcess: procName=549
[DEBUG | dusk] fpcBs_Create: pid=141 profname=fpcNm_SWC00_e (549) profile=0x7aceb6c4d0 procSize=1664 unkSize=0
[DEBUG | dusk] fpcSCtRq_phase_CreateProcess: fpcBs_Create OK proc=0xb400007a090508c4
[DEBUG | dusk] [DIAG] fpcSCtRq_phase_Load: procName=549 ret=4
[DEBUG | dusk] fpcSCtRq_phase_CreateProcess: procName=549
[DEBUG | dusk] fpcBs_Create: pid=142 profname=fpcNm_SWC00_e (549) profile=0x7aceb6c4d0 procSize=1664 unkSize=0
[DEBUG | dusk] fpcSCtRq_phase_CreateProcess: fpcBs_Create OK proc=0xb400007a09050224
[DEBUG | dusk] [DIAG] fpcSCtRq_phase_Load: procName=719 ret=4
[DEBUG | dusk] fpcSCtRq_phase_CreateProcess: procName=719
[DEBUG | dusk] fpcBs_Create: pid=143 profname=fpcNm_TAG_CAMERA_e (719) profile=0x7aceb65260 procSize=1672 unkSize=0
[DEBUG | dusk] fpcSCtRq_phase_CreateProcess: fpcBs_Create OK proc=0xb400007a0904fb7c
[DEBUG | dusk] [DIAG] fpcSCtRq_phase_Load: procName=426 ret=4
[DEBUG | dusk] fpcSCtRq_phase_CreateProcess: procName=426
[DEBUG | dusk] fpcBs_Create: pid=144 profname=fpcNm_Tag_AttackItem_e (426) profile=0x7aceb6c730 procSize=2200 unkSize=0
[DEBUG | dusk] fpcSCtRq_phase_CreateProcess: fpcBs_Create OK proc=0xb400007a0904f2c4
[DEBUG | dusk] [DIAG] fpcSCtRq_phase_Load: procName=426 ret=4
[DEBUG | dusk] fpcSCtRq_phase_CreateProcess: procName=426
[DEBUG | dusk] fpcBs_Create: pid=145 profname=fpcNm_Tag_AttackItem_e (426) profile=0x7aceb6c730 procSize=2200 unkSize=0
[DEBUG | dusk] fpcSCtRq_phase_CreateProcess: fpcBs_Create OK proc=0xb400007a0904ea0c
[DEBUG | dusk] [DIAG] fpcSCtRq_phase_Load: procName=426 ret=4
[DEBUG | dusk] fpcSCtRq_phase_CreateProcess: procName=426
[DEBUG | dusk] fpcBs_Create: pid=146 profname=fpcNm_Tag_AttackItem_e (426) profile=0x7aceb6c730 procSize=2200 unkSize=0
[DEBUG | dusk] fpcSCtRq_phase_CreateProcess: fpcBs_Create OK proc=0xb400007a0904e154
[DEBUG | dusk] [DIAG] fpcSCtRq_phase_Load: procName=426 ret=4
[DEBUG | dusk] fpcSCtRq_phase_CreateProcess: procName=426
[DEBUG | dusk] fpcBs_Create: pid=147 profname=fpcNm_Tag_AttackItem_e (426) profile=0x7aceb6c730 procSize=2200 unkSize=0
[DEBUG | dusk] fpcSCtRq_phase_CreateProcess: fpcBs_Create OK proc=0xb400007a0904d89c
[DEBUG | dusk] [DIAG] fpcSCtRq_phase_Load: procName=99 ret=4
[DEBUG | dusk] fpcSCtRq_phase_CreateProcess: procName=99
[DEBUG | dusk] fpcBs_Create: pid=148 profname=fpcNm_Obj_Cboard_e (99) profile=0x7aceb6a700 procSize=1752 unkSize=0
[DEBUG | dusk] fpcSCtRq_phase_CreateProcess: fpcBs_Create OK proc=0xb400007a0906cf10
[DEBUG | dusk] [DIAG] fpcSCtRq_phase_Load: procName=99 ret=4
[DEBUG | dusk] fpcSCtRq_phase_CreateProcess: procName=99
[DEBUG | dusk] fpcBs_Create: pid=149 profname=fpcNm_Obj_Cboard_e (99) profile=0x7aceb6a700 procSize=1752 unkSize=0
[DEBUG | dusk] fpcSCtRq_phase_CreateProcess: fpcBs_Create OK proc=0xb400007a0904d1a4
[DEBUG | dusk] [DIAG] fpcSCtRq_phase_Load: procName=99 ret=4
[DEBUG | dusk] fpcSCtRq_phase_CreateProcess: procName=99
[DEBUG | dusk] fpcBs_Create: pid=150 profname=fpcNm_Obj_Cboard_e (99) profile=0x7aceb6a700 procSize=1752 unkSize=0
[DEBUG | dusk] fpcSCtRq_phase_CreateProcess: fpcBs_Create OK proc=0xb400007a0904caac
[DEBUG | dusk] [DIAG] fpcSCtRq_phase_Load: procName=745 ret=4
[DEBUG | dusk] fpcSCtRq_phase_CreateProcess: procName=745
[DEBUG | dusk] fpcBs_Create: pid=151 profname=fpcNm_TAG_EVTAREA_e (745) profile=0x7aceb65600 procSize=1632 unkSize=0
[DEBUG | dusk] fpcSCtRq_phase_CreateProcess: fpcBs_Create OK proc=0xb400007a0904c42c
[DEBUG | dusk] [DIAG] fpcSCtRq_phase_Load: procName=745 ret=4
[DEBUG | dusk] fpcSCtRq_phase_CreateProcess: procName=745
[DEBUG | dusk] fpcBs_Create: pid=152 profname=fpcNm_TAG_EVTAREA_e (745) profile=0x7aceb65600 procSize=1632 unkSize=0
[DEBUG | dusk] fpcSCtRq_phase_CreateProcess: fpcBs_Create OK proc=0xb400007a0904bdac
[DEBUG | dusk] [DIAG] fpcSCtRq_phase_Load: procName=745 ret=4
[DEBUG | dusk] fpcSCtRq_phase_CreateProcess: procName=745
[DEBUG | dusk] fpcBs_Create: pid=153 profname=fpcNm_TAG_EVTAREA_e (745) profile=0x7aceb65600 procSize=1632 unkSize=0
[DEBUG | dusk] fpcSCtRq_phase_CreateProcess: fpcBs_Create OK proc=0xb400007a0904b72c
[DEBUG | dusk] [DIAG] fpcSCtRq_phase_Load: procName=688 ret=4
[DEBUG | dusk] fpcSCtRq_phase_CreateProcess: procName=688
[DEBUG | dusk] fpcBs_Create: pid=154 profname=fpcNm_KYTAG06_e (688) profile=0x7aceb74328 procSize=1688 unkSize=0
[DEBUG | dusk] fpcSCtRq_phase_CreateProcess: fpcBs_Create OK proc=0xb400007a0904b074
[DEBUG | dusk] [DIAG] fpcSCtRq_phase_Load: procName=688 ret=4
[DEBUG | dusk] fpcSCtRq_phase_CreateProcess: procName=688
[DEBUG | dusk] fpcBs_Create: pid=155 profname=fpcNm_KYTAG06_e (688) profile=0x7aceb74328 procSize=1688 unkSize=0
[DEBUG | dusk] fpcSCtRq_phase_CreateProcess: fpcBs_Create OK proc=0xb400007a0904a9bc
[DEBUG | dusk] [DIAG] fpcSCtRq_phase_Load: procName=510 ret=4
[DEBUG | dusk] fpcSCtRq_phase_CreateProcess: procName=510
[DEBUG | dusk] fpcBs_Create: pid=156 profname=fpcNm_E_OC_e (510) profile=0x7aceb71730 procSize=5040 unkSize=0
[DEBUG | dusk] fpcSCtRq_phase_CreateProcess: fpcBs_Create OK proc=0xb400007a090495ec
[DEBUG | dusk] [DIAG] fpcSCtRq_phase_Load: procName=510 ret=4
[DEBUG | dusk] fpcSCtRq_phase_CreateProcess: procName=510
[DEBUG | dusk] fpcBs_Create: pid=157 profname=fpcNm_E_OC_e (510) profile=0x7aceb71730 procSize=5040 unkSize=0
[DEBUG | dusk] fpcSCtRq_phase_CreateProcess: fpcBs_Create OK proc=0xb400007a0904821c
[DEBUG | dusk] [DIAG] fpcSCtRq_phase_Load: procName=441 ret=4
[DEBUG | dusk] fpcSCtRq_phase_CreateProcess: procName=441
[DEBUG | dusk] fpcBs_Create: pid=158 profname=fpcNm_E_SH_e (441) profile=0x7aceb722f8 procSize=4520 unkSize=0
[DEBUG | dusk] fpcSCtRq_phase_CreateProcess: fpcBs_Create OK proc=0xb400007a09047054
[DEBUG | dusk] [DIAG] fpcSCtRq_phase_Load: procName=441 ret=4
[DEBUG | dusk] fpcSCtRq_phase_CreateProcess: procName=441
[DEBUG | dusk] fpcBs_Create: pid=159 profname=fpcNm_E_SH_e (441) profile=0x7aceb722f8 procSize=4520 unkSize=0
[DEBUG | dusk] fpcSCtRq_phase_CreateProcess: fpcBs_Create OK proc=0xb400007a09045e8c
[DEBUG | dusk] [DIAG] fpcSCtRq_phase_Load: procName=441 ret=4
[DEBUG | dusk] fpcSCtRq_phase_CreateProcess: procName=441
[DEBUG | dusk] fpcBs_Create: pid=160 profname=fpcNm_E_SH_e (441) profile=0x7aceb722f8 procSize=4520 unkSize=0
[DEBUG | dusk] fpcSCtRq_phase_CreateProcess: fpcBs_Create OK proc=0xb400007a09044cc4
[DEBUG | dusk] [DIAG] fpcSCtRq_phase_Load: procName=441 ret=4
[DEBUG | dusk] fpcSCtRq_phase_CreateProcess: procName=441
[DEBUG | dusk] fpcBs_Create: pid=161 profname=fpcNm_E_SH_e (441) profile=0x7aceb722f8 procSize=4520 unkSize=0
[DEBUG | dusk] fpcSCtRq_phase_CreateProcess: fpcBs_Create OK proc=0xb400007a09043afc
[DEBUG | dusk] [DIAG] fpcSCtRq_phase_Load: procName=441 ret=4
[DEBUG | dusk] fpcSCtRq_phase_CreateProcess: procName=441
[DEBUG | dusk] fpcBs_Create: pid=162 profname=fpcNm_E_SH_e (441) profile=0x7aceb722f8 procSize=4520 unkSize=0
[DEBUG | dusk] fpcSCtRq_phase_CreateProcess: fpcBs_Create OK proc=0xb400007a09042934
[DEBUG | dusk] [DIAG] fpcSCtRq_phase_Load: procName=441 ret=4
[DEBUG | dusk] fpcSCtRq_phase_CreateProcess: procName=441
[DEBUG | dusk] fpcBs_Create: pid=163 profname=fpcNm_E_SH_e (441) profile=0x7aceb722f8 procSize=4520 unkSize=0
[DEBUG | dusk] fpcSCtRq_phase_CreateProcess: fpcBs_Create OK proc=0xb400007a0904176c
[DEBUG | dusk] [DIAG] fpcSCtRq_phase_Load: procName=441 ret=4
[DEBUG | dusk] fpcSCtRq_phase_CreateProcess: procName=441
[DEBUG | dusk] fpcBs_Create: pid=164 profname=fpcNm_E_SH_e (441) profile=0x7aceb722f8 procSize=4520 unkSize=0
[DEBUG | dusk] fpcSCtRq_phase_CreateProcess: fpcBs_Create OK proc=0xb400007a090405a4
[DEBUG | dusk] [DIAG] fpcSCtRq_phase_Load: procName=441 ret=4
[DEBUG | dusk] fpcSCtRq_phase_CreateProcess: procName=441
[DEBUG | dusk] fpcBs_Create: pid=165 profname=fpcNm_E_SH_e (441) profile=0x7aceb722f8 procSize=4520 unkSize=0
[DEBUG | dusk] fpcSCtRq_phase_CreateProcess: fpcBs_Create OK proc=0xb400007a0903f3dc
[DEBUG | dusk] [DIAG] fpcSCtRq_phase_Load: procName=441 ret=4
[DEBUG | dusk] fpcSCtRq_phase_CreateProcess: procName=441
[DEBUG | dusk] fpcBs_Create: pid=166 profname=fpcNm_E_SH_e (441) profile=0x7aceb722f8 procSize=4520 unkSize=0
[DEBUG | dusk] fpcSCtRq_phase_CreateProcess: fpcBs_Create OK proc=0xb400007a0903e214
[DEBUG | dusk] [DIAG] fpcSCtRq_phase_Load: procName=441 ret=4
[DEBUG | dusk] fpcSCtRq_phase_CreateProcess: procName=441
[DEBUG | dusk] fpcBs_Create: pid=167 profname=fpcNm_E_SH_e (441) profile=0x7aceb722f8 procSize=4520 unkSize=0
[DEBUG | dusk] fpcSCtRq_phase_CreateProcess: fpcBs_Create OK proc=0xb400007a0903d04c
[DEBUG | dusk] [DIAG] fpcSCtRq_phase_Load: procName=496 ret=4
[DEBUG | dusk] fpcSCtRq_phase_CreateProcess: procName=496
[DEBUG | dusk] fpcBs_Create: pid=168 profname=fpcNm_E_KR_e (496) profile=0x7aceb71050 procSize=5144 unkSize=0
[DEBUG | dusk] fpcSCtRq_phase_CreateProcess: fpcBs_Create OK proc=0xb400007a0903bc14
[DEBUG | dusk] [DIAG] fpcSCtRq_phase_Load: procName=496 ret=4
[DEBUG | dusk] fpcSCtRq_phase_CreateProcess: procName=496
[DEBUG | dusk] fpcBs_Create: pid=169 profname=fpcNm_E_KR_e (496) profile=0x7aceb71050 procSize=5144 unkSize=0
[DEBUG | dusk] fpcSCtRq_phase_CreateProcess: fpcBs_Create OK proc=0xb400007a0903a7dc
[DEBUG | dusk] [DIAG] fpcSCtRq_phase_Load: procName=496 ret=4
[DEBUG | dusk] fpcSCtRq_phase_CreateProcess: procName=496
[DEBUG | dusk] fpcBs_Create: pid=170 profname=fpcNm_E_KR_e (496) profile=0x7aceb71050 procSize=5144 unkSize=0
[DEBUG | dusk] fpcSCtRq_phase_CreateProcess: fpcBs_Create OK proc=0xb400007a090393a4
[DEBUG | dusk] [DIAG] fpcSCtRq_phase_Load: procName=496 ret=4
[DEBUG | dusk] fpcSCtRq_phase_CreateProcess: procName=496
[DEBUG | dusk] fpcBs_Create: pid=171 profname=fpcNm_E_KR_e (496) profile=0x7aceb71050 procSize=5144 unkSize=0
[DEBUG | dusk] fpcSCtRq_phase_CreateProcess: fpcBs_Create OK proc=0xb400007a09037f6c
[DEBUG | dusk] [DIAG] fpcSCtRq_phase_Load: procName=496 ret=4
[DEBUG | dusk] fpcSCtRq_phase_CreateProcess: procName=496
[DEBUG | dusk] fpcBs_Create: pid=172 profname=fpcNm_E_KR_e (496) profile=0x7aceb71050 procSize=5144 unkSize=0
[DEBUG | dusk] fpcSCtRq_phase_CreateProcess: fpcBs_Create OK proc=0xb400007a09036b34
[DEBUG | dusk] [DIAG] fpcSCtRq_phase_Load: procName=496 ret=4
[DEBUG | dusk] fpcSCtRq_phase_CreateProcess: procName=496
[DEBUG | dusk] fpcBs_Create: pid=173 profname=fpcNm_E_KR_e (496) profile=0x7aceb71050 procSize=5144 unkSize=0
[DEBUG | dusk] fpcSCtRq_phase_CreateProcess: fpcBs_Create OK proc=0xb400007a090356fc
[DEBUG | dusk] [DIAG] fpcSCtRq_phase_Load: procName=451 ret=4
[DEBUG | dusk] fpcSCtRq_phase_CreateProcess: procName=451
[DEBUG | dusk] fpcBs_Create: pid=174 profname=fpcNm_E_CR_e (451) profile=0x7aceb6fae0 procSize=3560 unkSize=0
[DEBUG | dusk] fpcSCtRq_phase_CreateProcess: fpcBs_Create OK proc=0xb400007a090348f4
[DEBUG | dusk] [DIAG] fpcSCtRq_phase_Load: procName=451 ret=4
[DEBUG | dusk] fpcSCtRq_phase_CreateProcess: procName=451
[DEBUG | dusk] fpcBs_Create: pid=175 profname=fpcNm_E_CR_e (451) profile=0x7aceb6fae0 procSize=3560 unkSize=0
[DEBUG | dusk] fpcSCtRq_phase_CreateProcess: fpcBs_Create OK proc=0xb400007a09033aec
[DEBUG | dusk] [DIAG] fpcSCtRq_phase_Load: procName=451 ret=4
[DEBUG | dusk] fpcSCtRq_phase_CreateProcess: procName=451
[DEBUG | dusk] fpcBs_Create: pid=176 profname=fpcNm_E_CR_e (451) profile=0x7aceb6fae0 procSize=3560 unkSize=0
[DEBUG | dusk] fpcSCtRq_phase_CreateProcess: fpcBs_Create OK proc=0xb400007a09032ce4
[DEBUG | dusk] [DIAG] fpcSCtRq_phase_Load: procName=451 ret=4
[DEBUG | dusk] fpcSCtRq_phase_CreateProcess: procName=451
[DEBUG | dusk] fpcBs_Create: pid=177 profname=fpcNm_E_CR_e (451) profile=0x7aceb6fae0 procSize=3560 unkSize=0
[DEBUG | dusk] fpcSCtRq_phase_CreateProcess: fpcBs_Create OK proc=0xb400007a09031edc
[DEBUG | dusk] [DIAG] fpcSCtRq_phase_Load: procName=451 ret=4
[DEBUG | dusk] fpcSCtRq_phase_CreateProcess: procName=451
[DEBUG | dusk] fpcBs_Create: pid=178 profname=fpcNm_E_CR_e (451) profile=0x7aceb6fae0 procSize=3560 unkSize=0
[DEBUG | dusk] fpcSCtRq_phase_CreateProcess: fpcBs_Create OK proc=0xb400007a090310d4
[DEBUG | dusk] [DIAG] fpcSCtRq_phase_Load: procName=451 ret=4
[DEBUG | dusk] fpcSCtRq_phase_CreateProcess: procName=451
[DEBUG | dusk] fpcBs_Create: pid=179 profname=fpcNm_E_CR_e (451) profile=0x7aceb6fae0 procSize=3560 unkSize=0
[DEBUG | dusk] fpcSCtRq_phase_CreateProcess: fpcBs_Create OK proc=0xb400007a090302cc
[DEBUG | dusk] [DIAG] fpcSCtRq_phase_Load: procName=657 ret=4
[DEBUG | dusk] fpcSCtRq_phase_CreateProcess: procName=657
[DEBUG | dusk] fpcBs_Create: pid=180 profname=fpcNm_NPC_POST_e (657) profile=0x7aceb7f170 procSize=5424 unkSize=0
[DEBUG | dusk] fpcSCtRq_phase_CreateProcess: fpcBs_Create OK proc=0xb400007a0902ed7c
[DEBUG | dusk] [DIAG] fpcSCtRq_phase_Load: procName=733 ret=4
[DEBUG | dusk] fpcSCtRq_phase_CreateProcess: procName=733
[DEBUG | dusk] fpcBs_Create: pid=181 profname=fpcNm_SET_BG_OBJ_e (733) profile=0x7aceb64f08 procSize=1664 unkSize=0
[DEBUG | dusk] fpcSCtRq_phase_CreateProcess: fpcBs_Create OK proc=0xb400007a0902e6dc
[DEBUG | dusk] [DIAG] fpcSCtRq_phase_Load: procName=510 ret=4
[DEBUG | dusk] fpcSCtRq_phase_CreateProcess: procName=510
[DEBUG | dusk] fpcBs_Create: pid=182 profname=fpcNm_E_OC_e (510) profile=0x7aceb71730 procSize=5040 unkSize=0
[DEBUG | dusk] fpcSCtRq_phase_CreateProcess: fpcBs_Create OK proc=0xb400007a0902d30c
[DEBUG | dusk] [DIAG] fpcSCtRq_phase_Load: procName=510 ret=4
[DEBUG | dusk] fpcSCtRq_phase_CreateProcess: procName=510
[DEBUG | dusk] fpcBs_Create: pid=183 profname=fpcNm_E_OC_e (510) profile=0x7aceb71730 procSize=5040 unkSize=0
[DEBUG | dusk] fpcSCtRq_phase_CreateProcess: fpcBs_Create OK proc=0xb400007a0902bf3c
[DEBUG | dusk] [DIAG] fpcSCtRq_phase_Load: procName=510 ret=4
[DEBUG | dusk] fpcSCtRq_phase_CreateProcess: procName=510
[DEBUG | dusk] fpcBs_Create: pid=184 profname=fpcNm_E_OC_e (510) profile=0x7aceb71730 procSize=5040 unkSize=0
[DEBUG | dusk] fpcSCtRq_phase_CreateProcess: fpcBs_Create OK proc=0xb400007a0902ab6c
[DEBUG | dusk] [DIAG] fpcSCtRq_phase_Load: procName=510 ret=4
[DEBUG | dusk] fpcSCtRq_phase_CreateProcess: procName=510
[DEBUG | dusk] fpcBs_Create: pid=185 profname=fpcNm_E_OC_e (510) profile=0x7aceb71730 procSize=5040 unkSize=0
[DEBUG | dusk] fpcSCtRq_phase_CreateProcess: fpcBs_Create OK proc=0xb400007a0902979c
[DEBUG | dusk] [DIAG] fpcSCtRq_phase_Load: procName=320 ret=4
[DEBUG | dusk] fpcSCtRq_phase_CreateProcess: procName=320
[DEBUG | dusk] fpcBs_Create: pid=186 profname=fpcNm_Obj_Kabuto_e (320) profile=0x7aceb8b8e0 procSize=3456 unkSize=0
[DEBUG | dusk] fpcSCtRq_phase_CreateProcess: fpcBs_Create OK proc=0xb400007a090289fc
[DEBUG | dusk] [DIAG] fpcSCtRq_phase_Load: procName=320 ret=4
[DEBUG | dusk] fpcSCtRq_phase_CreateProcess: procName=320
[DEBUG | dusk] fpcBs_Create: pid=187 profname=fpcNm_Obj_Kabuto_e (320) profile=0x7aceb8b8e0 procSize=3456 unkSize=0
[DEBUG | dusk] fpcSCtRq_phase_CreateProcess: fpcBs_Create OK proc=0xb400007a09027c5c
[DEBUG | dusk] [DIAG] fpcSCtRq_phase_Load: procName=481 ret=4
[DEBUG | dusk] fpcSCtRq_phase_CreateProcess: procName=481
[DEBUG | dusk] fpcBs_Create: pid=188 profname=fpcNm_E_HP_e (481) profile=0x7aceb70b38 procSize=4968 unkSize=0
[DEBUG | dusk] fpcSCtRq_phase_CreateProcess: fpcBs_Create OK proc=0xb400007a090268d4
[DEBUG | dusk] [DIAG] fpcSCtRq_phase_Load: procName=83 ret=4
[DEBUG | dusk] fpcSCtRq_phase_CreateProcess: procName=83
[DEBUG | dusk] fpcBs_Create: pid=189 profname=fpcNm_Obj_Digpl_e (83) profile=0x7aceb6a7f8 procSize=1712 unkSize=0
[DEBUG | dusk] fpcSCtRq_phase_CreateProcess: fpcBs_Create OK proc=0xb400007a09026204
[DEBUG | dusk] [DIAG] fpcSCtRq_phase_Load: procName=83 ret=4
[DEBUG | dusk] fpcSCtRq_phase_CreateProcess: procName=83
[DEBUG | dusk] fpcBs_Create: pid=190 profname=fpcNm_Obj_Digpl_e (83) profile=0x7aceb6a7f8 procSize=1712 unkSize=0
[DEBUG | dusk] fpcSCtRq_phase_CreateProcess: fpcBs_Create OK proc=0xb400007a09025b34
[DEBUG | dusk] [DIAG] fpcSCtRq_phase_Load: procName=83 ret=4
[DEBUG | dusk] fpcSCtRq_phase_CreateProcess: procName=83
[DEBUG | dusk] fpcBs_Create: pid=191 profname=fpcNm_Obj_Digpl_e (83) profile=0x7aceb6a7f8 procSize=1712 unkSize=0
[DEBUG | dusk] fpcSCtRq_phase_CreateProcess: fpcBs_Create OK proc=0xb400007a09025464
[DEBUG | dusk] [DIAG] fpcSCtRq_phase_Load: procName=83 ret=4
[DEBUG | dusk] fpcSCtRq_phase_CreateProcess: procName=83
[DEBUG | dusk] fpcBs_Create: pid=192 profname=fpcNm_Obj_Digpl_e (83) profile=0x7aceb6a7f8 procSize=1712 unkSize=0
[DEBUG | dusk] fpcSCtRq_phase_CreateProcess: fpcBs_Create OK proc=0xb400007a09024d94
[DEBUG | dusk] [DIAG] fpcSCtRq_phase_Load: procName=83 ret=4
[DEBUG | dusk] fpcSCtRq_phase_CreateProcess: procName=83
[DEBUG | dusk] fpcBs_Create: pid=193 profname=fpcNm_Obj_Digpl_e (83) profile=0x7aceb6a7f8 procSize=1712 unkSize=0
[DEBUG | dusk] fpcSCtRq_phase_CreateProcess: fpcBs_Create OK proc=0xb400007a090246c4
[DEBUG | dusk] [DIAG] fpcSCtRq_phase_Load: procName=83 ret=4
[DEBUG | dusk] fpcSCtRq_phase_CreateProcess: procName=83
[DEBUG | dusk] fpcBs_Create: pid=194 profname=fpcNm_Obj_Digpl_e (83) profile=0x7aceb6a7f8 procSize=1712 unkSize=0
[DEBUG | dusk] fpcSCtRq_phase_CreateProcess: fpcBs_Create OK proc=0xb400007a09023ff4
[DEBUG | dusk] [DIAG] fpcSCtRq_phase_Load: procName=83 ret=4
[DEBUG | dusk] fpcSCtRq_phase_CreateProcess: procName=83
[DEBUG | dusk] fpcBs_Create: pid=195 profname=fpcNm_Obj_Digpl_e (83) profile=0x7aceb6a7f8 procSize=1712 unkSize=0
[DEBUG | dusk] fpcSCtRq_phase_CreateProcess: fpcBs_Create OK proc=0xb400007a09069744
[DEBUG | dusk] [DIAG] fpcSCtRq_phase_Load: procName=784 ret=4
[DEBUG | dusk] fpcSCtRq_phase_CreateProcess: procName=784
[DEBUG | dusk] fpcBs_Create: pid=196 profname=fpcNm_GRASS_e (784) profile=0x7aceb67ae8 procSize=1640 unkSize=0
[DEBUG | dusk] fpcSCtRq_phase_CreateProcess: fpcBs_Create OK proc=0xb400007a0902396c
[DEBUG | dusk] [DIAG] fpcSCtRq_phase_Load: procName=784 ret=4
[DEBUG | dusk] fpcSCtRq_phase_CreateProcess: procName=784
[DEBUG | dusk] fpcBs_Create: pid=197 profname=fpcNm_GRASS_e (784) profile=0x7aceb67ae8 procSize=1640 unkSize=0
[DEBUG | dusk] fpcSCtRq_phase_CreateProcess: fpcBs_Create OK proc=0xb400007a090232e4
[DEBUG | dusk] [DIAG] fpcSCtRq_phase_Load: procName=784 ret=4
[DEBUG | dusk] fpcSCtRq_phase_CreateProcess: procName=784
[DEBUG | dusk] fpcBs_Create: pid=198 profname=fpcNm_GRASS_e (784) profile=0x7aceb67ae8 procSize=1640 unkSize=0
[DEBUG | dusk] fpcSCtRq_phase_CreateProcess: fpcBs_Create OK proc=0xb400007a09022c5c
[DEBUG | dusk] [DIAG] fpcSCtRq_phase_Load: procName=784 ret=4
[DEBUG | dusk] fpcSCtRq_phase_CreateProcess: procName=784
[DEBUG | dusk] fpcBs_Create: pid=199 profname=fpcNm_GRASS_e (784) profile=0x7aceb67ae8 procSize=1640 unkSize=0
[DEBUG | dusk] fpcSCtRq_phase_CreateProcess: fpcBs_Create OK proc=0xb400007a090225d4
[DEBUG | dusk] [DIAG] fpcSCtRq_phase_Load: procName=784 ret=4
[DEBUG | dusk] fpcSCtRq_phase_CreateProcess: procName=784
[DEBUG | dusk] fpcBs_Create: pid=200 profname=fpcNm_GRASS_e (784) profile=0x7aceb67ae8 procSize=1640 unkSize=0
[DEBUG | dusk] fpcSCtRq_phase_CreateProcess: fpcBs_Create OK proc=0xb400007a09021f4c
[DEBUG | dusk] [DIAG] fpcSCtRq_phase_Load: procName=784 ret=4
[DEBUG | dusk] fpcSCtRq_phase_CreateProcess: procName=784
[DEBUG | dusk] fpcBs_Create: pid=201 profname=fpcNm_GRASS_e (784) profile=0x7aceb67ae8 procSize=1640 unkSize=0
[DEBUG | dusk] fpcSCtRq_phase_CreateProcess: fpcBs_Create OK proc=0xb400007a090218c4
[DEBUG | dusk] [DIAG] fpcSCtRq_phase_Load: procName=784 ret=4
[DEBUG | dusk] fpcSCtRq_phase_CreateProcess: procName=784
[DEBUG | dusk] fpcBs_Create: pid=202 profname=fpcNm_GRASS_e (784) profile=0x7aceb67ae8 procSize=1640 unkSize=0
[DEBUG | dusk] fpcSCtRq_phase_CreateProcess: fpcBs_Create OK proc=0xb400007a0902123c
[DEBUG | dusk] [DIAG] fpcSCtRq_phase_Load: procName=784 ret=4
[DEBUG | dusk] fpcSCtRq_phase_CreateProcess: procName=784
[DEBUG | dusk] fpcBs_Create: pid=203 profname=fpcNm_GRASS_e (784) profile=0x7aceb67ae8 procSize=1640 unkSize=0
[DEBUG | dusk] fpcSCtRq_phase_CreateProcess: fpcBs_Create OK proc=0xb400007a09020bb4
[DEBUG | dusk] [DIAG] fpcSCtRq_phase_Load: procName=784 ret=4
[DEBUG | dusk] fpcSCtRq_phase_CreateProcess: procName=784
[DEBUG | dusk] fpcBs_Create: pid=204 profname=fpcNm_GRASS_e (784) profile=0x7aceb67ae8 procSize=1640 unkSize=0
[DEBUG | dusk] fpcSCtRq_phase_CreateProcess: fpcBs_Create OK proc=0xb400007a0902052c
[DEBUG | dusk] [DIAG] fpcSCtRq_phase_Load: procName=784 ret=4
[DEBUG | dusk] fpcSCtRq_phase_CreateProcess: procName=784
[DEBUG | dusk] fpcBs_Create: pid=205 profname=fpcNm_GRASS_e (784) profile=0x7aceb67ae8 procSize=1640 unkSize=0
[DEBUG | dusk] fpcSCtRq_phase_CreateProcess: fpcBs_Create OK proc=0xb400007a0901fea4
[DEBUG | dusk] [DIAG] fpcSCtRq_phase_Load: procName=784 ret=4
[DEBUG | dusk] fpcSCtRq_phase_CreateProcess: procName=784
[DEBUG | dusk] fpcBs_Create: pid=206 profname=fpcNm_GRASS_e (784) profile=0x7aceb67ae8 procSize=1640 unkSize=0
[DEBUG | dusk] fpcSCtRq_phase_CreateProcess: fpcBs_Create OK proc=0xb400007a0901f81c
[DEBUG | dusk] [DIAG] fpcSCtRq_phase_Load: procName=784 ret=4
[DEBUG | dusk] fpcSCtRq_phase_CreateProcess: procName=784
[DEBUG | dusk] fpcBs_Create: pid=207 profname=fpcNm_GRASS_e (784) profile=0x7aceb67ae8 procSize=1640 unkSize=0
[DEBUG | dusk] fpcSCtRq_phase_CreateProcess: fpcBs_Create OK proc=0xb400007a0901f194
[DEBUG | dusk] [DIAG] fpcSCtRq_phase_Load: procName=83 ret=4
[DEBUG | dusk] fpcSCtRq_phase_CreateProcess: procName=83
[DEBUG | dusk] fpcBs_Create: pid=208 profname=fpcNm_Obj_Digpl_e (83) profile=0x7aceb6a7f8 procSize=1712 unkSize=0
[DEBUG | dusk] fpcSCtRq_phase_CreateProcess: fpcBs_Create OK proc=0xb400007a0901eac4
[DEBUG | dusk] [DIAG] fpcSCtRq_phase_Load: procName=83 ret=4
[DEBUG | dusk] fpcSCtRq_phase_CreateProcess: procName=83
[DEBUG | dusk] fpcBs_Create: pid=209 profname=fpcNm_Obj_Digpl_e (83) profile=0x7aceb6a7f8 procSize=1712 unkSize=0
[DEBUG | dusk] fpcSCtRq_phase_CreateProcess: fpcBs_Create OK proc=0xb400007a0901e3f4
[DEBUG | dusk] [DIAG] fpcSCtRq_phase_Load: procName=83 ret=4
[DEBUG | dusk] fpcSCtRq_phase_CreateProcess: procName=83
[DEBUG | dusk] fpcBs_Create: pid=210 profname=fpcNm_Obj_Digpl_e (83) profile=0x7aceb6a7f8 procSize=1712 unkSize=0
[DEBUG | dusk] fpcSCtRq_phase_CreateProcess: fpcBs_Create OK proc=0xb400007a0901dd24
[DEBUG | dusk] [DIAG] fpcSCtRq_phase_Load: procName=83 ret=4
[DEBUG | dusk] fpcSCtRq_phase_CreateProcess: procName=83
[DEBUG | dusk] fpcBs_Create: pid=211 profname=fpcNm_Obj_Digpl_e (83) profile=0x7aceb6a7f8 procSize=1712 unkSize=0
[DEBUG | dusk] fpcSCtRq_phase_CreateProcess: fpcBs_Create OK proc=0xb400007a0901d654
[DEBUG | dusk] [DIAG] fpcSCtRq_phase_Load: procName=83 ret=4
[DEBUG | dusk] fpcSCtRq_phase_CreateProcess: procName=83
[DEBUG | dusk] fpcBs_Create: pid=212 profname=fpcNm_Obj_Digpl_e (83) profile=0x7aceb6a7f8 procSize=1712 unkSize=0
[DEBUG | dusk] fpcSCtRq_phase_CreateProcess: fpcBs_Create OK proc=0xb400007a0901cf84
[DEBUG | dusk] [DIAG] fpcSCtRq_phase_Load: procName=83 ret=4
[DEBUG | dusk] fpcSCtRq_phase_CreateProcess: procName=83
[DEBUG | dusk] fpcBs_Create: pid=213 profname=fpcNm_Obj_Digpl_e (83) profile=0x7aceb6a7f8 procSize=1712 unkSize=0
[DEBUG | dusk] fpcSCtRq_phase_CreateProcess: fpcBs_Create OK proc=0xb400007a0901c8b4
[DEBUG | dusk] [DIAG] fpcSCtRq_phase_Load: procName=83 ret=4
[DEBUG | dusk] fpcSCtRq_phase_CreateProcess: procName=83
[DEBUG | dusk] fpcBs_Create: pid=214 profname=fpcNm_Obj_Digpl_e (83) profile=0x7aceb6a7f8 procSize=1712 unkSize=0
[DEBUG | dusk] fpcSCtRq_phase_CreateProcess: fpcBs_Create OK proc=0xb400007a090681e0
[DEBUG | dusk] [DIAG] fpcSCtRq_phase_Load: procName=784 ret=4
[DEBUG | dusk] fpcSCtRq_phase_CreateProcess: procName=784
[DEBUG | dusk] fpcBs_Create: pid=215 profname=fpcNm_GRASS_e (784) profile=0x7aceb67ae8 procSize=1640 unkSize=0
[DEBUG | dusk] fpcSCtRq_phase_CreateProcess: fpcBs_Create OK proc=0xb400007a0901c22c
[DEBUG | dusk] [DIAG] fpcSCtRq_phase_Load: procName=784 ret=4
[DEBUG | dusk] fpcSCtRq_phase_CreateProcess: procName=784
[DEBUG | dusk] fpcBs_Create: pid=216 profname=fpcNm_GRASS_e (784) profile=0x7aceb67ae8 procSize=1640 unkSize=0
[DEBUG | dusk] fpcSCtRq_phase_CreateProcess: fpcBs_Create OK proc=0xb400007a0901bba4
[DEBUG | dusk] [DIAG] fpcSCtRq_phase_Load: procName=784 ret=4
[DEBUG | dusk] fpcSCtRq_phase_CreateProcess: procName=784
[DEBUG | dusk] fpcBs_Create: pid=217 profname=fpcNm_GRASS_e (784) profile=0x7aceb67ae8 procSize=1640 unkSize=0
[DEBUG | dusk] fpcSCtRq_phase_CreateProcess: fpcBs_Create OK proc=0xb400007a0901b51c
[DEBUG | dusk] [DIAG] fpcSCtRq_phase_Load: procName=784 ret=4
[DEBUG | dusk] fpcSCtRq_phase_CreateProcess: procName=784
[DEBUG | dusk] fpcBs_Create: pid=218 profname=fpcNm_GRASS_e (784) profile=0x7aceb67ae8 procSize=1640 unkSize=0
[DEBUG | dusk] fpcSCtRq_phase_CreateProcess: fpcBs_Create OK proc=0xb400007a0901ae94
[DEBUG | dusk] [DIAG] fpcSCtRq_phase_Load: procName=784 ret=4
[DEBUG | dusk] fpcSCtRq_phase_CreateProcess: procName=784
[DEBUG | dusk] fpcBs_Create: pid=219 profname=fpcNm_GRASS_e (784) profile=0x7aceb67ae8 procSize=1640 unkSize=0
[DEBUG | dusk] fpcSCtRq_phase_CreateProcess: fpcBs_Create OK proc=0xb400007a0901a80c
[DEBUG | dusk] [DIAG] fpcSCtRq_phase_Load: procName=784 ret=4
[DEBUG | dusk] fpcSCtRq_phase_CreateProcess: procName=784
[DEBUG | dusk] fpcBs_Create: pid=220 profname=fpcNm_GRASS_e (784) profile=0x7aceb67ae8 procSize=1640 unkSize=0
[DEBUG | dusk] fpcSCtRq_phase_CreateProcess: fpcBs_Create OK proc=0xb400007a0901a184
[DEBUG | dusk] [DIAG] fpcSCtRq_phase_Load: procName=784 ret=4
[DEBUG | dusk] fpcSCtRq_phase_CreateProcess: procName=784
[DEBUG | dusk] fpcBs_Create: pid=221 profname=fpcNm_GRASS_e (784) profile=0x7aceb67ae8 procSize=1640 unkSize=0
[DEBUG | dusk] fpcSCtRq_phase_CreateProcess: fpcBs_Create OK proc=0xb400007a09019afc
[DEBUG | dusk] [DIAG] fpcSCtRq_phase_Load: procName=784 ret=4
[DEBUG | dusk] fpcSCtRq_phase_CreateProcess: procName=784
[DEBUG | dusk] fpcBs_Create: pid=222 profname=fpcNm_GRASS_e (784) profile=0x7aceb67ae8 procSize=1640 unkSize=0
[DEBUG | dusk] fpcSCtRq_phase_CreateProcess: fpcBs_Create OK proc=0xb400007a09019474
[DEBUG | dusk] [DIAG] fpcSCtRq_phase_Load: procName=784 ret=4
[DEBUG | dusk] fpcSCtRq_phase_CreateProcess: procName=784
[DEBUG | dusk] fpcBs_Create: pid=223 profname=fpcNm_GRASS_e (784) profile=0x7aceb67ae8 procSize=1640 unkSize=0
[DEBUG | dusk] fpcSCtRq_phase_CreateProcess: fpcBs_Create OK proc=0xb400007a09018dec
[DEBUG | dusk] [DIAG] fpcSCtRq_phase_Load: procName=784 ret=4
[DEBUG | dusk] fpcSCtRq_phase_CreateProcess: procName=784
[DEBUG | dusk] fpcBs_Create: pid=224 profname=fpcNm_GRASS_e (784) profile=0x7aceb67ae8 procSize=1640 unkSize=0
[DEBUG | dusk] fpcSCtRq_phase_CreateProcess: fpcBs_Create OK proc=0xb400007a09018764
[DEBUG | dusk] [DIAG] fpcSCtRq_phase_Load: procName=784 ret=4
[DEBUG | dusk] fpcSCtRq_phase_CreateProcess: procName=784
[DEBUG | dusk] fpcBs_Create: pid=225 profname=fpcNm_GRASS_e (784) profile=0x7aceb67ae8 procSize=1640 unkSize=0
[DEBUG | dusk] fpcSCtRq_phase_CreateProcess: fpcBs_Create OK proc=0xb400007a090180dc
[DEBUG | dusk] [DIAG] fpcSCtRq_phase_Load: procName=784 ret=4
[DEBUG | dusk] fpcSCtRq_phase_CreateProcess: procName=784
[DEBUG | dusk] fpcBs_Create: pid=226 profname=fpcNm_GRASS_e (784) profile=0x7aceb67ae8 procSize=1640 unkSize=0
[DEBUG | dusk] fpcSCtRq_phase_CreateProcess: fpcBs_Create OK proc=0xb400007a09017a54
[DEBUG | dusk] [DIAG] fpcSCtRq_phase_Load: procName=784 ret=4
[DEBUG | dusk] fpcSCtRq_phase_CreateProcess: procName=784
[DEBUG | dusk] fpcBs_Create: pid=227 profname=fpcNm_GRASS_e (784) profile=0x7aceb67ae8 procSize=1640 unkSize=0
[DEBUG | dusk] fpcSCtRq_phase_CreateProcess: fpcBs_Create OK proc=0xb400007a090173cc
[DEBUG | dusk] [DIAG] fpcSCtRq_phase_Load: procName=784 ret=4
[DEBUG | dusk] fpcSCtRq_phase_CreateProcess: procName=784
[DEBUG | dusk] fpcBs_Create: pid=228 profname=fpcNm_GRASS_e (784) profile=0x7aceb67ae8 procSize=1640 unkSize=0
[DEBUG | dusk] fpcSCtRq_phase_CreateProcess: fpcBs_Create OK proc=0xb400007a09016d44
[DEBUG | dusk] [DIAG] fpcSCtRq_phase_Load: procName=784 ret=4
[DEBUG | dusk] fpcSCtRq_phase_CreateProcess: procName=784
[DEBUG | dusk] fpcBs_Create: pid=229 profname=fpcNm_GRASS_e (784) profile=0x7aceb67ae8 procSize=1640 unkSize=0
[DEBUG | dusk] fpcSCtRq_phase_CreateProcess: fpcBs_Create OK proc=0xb400007a090166bc
[DEBUG | dusk] [DIAG] fpcSCtRq_phase_Load: procName=784 ret=4
[DEBUG | dusk] fpcSCtRq_phase_CreateProcess: procName=784
[DEBUG | dusk] fpcBs_Create: pid=230 profname=fpcNm_GRASS_e (784) profile=0x7aceb67ae8 procSize=1640 unkSize=0
[DEBUG | dusk] fpcSCtRq_phase_CreateProcess: fpcBs_Create OK proc=0xb400007a09016034
[DEBUG | dusk] [DIAG] fpcSCtRq_phase_Load: procName=784 ret=4
[DEBUG | dusk] fpcSCtRq_phase_CreateProcess: procName=784
[DEBUG | dusk] fpcBs_Create: pid=231 profname=fpcNm_GRASS_e (784) profile=0x7aceb67ae8 procSize=1640 unkSize=0
[DEBUG | dusk] fpcSCtRq_phase_CreateProcess: fpcBs_Create OK proc=0xb400007a090159ac
[DEBUG | dusk] [DIAG] fpcSCtRq_phase_Load: procName=784 ret=4
[DEBUG | dusk] fpcSCtRq_phase_CreateProcess: procName=784
[DEBUG | dusk] fpcBs_Create: pid=232 profname=fpcNm_GRASS_e (784) profile=0x7aceb67ae8 procSize=1640 unkSize=0
[DEBUG | dusk] fpcSCtRq_phase_CreateProcess: fpcBs_Create OK proc=0xb400007a09015324
[DEBUG | dusk] [DIAG] fpcSCtRq_phase_Load: procName=784 ret=4
[DEBUG | dusk] fpcSCtRq_phase_CreateProcess: procName=784
[DEBUG | dusk] fpcBs_Create: pid=233 profname=fpcNm_GRASS_e (784) profile=0x7aceb67ae8 procSize=1640 unkSize=0
[DEBUG | dusk] fpcSCtRq_phase_CreateProcess: fpcBs_Create OK proc=0xb400007a09014c9c
[DEBUG | dusk] [DIAG] fpcSCtRq_phase_Load: procName=784 ret=4
[DEBUG | dusk] fpcSCtRq_phase_CreateProcess: procName=784
[DEBUG | dusk] fpcBs_Create: pid=234 profname=fpcNm_GRASS_e (784) profile=0x7aceb67ae8 procSize=1640 unkSize=0
[DEBUG | dusk] fpcSCtRq_phase_CreateProcess: fpcBs_Create OK proc=0xb400007a09014614
[DEBUG | dusk] [DIAG] fpcSCtRq_phase_Load: procName=784 ret=4
[DEBUG | dusk] fpcSCtRq_phase_CreateProcess: procName=784
[DEBUG | dusk] fpcBs_Create: pid=235 profname=fpcNm_GRASS_e (784) profile=0x7aceb67ae8 procSize=1640 unkSize=0
[DEBUG | dusk] fpcSCtRq_phase_CreateProcess: fpcBs_Create OK proc=0xb400007a09013f8c
[DEBUG | dusk] [DIAG] fpcSCtRq_phase_Load: procName=784 ret=4
[DEBUG | dusk] fpcSCtRq_phase_CreateProcess: procName=784
[DEBUG | dusk] fpcBs_Create: pid=236 profname=fpcNm_GRASS_e (784) profile=0x7aceb67ae8 procSize=1640 unkSize=0
[DEBUG | dusk] fpcSCtRq_phase_CreateProcess: fpcBs_Create OK proc=0xb400007a09013904
[DEBUG | dusk] [DIAG] fpcSCtRq_phase_Load: procName=784 ret=4
[DEBUG | dusk] fpcSCtRq_phase_CreateProcess: procName=784
[DEBUG | dusk] fpcBs_Create: pid=237 profname=fpcNm_GRASS_e (784) profile=0x7aceb67ae8 procSize=1640 unkSize=0
[DEBUG | dusk] fpcSCtRq_phase_CreateProcess: fpcBs_Create OK proc=0xb400007a0901327c
[DEBUG | dusk] [DIAG] fpcSCtRq_phase_Load: procName=784 ret=4
[DEBUG | dusk] fpcSCtRq_phase_CreateProcess: procName=784
[DEBUG | dusk] fpcBs_Create: pid=238 profname=fpcNm_GRASS_e (784) profile=0x7aceb67ae8 procSize=1640 unkSize=0
[DEBUG | dusk] fpcSCtRq_phase_CreateProcess: fpcBs_Create OK proc=0xb400007a09012bf4
[DEBUG | dusk] [DIAG] fpcSCtRq_phase_Load: procName=784 ret=4
[DEBUG | dusk] fpcSCtRq_phase_CreateProcess: procName=784
[DEBUG | dusk] fpcBs_Create: pid=239 profname=fpcNm_GRASS_e (784) profile=0x7aceb67ae8 procSize=1640 unkSize=0
[DEBUG | dusk] fpcSCtRq_phase_CreateProcess: fpcBs_Create OK proc=0xb400007a0901256c
[DEBUG | dusk] [DIAG] fpcSCtRq_phase_Load: procName=784 ret=4
[DEBUG | dusk] fpcSCtRq_phase_CreateProcess: procName=784
[DEBUG | dusk] fpcBs_Create: pid=240 profname=fpcNm_GRASS_e (784) profile=0x7aceb67ae8 procSize=1640 unkSize=0
[DEBUG | dusk] fpcSCtRq_phase_CreateProcess: fpcBs_Create OK proc=0xb400007a09011ee4
[DEBUG | dusk] [DIAG] fpcSCtRq_phase_Load: procName=784 ret=4
[DEBUG | dusk] fpcSCtRq_phase_CreateProcess: procName=784
[DEBUG | dusk] fpcBs_Create: pid=241 profname=fpcNm_GRASS_e (784) profile=0x7aceb67ae8 procSize=1640 unkSize=0
[DEBUG | dusk] fpcSCtRq_phase_CreateProcess: fpcBs_Create OK proc=0xb400007a0901185c
[DEBUG | dusk] [DIAG] fpcSCtRq_phase_Load: procName=732 ret=4
[DEBUG | dusk] fpcSCtRq_phase_CreateProcess: procName=732
[DEBUG | dusk] fpcBs_Create: pid=242 profname=fpcNm_BG_e (732) profile=0x7aceb633f8 procSize=1904 unkSize=0
[DEBUG | dusk] fpcSCtRq_phase_CreateProcess: fpcBs_Create OK proc=0xb400007a090110cc
[DEBUG | dusk] [DIAG] fpcSCtRq_phase_Load: procName=129 ret=4
[DEBUG | dusk] fpcSCtRq_phase_CreateProcess: procName=129
[DEBUG | dusk] fpcBs_Create: pid=243 profname=fpcNm_Obj_RiderGate_e (129) profile=0x7aceb93de0 procSize=3992 unkSize=0
[DEBUG | dusk] fpcSCtRq_phase_CreateProcess: fpcBs_Create OK proc=0xb400007a09010114
[DEBUG | dusk] [DIAG] fpcSCtRq_phase_Load: procName=83 ret=4
[DEBUG | dusk] fpcSCtRq_phase_CreateProcess: procName=83
[DEBUG | dusk] fpcBs_Create: pid=244 profname=fpcNm_Obj_Digpl_e (83) profile=0x7aceb6a7f8 procSize=1712 unkSize=0
[DEBUG | dusk] fpcSCtRq_phase_CreateProcess: fpcBs_Create OK proc=0xb400007a0900fa44
[DEBUG | dusk] [DIAG] fpcSCtRq_phase_Load: procName=26 ret=4
[DEBUG | dusk] fpcSCtRq_phase_CreateProcess: procName=26
[DEBUG | dusk] fpcBs_Create: pid=245 profname=fpcNm_NO_CHG_ROOM_e (26) profile=0x7aceb56d40 procSize=1728 unkSize=0
[DEBUG | dusk] fpcSCtRq_phase_CreateProcess: fpcBs_Create OK proc=0xb400007a0900f364
[DEBUG | dusk] [DIAG] fpcSCtRq_phase_Load: procName=719 ret=4
[DEBUG | dusk] fpcSCtRq_phase_CreateProcess: procName=719
[DEBUG | dusk] fpcBs_Create: pid=246 profname=fpcNm_TAG_CAMERA_e (719) profile=0x7aceb65260 procSize=1672 unkSize=0
[DEBUG | dusk] fpcSCtRq_phase_CreateProcess: fpcBs_Create OK proc=0xb400007a0900ecbc
[DEBUG | dusk] [DIAG] fpcSCtRq_phase_Load: procName=99 ret=4
[DEBUG | dusk] fpcSCtRq_phase_CreateProcess: procName=99
[DEBUG | dusk] fpcBs_Create: pid=247 profname=fpcNm_Obj_Cboard_e (99) profile=0x7aceb6a700 procSize=1752 unkSize=0
[DEBUG | dusk] fpcSCtRq_phase_CreateProcess: fpcBs_Create OK proc=0xb400007a0900e5c4
[DEBUG | dusk] [DIAG] fpcSCtRq_phase_Load: procName=99 ret=4
[DEBUG | dusk] fpcSCtRq_phase_CreateProcess: procName=99
[DEBUG | dusk] fpcBs_Create: pid=248 profname=fpcNm_Obj_Cboard_e (99) profile=0x7aceb6a700 procSize=1752 unkSize=0
[DEBUG | dusk] fpcSCtRq_phase_CreateProcess: fpcBs_Create OK proc=0xb400007a0900decc
[DEBUG | dusk] [DIAG] fpcSCtRq_phase_Load: procName=784 ret=4
[DEBUG | dusk] fpcSCtRq_phase_CreateProcess: procName=784
[DEBUG | dusk] fpcBs_Create: pid=249 profname=fpcNm_GRASS_e (784) profile=0x7aceb67ae8 procSize=1640 unkSize=0
[DEBUG | dusk] fpcSCtRq_phase_CreateProcess: fpcBs_Create OK proc=0xb400007a0900d844
[DEBUG | dusk] [DIAG] fpcSCtRq_phase_Load: procName=784 ret=4
[DEBUG | dusk] fpcSCtRq_phase_CreateProcess: procName=784
[DEBUG | dusk] fpcBs_Create: pid=250 profname=fpcNm_GRASS_e (784) profile=0x7aceb67ae8 procSize=1640 unkSize=0
[DEBUG | dusk] fpcSCtRq_phase_CreateProcess: fpcBs_Create OK proc=0xb400007a0900d1bc
[DEBUG | dusk] [DIAG] fpcSCtRq_phase_Load: procName=784 ret=4
[DEBUG | dusk] fpcSCtRq_phase_CreateProcess: procName=784
[DEBUG | dusk] fpcBs_Create: pid=251 profname=fpcNm_GRASS_e (784) profile=0x7aceb67ae8 procSize=1640 unkSize=0
[DEBUG | dusk] fpcSCtRq_phase_CreateProcess: fpcBs_Create OK proc=0xb400007a0900cb34
[DEBUG | dusk] [DIAG] fpcSCtRq_phase_Load: procName=784 ret=4
[DEBUG | dusk] fpcSCtRq_phase_CreateProcess: procName=784
[DEBUG | dusk] fpcBs_Create: pid=252 profname=fpcNm_GRASS_e (784) profile=0x7aceb67ae8 procSize=1640 unkSize=0
[DEBUG | dusk] fpcSCtRq_phase_CreateProcess: fpcBs_Create OK proc=0xb400007a0900c4ac
[DEBUG | dusk] [DIAG] fpcSCtRq_phase_Load: procName=784 ret=4
[DEBUG | dusk] fpcSCtRq_phase_CreateProcess: procName=784
[DEBUG | dusk] fpcBs_Create: pid=253 profname=fpcNm_GRASS_e (784) profile=0x7aceb67ae8 procSize=1640 unkSize=0
[DEBUG | dusk] fpcSCtRq_phase_CreateProcess: fpcBs_Create OK proc=0xb400007a0900be24
[DEBUG | dusk] [DIAG] fpcSCtRq_phase_Load: procName=784 ret=4
[DEBUG | dusk] fpcSCtRq_phase_CreateProcess: procName=784
[DEBUG | dusk] fpcBs_Create: pid=254 profname=fpcNm_GRASS_e (784) profile=0x7aceb67ae8 procSize=1640 unkSize=0
[DEBUG | dusk] fpcSCtRq_phase_CreateProcess: fpcBs_Create OK proc=0xb400007a0900b79c
[DEBUG | dusk] [DIAG] fpcSCtRq_phase_Load: procName=732 ret=4
[DEBUG | dusk] fpcSCtRq_phase_CreateProcess: procName=732
[DEBUG | dusk] fpcBs_Create: pid=255 profname=fpcNm_BG_e (732) profile=0x7aceb633f8 procSize=1904 unkSize=0
[DEBUG | dusk] fpcSCtRq_phase_CreateProcess: fpcBs_Create OK proc=0xb400007a0900b00c
[DEBUG | dusk] [DIAG] fpcSCtRq_phase_Load: procName=26 ret=4
[DEBUG | dusk] fpcSCtRq_phase_CreateProcess: procName=26
[DEBUG | dusk] fpcBs_Create: pid=256 profname=fpcNm_NO_CHG_ROOM_e (26) profile=0x7aceb56d40 procSize=1728 unkSize=0
[DEBUG | dusk] fpcSCtRq_phase_CreateProcess: fpcBs_Create OK proc=0xb400007a0900a92c
[DEBUG | dusk] [DIAG] fpcSCtRq_phase_Load: procName=719 ret=4
[DEBUG | dusk] fpcSCtRq_phase_CreateProcess: procName=719
[DEBUG | dusk] fpcBs_Create: pid=257 profname=fpcNm_TAG_CAMERA_e (719) profile=0x7aceb65260 procSize=1672 unkSize=0
[DEBUG | dusk] fpcSCtRq_phase_CreateProcess: fpcBs_Create OK proc=0xb400007a0900a284
[DEBUG | dusk] [DIAG] fpcSCtRq_phase_Load: procName=99 ret=4
[DEBUG | dusk] fpcSCtRq_phase_CreateProcess: procName=99
[DEBUG | dusk] fpcBs_Create: pid=258 profname=fpcNm_Obj_Cboard_e (99) profile=0x7aceb6a700 procSize=1752 unkSize=0
[DEBUG | dusk] fpcSCtRq_phase_CreateProcess: fpcBs_Create OK proc=0xb400007a09009b8c
[DEBUG | dusk] [DIAG] fpcSCtRq_phase_Load: procName=99 ret=4
[DEBUG | dusk] fpcSCtRq_phase_CreateProcess: procName=99
[DEBUG | dusk] fpcBs_Create: pid=259 profname=fpcNm_Obj_Cboard_e (99) profile=0x7aceb6a700 procSize=1752 unkSize=0
[DEBUG | dusk] fpcSCtRq_phase_CreateProcess: fpcBs_Create OK proc=0xb400007a09009494
[DEBUG | dusk] [DIAG] fpcSCtRq_phase_Load: procName=510 ret=4
[DEBUG | dusk] fpcSCtRq_phase_CreateProcess: procName=510
[DEBUG | dusk] fpcBs_Create: pid=260 profname=fpcNm_E_OC_e (510) profile=0x7aceb71730 procSize=5040 unkSize=0
[DEBUG | dusk] fpcSCtRq_phase_CreateProcess: fpcBs_Create OK proc=0xb400007a090080c4
[DEBUG | dusk] [DIAG] fpcSCtRq_phase_Load: procName=784 ret=4
[DEBUG | dusk] fpcSCtRq_phase_CreateProcess: procName=784
[DEBUG | dusk] fpcBs_Create: pid=261 profname=fpcNm_GRASS_e (784) profile=0x7aceb67ae8 procSize=1640 unkSize=0
[DEBUG | dusk] fpcSCtRq_phase_CreateProcess: fpcBs_Create OK proc=0xb400007a09007a3c
[DEBUG | dusk] [DIAG] fpcSCtRq_phase_Load: procName=784 ret=4
[DEBUG | dusk] fpcSCtRq_phase_CreateProcess: procName=784
[DEBUG | dusk] fpcBs_Create: pid=262 profname=fpcNm_GRASS_e (784) profile=0x7aceb67ae8 procSize=1640 unkSize=0
[DEBUG | dusk] fpcSCtRq_phase_CreateProcess: fpcBs_Create OK proc=0xb400007a090073b4
[DEBUG | dusk] [DIAG] fpcSCtRq_phase_Load: procName=788 ret=4
[DEBUG | dusk] fpcSCtRq_phase_CreateProcess: procName=788
[DEBUG | dusk] fpcBs_Create: pid=263 profname=fpcNm_MENUWINDOW_e (788) profile=0x7aceb5ce20 procSize=592 unkSize=0
[DEBUG | dusk] fpcSCtRq_phase_CreateProcess: fpcBs_Create OK proc=0xb400007a0907c45c
[DEBUG | dusk] [DIAG] fpcSCtRq_phase_Load: procName=787 ret=4
[DEBUG | dusk] fpcSCtRq_phase_CreateProcess: procName=787
[DEBUG | dusk] fpcBs_Create: pid=264 profname=fpcNm_MSG_OBJECT_e (787) profile=0x7aceb5da98 procSize=1512 unkSize=0
[DEBUG | dusk] fpcSCtRq_phase_CreateProcess: fpcBs_Create OK proc=0xb400007a09006dac
[DEBUG | dusk] Loading Resource: al_kantera.bmd (Size: 21024)
[DEBUG | dusk] Loading Resource: ef_ktglow.bmd (Size: 3040)
[DEBUG | dusk] Loading Resource: al.bmd (Size: 176288)
[DEBUG | dusk] Loading Resource: al_bootsh.bmd (Size: 22048)
[DEBUG | dusk] Loading Resource: al_face.bmd (Size: 72576)
[DEBUG | dusk] Loading Resource: al_hands.bmd (Size: 61056)
[DEBUG | dusk] Loading Resource: al_head.bmd (Size: 33851)
[DEBUG | dusk] Loading Resource: al_swb.bmd (Size: 23552)
[DEBUG | dusk] Loading Resource: ef_ktglow.btk (Size: 512)
[DEBUG | dusk] Loading Resource: al_umakusa.bmd (Size: 5984)
[DEBUG | dusk] Loading Resource: j_umakusa.bmd (Size: 13152)
[DEBUG | dusk] Loading Resource: j_umakusa_c.bmd (Size: 9536)
[DEBUG | dusk] Loading Resource: k_hsma00.bmd (Size: 7456)
[DEBUG | dusk] Loading Resource: k_hsma00.dzb (Size: 448)
[DEBUG | dusk] Loading Resource: k_takaraa.bck (Size: 448)
[DEBUG | dusk] Loading Resource: k_takarab.bck (Size: 448)
[DEBUG | dusk] Loading Resource: k_takarab_slow.bck (Size: 448)
[DEBUG | dusk] Loading Resource: boxa.bmd (Size: 22912)
[DEBUG | dusk] Loading Resource: boxb.bmd (Size: 27232)
[DEBUG | dusk] Loading Resource: ef_boxb.bmd (Size: 13504)
[DEBUG | dusk] Loading Resource: k_tboxn.bmd (Size: 2048)
[DEBUG | dusk] Loading Resource: boxa.brk (Size: 416)
[DEBUG | dusk] Loading Resource: ef_boxb.brk (Size: 256)
[DEBUG | dusk] Loading Resource: boxa.btk (Size: 416)
[DEBUG | dusk] Loading Resource: boxac.dzb (Size: 640)
[DEBUG | dusk] Loading Resource: boxao.dzb (Size: 928)
[DEBUG | dusk] Loading Resource: boxbc.dzb (Size: 640)
[DEBUG | dusk] Loading Resource: boxbo.dzb (Size: 928)
[DEBUG | dusk] Loading Resource: clearb00.dzb (Size: 352)
[DEBUG | dusk] Loading Resource: clearb01.dzb (Size: 352)
[DEBUG | dusk] Loading Resource: clearb02.dzb (Size: 352)
[DEBUG | dusk] Loading Resource: clearb03.dzb (Size: 352)
[DEBUG | dusk] Loading Resource: clearb04.dzb (Size: 352)
[DEBUG | dusk] Loading Resource: oc.bmd (Size: 39520)
[DEBUG | dusk] Loading Resource: oc_wepon.bmd (Size: 3648)
[DEBUG | dusk] Loading Resource: oc2.bmd (Size: 39520)
[DEBUG | dusk] Loading Resource: oc2_wepon.bmd (Size: 7456)
[DEBUG | dusk] Loading Resource: sh_appear.bck (Size: 14816)
[DEBUG | dusk] Loading Resource: sh_attack01_a.bck (Size: 4672)
[DEBUG | dusk] Loading Resource: sh_attack01_b.bck (Size: 1792)
[DEBUG | dusk] Loading Resource: sh_attack01_c.bck (Size: 4576)
[DEBUG | dusk] Loading Resource: sh_attack02.bck (Size: 9920)
[DEBUG | dusk] Loading Resource: sh_damage.bck (Size: 6816)
[DEBUG | dusk] Loading Resource: sh_dash.bck (Size: 6400)
[DEBUG | dusk] Loading Resource: sh_dead.bck (Size: 13632)
[DEBUG | dusk] Loading Resource: sh_disappear.bck (Size: 14496)
[DEBUG | dusk] Loading Resource: sh_step.bck (Size: 5248)
[DEBUG | dusk] Loading Resource: sh_wait.bck (Size: 4704)
[DEBUG | dusk] Loading Resource: sh_wait02.bck (Size: 6016)
[DEBUG | dusk] Loading Resource: sh_wait03.bck (Size: 4704)
[DEBUG | dusk] Loading Resource: sh_wait04.bck (Size: 4480)
[DEBUG | dusk] Loading Resource: sh_walk.bck (Size: 5248)
[DEBUG | dusk] Loading Resource: e_eye.bmd (Size: 3008)
[DEBUG | dusk] Loading Resource: sh.bmd (Size: 103744)
[DEBUG | dusk] Loading Resource: kr_attack.bck (Size: 8384)
[DEBUG | dusk] Loading Resource: kr_chance.bck (Size: 4672)
[DEBUG | dusk] Loading Resource: kr_damage.bck (Size: 2304)
[DEBUG | dusk] Loading Resource: kr_find.bck (Size: 3744)
[DEBUG | dusk] Loading Resource: kr_fly.bck (Size: 7552)
[DEBUG | dusk] Loading Resource: kr_fly_attack.bck (Size: 8928)
[DEBUG | dusk] Loading Resource: kr_fly_attack_glide.bck (Size: 6016)
[DEBUG | dusk] Loading Resource: kr_fly_brake.bck (Size: 5120)
[DEBUG | dusk] Loading Resource: kr_fly_carry.bck (Size: 4864)
[DEBUG | dusk] Loading Resource: kr_fly_glide.bck (Size: 6400)
[DEBUG | dusk] Loading Resource: kr_fly_glide_carry.bck (Size: 4512)
[DEBUG | dusk] Loading Resource: kr_fly_land.bck (Size: 6112)
[DEBUG | dusk] Loading Resource: kr_guard.bck (Size: 6528)
[DEBUG | dusk] Loading Resource: kr_hovering.bck (Size: 6208)
[DEBUG | dusk] Loading Resource: kr_hovering_carry.bck (Size: 5440)
[DEBUG | dusk] Loading Resource: kr_land.bck (Size: 8608)
[DEBUG | dusk] Loading Resource: kr_lookaround.bck (Size: 4160)
[DEBUG | dusk] Loading Resource: kr_wait.bck (Size: 3232)
[DEBUG | dusk] Loading Resource: kr.bmd (Size: 37440)
[DEBUG | dusk] Loading Resource: cr_chance.bck (Size: 2048)
[DEBUG | dusk] Loading Resource: cr_chance_wait.bck (Size: 2528)
[DEBUG | dusk] Loading Resource: cr_damage.bck (Size: 1504)
[DEBUG | dusk] Loading Resource: cr_die1.bck (Size: 864)
[DEBUG | dusk] Loading Resource: cr_die2.bck (Size: 864)
[DEBUG | dusk] Loading Resource: cr_run.bck (Size: 1920)
[DEBUG | dusk] Loading Resource: ce.bmd (Size: 3264)
[DEBUG | dusk] Loading Resource: cr.bmd (Size: 24704)
[DEBUG | dusk] Loading Resource: post_f_happy.bck (Size: 4384)
[DEBUG | dusk] Loading Resource: post_f_talk_a.bck (Size: 3616)
[DEBUG | dusk] Loading Resource: post_fh_happy.bck (Size: 1952)
[DEBUG | dusk] Loading Resource: post_flag_step.bck (Size: 384)
[DEBUG | dusk] Loading Resource: post_flag_wait_a.bck (Size: 448)
[DEBUG | dusk] Loading Resource: post_step.bck (Size: 3680)
[DEBUG | dusk] Loading Resource: post_wait_a.bck (Size: 3488)
[DEBUG | dusk] Loading Resource: post.bmd (Size: 126528)
[DEBUG | dusk] Loading Resource: post_flag.bmd (Size: 12544)
[DEBUG | dusk] Loading Resource: post_letter.bmd (Size: 10464)
[DEBUG | dusk] Loading Resource: post.btk (Size: 256)
[DEBUG | dusk] Loading Resource: post.btp (Size: 128)
[DEBUG | dusk] Loading Resource: post_f_happy.btp (Size: 288)
[DEBUG | dusk] Loading Resource: post_f_talk_a.btp (Size: 288)
[DEBUG | dusk] Loading Resource: post_fh_happy.btp (Size: 96)
[DEBUG | dusk] Loading Resource: post_bye.bck (Size: 4544)
[DEBUG | dusk] Loading Resource: post_bye_wait.bck (Size: 3232)
[DEBUG | dusk] Loading Resource: post_explain.bck (Size: 8032)
[DEBUG | dusk] Loading Resource: post_f_bye.bck (Size: 3904)
[DEBUG | dusk] Loading Resource: post_f_explain.bck (Size: 3648)
[DEBUG | dusk] Loading Resource: post_f_hand.bck (Size: 3360)
[DEBUG | dusk] Loading Resource: post_f_hello.bck (Size: 3264)
[DEBUG | dusk] Loading Resource: post_f_regret.bck (Size: 3264)
[DEBUG | dusk] Loading Resource: post_fh_regret.bck (Size: 1952)
[DEBUG | dusk] Loading Resource: post_flag_explain.bck (Size: 672)
[DEBUG | dusk] Loading Resource: post_flag_hand.bck (Size: 576)
[DEBUG | dusk] Loading Resource: post_flag_hand_wait.bck (Size: 448)
[DEBUG | dusk] Loading Resource: post_flag_hello.bck (Size: 384)
[DEBUG | dusk] Loading Resource: post_flag_regret.bck (Size: 608)
[DEBUG | dusk] Loading Resource: post_flag_run.bck (Size: 768)
[DEBUG | dusk] Loading Resource: post_hand.bck (Size: 6912)
[DEBUG | dusk] Loading Resource: post_hand_wait.bck (Size: 3168)
[DEBUG | dusk] Loading Resource: post_hello.bck (Size: 5760)
[DEBUG | dusk] Loading Resource: post_regret.bck (Size: 7456)
[DEBUG | dusk] Loading Resource: post_run.bck (Size: 8512)
[DEBUG | dusk] Loading Resource: post_hand.btk (Size: 448)
[DEBUG | dusk] Loading Resource: post_run.btk (Size: 256)
[DEBUG | dusk] Loading Resource: post_f_bye.btp (Size: 288)
[DEBUG | dusk] Loading Resource: post_f_explain.btp (Size: 288)
[DEBUG | dusk] Loading Resource: post_f_hand.btp (Size: 288)
[DEBUG | dusk] Loading Resource: post_f_hello.btp (Size: 288)
[DEBUG | dusk] Loading Resource: post_f_regret.btp (Size: 288)
[DEBUG | dusk] Loading Resource: post_fh_regret.btp (Size: 96)
[DEBUG | dusk] Loading Resource: post_run.btp (Size: 192)
[DEBUG | dusk] Loading Resource: event_list.dat (Size: 17784)
[DEBUG | dusk] Loading Resource: model0.bmd (Size: 50368)
[DEBUG | dusk] Loading Resource: model0.dzb (Size: 1056)
[DEBUG | dusk] Loading Resource: spec.dat (Size: 8)
[DEBUG | dusk] Loading Resource: oc_angry_a.bck (Size: 10368)
[DEBUG | dusk] Loading Resource: oc_angry_b.bck (Size: 10720)
[DEBUG | dusk] Loading Resource: oc_attack_b.bck (Size: 9536)
[DEBUG | dusk] Loading Resource: oc_attack_c.bck (Size: 8416)
[DEBUG | dusk] Loading Resource: oc_cry.bck (Size: 5312)
[DEBUG | dusk] Loading Resource: oc_damage.bck (Size: 5728)
[DEBUG | dusk] Loading Resource: oc_damage_l.bck (Size: 6368)
[DEBUG | dusk] Loading Resource: oc_damage_r.bck (Size: 6912)
[DEBUG | dusk] Loading Resource: oc_dash.bck (Size: 5920)
[DEBUG | dusk] Loading Resource: oc_drowned.bck (Size: 13184)
[DEBUG | dusk] Loading Resource: oc_find.bck (Size: 2912)
[DEBUG | dusk] Loading Resource: oc_finish.bck (Size: 6080)
[DEBUG | dusk] Loading Resource: oc_gale.bck (Size: 11040)
[DEBUG | dusk] Loading Resource: oc_jump_a.bck (Size: 5952)
[DEBUG | dusk] Loading Resource: oc_jump_b.bck (Size: 3392)
[DEBUG | dusk] Loading Resource: oc_jump_c.bck (Size: 7680)
[DEBUG | dusk] Loading Resource: oc_leap_a.bck (Size: 3808)
[DEBUG | dusk] Loading Resource: oc_leap_b.bck (Size: 6944)
[DEBUG | dusk] Loading Resource: oc_leap_spin.bck (Size: 1984)
[DEBUG | dusk] Loading Resource: oc_serch.bck (Size: 4576)
[DEBUG | dusk] Loading Resource: oc_stand.bck (Size: 7712)
[DEBUG | dusk] Loading Resource: oc_stand_wait.bck (Size: 4352)
[DEBUG | dusk] Loading Resource: oc_talk.bck (Size: 3776)
[DEBUG | dusk] Loading Resource: oc_talk_b.bck (Size: 4416)
[DEBUG | dusk] Loading Resource: oc_wait.bck (Size: 3840)
[DEBUG | dusk] Loading Resource: oc_wait_st.bck (Size: 4960)
[DEBUG | dusk] Loading Resource: oc_walk.bck (Size: 4800)
[DEBUG | dusk] Loading Resource: oc_walk_st.bck (Size: 5920)
[DEBUG | dusk] Loading Resource: kab_fly.bck (Size: 672)
[DEBUG | dusk] Loading Resource: kab_walk.bck (Size: 800)
[DEBUG | dusk] Loading Resource: kab_m.bmd (Size: 7616)
[DEBUG | dusk] Loading Resource: kab_o.bmd (Size: 8032)
[DEBUG | dusk] Loading Resource: kab_m.brk (Size: 320)
[DEBUG | dusk] Loading Resource: kab_o.brk (Size: 320)
[DEBUG | dusk] Loading Resource: kab_m.btk (Size: 352)
[DEBUG | dusk] Loading Resource: kab_o.btk (Size: 352)
[DEBUG | dusk] Loading Resource: ef_glow.bck (Size: 320)
[DEBUG | dusk] Loading Resource: hp_attack.bck (Size: 10144)
[DEBUG | dusk] Loading Resource: hp_damage.bck (Size: 5504)
[DEBUG | dusk] Loading Resource: hp_dead.bck (Size: 6432)
[DEBUG | dusk] Loading Resource: hp_down01.bck (Size: 3872)
[DEBUG | dusk] Loading Resource: hp_down02.bck (Size: 3360)
[DEBUG | dusk] Loading Resource: hp_found.bck (Size: 6176)
[DEBUG | dusk] Loading Resource: hp_return.bck (Size: 6752)
[DEBUG | dusk] Loading Resource: hp_searchmove.bck (Size: 2272)
[DEBUG | dusk] Loading Resource: hp_wait.bck (Size: 2080)
[DEBUG | dusk] Loading Resource: hp_wait02.bck (Size: 2912)
[DEBUG | dusk] Loading Resource: hp_wait03.bck (Size: 3040)
[DEBUG | dusk] Loading Resource: ef_glow.bmd (Size: 4672)
[DEBUG | dusk] Loading Resource: hp.bmd (Size: 27680)
[DEBUG | dusk] Loading Resource: hp_ori.bmd (Size: 11136)
[DEBUG | dusk] Loading Resource: m_ridergate.bmd (Size: 24544)
[DEBUG | dusk] Loading Resource: m_ridergate_hook.bmd (Size: 3648)
[DEBUG | dusk] Loading Resource: m_ridergate_key.bmd (Size: 3232)
[DEBUG | dusk] Loading Resource: m_ridergate.dzb (Size: 672)
[DEBUG | dusk] Loading Resource: event_list.dat (Size: 2020)
[DEBUG | dusk] [DIAG] fpcSCtRq_phase_Load: procName=734 ret=4
[DEBUG | dusk] fpcSCtRq_phase_CreateProcess: procName=734
[DEBUG | dusk] fpcBs_Create: pid=265 profname=fpcNm_BG_OBJ_e (734) profile=0x7aceb634d8 procSize=4344 unkSize=0
[DEBUG | dusk] fpcSCtRq_phase_CreateProcess: fpcBs_Create OK proc=0xb400007a0906b150
[INFO | com.example.zelda_on_epona] spawning HoZelda actor in room 6 at (-48227.2, -9504.3, 53544.3)
[INFO | com.example.zelda_on_epona] spawned HoZelda actor id 266
[DEBUG | dusk] [DIAG] fpcSCtRq_phase_Load: procName=548 ret=4
[DEBUG | dusk] fpcSCtRq_phase_CreateProcess: procName=548
[DEBUG | dusk] fpcBs_Create: pid=266 profname=fpcNm_HOZELDA_e (548) profile=0x7aceb73e40 procSize=2368 unkSize=0
[DEBUG | dusk] fpcSCtRq_phase_CreateProcess: fpcBs_Create OK proc=0xb400007a0907bafc
[INFO | com.example.zelda_on_epona] spawning HoZelda actor in room 6 at (-48227.2, -9504.3, 53544.3)
[INFO | com.example.zelda_on_epona] spawned HoZelda actor id 267
[DEBUG | dusk] Loading Resource: al_shb.bmd (Size: 15040)
[DEBUG | dusk] Loading Resource: zelh_aldieh.bck (Size: 6240)
[DEBUG | dusk] Loading Resource: zelh_arelordh.bck (Size: 9280)
[DEBUG | dusk] Loading Resource: zelh_ashooth.bck (Size: 5216)
[DEBUG | dusk] Loading Resource: zelh_atbh.bck (Size: 4064)
[DEBUG | dusk] Loading Resource: zelh_barelordh.bck (Size: 1216)
[DEBUG | dusk] Loading Resource: zelh_bashooth.bck (Size: 1952)
[DEBUG | dusk] Loading Resource: zelh_damh.bck (Size: 4864)
[DEBUG | dusk] Loading Resource: zelh_dashh.bck (Size: 6976)
[DEBUG | dusk] Loading Resource: zelh_dstarth.bck (Size: 7584)
[DEBUG | dusk] Loading Resource: zelh_egnd_wh.bck (Size: 6048)
[DEBUG | dusk] Loading Resource: zelh_egnd_whb.bck (Size: 5344)
[DEBUG | dusk] Loading Resource: zelh_jumph.bck (Size: 5600)
[DEBUG | dusk] Loading Resource: zelh_jumphed.bck (Size: 5568)
[DEBUG | dusk] Loading Resource: zelh_jumphst.bck (Size: 4896)
[DEBUG | dusk] Loading Resource: zelh_numbh.bck (Size: 4704)
[DEBUG | dusk] Loading Resource: zelh_standh.bck (Size: 10624)
[DEBUG | dusk] Loading Resource: zelh_standhwc.bck (Size: 14176)
[DEBUG | dusk] Loading Resource: zelh_stoph.bck (Size: 8064)
[DEBUG | dusk] Loading Resource: zelh_stoptostandh.bck (Size: 11648)
[DEBUG | dusk] Loading Resource: zelh_waitbh.bck (Size: 6656)
[DEBUG | dusk] Loading Resource: zelh_waitch.bck (Size: 5184)
[DEBUG | dusk] Loading Resource: zelh_waith.bck (Size: 5216)
[DEBUG | dusk] Loading Resource: o_zg_arow.bmd (Size: 9312)
[DEBUG | dusk] Loading Resource: o_zg_bow.bmd (Size: 17120)
[DEBUG | dusk] Loading Resource: zelh.bmd (Size: 240768)
[DEBUG | dusk] Loading Resource: zelh_fa.btk (Size: 352)
[DEBUG | dusk] Loading Resource: zelh_faldieh.btk (Size: 992)
[DEBUG | dusk] Loading Resource: zelh_fegnd_wh.btk (Size: 352)
[DEBUG | dusk] Loading Resource: zelh_fa.btp (Size: 128)
[DEBUG | dusk] Loading Resource: zelh_faldieh.btp (Size: 864)
[DEBUG | dusk] Loading Resource: zelh_fb.btp (Size: 128)
[DEBUG | dusk] Loading Resource: zelh_fc.btp (Size: 128)
[DEBUG | dusk] Loading Resource: zelh_fmaba01.btp (Size: 160)
[DEBUG | dusk] [DIAG] fpcSCtRq_phase_Load: procName=548 ret=4
[DEBUG | dusk] fpcSCtRq_phase_CreateProcess: procName=548
[DEBUG | dusk] fpcBs_Create: pid=267 profname=fpcNm_HOZELDA_e (548) profile=0x7aceb73e40 procSize=2368 unkSize=0
[DEBUG | dusk] fpcSCtRq_phase_CreateProcess: fpcBs_Create OK proc=0xb400007a0907b19c
[DEBUG | dusk] [DIAG] fpcSCtRq_phase_Load: procName=255 ret=4
[DEBUG | dusk] fpcSCtRq_phase_CreateProcess: procName=255
[DEBUG | dusk] fpcBs_Create: pid=268 profname=fpcNm_MIDNA_e (255) profile=0x7aceb66698 procSize=3360 unkSize=0
[DEBUG | dusk] fpcSCtRq_phase_CreateProcess: fpcBs_Create OK proc=0xb400007a0906a410
[DEBUG | dusk] Loading Resource: s_md_hands.bmd (Size: 19776)
[DEBUG | dusk] Loading Resource: s_md_mask.bmd (Size: 15424)
[DEBUG | dusk] Loading Resource: s_md_gokou.bmd (Size: 3008)
[DEBUG | dusk] Loading Resource: s_md.bmd (Size: 69984)
[DEBUG | dusk] Loading Resource: s_md_hair_hand.bmd (Size: 18944)
[DEBUG | dusk] Loading Resource: s_md_appear.brk (Size: 352)
[DEBUG | dusk] Loading Resource: s_md_gokou_appear.brk (Size: 256)
[DEBUG | dusk] Loading Resource: s_md_hair_hand_appear.brk (Size: 288)
[DEBUG | dusk] Loading Resource: s_md_mask_appear.brk (Size: 256)
[DEBUG | dusk] Loading Resource: s_md_hair_hand_moya.btk (Size: 544)
[DEBUG | dusk] Loading Resource: s_md_hands_moya.btk (Size: 608)
[DEBUG | dusk] Loading Resource: s_md_mask_moya.btk (Size: 320)
[DEBUG | dusk] Loading Resource: s_md_moya.btk (Size: 512)
[DEBUG | dusk] frameInterp: onTypeChange 41 -> 40 (event_type_id=40, leaving_event=false, entering_event=true)
[DEBUG | dusk] frameInterp: presentation sync not requested for ZEV event [CURRENT] (staff idx 25)
[DEBUG | dusk] frameInterp: onTypeChange 40 -> 41 (event_type_id=40, leaving_event=true, entering_event=false)
[DEBUG | dusk] frameInterp: onTypeChange 41 -> 87 (event_type_id=40, leaving_event=false, entering_event=false)
[DEBUG | dusk] fapGm_Execute frame=1500
[DEBUG | dusk] [DIAG] fpcSCtRq_phase_Load: procName=2 ret=4
[DEBUG | dusk] fpcSCtRq_phase_CreateProcess: procName=2
[DEBUG | dusk] fpcBs_Create: pid=269 profname=fpcNm_OVERLAP3_e (2) profile=0x7aceb5fd98 procSize=464 unkSize=0
[DEBUG | dusk] fpcSCtRq_phase_CreateProcess: fpcBs_Create OK proc=0xb400007a0907cb64
[DEBUG | dusk] fpcNdRq_phase_Create: name=11 layer=0x7aced93418
[DEBUG | dusk] fpcNdRq_phase_Create: creating_id=270 (error=4294967295)
[WARNING | dusk::mods::actor] Attempted to delete actor with ID (267) but it doesn't exist!
[DEBUG | dusk] [DIAG] fpcSCtRq_phase_Load: procName=11 ret=4
[DEBUG | dusk] fpcSCtRq_phase_CreateProcess: procName=11
[DEBUG | dusk] fpcBs_Create: pid=270 profname=fpcNm_PLAY_SCENE_e (11) profile=0x7aceb60268 procSize=912 unkSize=0
[DEBUG | dusk] fpcSCtRq_phase_CreateProcess: fpcBs_Create OK proc=0xb400007a0907eaf0
[DEBUG | dusk] Loading Resource: vrbox_kasumim.bmd (Size: 2272)
[DEBUG | dusk] Loading Resource: vrbox_kumo.bmd (Size: 69664)
[DEBUG | dusk] Loading Resource: vrbox_sora.bmd (Size: 6624)
[DEBUG | dusk] Loading Resource: vrbox_sun.bmd (Size: 12032)
[DEBUG | dusk] Loading Resource: bank.bin (Size: 416)
[DEBUG | dusk] Loading Resource: name.bin (Size: 32)
[DEBUG | dusk] Loading Resource: vrbox_sun.btk (Size: 320)
[DEBUG | dusk] Loading Resource: colordata_tbl.dat (Size: 800)
[DEBUG | dusk] Loading Resource: pol_arg.dat (Size: 128)
[DEBUG | dusk] Loading Resource: pol_effcol.dat (Size: 128)
[DEBUG | dusk] Loading Resource: pol_effcol2.dat (Size: 128)
[DEBUG | dusk] Loading Resource: pol_efftbl.dat (Size: 128)
[DEBUG | dusk] Loading Resource: pol_efftbl2.dat (Size: 128)
[DEBUG | dusk] Loading Resource: pol_sound.dat (Size: 128)
[DEBUG | dusk] Loading Resource: stage.dzs (Size: 9472)
[DEBUG | dusk] Loading Resource: cloudtx_01.bti (Size: 4128)
[DEBUG | dusk] Loading Resource: cloudtx_02.bti (Size: 4128)
[DEBUG | dusk] Loading Resource: cloudtx_03.bti (Size: 4128)
[DEBUG | dusk] Loading Resource: f_moon.bti (Size: 8224)
[DEBUG | dusk] Loading Resource: f_moon_a.bti (Size: 2080)
[DEBUG | dusk] Loading Resource: f_moon_a_a00.bti (Size: 64)
[DEBUG | dusk] Loading Resource: f_moon_a_a01.bti (Size: 544)
[DEBUG | dusk] Loading Resource: f_moon_a_a02.bti (Size: 544)
[DEBUG | dusk] Loading Resource: f_moon_a_a03.bti (Size: 544)
[DEBUG | dusk] Loading Resource: i_enkei.bti (Size: 8224)
[DEBUG | dusk] Loading Resource: i_grayrenga.bti (Size: 10784)
[DEBUG | dusk] Loading Resource: i_isekiblock64.bti (Size: 2720)
[DEBUG | dusk] Loading Resource: i_isekihasira.bti (Size: 2080)
[DEBUG | dusk] Loading Resource: i_isekikoware2.bti (Size: 2080)
[DEBUG | dusk] Loading Resource: i_isekiparts_b.bti (Size: 2080)
[DEBUG | dusk] Loading Resource: i_isekirelieaf.bti (Size: 21536)
[DEBUG | dusk] Loading Resource: i_isekirenga2.bti (Size: 10944)
[DEBUG | dusk] Loading Resource: i_iwakabe_a256b.bti (Size: 43040)
[DEBUG | dusk] Loading Resource: i_iwayamaenkei.bti (Size: 2080)
[DEBUG | dusk] Loading Resource: i_koyojyu4.bti (Size: 10784)
[DEBUG | dusk] Loading Resource: i_kumo.bti (Size: 10784)
[DEBUG | dusk] Loading Resource: i_kusa_a.bti (Size: 43680)
[DEBUG | dusk] Loading Resource: i_machihanebasi.bti (Size: 10784)
[DEBUG | dusk] Loading Resource: i_mizusoko.bti (Size: 10784)
[DEBUG | dusk] Loading Resource: i_tuchimichi_a_nuki.bti (Size: 10784)
[DEBUG | dusk] Loading Resource: l_castle_all.bti (Size: 16416)
[DEBUG | dusk] Loading Resource: event_list.dat (Size: 106476)
[DEBUG | dusk] Loading Resource: camstyle.dat (Size: 43328)
[DEBUG | dusk] Loading Resource: camtype.dat (Size: 14560)
[DEBUG | dusk] fpcBs_Create: pid=275 profname=fpcNm_SUSPEND_e (783) profile=0x7aceb66c48 procSize=1632 unkSize=0
[DEBUG | dusk] fpcBs_Create: pid=277 profname=fpcNm_SUSPEND_e (783) profile=0x7aceb66c48 procSize=1632 unkSize=0
[DEBUG | dusk] fopScnM_CreateReq: procName=18 fade=32767
[DEBUG | dusk] fopScnM_CreateReq: result=9 (error=4294967295)
[DEBUG | dusk] fpcBs_Create: pid=279 profname=fpcNm_KANKYO_e (19) profile=0x7aceb5ae60 procSize=440 unkSize=0
[DEBUG | dusk] fpcBs_Create: pid=281 profname=fpcNm_KYEFF_e (785) profile=0x7aceb5aeb0 procSize=440 unkSize=0
[DEBUG | dusk] fpcBs_Create: pid=283 profname=fpcNm_KYEFF2_e (786) profile=0x7aceb5aef0 procSize=440 unkSize=0
[DEBUG | dusk] fpcBs_Create: pid=285 profname=fpcNm_ENVSE_e (21) profile=0x7aceb59f20 procSize=456 unkSize=0
[DEBUG | dusk] fpcNdRq_phase_Create: name=18 layer=0xb400007a0907ec48
[DEBUG | dusk] fpcNdRq_phase_Create: creating_id=288 (error=4294967295)
[DEBUG | dusk] [DIAG] fpcSCtRq_phase_Load: procName=781 ret=4
[DEBUG | dusk] fpcSCtRq_phase_CreateProcess: procName=781
[DEBUG | dusk] fpcBs_Create: pid=271 profname=fpcNm_CAMERA_e (781) profile=0x7aceb59d68 procSize=4240 unkSize=0
[DEBUG | dusk] fpcSCtRq_phase_CreateProcess: fpcBs_Create OK proc=0xb400007a0907af44
[DEBUG | dusk] [DIAG] fpcSCtRq_phase_Load: procName=686 ret=4
[DEBUG | dusk] fpcSCtRq_phase_CreateProcess: procName=686
[DEBUG | dusk] fpcBs_Create: pid=272 profname=fpcNm_KYTAG04_e (686) profile=0x7aceb63f28 procSize=1784 unkSize=0
[DEBUG | dusk] fpcSCtRq_phase_CreateProcess: fpcBs_Create OK proc=0xb400007a0907a82c
[DEBUG | dusk] [DIAG] fpcSCtRq_phase_Load: procName=699 ret=4
[DEBUG | dusk] fpcSCtRq_phase_CreateProcess: procName=699
[DEBUG | dusk] fpcBs_Create: pid=273 profname=fpcNm_KYTAG17_e (699) profile=0x7aceb63fe0 procSize=1632 unkSize=0
[DEBUG | dusk] fpcSCtRq_phase_CreateProcess: fpcBs_Create OK proc=0xb400007a090797a0
[DEBUG | dusk] [DIAG] fpcSCtRq_phase_Load: procName=730 ret=4
[DEBUG | dusk] fpcSCtRq_phase_CreateProcess: procName=730
[DEBUG | dusk] fpcBs_Create: pid=286 profname=fpcNm_VRBOX_e (730) profile=0x7aceb66078 procSize=1648 unkSize=0
[DEBUG | dusk] fpcSCtRq_phase_CreateProcess: fpcBs_Create OK proc=0xb400007a09079110
[DEBUG | dusk] [DIAG] fpcSCtRq_phase_Load: procName=731 ret=4
[DEBUG | dusk] fpcSCtRq_phase_CreateProcess: procName=731
[DEBUG | dusk] fpcBs_Create: pid=287 profname=fpcNm_VRBOX2_e (731) profile=0x7aceb66130 procSize=1720 unkSize=0
[DEBUG | dusk] fpcSCtRq_phase_CreateProcess: fpcBs_Create OK proc=0xb400007a09078a38
[DEBUG | dusk] [DIAG] fpcSCtRq_phase_Load: procName=18 ret=4
[DEBUG | dusk] fpcSCtRq_phase_CreateProcess: procName=18
[DEBUG | dusk] fpcBs_Create: pid=288 profname=fpcNm_ROOM_SCENE_e (18) profile=0x7aceb60388 procSize=912 unkSize=0
[DEBUG | dusk] fpcSCtRq_phase_CreateProcess: fpcBs_Create OK proc=0xb400007a0907a47c
[DEBUG | dusk] Loading Resource: ef_portal.bmd (Size: 60192)
[DEBUG | dusk] Loading Resource: ef_portal_blue_app.brk (Size: 896)
[DEBUG | dusk] Loading Resource: ef_portal_blue_disapp.brk (Size: 896)
[DEBUG | dusk] Loading Resource: ef_portal_red_app.brk (Size: 896)
[DEBUG | dusk] Loading Resource: ef_portal_red_disapp.brk (Size: 896)
[DEBUG | dusk] Loading Resource: ef_portal.btk (Size: 1792)
[DEBUG | dusk] Loading Resource: model.bmd (Size: 1302688)
[DEBUG | dusk] Loading Resource: model1.bmd (Size: 4512)
[DEBUG | dusk] Loading Resource: model.btk (Size: 1344)
[DEBUG | dusk] Loading Resource: model1.btk (Size: 320)
[DEBUG | dusk] Loading Resource: room.dzr (Size: 13888)
[DEBUG | dusk] Loading Resource: event_list.dat (Size: 856)
[DEBUG | dusk] Loading Resource: room.kcl (Size: 366488)
[DEBUG | dusk] Loading Resource: room.plc (Size: 512)
[DEBUG | dusk] Loading Resource: man_b.arc (Size: 43264)
[DEBUG | dusk] Loading Resource: man_b.bmd (Size: 43008)
[DEBUG | dusk] Loading Resource: man_b_l.arc (Size: 11456)
[DEBUG | dusk] Loading Resource: man_b_l.bmd (Size: 11200)
[DEBUG | dusk] Loading Resource: man_c.arc (Size: 52640)
[DEBUG | dusk] Loading Resource: man_c.bmd (Size: 52096)
[DEBUG | dusk] Loading Resource: man_c.btp (Size: 128)
[DEBUG | dusk] Loading Resource: man_c_l.arc (Size: 8064)
[DEBUG | dusk] Loading Resource: man_c_l.bmd (Size: 7808)
[DEBUG | dusk] Loading Resource: mas_a.arc (Size: 50592)
[DEBUG | dusk] Loading Resource: mas_a.bmd (Size: 50048)
[DEBUG | dusk] Loading Resource: mas_a.btp (Size: 128)
[DEBUG | dusk] Loading Resource: mas_a_l.arc (Size: 9504)
[DEBUG | dusk] Loading Resource: mas_a_l.bmd (Size: 9248)
[DEBUG | dusk] Loading Resource: mbn_a.arc (Size: 53824)
[DEBUG | dusk] Loading Resource: mbn_a.bmd (Size: 53280)
[DEBUG | dusk] Loading Resource: mbn_a.btp (Size: 128)
[DEBUG | dusk] Loading Resource: mbn_a_l.arc (Size: 11872)
[DEBUG | dusk] Loading Resource: mbn_a_l.bmd (Size: 11616)
[DEBUG | dusk] Loading Resource: mgeneral.arc (Size: 110592)
[DEBUG | dusk] Loading Resource: m_browse_a.bck (Size: 1952)
[DEBUG | dusk] Loading Resource: m_browse_b.bck (Size: 2432)
[DEBUG | dusk] Loading Resource: m_look_a.bck (Size: 5600)
[DEBUG | dusk] Loading Resource: m_look_b.bck (Size: 5824)
[DEBUG | dusk] Loading Resource: m_maro_dance.bck (Size: 8864)
[DEBUG | dusk] Loading Resource: m_run_a.bck (Size: 2912)
[DEBUG | dusk] Loading Resource: m_run_b.bck (Size: 2912)
[DEBUG | dusk] Loading Resource: m_sing.bck (Size: 5088)
[DEBUG | dusk] Loading Resource: m_sit_to_wolf_a.bck (Size: 3680)
[DEBUG | dusk] Loading Resource: m_sit_to_wolf_b.bck (Size: 4352)
[DEBUG | dusk] Loading Resource: m_sittalk_a.bck (Size: 3584)
[DEBUG | dusk] Loading Resource: m_sittalk_a_b.bck (Size: 4672)
[DEBUG | dusk] Loading Resource: m_sittalk_b.bck (Size: 4000)
[DEBUG | dusk] Loading Resource: m_sittalk_b_b.bck (Size: 2912)
[DEBUG | dusk] Loading Resource: m_sitwait_a.bck (Size: 2144)
[DEBUG | dusk] Loading Resource: m_sitwait_b.bck (Size: 3712)
[DEBUG | dusk] Loading Resource: m_surprise.bck (Size: 3552)
[DEBUG | dusk] Loading Resource: m_talk_a.bck (Size: 3584)
[DEBUG | dusk] Loading Resource: m_talk_b.bck (Size: 4000)
[DEBUG | dusk] Loading Resource: m_talk_b_wall.bck (Size: 3424)
[DEBUG | dusk] Loading Resource: m_talk_c.bck (Size: 6208)
[DEBUG | dusk] Loading Resource: m_talk_wall.bck (Size: 5984)
[DEBUG | dusk] Loading Resource: m_to_wolf.bck (Size: 3680)
[DEBUG | dusk] Loading Resource: m_wait_a.bck (Size: 2144)
[DEBUG | dusk] Loading Resource: m_wait_b.bck (Size: 3360)
[DEBUG | dusk] Loading Resource: m_wait_wall.bck (Size: 2688)
[DEBUG | dusk] Loading Resource: m_walk_a.bck (Size: 3200)
[DEBUG | dusk] Loading Resource: m_walk_b.bck (Size: 2912)
[DEBUG | dusk] Loading Resource: mgenral_l.arc (Size: 9664)
[DEBUG | dusk] Loading Resource: m_run_a_l.bck (Size: 2560)
[DEBUG | dusk] Loading Resource: m_run_b_l.bck (Size: 2368)
[DEBUG | dusk] Loading Resource: m_walk_a_l.bck (Size: 2368)
[DEBUG | dusk] Loading Resource: m_walk_b_l.bck (Size: 1984)
[DEBUG | dusk] Loading Resource: mspcial_l.arc (Size: 17888)
[DEBUG | dusk] Loading Resource: m_run_kago_l.bck (Size: 2496)
[DEBUG | dusk] Loading Resource: m_run_stick_l.bck (Size: 2912)
[DEBUG | dusk] Loading Resource: m_run_tubo_l.bck (Size: 2336)
[DEBUG | dusk] Loading Resource: m_walk_kago_l.bck (Size: 3680)
[DEBUG | dusk] Loading Resource: m_walk_stick_l.bck (Size: 3136)
[DEBUG | dusk] Loading Resource: m_walk_tubo_l.bck (Size: 2880)
[DEBUG | dusk] Loading Resource: mspecial.arc (Size: 103968)
[DEBUG | dusk] Loading Resource: m_kamae.bck (Size: 5952)
[DEBUG | dusk] Loading Resource: m_kamae_c.bck (Size: 4896)
[DEBUG | dusk] Loading Resource: m_kamae_step.bck (Size: 3808)
[DEBUG | dusk] Loading Resource: m_kamae_wait_b.bck (Size: 5184)
[DEBUG | dusk] Loading Resource: m_playm.bck (Size: 7552)
[DEBUG | dusk] Loading Resource: m_run_kago.bck (Size: 3584)
[DEBUG | dusk] Loading Resource: m_run_kamae.bck (Size: 4288)
[DEBUG | dusk] Loading Resource: m_run_stick.bck (Size: 4288)
[DEBUG | dusk] Loading Resource: m_run_tubo.bck (Size: 3488)
[DEBUG | dusk] Loading Resource: m_talk_b_kago.bck (Size: 11168)
[DEBUG | dusk] Loading Resource: m_talk_b_stick.bck (Size: 3968)
[DEBUG | dusk] Loading Resource: m_talk_b_tubo.bck (Size: 5088)
[DEBUG | dusk] Loading Resource: m_talk_kago.bck (Size: 6624)
[DEBUG | dusk] Loading Resource: m_talk_stick.bck (Size: 2400)
[DEBUG | dusk] Loading Resource: m_talk_tubo.bck (Size: 4640)
[DEBUG | dusk] Loading Resource: m_wait_kago.bck (Size: 2656)
[DEBUG | dusk] Loading Resource: m_wait_stick.bck (Size: 2144)
[DEBUG | dusk] Loading Resource: m_wait_tubo.bck (Size: 2848)
[DEBUG | dusk] Loading Resource: m_walk_kago.bck (Size: 5472)
[DEBUG | dusk] Loading Resource: m_walk_stick.bck (Size: 8000)
[DEBUG | dusk] Loading Resource: m_walk_tubo.bck (Size: 4896)
[DEBUG | dusk] Loading Resource: object.arc (Size: 92416)
[DEBUG | dusk] Loading Resource: b_broom.bmd (Size: 7904)
[DEBUG | dusk] Loading Resource: b_chair_m.bmd (Size: 4896)
[DEBUG | dusk] Loading Resource: b_chair_w.bmd (Size: 4896)
[DEBUG | dusk] Loading Resource: b_flute.bmd (Size: 2240)
[DEBUG | dusk] Loading Resource: b_milktubo.bmd (Size: 8608)
[DEBUG | dusk] Loading Resource: b_spear.bmd (Size: 3936)
[DEBUG | dusk] Loading Resource: b_tubo.bmd (Size: 6496)
[DEBUG | dusk] Loading Resource: celeb_bag_m.bmd (Size: 6016)
[DEBUG | dusk] Loading Resource: celeb_bag_w.bmd (Size: 6016)
[DEBUG | dusk] Loading Resource: j_guitar.bmd (Size: 5280)
[DEBUG | dusk] Loading Resource: k_kagom.bmd (Size: 8544)
[DEBUG | dusk] Loading Resource: k_kagow.bmd (Size: 9728)
[DEBUG | dusk] Loading Resource: maro_bag_m.bmd (Size: 6304)
[DEBUG | dusk] Loading Resource: maro_bag_w.bmd (Size: 6304)
[DEBUG | dusk] Loading Resource: sol_she.bmd (Size: 4512)
[DEBUG | dusk] Loading Resource: object_l.arc (Size: 36192)
[DEBUG | dusk] Loading Resource: b_broom_l.bmd (Size: 5856)
[DEBUG | dusk] Loading Resource: b_milktubo_l.bmd (Size: 7072)
[DEBUG | dusk] Loading Resource: b_spear_l.bmd (Size: 2912)
[DEBUG | dusk] Loading Resource: b_tubo_l.bmd (Size: 5728)
[DEBUG | dusk] Loading Resource: k_kagom_l.bmd (Size: 6496)
[DEBUG | dusk] Loading Resource: k_kagow_l.bmd (Size: 7680)
[DEBUG | dusk] Loading Resource: wan_b2.arc (Size: 50464)
[DEBUG | dusk] Loading Resource: wan_b2.bmd (Size: 49920)
[DEBUG | dusk] Loading Resource: wan_b2.btp (Size: 128)
[DEBUG | dusk] Loading Resource: wan_b2_l.arc (Size: 11424)
[DEBUG | dusk] Loading Resource: wan_b2_l.bmd (Size: 11168)
[DEBUG | dusk] Loading Resource: wgeneral.arc (Size: 164992)
[DEBUG | dusk] Loading Resource: w_2ladytalk_a.bck (Size: 6976)
[DEBUG | dusk] Loading Resource: w_2ladytalk_b.bck (Size: 5248)
[DEBUG | dusk] Loading Resource: w_2normaltalk_a.bck (Size: 8000)
[DEBUG | dusk] Loading Resource: w_2normaltalk_b.bck (Size: 8064)
[DEBUG | dusk] Loading Resource: w_browse_a.bck (Size: 4480)
[DEBUG | dusk] Loading Resource: w_browse_b.bck (Size: 10912)
[DEBUG | dusk] Loading Resource: w_cellme.bck (Size: 4960)
[DEBUG | dusk] Loading Resource: w_look_a.bck (Size: 6816)
[DEBUG | dusk] Loading Resource: w_look_b.bck (Size: 8064)
[DEBUG | dusk] Loading Resource: w_maro_dance.bck (Size: 11232)
[DEBUG | dusk] Loading Resource: w_run_a.bck (Size: 3872)
[DEBUG | dusk] Loading Resource: w_run_b.bck (Size: 3616)
[DEBUG | dusk] Loading Resource: w_sing.bck (Size: 5472)
[DEBUG | dusk] Loading Resource: w_sit_to_wolf_a.bck (Size: 3552)
[DEBUG | dusk] Loading Resource: w_sit_to_wolf_b.bck (Size: 3808)
[DEBUG | dusk] Loading Resource: w_sittalk_a.bck (Size: 3808)
[DEBUG | dusk] Loading Resource: w_sittalk_a_b.bck (Size: 5344)
[DEBUG | dusk] Loading Resource: w_sittalk_b.bck (Size: 2112)
[DEBUG | dusk] Loading Resource: w_sittalk_b_b.bck (Size: 2240)
[DEBUG | dusk] Loading Resource: w_sitwait_a.bck (Size: 2176)
[DEBUG | dusk] Loading Resource: w_sitwait_b.bck (Size: 2080)
[DEBUG | dusk] Loading Resource: w_surprise.bck (Size: 3200)
[DEBUG | dusk] Loading Resource: w_talk_a.bck (Size: 5088)
[DEBUG | dusk] Loading Resource: w_talk_b.bck (Size: 8800)
[DEBUG | dusk] Loading Resource: w_talk_b_wall.bck (Size: 3968)
[DEBUG | dusk] Loading Resource: w_talk_c.bck (Size: 5600)
[DEBUG | dusk] Loading Resource: w_talk_wall.bck (Size: 4832)
[DEBUG | dusk] Loading Resource: w_to_wolf.bck (Size: 4032)
[DEBUG | dusk] Loading Resource: w_wait_a.bck (Size: 2592)
[DEBUG | dusk] Loading Resource: w_wait_b.bck (Size: 3744)
[DEBUG | dusk] Loading Resource: w_wait_wall.bck (Size: 2272)
[DEBUG | dusk] Loading Resource: w_walk_a.bck (Size: 3296)
[DEBUG | dusk] Loading Resource: w_walk_b.bck (Size: 3328)
[DEBUG | dusk] Loading Resource: wgenral_l.arc (Size: 9056)
[DEBUG | dusk] Loading Resource: w_run_a_l.bck (Size: 2400)
[DEBUG | dusk] Loading Resource: w_run_b_l.bck (Size: 2304)
[DEBUG | dusk] Loading Resource: w_walk_a_l.bck (Size: 1984)
[DEBUG | dusk] Loading Resource: w_walk_b_l.bck (Size: 1984)
[DEBUG | dusk] Loading Resource: wgn_a2.arc (Size: 51456)
[DEBUG | dusk] Loading Resource: wgn_a2.bmd (Size: 50912)
[DEBUG | dusk] Loading Resource: wgn_a2.btp (Size: 128)
[DEBUG | dusk] Loading Resource: wgn_a2_l.arc (Size: 11136)
[DEBUG | dusk] Loading Resource: wgn_a2_l.bmd (Size: 10880)
[DEBUG | dusk] Loading Resource: won_a2.arc (Size: 50944)
[DEBUG | dusk] Loading Resource: won_a2.bmd (Size: 50400)
[DEBUG | dusk] Loading Resource: won_a2.btp (Size: 128)
[DEBUG | dusk] Loading Resource: won_a2_l.arc (Size: 10464)
[DEBUG | dusk] Loading Resource: won_a2_l.bmd (Size: 10208)
[DEBUG | dusk] Loading Resource: wspcial_l.arc (Size: 14240)
[DEBUG | dusk] Loading Resource: w_run_kago_l.bck (Size: 2368)
[DEBUG | dusk] Loading Resource: w_run_stick_l.bck (Size: 2784)
[DEBUG | dusk] Loading Resource: w_run_tubo_l.bck (Size: 2560)
[DEBUG | dusk] Loading Resource: w_walk_kago_l.bck (Size: 2144)
[DEBUG | dusk] Loading Resource: w_walk_stick_l.bck (Size: 2016)
[DEBUG | dusk] Loading Resource: w_walk_tubo_l.bck (Size: 1920)
[DEBUG | dusk] Loading Resource: wspecial.arc (Size: 66592)
[DEBUG | dusk] Loading Resource: w_playm.bck (Size: 5696)
[DEBUG | dusk] Loading Resource: w_run_kago.bck (Size: 4032)
[DEBUG | dusk] Loading Resource: w_run_stick.bck (Size: 4608)
[DEBUG | dusk] Loading Resource: w_run_tubo.bck (Size: 4384)
[DEBUG | dusk] Loading Resource: w_talk_b_kago.bck (Size: 4032)
[DEBUG | dusk] Loading Resource: w_talk_b_stick.bck (Size: 6048)
[DEBUG | dusk] Loading Resource: w_talk_b_tubo.bck (Size: 4160)
[DEBUG | dusk] Loading Resource: w_talk_kago.bck (Size: 4416)
[DEBUG | dusk] Loading Resource: w_talk_stick.bck (Size: 4224)
[DEBUG | dusk] Loading Resource: w_talk_tubo.bck (Size: 6272)
[DEBUG | dusk] Loading Resource: w_wait_kago.bck (Size: 2400)
[DEBUG | dusk] Loading Resource: w_wait_stick.bck (Size: 2368)
[DEBUG | dusk] Loading Resource: w_wait_tubo.bck (Size: 2720)
[DEBUG | dusk] Loading Resource: w_walk_kago.bck (Size: 3904)
[DEBUG | dusk] Loading Resource: w_walk_stick.bck (Size: 3328)
[DEBUG | dusk] Loading Resource: w_walk_tubo.bck (Size: 3168)
[DEBUG | dusk] fpcBs_Create: pid=419 profname=fpcNm_SUSPEND_e (783) profile=0x7aceb66c48 procSize=1632 unkSize=0
[DEBUG | dusk] fpcBs_Create: pid=421 profname=fpcNm_SUSPEND_e (783) profile=0x7aceb66c48 procSize=1632 unkSize=0
[DEBUG | dusk] fpcBs_Create: pid=423 profname=fpcNm_SUSPEND_e (783) profile=0x7aceb66c48 procSize=1632 unkSize=0
[DEBUG | dusk] fpcBs_Create: pid=425 profname=fpcNm_SUSPEND_e (783) profile=0x7aceb66c48 procSize=1632 unkSize=0
[DEBUG | dusk] fpcBs_Create: pid=427 profname=fpcNm_SUSPEND_e (783) profile=0x7aceb66c48 procSize=1632 unkSize=0
[DEBUG | dusk] fpcBs_Create: pid=429 profname=fpcNm_SUSPEND_e (783) profile=0x7aceb66c48 procSize=1632 unkSize=0
[DEBUG | dusk] fpcBs_Create: pid=431 profname=fpcNm_SUSPEND_e (783) profile=0x7aceb66c48 procSize=1632 unkSize=0
[DEBUG | dusk] fpcBs_Create: pid=433 profname=fpcNm_SUSPEND_e (783) profile=0x7aceb66c48 procSize=1632 unkSize=0
[DEBUG | dusk] fpcBs_Create: pid=435 profname=fpcNm_SUSPEND_e (783) profile=0x7aceb66c48 procSize=1632 unkSize=0
[DEBUG | dusk] fpcBs_Create: pid=437 profname=fpcNm_SUSPEND_e (783) profile=0x7aceb66c48 procSize=1632 unkSize=0
[DEBUG | dusk] fpcBs_Create: pid=439 profname=fpcNm_SUSPEND_e (783) profile=0x7aceb66c48 procSize=1632 unkSize=0
[DEBUG | dusk] fpcBs_Create: pid=441 profname=fpcNm_SUSPEND_e (783) profile=0x7aceb66c48 procSize=1632 unkSize=0
[DEBUG | dusk] fpcBs_Create: pid=443 profname=fpcNm_SUSPEND_e (783) profile=0x7aceb66c48 procSize=1632 unkSize=0
[DEBUG | dusk] fpcBs_Create: pid=445 profname=fpcNm_SUSPEND_e (783) profile=0x7aceb66c48 procSize=1632 unkSize=0
[DEBUG | dusk] fpcBs_Create: pid=447 profname=fpcNm_SUSPEND_e (783) profile=0x7aceb66c48 procSize=1632 unkSize=0
[DEBUG | dusk] fpcBs_Create: pid=449 profname=fpcNm_SUSPEND_e (783) profile=0x7aceb66c48 procSize=1632 unkSize=0
[DEBUG | dusk] fpcBs_Create: pid=451 profname=fpcNm_SUSPEND_e (783) profile=0x7aceb66c48 procSize=1632 unkSize=0
[DEBUG | dusk] fpcBs_Create: pid=453 profname=fpcNm_SUSPEND_e (783) profile=0x7aceb66c48 procSize=1632 unkSize=0
[DEBUG | dusk] fpcBs_Create: pid=455 profname=fpcNm_SUSPEND_e (783) profile=0x7aceb66c48 procSize=1632 unkSize=0
[DEBUG | dusk] fpcBs_Create: pid=457 profname=fpcNm_SUSPEND_e (783) profile=0x7aceb66c48 procSize=1632 unkSize=0
[DEBUG | dusk] fpcBs_Create: pid=459 profname=fpcNm_SUSPEND_e (783) profile=0x7aceb66c48 procSize=1632 unkSize=0
[DEBUG | dusk] fpcBs_Create: pid=468 profname=fpcNm_SUSPEND_e (783) profile=0x7aceb66c48 procSize=1632 unkSize=0
[DEBUG | dusk] fpcBs_Create: pid=470 profname=fpcNm_SUSPEND_e (783) profile=0x7aceb66c48 procSize=1632 unkSize=0
[DEBUG | dusk] fpcBs_Create: pid=472 profname=fpcNm_SUSPEND_e (783) profile=0x7aceb66c48 procSize=1632 unkSize=0
[DEBUG | dusk] [DIAG] fpcSCtRq_phase_Load: procName=253 ret=4
[DEBUG | dusk] fpcSCtRq_phase_CreateProcess: procName=253
[DEBUG | dusk] fpcBs_Create: pid=289 profname=fpcNm_ALINK_e (253) profile=0x7aceb56250 procSize=18784 unkSize=0
[DEBUG | dusk] fpcSCtRq_phase_CreateProcess: fpcBs_Create OK proc=0xb400007a090564a0
[DEBUG | dusk] [DIAG] fpcSCtRq_phase_Load: procName=790 ret=4
[DEBUG | dusk] fpcSCtRq_phase_CreateProcess: procName=790
[DEBUG | dusk] fpcBs_Create: pid=290 profname=fpcNm_METER2_e (790) profile=0x7aceb5d430 procSize=1504 unkSize=0
[DEBUG | dusk] fpcSCtRq_phase_CreateProcess: fpcBs_Create OK proc=0xb400007a0906206c
[DEBUG | dusk] [DIAG] fpcSCtRq_phase_Load: procName=732 ret=4
[DEBUG | dusk] fpcSCtRq_phase_CreateProcess: procName=732
[DEBUG | dusk] fpcBs_Create: pid=291 profname=fpcNm_BG_e (732) profile=0x7aceb633f8 procSize=1904 unkSize=0
[DEBUG | dusk] fpcSCtRq_phase_CreateProcess: fpcBs_Create OK proc=0xb400007a0906171c
[DEBUG | dusk] [DIAG] fpcSCtRq_phase_Load: procName=733 ret=4
[DEBUG | dusk] fpcSCtRq_phase_CreateProcess: procName=733
[DEBUG | dusk] fpcBs_Create: pid=292 profname=fpcNm_SET_BG_OBJ_e (733) profile=0x7aceb64f08 procSize=1664 unkSize=0
[DEBUG | dusk] fpcSCtRq_phase_CreateProcess: fpcBs_Create OK proc=0xb400007a0906107c
[DEBUG | dusk] [DIAG] fpcSCtRq_phase_Load: procName=733 ret=4
[DEBUG | dusk] fpcSCtRq_phase_CreateProcess: procName=733
[DEBUG | dusk] fpcBs_Create: pid=293 profname=fpcNm_SET_BG_OBJ_e (733) profile=0x7aceb64f08 procSize=1664 unkSize=0
[DEBUG | dusk] fpcSCtRq_phase_CreateProcess: fpcBs_Create OK proc=0xb400007a090609dc
[DEBUG | dusk] [DIAG] fpcSCtRq_phase_Load: procName=733 ret=4
[DEBUG | dusk] fpcSCtRq_phase_CreateProcess: procName=733
[DEBUG | dusk] fpcBs_Create: pid=294 profname=fpcNm_SET_BG_OBJ_e (733) profile=0x7aceb64f08 procSize=1664 unkSize=0
[DEBUG | dusk] fpcSCtRq_phase_CreateProcess: fpcBs_Create OK proc=0xb400007a0906033c
[DEBUG | dusk] [DIAG] fpcSCtRq_phase_Load: procName=696 ret=4
[DEBUG | dusk] fpcSCtRq_phase_CreateProcess: procName=696
[DEBUG | dusk] fpcBs_Create: pid=295 profname=fpcNm_KYTAG14_e (696) profile=0x7aceb67e28 procSize=1640 unkSize=0
[DEBUG | dusk] fpcSCtRq_phase_CreateProcess: fpcBs_Create OK proc=0xb400007a0905fcb4
[DEBUG | dusk] [DIAG] fpcSCtRq_phase_Load: procName=696 ret=4
[DEBUG | dusk] fpcSCtRq_phase_CreateProcess: procName=696
[DEBUG | dusk] fpcBs_Create: pid=296 profname=fpcNm_KYTAG14_e (696) profile=0x7aceb67e28 procSize=1640 unkSize=0
[DEBUG | dusk] fpcSCtRq_phase_CreateProcess: fpcBs_Create OK proc=0xb400007a0905f080
[DEBUG | dusk] [DIAG] fpcSCtRq_phase_Load: procName=784 ret=4
[DEBUG | dusk] fpcSCtRq_phase_CreateProcess: procName=784
[DEBUG | dusk] fpcBs_Create: pid=297 profname=fpcNm_GRASS_e (784) profile=0x7aceb67ae8 procSize=1640 unkSize=0
[DEBUG | dusk] fpcSCtRq_phase_CreateProcess: fpcBs_Create OK proc=0xb400007a0905e9f8
[DEBUG | dusk] [DIAG] fpcSCtRq_phase_Load: procName=784 ret=4
[DEBUG | dusk] fpcSCtRq_phase_CreateProcess: procName=784
[DEBUG | dusk] fpcBs_Create: pid=298 profname=fpcNm_GRASS_e (784) profile=0x7aceb67ae8 procSize=1640 unkSize=0
[DEBUG | dusk] fpcSCtRq_phase_CreateProcess: fpcBs_Create OK proc=0xb400007a0905e370
[DEBUG | dusk] [DIAG] fpcSCtRq_phase_Load: procName=784 ret=4
[DEBUG | dusk] fpcSCtRq_phase_CreateProcess: procName=784
[DEBUG | dusk] fpcBs_Create: pid=299 profname=fpcNm_GRASS_e (784) profile=0x7aceb67ae8 procSize=1640 unkSize=0
[DEBUG | dusk] fpcSCtRq_phase_CreateProcess: fpcBs_Create OK proc=0xb400007a0905dce8
[DEBUG | dusk] [DIAG] fpcSCtRq_phase_Load: procName=784 ret=4
[DEBUG | dusk] fpcSCtRq_phase_CreateProcess: procName=784
[DEBUG | dusk] fpcBs_Create: pid=300 profname=fpcNm_GRASS_e (784) profile=0x7aceb67ae8 procSize=1640 unkSize=0
[DEBUG | dusk] fpcSCtRq_phase_CreateProcess: fpcBs_Create OK proc=0xb400007a0905d660
[DEBUG | dusk] [DIAG] fpcSCtRq_phase_Load: procName=784 ret=4
[DEBUG | dusk] fpcSCtRq_phase_CreateProcess: procName=784
[DEBUG | dusk] fpcBs_Create: pid=301 profname=fpcNm_GRASS_e (784) profile=0x7aceb67ae8 procSize=1640 unkSize=0
[DEBUG | dusk] fpcSCtRq_phase_CreateProcess: fpcBs_Create OK proc=0xb400007a09055e18
[DEBUG | dusk] [DIAG] fpcSCtRq_phase_Load: procName=784 ret=4
[DEBUG | dusk] fpcSCtRq_phase_CreateProcess: procName=784
[DEBUG | dusk] fpcBs_Create: pid=302 profname=fpcNm_GRASS_e (784) profile=0x7aceb67ae8 procSize=1640 unkSize=0
[DEBUG | dusk] fpcSCtRq_phase_CreateProcess: fpcBs_Create OK proc=0xb400007a09055790
[DEBUG | dusk] [DIAG] fpcSCtRq_phase_Load: procName=784 ret=4
[DEBUG | dusk] fpcSCtRq_phase_CreateProcess: procName=784
[DEBUG | dusk] fpcBs_Create: pid=303 profname=fpcNm_GRASS_e (784) profile=0x7aceb67ae8 procSize=1640 unkSize=0
[DEBUG | dusk] fpcSCtRq_phase_CreateProcess: fpcBs_Create OK proc=0xb400007a09055108
[DEBUG | dusk] [DIAG] fpcSCtRq_phase_Load: procName=784 ret=4
[DEBUG | dusk] fpcSCtRq_phase_CreateProcess: procName=784
[DEBUG | dusk] fpcBs_Create: pid=304 profname=fpcNm_GRASS_e (784) profile=0x7aceb67ae8 procSize=1640 unkSize=0
[DEBUG | dusk] fpcSCtRq_phase_CreateProcess: fpcBs_Create OK proc=0xb400007a09054a80
[DEBUG | dusk] [DIAG] fpcSCtRq_phase_Load: procName=784 ret=4
[DEBUG | dusk] fpcSCtRq_phase_CreateProcess: procName=784
[DEBUG | dusk] fpcBs_Create: pid=305 profname=fpcNm_GRASS_e (784) profile=0x7aceb67ae8 procSize=1640 unkSize=0
[DEBUG | dusk] fpcSCtRq_phase_CreateProcess: fpcBs_Create OK proc=0xb400007a090543f8
[DEBUG | dusk] [DIAG] fpcSCtRq_phase_Load: procName=784 ret=4
[DEBUG | dusk] fpcSCtRq_phase_CreateProcess: procName=784
[DEBUG | dusk] fpcBs_Create: pid=306 profname=fpcNm_GRASS_e (784) profile=0x7aceb67ae8 procSize=1640 unkSize=0
[DEBUG | dusk] fpcSCtRq_phase_CreateProcess: fpcBs_Create OK proc=0xb400007a09053d70
[DEBUG | dusk] [DIAG] fpcSCtRq_phase_Load: procName=784 ret=4
[DEBUG | dusk] fpcSCtRq_phase_CreateProcess: procName=784
[DEBUG | dusk] fpcBs_Create: pid=307 profname=fpcNm_GRASS_e (784) profile=0x7aceb67ae8 procSize=1640 unkSize=0
[DEBUG | dusk] fpcSCtRq_phase_CreateProcess: fpcBs_Create OK proc=0xb400007a090536e8
[DEBUG | dusk] [DIAG] fpcSCtRq_phase_Load: procName=784 ret=4
[DEBUG | dusk] fpcSCtRq_phase_CreateProcess: procName=784
[DEBUG | dusk] fpcBs_Create: pid=308 profname=fpcNm_GRASS_e (784) profile=0x7aceb67ae8 procSize=1640 unkSize=0
[DEBUG | dusk] fpcSCtRq_phase_CreateProcess: fpcBs_Create OK proc=0xb400007a09053060
[DEBUG | dusk] [DIAG] fpcSCtRq_phase_Load: procName=784 ret=4
[DEBUG | dusk] fpcSCtRq_phase_CreateProcess: procName=784
[DEBUG | dusk] fpcBs_Create: pid=309 profname=fpcNm_GRASS_e (784) profile=0x7aceb67ae8 procSize=1640 unkSize=0
[DEBUG | dusk] fpcSCtRq_phase_CreateProcess: fpcBs_Create OK proc=0xb400007a090529d8
[DEBUG | dusk] [DIAG] fpcSCtRq_phase_Load: procName=784 ret=4
[DEBUG | dusk] fpcSCtRq_phase_CreateProcess: procName=784
[DEBUG | dusk] fpcBs_Create: pid=310 profname=fpcNm_GRASS_e (784) profile=0x7aceb67ae8 procSize=1640 unkSize=0
[DEBUG | dusk] fpcSCtRq_phase_CreateProcess: fpcBs_Create OK proc=0xb400007a09052350
[DEBUG | dusk] [DIAG] fpcSCtRq_phase_Load: procName=784 ret=4
[DEBUG | dusk] fpcSCtRq_phase_CreateProcess: procName=784
[DEBUG | dusk] fpcBs_Create: pid=311 profname=fpcNm_GRASS_e (784) profile=0x7aceb67ae8 procSize=1640 unkSize=0
[DEBUG | dusk] fpcSCtRq_phase_CreateProcess: fpcBs_Create OK proc=0xb400007a09051cc8
[DEBUG | dusk] [DIAG] fpcSCtRq_phase_Load: procName=784 ret=4
[DEBUG | dusk] fpcSCtRq_phase_CreateProcess: procName=784
[DEBUG | dusk] fpcBs_Create: pid=312 profname=fpcNm_GRASS_e (784) profile=0x7aceb67ae8 procSize=1640 unkSize=0
[DEBUG | dusk] fpcSCtRq_phase_CreateProcess: fpcBs_Create OK proc=0xb400007a09051640
[DEBUG | dusk] [DIAG] fpcSCtRq_phase_Load: procName=784 ret=4
[DEBUG | dusk] fpcSCtRq_phase_CreateProcess: procName=784
[DEBUG | dusk] fpcBs_Create: pid=313 profname=fpcNm_GRASS_e (784) profile=0x7aceb67ae8 procSize=1640 unkSize=0
[DEBUG | dusk] fpcSCtRq_phase_CreateProcess: fpcBs_Create OK proc=0xb400007a09050fb8
[DEBUG | dusk] [DIAG] fpcSCtRq_phase_Load: procName=784 ret=4
[DEBUG | dusk] fpcSCtRq_phase_CreateProcess: procName=784
[DEBUG | dusk] fpcBs_Create: pid=314 profname=fpcNm_GRASS_e (784) profile=0x7aceb67ae8 procSize=1640 unkSize=0
[DEBUG | dusk] fpcSCtRq_phase_CreateProcess: fpcBs_Create OK proc=0xb400007a09050930
[DEBUG | dusk] [DIAG] fpcSCtRq_phase_Load: procName=784 ret=4
[DEBUG | dusk] fpcSCtRq_phase_CreateProcess: procName=784
[DEBUG | dusk] fpcBs_Create: pid=315 profname=fpcNm_GRASS_e (784) profile=0x7aceb67ae8 procSize=1640 unkSize=0
[DEBUG | dusk] fpcSCtRq_phase_CreateProcess: fpcBs_Create OK proc=0xb400007a090502a8
[DEBUG | dusk] [DIAG] fpcSCtRq_phase_Load: procName=784 ret=4
[DEBUG | dusk] fpcSCtRq_phase_CreateProcess: procName=784
[DEBUG | dusk] fpcBs_Create: pid=316 profname=fpcNm_GRASS_e (784) profile=0x7aceb67ae8 procSize=1640 unkSize=0
[DEBUG | dusk] fpcSCtRq_phase_CreateProcess: fpcBs_Create OK proc=0xb400007a0904fc20
[DEBUG | dusk] [DIAG] fpcSCtRq_phase_Load: procName=784 ret=4
[DEBUG | dusk] fpcSCtRq_phase_CreateProcess: procName=784
[DEBUG | dusk] fpcBs_Create: pid=317 profname=fpcNm_GRASS_e (784) profile=0x7aceb67ae8 procSize=1640 unkSize=0
[DEBUG | dusk] fpcSCtRq_phase_CreateProcess: fpcBs_Create OK proc=0xb400007a0904f598
[DEBUG | dusk] [DIAG] fpcSCtRq_phase_Load: procName=784 ret=4
[DEBUG | dusk] fpcSCtRq_phase_CreateProcess: procName=784
[DEBUG | dusk] fpcBs_Create: pid=318 profname=fpcNm_GRASS_e (784) profile=0x7aceb67ae8 procSize=1640 unkSize=0
[DEBUG | dusk] fpcSCtRq_phase_CreateProcess: fpcBs_Create OK proc=0xb400007a0904ef10
[DEBUG | dusk] [DIAG] fpcSCtRq_phase_Load: procName=784 ret=4
[DEBUG | dusk] fpcSCtRq_phase_CreateProcess: procName=784
[DEBUG | dusk] fpcBs_Create: pid=319 profname=fpcNm_GRASS_e (784) profile=0x7aceb67ae8 procSize=1640 unkSize=0
[DEBUG | dusk] fpcSCtRq_phase_CreateProcess: fpcBs_Create OK proc=0xb400007a0904e888
[DEBUG | dusk] [DIAG] fpcSCtRq_phase_Load: procName=784 ret=4
[DEBUG | dusk] fpcSCtRq_phase_CreateProcess: procName=784
[DEBUG | dusk] fpcBs_Create: pid=320 profname=fpcNm_GRASS_e (784) profile=0x7aceb67ae8 procSize=1640 unkSize=0
[DEBUG | dusk] fpcSCtRq_phase_CreateProcess: fpcBs_Create OK proc=0xb400007a090111d4
[DEBUG | dusk] [DIAG] fpcSCtRq_phase_Load: procName=784 ret=4
[DEBUG | dusk] fpcSCtRq_phase_CreateProcess: procName=784
[DEBUG | dusk] fpcBs_Create: pid=321 profname=fpcNm_GRASS_e (784) profile=0x7aceb67ae8 procSize=1640 unkSize=0
[DEBUG | dusk] fpcSCtRq_phase_CreateProcess: fpcBs_Create OK proc=0xb400007a09010b4c
[DEBUG | dusk] [DIAG] fpcSCtRq_phase_Load: procName=784 ret=4
[DEBUG | dusk] fpcSCtRq_phase_CreateProcess: procName=784
[DEBUG | dusk] fpcBs_Create: pid=322 profname=fpcNm_GRASS_e (784) profile=0x7aceb67ae8 procSize=1640 unkSize=0
[DEBUG | dusk] fpcSCtRq_phase_CreateProcess: fpcBs_Create OK proc=0xb400007a090104c4
[DEBUG | dusk] [DIAG] fpcSCtRq_phase_Load: procName=784 ret=4
[DEBUG | dusk] fpcSCtRq_phase_CreateProcess: procName=784
[DEBUG | dusk] fpcBs_Create: pid=323 profname=fpcNm_GRASS_e (784) profile=0x7aceb67ae8 procSize=1640 unkSize=0
[DEBUG | dusk] fpcSCtRq_phase_CreateProcess: fpcBs_Create OK proc=0xb400007a0900fe3c
[DEBUG | dusk] [DIAG] fpcSCtRq_phase_Load: procName=784 ret=4
[DEBUG | dusk] fpcSCtRq_phase_CreateProcess: procName=784
[DEBUG | dusk] fpcBs_Create: pid=324 profname=fpcNm_GRASS_e (784) profile=0x7aceb67ae8 procSize=1640 unkSize=0
[DEBUG | dusk] fpcSCtRq_phase_CreateProcess: fpcBs_Create OK proc=0xb400007a0900f7b4
[DEBUG | dusk] [DIAG] fpcSCtRq_phase_Load: procName=784 ret=4
[DEBUG | dusk] fpcSCtRq_phase_CreateProcess: procName=784
[DEBUG | dusk] fpcBs_Create: pid=325 profname=fpcNm_GRASS_e (784) profile=0x7aceb67ae8 procSize=1640 unkSize=0
[DEBUG | dusk] fpcSCtRq_phase_CreateProcess: fpcBs_Create OK proc=0xb400007a0900f12c
[DEBUG | dusk] [DIAG] fpcSCtRq_phase_Load: procName=784 ret=4
[DEBUG | dusk] fpcSCtRq_phase_CreateProcess: procName=784
[DEBUG | dusk] fpcBs_Create: pid=326 profname=fpcNm_GRASS_e (784) profile=0x7aceb67ae8 procSize=1640 unkSize=0
[DEBUG | dusk] fpcSCtRq_phase_CreateProcess: fpcBs_Create OK proc=0xb400007a0900eaa4
[DEBUG | dusk] [DIAG] fpcSCtRq_phase_Load: procName=784 ret=4
[DEBUG | dusk] fpcSCtRq_phase_CreateProcess: procName=784
[DEBUG | dusk] fpcBs_Create: pid=327 profname=fpcNm_GRASS_e (784) profile=0x7aceb67ae8 procSize=1640 unkSize=0
[DEBUG | dusk] fpcSCtRq_phase_CreateProcess: fpcBs_Create OK proc=0xb400007a0900e41c
[DEBUG | dusk] [DIAG] fpcSCtRq_phase_Load: procName=784 ret=4
[DEBUG | dusk] fpcSCtRq_phase_CreateProcess: procName=784
[DEBUG | dusk] fpcBs_Create: pid=328 profname=fpcNm_GRASS_e (784) profile=0x7aceb67ae8 procSize=1640 unkSize=0
[DEBUG | dusk] fpcSCtRq_phase_CreateProcess: fpcBs_Create OK proc=0xb400007a0900dd94
[DEBUG | dusk] [DIAG] fpcSCtRq_phase_Load: procName=784 ret=4
[DEBUG | dusk] fpcSCtRq_phase_CreateProcess: procName=784
[DEBUG | dusk] fpcBs_Create: pid=329 profname=fpcNm_GRASS_e (784) profile=0x7aceb67ae8 procSize=1640 unkSize=0
[DEBUG | dusk] fpcSCtRq_phase_CreateProcess: fpcBs_Create OK proc=0xb400007a0900d70c
[DEBUG | dusk] [DIAG] fpcSCtRq_phase_Load: procName=784 ret=4
[DEBUG | dusk] fpcSCtRq_phase_CreateProcess: procName=784
[DEBUG | dusk] fpcBs_Create: pid=330 profname=fpcNm_GRASS_e (784) profile=0x7aceb67ae8 procSize=1640 unkSize=0
[DEBUG | dusk] fpcSCtRq_phase_CreateProcess: fpcBs_Create OK proc=0xb400007a0900d084
[DEBUG | dusk] [DIAG] fpcSCtRq_phase_Load: procName=784 ret=4
[DEBUG | dusk] fpcSCtRq_phase_CreateProcess: procName=784
[DEBUG | dusk] fpcBs_Create: pid=331 profname=fpcNm_GRASS_e (784) profile=0x7aceb67ae8 procSize=1640 unkSize=0
[DEBUG | dusk] fpcSCtRq_phase_CreateProcess: fpcBs_Create OK proc=0xb400007a0900c9fc
[DEBUG | dusk] [DIAG] fpcSCtRq_phase_Load: procName=784 ret=4
[DEBUG | dusk] fpcSCtRq_phase_CreateProcess: procName=784
[DEBUG | dusk] fpcBs_Create: pid=332 profname=fpcNm_GRASS_e (784) profile=0x7aceb67ae8 procSize=1640 unkSize=0
[DEBUG | dusk] fpcSCtRq_phase_CreateProcess: fpcBs_Create OK proc=0xb400007a0900c374
[DEBUG | dusk] [DIAG] fpcSCtRq_phase_Load: procName=784 ret=4
[DEBUG | dusk] fpcSCtRq_phase_CreateProcess: procName=784
[DEBUG | dusk] fpcBs_Create: pid=333 profname=fpcNm_GRASS_e (784) profile=0x7aceb67ae8 procSize=1640 unkSize=0
[DEBUG | dusk] fpcSCtRq_phase_CreateProcess: fpcBs_Create OK proc=0xb400007a0900bcec
[DEBUG | dusk] [DIAG] fpcSCtRq_phase_Load: procName=784 ret=4
[DEBUG | dusk] fpcSCtRq_phase_CreateProcess: procName=784
[DEBUG | dusk] fpcBs_Create: pid=334 profname=fpcNm_GRASS_e (784) profile=0x7aceb67ae8 procSize=1640 unkSize=0
[DEBUG | dusk] fpcSCtRq_phase_CreateProcess: fpcBs_Create OK proc=0xb400007a0900b664
[DEBUG | dusk] [DIAG] fpcSCtRq_phase_Load: procName=784 ret=4
[DEBUG | dusk] fpcSCtRq_phase_CreateProcess: procName=784
[DEBUG | dusk] fpcBs_Create: pid=335 profname=fpcNm_GRASS_e (784) profile=0x7aceb67ae8 procSize=1640 unkSize=0
[DEBUG | dusk] fpcSCtRq_phase_CreateProcess: fpcBs_Create OK proc=0xb400007a0900afdc
[DEBUG | dusk] [DIAG] fpcSCtRq_phase_Load: procName=733 ret=4
[DEBUG | dusk] fpcSCtRq_phase_CreateProcess: procName=733
[DEBUG | dusk] fpcBs_Create: pid=336 profname=fpcNm_SET_BG_OBJ_e (733) profile=0x7aceb64f08 procSize=1664 unkSize=0
[DEBUG | dusk] fpcSCtRq_phase_CreateProcess: fpcBs_Create OK proc=0xb400007a0900a93c
[DEBUG | dusk] [DIAG] fpcSCtRq_phase_Load: procName=733 ret=4
[DEBUG | dusk] fpcSCtRq_phase_CreateProcess: procName=733
[DEBUG | dusk] fpcBs_Create: pid=337 profname=fpcNm_SET_BG_OBJ_e (733) profile=0x7aceb64f08 procSize=1664 unkSize=0
[DEBUG | dusk] fpcSCtRq_phase_CreateProcess: fpcBs_Create OK proc=0xb400007a0900a29c
[DEBUG | dusk] [DIAG] fpcSCtRq_phase_Load: procName=733 ret=4
[DEBUG | dusk] fpcSCtRq_phase_CreateProcess: procName=733
[DEBUG | dusk] fpcBs_Create: pid=338 profname=fpcNm_SET_BG_OBJ_e (733) profile=0x7aceb64f08 procSize=1664 unkSize=0
[DEBUG | dusk] fpcSCtRq_phase_CreateProcess: fpcBs_Create OK proc=0xb400007a09009bfc
[DEBUG | dusk] [DIAG] fpcSCtRq_phase_Load: procName=733 ret=4
[DEBUG | dusk] fpcSCtRq_phase_CreateProcess: procName=733
[DEBUG | dusk] fpcBs_Create: pid=339 profname=fpcNm_SET_BG_OBJ_e (733) profile=0x7aceb64f08 procSize=1664 unkSize=0
[DEBUG | dusk] fpcSCtRq_phase_CreateProcess: fpcBs_Create OK proc=0xb400007a0900955c
[DEBUG | dusk] [DIAG] fpcSCtRq_phase_Load: procName=733 ret=4
[DEBUG | dusk] fpcSCtRq_phase_CreateProcess: procName=733
[DEBUG | dusk] fpcBs_Create: pid=340 profname=fpcNm_SET_BG_OBJ_e (733) profile=0x7aceb64f08 procSize=1664 unkSize=0
[DEBUG | dusk] fpcSCtRq_phase_CreateProcess: fpcBs_Create OK proc=0xb400007a09008ebc
[DEBUG | dusk] [DIAG] fpcSCtRq_phase_Load: procName=564 ret=4
[DEBUG | dusk] fpcSCtRq_phase_CreateProcess: procName=564
[DEBUG | dusk] fpcBs_Create: pid=341 profname=fpcNm_NPC_GRA_e (564) profile=0x7aceb79788 procSize=7056 unkSize=0
[DEBUG | dusk] fpcSCtRq_phase_CreateProcess: fpcBs_Create OK proc=0xb400007a0900730c
[DEBUG | dusk] [DIAG] fpcSCtRq_phase_Load: procName=764 ret=4
[DEBUG | dusk] fpcSCtRq_phase_CreateProcess: procName=764
[DEBUG | dusk] fpcBs_Create: pid=342 profname=fpcNm_Obj_Carry_e (764) profile=0x7aceb64960 procSize=4768 unkSize=0
[DEBUG | dusk] fpcSCtRq_phase_CreateProcess: fpcBs_Create OK proc=0xb400007a0900604c
[DEBUG | dusk] [DIAG] fpcSCtRq_phase_Load: procName=764 ret=4
[DEBUG | dusk] fpcSCtRq_phase_CreateProcess: procName=764
[DEBUG | dusk] fpcBs_Create: pid=343 profname=fpcNm_Obj_Carry_e (764) profile=0x7aceb64960 procSize=4768 unkSize=0
[DEBUG | dusk] fpcSCtRq_phase_CreateProcess: fpcBs_Create OK proc=0xb400007a09004d8c
[DEBUG | dusk] [DIAG] fpcSCtRq_phase_Load: procName=764 ret=4
[DEBUG | dusk] fpcSCtRq_phase_CreateProcess: procName=764
[DEBUG | dusk] fpcBs_Create: pid=344 profname=fpcNm_Obj_Carry_e (764) profile=0x7aceb64960 procSize=4768 unkSize=0
[DEBUG | dusk] fpcSCtRq_phase_CreateProcess: fpcBs_Create OK proc=0xb400007a09003acc
[DEBUG | dusk] [DIAG] fpcSCtRq_phase_Load: procName=702 ret=4
[DEBUG | dusk] fpcSCtRq_phase_CreateProcess: procName=702
[DEBUG | dusk] fpcBs_Create: pid=345 profname=fpcNm_Obj_Crope_e (702) profile=0x7aceb87a50 procSize=4736 unkSize=0
[DEBUG | dusk] fpcSCtRq_phase_CreateProcess: fpcBs_Create OK proc=0xb400007a0900282c
[DEBUG | dusk] [DIAG] fpcSCtRq_phase_Load: procName=702 ret=4
[DEBUG | dusk] fpcSCtRq_phase_CreateProcess: procName=702
[DEBUG | dusk] fpcBs_Create: pid=346 profname=fpcNm_Obj_Crope_e (702) profile=0x7aceb87a50 procSize=4736 unkSize=0
[DEBUG | dusk] fpcSCtRq_phase_CreateProcess: fpcBs_Create OK proc=0xb400007a0900158c
[DEBUG | dusk] [DIAG] fpcSCtRq_phase_Load: procName=710 ret=4
[DEBUG | dusk] fpcSCtRq_phase_CreateProcess: procName=710
[DEBUG | dusk] fpcBs_Create: pid=347 profname=fpcNm_Tag_Sppath_e (710) profile=0x7aceb9d400 procSize=2192 unkSize=0
[DEBUG | dusk] fpcSCtRq_phase_CreateProcess: fpcBs_Create OK proc=0xb400007a09000cdc
[DEBUG | dusk] [DIAG] fpcSCtRq_phase_Load: procName=784 ret=4
[DEBUG | dusk] fpcSCtRq_phase_CreateProcess: procName=784
[DEBUG | dusk] fpcBs_Create: pid=348 profname=fpcNm_GRASS_e (784) profile=0x7aceb67ae8 procSize=1640 unkSize=0
[DEBUG | dusk] fpcSCtRq_phase_CreateProcess: fpcBs_Create OK proc=0xb400007a09000654
[DEBUG | dusk] [DIAG] fpcSCtRq_phase_Load: procName=784 ret=4
[DEBUG | dusk] fpcSCtRq_phase_CreateProcess: procName=784
[DEBUG | dusk] fpcBs_Create: pid=349 profname=fpcNm_GRASS_e (784) profile=0x7aceb67ae8 procSize=1640 unkSize=0
[DEBUG | dusk] fpcSCtRq_phase_CreateProcess: fpcBs_Create OK proc=0xb400007a08ffffcc
[DEBUG | dusk] [DIAG] fpcSCtRq_phase_Load: procName=784 ret=4
[DEBUG | dusk] fpcSCtRq_phase_CreateProcess: procName=784
[DEBUG | dusk] fpcBs_Create: pid=350 profname=fpcNm_GRASS_e (784) profile=0x7aceb67ae8 procSize=1640 unkSize=0
[DEBUG | dusk] fpcSCtRq_phase_CreateProcess: fpcBs_Create OK proc=0xb400007a08fff944
[DEBUG | dusk] [DIAG] fpcSCtRq_phase_Load: procName=784 ret=4
[DEBUG | dusk] fpcSCtRq_phase_CreateProcess: procName=784
[DEBUG | dusk] fpcBs_Create: pid=351 profname=fpcNm_GRASS_e (784) profile=0x7aceb67ae8 procSize=1640 unkSize=0
[DEBUG | dusk] fpcSCtRq_phase_CreateProcess: fpcBs_Create OK proc=0xb400007a08fff2bc
[DEBUG | dusk] [DIAG] fpcSCtRq_phase_Load: procName=784 ret=4
[DEBUG | dusk] fpcSCtRq_phase_CreateProcess: procName=784
[DEBUG | dusk] fpcBs_Create: pid=352 profname=fpcNm_GRASS_e (784) profile=0x7aceb67ae8 procSize=1640 unkSize=0
[DEBUG | dusk] fpcSCtRq_phase_CreateProcess: fpcBs_Create OK proc=0xb400007a08ffec34
[DEBUG | dusk] [DIAG] fpcSCtRq_phase_Load: procName=784 ret=4
[DEBUG | dusk] fpcSCtRq_phase_CreateProcess: procName=784
[DEBUG | dusk] fpcBs_Create: pid=353 profname=fpcNm_GRASS_e (784) profile=0x7aceb67ae8 procSize=1640 unkSize=0
[DEBUG | dusk] fpcSCtRq_phase_CreateProcess: fpcBs_Create OK proc=0xb400007a08ffe5ac
[DEBUG | dusk] [DIAG] fpcSCtRq_phase_Load: procName=481 ret=4
[DEBUG | dusk] fpcSCtRq_phase_CreateProcess: procName=481
[DEBUG | dusk] fpcBs_Create: pid=354 profname=fpcNm_E_HP_e (481) profile=0x7aceb70b38 procSize=4968 unkSize=0
[DEBUG | dusk] fpcSCtRq_phase_CreateProcess: fpcBs_Create OK proc=0xb400007a08ffd224
[DEBUG | dusk] [DIAG] fpcSCtRq_phase_Load: procName=765 ret=4
[DEBUG | dusk] fpcSCtRq_phase_CreateProcess: procName=765
[DEBUG | dusk] fpcBs_Create: pid=355 profname=fpcNm_Obj_Stone_e (765) profile=0x7aceb96480 procSize=3192 unkSize=0
[DEBUG | dusk] fpcSCtRq_phase_CreateProcess: fpcBs_Create OK proc=0xb400007a08ffc58c
[DEBUG | dusk] [DIAG] fpcSCtRq_phase_Load: procName=765 ret=4
[DEBUG | dusk] fpcSCtRq_phase_CreateProcess: procName=765
[DEBUG | dusk] fpcBs_Create: pid=356 profname=fpcNm_Obj_Stone_e (765) profile=0x7aceb96480 procSize=3192 unkSize=0
[DEBUG | dusk] fpcSCtRq_phase_CreateProcess: fpcBs_Create OK proc=0xb400007a08ffb8f4
[DEBUG | dusk] [DIAG] fpcSCtRq_phase_Load: procName=765 ret=4
[DEBUG | dusk] fpcSCtRq_phase_CreateProcess: procName=765
[DEBUG | dusk] fpcBs_Create: pid=357 profname=fpcNm_Obj_Stone_e (765) profile=0x7aceb96480 procSize=3192 unkSize=0
[DEBUG | dusk] fpcSCtRq_phase_CreateProcess: fpcBs_Create OK proc=0xb400007a08ffac5c
[DEBUG | dusk] [DIAG] fpcSCtRq_phase_Load: procName=765 ret=4
[DEBUG | dusk] fpcSCtRq_phase_CreateProcess: procName=765
[DEBUG | dusk] fpcBs_Create: pid=358 profname=fpcNm_Obj_Stone_e (765) profile=0x7aceb96480 procSize=3192 unkSize=0
[DEBUG | dusk] fpcSCtRq_phase_CreateProcess: fpcBs_Create OK proc=0xb400007a08ff9fc4
[DEBUG | dusk] [DIAG] fpcSCtRq_phase_Load: procName=765 ret=4
[DEBUG | dusk] fpcSCtRq_phase_CreateProcess: procName=765
[DEBUG | dusk] fpcBs_Create: pid=359 profname=fpcNm_Obj_Stone_e (765) profile=0x7aceb96480 procSize=3192 unkSize=0
[DEBUG | dusk] fpcSCtRq_phase_CreateProcess: fpcBs_Create OK proc=0xb400007a08ff932c
[DEBUG | dusk] [DIAG] fpcSCtRq_phase_Load: procName=765 ret=4
[DEBUG | dusk] fpcSCtRq_phase_CreateProcess: procName=765
[DEBUG | dusk] fpcBs_Create: pid=360 profname=fpcNm_Obj_Stone_e (765) profile=0x7aceb96480 procSize=3192 unkSize=0
[DEBUG | dusk] fpcSCtRq_phase_CreateProcess: fpcBs_Create OK proc=0xb400007a08ff8694
[DEBUG | dusk] [DIAG] fpcSCtRq_phase_Load: procName=765 ret=4
[DEBUG | dusk] fpcSCtRq_phase_CreateProcess: procName=765
[DEBUG | dusk] fpcBs_Create: pid=361 profname=fpcNm_Obj_Stone_e (765) profile=0x7aceb96480 procSize=3192 unkSize=0
[DEBUG | dusk] fpcSCtRq_phase_CreateProcess: fpcBs_Create OK proc=0xb400007a08ff79fc
[DEBUG | dusk] [DIAG] fpcSCtRq_phase_Load: procName=765 ret=4
[DEBUG | dusk] fpcSCtRq_phase_CreateProcess: procName=765
[DEBUG | dusk] fpcBs_Create: pid=362 profname=fpcNm_Obj_Stone_e (765) profile=0x7aceb96480 procSize=3192 unkSize=0
[DEBUG | dusk] fpcSCtRq_phase_CreateProcess: fpcBs_Create OK proc=0xb400007a08ff6d64
[DEBUG | dusk] [DIAG] fpcSCtRq_phase_Load: procName=733 ret=4
[DEBUG | dusk] fpcSCtRq_phase_CreateProcess: procName=733
[DEBUG | dusk] fpcBs_Create: pid=363 profname=fpcNm_SET_BG_OBJ_e (733) profile=0x7aceb64f08 procSize=1664 unkSize=0
[DEBUG | dusk] fpcSCtRq_phase_CreateProcess: fpcBs_Create OK proc=0xb400007a08ff66c4
[DEBUG | dusk] [DIAG] fpcSCtRq_phase_Load: procName=733 ret=4
[DEBUG | dusk] fpcSCtRq_phase_CreateProcess: procName=733
[DEBUG | dusk] fpcBs_Create: pid=364 profname=fpcNm_SET_BG_OBJ_e (733) profile=0x7aceb64f08 procSize=1664 unkSize=0
[DEBUG | dusk] fpcSCtRq_phase_CreateProcess: fpcBs_Create OK proc=0xb400007a08ff6024
[DEBUG | dusk] [DIAG] fpcSCtRq_phase_Load: procName=561 ret=4
[DEBUG | dusk] fpcSCtRq_phase_CreateProcess: procName=561
[DEBUG | dusk] fpcBs_Create: pid=365 profname=fpcNm_ANDSW2_e (561) profile=0x7aceb66e70 procSize=1632 unkSize=0
[DEBUG | dusk] fpcSCtRq_phase_CreateProcess: fpcBs_Create OK proc=0xb400007a08ff59a4
[DEBUG | dusk] [DIAG] fpcSCtRq_phase_Load: procName=784 ret=4
[DEBUG | dusk] fpcSCtRq_phase_CreateProcess: procName=784
[DEBUG | dusk] fpcBs_Create: pid=366 profname=fpcNm_GRASS_e (784) profile=0x7aceb67ae8 procSize=1640 unkSize=0
[DEBUG | dusk] fpcSCtRq_phase_CreateProcess: fpcBs_Create OK proc=0xb400007a08ff531c
[DEBUG | dusk] [DIAG] fpcSCtRq_phase_Load: procName=784 ret=4
[DEBUG | dusk] fpcSCtRq_phase_CreateProcess: procName=784
[DEBUG | dusk] fpcBs_Create: pid=367 profname=fpcNm_GRASS_e (784) profile=0x7aceb67ae8 procSize=1640 unkSize=0
[DEBUG | dusk] fpcSCtRq_phase_CreateProcess: fpcBs_Create OK proc=0xb400007a08ff4c94
[DEBUG | dusk] [DIAG] fpcSCtRq_phase_Load: procName=733 ret=4
[DEBUG | dusk] fpcSCtRq_phase_CreateProcess: procName=733
[DEBUG | dusk] fpcBs_Create: pid=368 profname=fpcNm_SET_BG_OBJ_e (733) profile=0x7aceb64f08 procSize=1664 unkSize=0
[DEBUG | dusk] fpcSCtRq_phase_CreateProcess: fpcBs_Create OK proc=0xb400007a08ff45f4
[DEBUG | dusk] [DIAG] fpcSCtRq_phase_Load: procName=536 ret=4
[DEBUG | dusk] fpcSCtRq_phase_CreateProcess: procName=536
[DEBUG | dusk] fpcBs_Create: pid=369 profname=fpcNm_ITEM_e (536) profile=0x7aceb59848 procSize=3272 unkSize=0
[DEBUG | dusk] fpcSCtRq_phase_CreateProcess: fpcBs_Create OK proc=0xb400007a08ff390c
[DEBUG | dusk] [DIAG] fpcSCtRq_phase_Load: procName=536 ret=4
[DEBUG | dusk] fpcSCtRq_phase_CreateProcess: procName=536
[DEBUG | dusk] fpcBs_Create: pid=370 profname=fpcNm_ITEM_e (536) profile=0x7aceb59848 procSize=3272 unkSize=0
[DEBUG | dusk] fpcSCtRq_phase_CreateProcess: fpcBs_Create OK proc=0xb400007a08ff2c24
[DEBUG | dusk] [DIAG] fpcSCtRq_phase_Load: procName=536 ret=4
[DEBUG | dusk] fpcSCtRq_phase_CreateProcess: procName=536
[DEBUG | dusk] fpcBs_Create: pid=371 profname=fpcNm_ITEM_e (536) profile=0x7aceb59848 procSize=3272 unkSize=0
[DEBUG | dusk] fpcSCtRq_phase_CreateProcess: fpcBs_Create OK proc=0xb400007a08ff1f3c
[DEBUG | dusk] [DIAG] fpcSCtRq_phase_Load: procName=536 ret=4
[DEBUG | dusk] fpcSCtRq_phase_CreateProcess: procName=536
[DEBUG | dusk] fpcBs_Create: pid=372 profname=fpcNm_ITEM_e (536) profile=0x7aceb59848 procSize=3272 unkSize=0
[DEBUG | dusk] fpcSCtRq_phase_CreateProcess: fpcBs_Create OK proc=0xb400007a08ff1254
[DEBUG | dusk] [DIAG] fpcSCtRq_phase_Load: procName=536 ret=4
[DEBUG | dusk] fpcSCtRq_phase_CreateProcess: procName=536
[DEBUG | dusk] fpcBs_Create: pid=373 profname=fpcNm_ITEM_e (536) profile=0x7aceb59848 procSize=3272 unkSize=0
[DEBUG | dusk] fpcSCtRq_phase_CreateProcess: fpcBs_Create OK proc=0xb400007a08ff056c
[DEBUG | dusk] [DIAG] fpcSCtRq_phase_Load: procName=536 ret=4
[DEBUG | dusk] fpcSCtRq_phase_CreateProcess: procName=536
[DEBUG | dusk] fpcBs_Create: pid=374 profname=fpcNm_ITEM_e (536) profile=0x7aceb59848 procSize=3272 unkSize=0
[DEBUG | dusk] fpcSCtRq_phase_CreateProcess: fpcBs_Create OK proc=0xb400007a08fef884
[DEBUG | dusk] [DIAG] fpcSCtRq_phase_Load: procName=536 ret=4
[DEBUG | dusk] fpcSCtRq_phase_CreateProcess: procName=536
[DEBUG | dusk] fpcBs_Create: pid=375 profname=fpcNm_ITEM_e (536) profile=0x7aceb59848 procSize=3272 unkSize=0
[DEBUG | dusk] fpcSCtRq_phase_CreateProcess: fpcBs_Create OK proc=0xb400007a08feeb9c
[DEBUG | dusk] [DIAG] fpcSCtRq_phase_Load: procName=536 ret=4
[DEBUG | dusk] fpcSCtRq_phase_CreateProcess: procName=536
[DEBUG | dusk] fpcBs_Create: pid=376 profname=fpcNm_ITEM_e (536) profile=0x7aceb59848 procSize=3272 unkSize=0
[DEBUG | dusk] fpcSCtRq_phase_CreateProcess: fpcBs_Create OK proc=0xb400007a08fedeb4
[DEBUG | dusk] [DIAG] fpcSCtRq_phase_Load: procName=251 ret=4
[DEBUG | dusk] fpcSCtRq_phase_CreateProcess: procName=251
[DEBUG | dusk] fpcBs_Create: pid=377 profname=fpcNm_TBOX_e (251) profile=0x7aceb65d80 procSize=3328 unkSize=0
[DEBUG | dusk] fpcSCtRq_phase_CreateProcess: fpcBs_Create OK proc=0xb400007a08fed194
[DEBUG | dusk] [DIAG] fpcSCtRq_phase_Load: procName=251 ret=4
[DEBUG | dusk] fpcSCtRq_phase_CreateProcess: procName=251
[DEBUG | dusk] fpcBs_Create: pid=378 profname=fpcNm_TBOX_e (251) profile=0x7aceb65d80 procSize=3328 unkSize=0
[DEBUG | dusk] fpcSCtRq_phase_CreateProcess: fpcBs_Create OK proc=0xb400007a08fec474
[DEBUG | dusk] [DIAG] fpcSCtRq_phase_Load: procName=251 ret=4
[DEBUG | dusk] fpcSCtRq_phase_CreateProcess: procName=251
[DEBUG | dusk] fpcBs_Create: pid=379 profname=fpcNm_TBOX_e (251) profile=0x7aceb65d80 procSize=3328 unkSize=0
[DEBUG | dusk] fpcSCtRq_phase_CreateProcess: fpcBs_Create OK proc=0xb400007a08feb754
[DEBUG | dusk] [DIAG] fpcSCtRq_phase_Load: procName=780 ret=4
[DEBUG | dusk] fpcSCtRq_phase_CreateProcess: procName=780
[DEBUG | dusk] fpcBs_Create: pid=380 profname=fpcNm_SCENE_EXIT_e (780) profile=0x7aceb64e48 procSize=1680 unkSize=0
[DEBUG | dusk] fpcSCtRq_phase_CreateProcess: fpcBs_Create OK proc=0xb400007a08feb0a4
[DEBUG | dusk] [DIAG] fpcSCtRq_phase_Load: procName=780 ret=4
[DEBUG | dusk] fpcSCtRq_phase_CreateProcess: procName=780
[DEBUG | dusk] fpcBs_Create: pid=381 profname=fpcNm_SCENE_EXIT_e (780) profile=0x7aceb64e48 procSize=1680 unkSize=0
[DEBUG | dusk] fpcSCtRq_phase_CreateProcess: fpcBs_Create OK proc=0xb400007a08fea9f4
[DEBUG | dusk] [DIAG] fpcSCtRq_phase_Load: procName=549 ret=4
[DEBUG | dusk] fpcSCtRq_phase_CreateProcess: procName=549
[DEBUG | dusk] fpcBs_Create: pid=382 profname=fpcNm_SWC00_e (549) profile=0x7aceb6c4d0 procSize=1664 unkSize=0
[DEBUG | dusk] fpcSCtRq_phase_CreateProcess: fpcBs_Create OK proc=0xb400007a08fea354
[DEBUG | dusk] [DIAG] fpcSCtRq_phase_Load: procName=549 ret=4
[DEBUG | dusk] fpcSCtRq_phase_CreateProcess: procName=549
[DEBUG | dusk] fpcBs_Create: pid=383 profname=fpcNm_SWC00_e (549) profile=0x7aceb6c4d0 procSize=1664 unkSize=0
[DEBUG | dusk] fpcSCtRq_phase_CreateProcess: fpcBs_Create OK proc=0xb400007a08fe9cb4
[DEBUG | dusk] [DIAG] fpcSCtRq_phase_Load: procName=236 ret=4
[DEBUG | dusk] fpcSCtRq_phase_CreateProcess: procName=236
[DEBUG | dusk] fpcBs_Create: pid=384 profname=fpcNm_Tag_Hstop_e (236) profile=0x7aceb6cae8 procSize=1656 unkSize=0
[DEBUG | dusk] fpcSCtRq_phase_CreateProcess: fpcBs_Create OK proc=0xb400007a08fe961c
[DEBUG | dusk] [DIAG] fpcSCtRq_phase_Load: procName=34 ret=4
[DEBUG | dusk] fpcSCtRq_phase_CreateProcess: procName=34
[DEBUG | dusk] fpcBs_Create: pid=385 profname=fpcNm_TAG_GRA_e (34) profile=0x7aceb9c298 procSize=1632 unkSize=0
[DEBUG | dusk] fpcSCtRq_phase_CreateProcess: fpcBs_Create OK proc=0xb400007a08fe8f9c
[DEBUG | dusk] [DIAG] fpcSCtRq_phase_Load: procName=549 ret=4
[DEBUG | dusk] fpcSCtRq_phase_CreateProcess: procName=549
[DEBUG | dusk] fpcBs_Create: pid=386 profname=fpcNm_SWC00_e (549) profile=0x7aceb6c4d0 procSize=1664 unkSize=0
[DEBUG | dusk] fpcSCtRq_phase_CreateProcess: fpcBs_Create OK proc=0xb400007a09072dc8
[DEBUG | dusk] [DIAG] fpcSCtRq_phase_Load: procName=549 ret=4
[DEBUG | dusk] fpcSCtRq_phase_CreateProcess: procName=549
[DEBUG | dusk] fpcBs_Create: pid=387 profname=fpcNm_SWC00_e (549) profile=0x7aceb6c4d0 procSize=1664 unkSize=0
[DEBUG | dusk] fpcSCtRq_phase_CreateProcess: fpcBs_Create OK proc=0xb400007a08fe88fc
[DEBUG | dusk] [DIAG] fpcSCtRq_phase_Load: procName=549 ret=4
[DEBUG | dusk] fpcSCtRq_phase_CreateProcess: procName=549
[DEBUG | dusk] fpcBs_Create: pid=388 profname=fpcNm_SWC00_e (549) profile=0x7aceb6c4d0 procSize=1664 unkSize=0
[DEBUG | dusk] fpcSCtRq_phase_CreateProcess: fpcBs_Create OK proc=0xb400007a08fe825c
[DEBUG | dusk] [DIAG] fpcSCtRq_phase_Load: procName=780 ret=4
[DEBUG | dusk] fpcSCtRq_phase_CreateProcess: procName=780
[DEBUG | dusk] fpcBs_Create: pid=389 profname=fpcNm_SCENE_EXIT_e (780) profile=0x7aceb64e48 procSize=1680 unkSize=0
[DEBUG | dusk] fpcSCtRq_phase_CreateProcess: fpcBs_Create OK proc=0xb400007a08fe7bac
[DEBUG | dusk] [DIAG] fpcSCtRq_phase_Load: procName=780 ret=4
[DEBUG | dusk] fpcSCtRq_phase_CreateProcess: procName=780
[DEBUG | dusk] fpcBs_Create: pid=390 profname=fpcNm_SCENE_EXIT_e (780) profile=0x7aceb64e48 procSize=1680 unkSize=0
[DEBUG | dusk] fpcSCtRq_phase_CreateProcess: fpcBs_Create OK proc=0xb400007a08fe74fc
[DEBUG | dusk] [DIAG] fpcSCtRq_phase_Load: procName=780 ret=4
[DEBUG | dusk] fpcSCtRq_phase_CreateProcess: procName=780
[DEBUG | dusk] fpcBs_Create: pid=391 profname=fpcNm_SCENE_EXIT_e (780) profile=0x7aceb64e48 procSize=1680 unkSize=0
[DEBUG | dusk] fpcSCtRq_phase_CreateProcess: fpcBs_Create OK proc=0xb400007a08fe6e4c
[DEBUG | dusk] [DIAG] fpcSCtRq_phase_Load: procName=780 ret=4
[DEBUG | dusk] fpcSCtRq_phase_CreateProcess: procName=780
[DEBUG | dusk] fpcBs_Create: pid=392 profname=fpcNm_SCENE_EXIT_e (780) profile=0x7aceb64e48 procSize=1680 unkSize=0
[DEBUG | dusk] fpcSCtRq_phase_CreateProcess: fpcBs_Create OK proc=0xb400007a08fe679c
[DEBUG | dusk] [DIAG] fpcSCtRq_phase_Load: procName=780 ret=4
[DEBUG | dusk] fpcSCtRq_phase_CreateProcess: procName=780
[DEBUG | dusk] fpcBs_Create: pid=393 profname=fpcNm_SCENE_EXIT_e (780) profile=0x7aceb64e48 procSize=1680 unkSize=0
[DEBUG | dusk] fpcSCtRq_phase_CreateProcess: fpcBs_Create OK proc=0xb400007a08fe60ec
[DEBUG | dusk] [DIAG] fpcSCtRq_phase_Load: procName=780 ret=4
[DEBUG | dusk] fpcSCtRq_phase_CreateProcess: procName=780
[DEBUG | dusk] fpcBs_Create: pid=394 profname=fpcNm_SCENE_EXIT_e (780) profile=0x7aceb64e48 procSize=1680 unkSize=0
[DEBUG | dusk] fpcSCtRq_phase_CreateProcess: fpcBs_Create OK proc=0xb400007a09072400
[DEBUG | dusk] [DIAG] fpcSCtRq_phase_Load: procName=780 ret=4
[DEBUG | dusk] fpcSCtRq_phase_CreateProcess: procName=780
[DEBUG | dusk] fpcBs_Create: pid=395 profname=fpcNm_SCENE_EXIT_e (780) profile=0x7aceb64e48 procSize=1680 unkSize=0
[DEBUG | dusk] fpcSCtRq_phase_CreateProcess: fpcBs_Create OK proc=0xb400007a08fe5a3c
[DEBUG | dusk] [DIAG] fpcSCtRq_phase_Load: procName=780 ret=4
[DEBUG | dusk] fpcSCtRq_phase_CreateProcess: procName=780
[DEBUG | dusk] fpcBs_Create: pid=396 profname=fpcNm_SCENE_EXIT_e (780) profile=0x7aceb64e48 procSize=1680 unkSize=0
[DEBUG | dusk] fpcSCtRq_phase_CreateProcess: fpcBs_Create OK proc=0xb400007a08fe538c
[DEBUG | dusk] [DIAG] fpcSCtRq_phase_Load: procName=780 ret=4
[DEBUG | dusk] fpcSCtRq_phase_CreateProcess: procName=780
[DEBUG | dusk] fpcBs_Create: pid=397 profname=fpcNm_SCENE_EXIT_e (780) profile=0x7aceb64e48 procSize=1680 unkSize=0
[DEBUG | dusk] fpcSCtRq_phase_CreateProcess: fpcBs_Create OK proc=0xb400007a08fe4cdc
[DEBUG | dusk] [DIAG] fpcSCtRq_phase_Load: procName=780 ret=4
[DEBUG | dusk] fpcSCtRq_phase_CreateProcess: procName=780
[DEBUG | dusk] fpcBs_Create: pid=398 profname=fpcNm_SCENE_EXIT_e (780) profile=0x7aceb64e48 procSize=1680 unkSize=0
[DEBUG | dusk] fpcSCtRq_phase_CreateProcess: fpcBs_Create OK proc=0xb400007a08fe462c
[DEBUG | dusk] [DIAG] fpcSCtRq_phase_Load: procName=780 ret=4
[DEBUG | dusk] fpcSCtRq_phase_CreateProcess: procName=780
[DEBUG | dusk] fpcBs_Create: pid=399 profname=fpcNm_SCENE_EXIT_e (780) profile=0x7aceb64e48 procSize=1680 unkSize=0
[DEBUG | dusk] fpcSCtRq_phase_CreateProcess: fpcBs_Create OK proc=0xb400007a08fe3f7c
[DEBUG | dusk] [DIAG] fpcSCtRq_phase_Load: procName=780 ret=4
[DEBUG | dusk] fpcSCtRq_phase_CreateProcess: procName=780
[DEBUG | dusk] fpcBs_Create: pid=400 profname=fpcNm_SCENE_EXIT_e (780) profile=0x7aceb64e48 procSize=1680 unkSize=0
[DEBUG | dusk] fpcSCtRq_phase_CreateProcess: fpcBs_Create OK proc=0xb400007a09071d50
[DEBUG | dusk] [DIAG] fpcSCtRq_phase_Load: procName=780 ret=4
[DEBUG | dusk] fpcSCtRq_phase_CreateProcess: procName=780
[DEBUG | dusk] fpcBs_Create: pid=401 profname=fpcNm_SCENE_EXIT_e (780) profile=0x7aceb64e48 procSize=1680 unkSize=0
[DEBUG | dusk] fpcSCtRq_phase_CreateProcess: fpcBs_Create OK proc=0xb400007a08fe38cc
[DEBUG | dusk] [DIAG] fpcSCtRq_phase_Load: procName=780 ret=4
[DEBUG | dusk] fpcSCtRq_phase_CreateProcess: procName=780
[DEBUG | dusk] fpcBs_Create: pid=402 profname=fpcNm_SCENE_EXIT_e (780) profile=0x7aceb64e48 procSize=1680 unkSize=0
[DEBUG | dusk] fpcSCtRq_phase_CreateProcess: fpcBs_Create OK proc=0xb400007a08fe321c
[DEBUG | dusk] [DIAG] fpcSCtRq_phase_Load: procName=780 ret=4
[DEBUG | dusk] fpcSCtRq_phase_CreateProcess: procName=780
[DEBUG | dusk] fpcBs_Create: pid=403 profname=fpcNm_SCENE_EXIT_e (780) profile=0x7aceb64e48 procSize=1680 unkSize=0
[DEBUG | dusk] fpcSCtRq_phase_CreateProcess: fpcBs_Create OK proc=0xb400007a08fe2b6c
[DEBUG | dusk] [DIAG] fpcSCtRq_phase_Load: procName=780 ret=4
[DEBUG | dusk] fpcSCtRq_phase_CreateProcess: procName=780
[DEBUG | dusk] fpcBs_Create: pid=404 profname=fpcNm_SCENE_EXIT_e (780) profile=0x7aceb64e48 procSize=1680 unkSize=0
[DEBUG | dusk] fpcSCtRq_phase_CreateProcess: fpcBs_Create OK proc=0xb400007a08fe24bc
[DEBUG | dusk] [DIAG] fpcSCtRq_phase_Load: procName=780 ret=4
[DEBUG | dusk] fpcSCtRq_phase_CreateProcess: procName=780
[DEBUG | dusk] fpcBs_Create: pid=405 profname=fpcNm_SCENE_EXIT_e (780) profile=0x7aceb64e48 procSize=1680 unkSize=0
[DEBUG | dusk] fpcSCtRq_phase_CreateProcess: fpcBs_Create OK proc=0xb400007a08fe1e0c
[DEBUG | dusk] [DIAG] fpcSCtRq_phase_Load: procName=780 ret=4
[DEBUG | dusk] fpcSCtRq_phase_CreateProcess: procName=780
[DEBUG | dusk] fpcBs_Create: pid=406 profname=fpcNm_SCENE_EXIT_e (780) profile=0x7aceb64e48 procSize=1680 unkSize=0
[DEBUG | dusk] fpcSCtRq_phase_CreateProcess: fpcBs_Create OK proc=0xb400007a090716a0
[DEBUG | dusk] [DIAG] fpcSCtRq_phase_Load: procName=780 ret=4
[DEBUG | dusk] fpcSCtRq_phase_CreateProcess: procName=780
[DEBUG | dusk] fpcBs_Create: pid=407 profname=fpcNm_SCENE_EXIT_e (780) profile=0x7aceb64e48 procSize=1680 unkSize=0
[DEBUG | dusk] fpcSCtRq_phase_CreateProcess: fpcBs_Create OK proc=0xb400007a08fe175c
[DEBUG | dusk] [DIAG] fpcSCtRq_phase_Load: procName=780 ret=4
[DEBUG | dusk] fpcSCtRq_phase_CreateProcess: procName=780
[DEBUG | dusk] fpcBs_Create: pid=408 profname=fpcNm_SCENE_EXIT_e (780) profile=0x7aceb64e48 procSize=1680 unkSize=0
[DEBUG | dusk] fpcSCtRq_phase_CreateProcess: fpcBs_Create OK proc=0xb400007a08fe10ac
[DEBUG | dusk] [DIAG] fpcSCtRq_phase_Load: procName=780 ret=4
[DEBUG | dusk] fpcSCtRq_phase_CreateProcess: procName=780
[DEBUG | dusk] fpcBs_Create: pid=409 profname=fpcNm_SCENE_EXIT_e (780) profile=0x7aceb64e48 procSize=1680 unkSize=0
[DEBUG | dusk] fpcSCtRq_phase_CreateProcess: fpcBs_Create OK proc=0xb400007a08fe09fc
[DEBUG | dusk] [DIAG] fpcSCtRq_phase_Load: procName=780 ret=4
[DEBUG | dusk] fpcSCtRq_phase_CreateProcess: procName=780
[DEBUG | dusk] fpcBs_Create: pid=410 profname=fpcNm_SCENE_EXIT_e (780) profile=0x7aceb64e48 procSize=1680 unkSize=0
[DEBUG | dusk] fpcSCtRq_phase_CreateProcess: fpcBs_Create OK proc=0xb400007a08fe034c
[DEBUG | dusk] [DIAG] fpcSCtRq_phase_Load: procName=780 ret=4
[DEBUG | dusk] fpcSCtRq_phase_CreateProcess: procName=780
[DEBUG | dusk] fpcBs_Create: pid=411 profname=fpcNm_SCENE_EXIT_e (780) profile=0x7aceb64e48 procSize=1680 unkSize=0
[DEBUG | dusk] fpcSCtRq_phase_CreateProcess: fpcBs_Create OK proc=0xb400007a08fdfc9c
[DEBUG | dusk] [DIAG] fpcSCtRq_phase_Load: procName=780 ret=4
[DEBUG | dusk] fpcSCtRq_phase_CreateProcess: procName=780
[DEBUG | dusk] fpcBs_Create: pid=412 profname=fpcNm_SCENE_EXIT_e (780) profile=0x7aceb64e48 procSize=1680 unkSize=0
[DEBUG | dusk] fpcSCtRq_phase_CreateProcess: fpcBs_Create OK proc=0xb400007a09070ff0
[DEBUG | dusk] [DIAG] fpcSCtRq_phase_Load: procName=99 ret=4
[DEBUG | dusk] fpcSCtRq_phase_CreateProcess: procName=99
[DEBUG | dusk] fpcBs_Create: pid=413 profname=fpcNm_Obj_Cboard_e (99) profile=0x7aceb6a700 procSize=1752 unkSize=0
[DEBUG | dusk] fpcSCtRq_phase_CreateProcess: fpcBs_Create OK proc=0xb400007a08fdf5a4
[DEBUG | dusk] [DIAG] fpcSCtRq_phase_Load: procName=719 ret=4
[DEBUG | dusk] fpcSCtRq_phase_CreateProcess: procName=719
[DEBUG | dusk] fpcBs_Create: pid=414 profname=fpcNm_TAG_CAMERA_e (719) profile=0x7aceb65260 procSize=1672 unkSize=0
[DEBUG | dusk] fpcSCtRq_phase_CreateProcess: fpcBs_Create OK proc=0xb400007a08fdeefc
[DEBUG | dusk] [DIAG] fpcSCtRq_phase_Load: procName=426 ret=4
[DEBUG | dusk] fpcSCtRq_phase_CreateProcess: procName=426
[DEBUG | dusk] fpcBs_Create: pid=415 profname=fpcNm_Tag_AttackItem_e (426) profile=0x7aceb6c730 procSize=2200 unkSize=0
[DEBUG | dusk] fpcSCtRq_phase_CreateProcess: fpcBs_Create OK proc=0xb400007a08fde644
[DEBUG | dusk] [DIAG] fpcSCtRq_phase_Load: procName=426 ret=4
[DEBUG | dusk] fpcSCtRq_phase_CreateProcess: procName=426
[DEBUG | dusk] fpcBs_Create: pid=416 profname=fpcNm_Tag_AttackItem_e (426) profile=0x7aceb6c730 procSize=2200 unkSize=0
[DEBUG | dusk] fpcSCtRq_phase_CreateProcess: fpcBs_Create OK proc=0xb400007a08fddd8c
[DEBUG | dusk] [DIAG] fpcSCtRq_phase_Load: procName=719 ret=4
[DEBUG | dusk] fpcSCtRq_phase_CreateProcess: procName=719
[DEBUG | dusk] fpcBs_Create: pid=417 profname=fpcNm_TAG_CAMERA_e (719) profile=0x7aceb65260 procSize=1672 unkSize=0
[DEBUG | dusk] fpcSCtRq_phase_CreateProcess: fpcBs_Create OK proc=0xb400007a08fdd6e4
[DEBUG | dusk] [DIAG] fpcSCtRq_phase_Load: procName=549 ret=4
[DEBUG | dusk] fpcSCtRq_phase_CreateProcess: procName=549
[DEBUG | dusk] fpcBs_Create: pid=460 profname=fpcNm_SWC00_e (549) profile=0x7aceb6c4d0 procSize=1664 unkSize=0
[DEBUG | dusk] fpcSCtRq_phase_CreateProcess: fpcBs_Create OK proc=0xb400007a08fdd044
[DEBUG | dusk] [DIAG] fpcSCtRq_phase_Load: procName=549 ret=4
[DEBUG | dusk] fpcSCtRq_phase_CreateProcess: procName=549
[DEBUG | dusk] fpcBs_Create: pid=461 profname=fpcNm_SWC00_e (549) profile=0x7aceb6c4d0 procSize=1664 unkSize=0
[DEBUG | dusk] fpcSCtRq_phase_CreateProcess: fpcBs_Create OK proc=0xb400007a08fdc9a4
[DEBUG | dusk] [DIAG] fpcSCtRq_phase_Load: procName=549 ret=4
[DEBUG | dusk] fpcSCtRq_phase_CreateProcess: procName=549
[DEBUG | dusk] fpcBs_Create: pid=462 profname=fpcNm_SWC00_e (549) profile=0x7aceb6c4d0 procSize=1664 unkSize=0
[DEBUG | dusk] fpcSCtRq_phase_CreateProcess: fpcBs_Create OK proc=0xb400007a08fdc304
[DEBUG | dusk] [DIAG] fpcSCtRq_phase_Load: procName=549 ret=4
[DEBUG | dusk] fpcSCtRq_phase_CreateProcess: procName=549
[DEBUG | dusk] fpcBs_Create: pid=463 profname=fpcNm_SWC00_e (549) profile=0x7aceb6c4d0 procSize=1664 unkSize=0
[DEBUG | dusk] fpcSCtRq_phase_CreateProcess: fpcBs_Create OK proc=0xb400007a08fdbc64
[DEBUG | dusk] [DIAG] fpcSCtRq_phase_Load: procName=549 ret=4
[DEBUG | dusk] fpcSCtRq_phase_CreateProcess: procName=549
[DEBUG | dusk] fpcBs_Create: pid=464 profname=fpcNm_SWC00_e (549) profile=0x7aceb6c4d0 procSize=1664 unkSize=0
[DEBUG | dusk] fpcSCtRq_phase_CreateProcess: fpcBs_Create OK proc=0xb400007a08fdb5c4
[DEBUG | dusk] [DIAG] fpcSCtRq_phase_Load: procName=549 ret=4
[DEBUG | dusk] fpcSCtRq_phase_CreateProcess: procName=549
[DEBUG | dusk] fpcBs_Create: pid=465 profname=fpcNm_SWC00_e (549) profile=0x7aceb6c4d0 procSize=1664 unkSize=0
[DEBUG | dusk] fpcSCtRq_phase_CreateProcess: fpcBs_Create OK proc=0xb400007a08fdaf24
[DEBUG | dusk] [DIAG] fpcSCtRq_phase_Load: procName=549 ret=4
[DEBUG | dusk] fpcSCtRq_phase_CreateProcess: procName=549
[DEBUG | dusk] fpcBs_Create: pid=466 profname=fpcNm_SWC00_e (549) profile=0x7aceb6c4d0 procSize=1664 unkSize=0
[DEBUG | dusk] fpcSCtRq_phase_CreateProcess: fpcBs_Create OK proc=0xb400007a08fda884
[DEBUG | dusk] [DIAG] fpcSCtRq_phase_Load: procName=591 ret=4
[DEBUG | dusk] fpcSCtRq_phase_CreateProcess: procName=591
[DEBUG | dusk] fpcBs_Create: pid=473 profname=fpcNm_NPC_GWOLF_e (591) profile=0x7aceb7aa28 procSize=4768 unkSize=0
[DEBUG | dusk] fpcSCtRq_phase_CreateProcess: fpcBs_Create OK proc=0xb400007a08fd95c4
[DEBUG | dusk] [DIAG] fpcSCtRq_phase_Load: procName=406 ret=4
[DEBUG | dusk] fpcSCtRq_phase_CreateProcess: procName=406
[DEBUG | dusk] fpcBs_Create: pid=474 profname=fpcNm_Obj_GanonWall_e (406) profile=0x7aceb89630 procSize=1672 unkSize=0
[DEBUG | dusk] fpcSCtRq_phase_CreateProcess: fpcBs_Create OK proc=0xb400007a090677ac
[DEBUG | dusk] [DIAG] fpcSCtRq_phase_Load: procName=678 ret=4
[DEBUG | dusk] fpcSCtRq_phase_CreateProcess: procName=678
[DEBUG | dusk] fpcBs_Create: pid=475 profname=fpcNm_NPC_INS_e (678) profile=0x7aceb7b548 procSize=4784 unkSize=0
[DEBUG | dusk] fpcSCtRq_phase_CreateProcess: fpcBs_Create OK proc=0xb400007a08fd82f4
[DEBUG | dusk] [DIAG] fpcSCtRq_phase_Load: procName=83 ret=4
[DEBUG | dusk] fpcSCtRq_phase_CreateProcess: procName=83
[DEBUG | dusk] fpcBs_Create: pid=476 profname=fpcNm_Obj_Digpl_e (83) profile=0x7aceb6a7f8 procSize=1712 unkSize=0
[DEBUG | dusk] fpcSCtRq_phase_CreateProcess: fpcBs_Create OK proc=0xb400007a08fd7c24
[DEBUG | dusk] [DIAG] fpcSCtRq_phase_Load: procName=654 ret=4
[DEBUG | dusk] fpcSCtRq_phase_CreateProcess: procName=654
[DEBUG | dusk] fpcBs_Create: pid=477 profname=fpcNm_PASSER_MNG_e (654) profile=0x7aceb9af08 procSize=1688 unkSize=0
[DEBUG | dusk] fpcSCtRq_phase_CreateProcess: fpcBs_Create OK proc=0xb400007a08fd756c
[DEBUG | dusk] [DIAG] fpcSCtRq_phase_Load: procName=654 ret=4
[DEBUG | dusk] fpcSCtRq_phase_CreateProcess: procName=654
[DEBUG | dusk] fpcBs_Create: pid=478 profname=fpcNm_PASSER_MNG_e (654) profile=0x7aceb9af08 procSize=1688 unkSize=0
[DEBUG | dusk] fpcSCtRq_phase_CreateProcess: fpcBs_Create OK proc=0xb400007a08fd6eb4
[DEBUG | dusk] [DIAG] fpcSCtRq_phase_Load: procName=457 ret=4
[DEBUG | dusk] fpcSCtRq_phase_CreateProcess: procName=457
[DEBUG | dusk] fpcBs_Create: pid=479 profname=fpcNm_E_HB_e (457) profile=0x7aceb676a8 procSize=6376 unkSize=0
[DEBUG | dusk] fpcSCtRq_phase_CreateProcess: fpcBs_Create OK proc=0xb400007a08fd55ac
[DEBUG | dusk] [DIAG] fpcSCtRq_phase_Load: procName=457 ret=4
[DEBUG | dusk] fpcSCtRq_phase_CreateProcess: procName=457
[DEBUG | dusk] fpcBs_Create: pid=480 profname=fpcNm_E_HB_e (457) profile=0x7aceb676a8 procSize=6376 unkSize=0
[DEBUG | dusk] fpcSCtRq_phase_CreateProcess: fpcBs_Create OK proc=0xb400007a08fd3ca4
[DEBUG | dusk] [DIAG] fpcSCtRq_phase_Load: procName=498 ret=4
[DEBUG | dusk] fpcSCtRq_phase_CreateProcess: procName=498
[DEBUG | dusk] fpcBs_Create: pid=481 profname=fpcNm_E_GE_e (498) profile=0x7aceb70500 procSize=4008 unkSize=0
[DEBUG | dusk] fpcSCtRq_phase_CreateProcess: fpcBs_Create OK proc=0xb400007a08fd2cdc
[DEBUG | dusk] [DIAG] fpcSCtRq_phase_Load: procName=498 ret=4
[DEBUG | dusk] fpcSCtRq_phase_CreateProcess: procName=498
[DEBUG | dusk] fpcBs_Create: pid=482 profname=fpcNm_E_GE_e (498) profile=0x7aceb70500 procSize=4008 unkSize=0
[DEBUG | dusk] fpcSCtRq_phase_CreateProcess: fpcBs_Create OK proc=0xb400007a08fd1d14
[DEBUG | dusk] [DIAG] fpcSCtRq_phase_Load: procName=498 ret=4
[DEBUG | dusk] fpcSCtRq_phase_CreateProcess: procName=498
[DEBUG | dusk] fpcBs_Create: pid=483 profname=fpcNm_E_GE_e (498) profile=0x7aceb70500 procSize=4008 unkSize=0
[DEBUG | dusk] fpcSCtRq_phase_CreateProcess: fpcBs_Create OK proc=0xb400007a08fd0d4c
[DEBUG | dusk] [DIAG] fpcSCtRq_phase_Load: procName=498 ret=4
[DEBUG | dusk] fpcSCtRq_phase_CreateProcess: procName=498
[DEBUG | dusk] fpcBs_Create: pid=484 profname=fpcNm_E_GE_e (498) profile=0x7aceb70500 procSize=4008 unkSize=0
[DEBUG | dusk] fpcSCtRq_phase_CreateProcess: fpcBs_Create OK proc=0xb400007a08fcfd84
[DEBUG | dusk] [DIAG] fpcSCtRq_phase_Load: procName=498 ret=4
[DEBUG | dusk] fpcSCtRq_phase_CreateProcess: procName=498
[DEBUG | dusk] fpcBs_Create: pid=485 profname=fpcNm_E_GE_e (498) profile=0x7aceb70500 procSize=4008 unkSize=0
[DEBUG | dusk] fpcSCtRq_phase_CreateProcess: fpcBs_Create OK proc=0xb400007a08fcedbc
[DEBUG | dusk] [DIAG] fpcSCtRq_phase_Load: procName=498 ret=4
[DEBUG | dusk] fpcSCtRq_phase_CreateProcess: procName=498
[DEBUG | dusk] fpcBs_Create: pid=486 profname=fpcNm_E_GE_e (498) profile=0x7aceb70500 procSize=4008 unkSize=0
[DEBUG | dusk] fpcSCtRq_phase_CreateProcess: fpcBs_Create OK proc=0xb400007a08fcddf4
[DEBUG | dusk] [DIAG] fpcSCtRq_phase_Load: procName=498 ret=4
[DEBUG | dusk] fpcSCtRq_phase_CreateProcess: procName=498
[DEBUG | dusk] fpcBs_Create: pid=487 profname=fpcNm_E_GE_e (498) profile=0x7aceb70500 procSize=4008 unkSize=0
[DEBUG | dusk] fpcSCtRq_phase_CreateProcess: fpcBs_Create OK proc=0xb400007a08fcce2c
[DEBUG | dusk] [DIAG] fpcSCtRq_phase_Load: procName=498 ret=4
[DEBUG | dusk] fpcSCtRq_phase_CreateProcess: procName=498
[DEBUG | dusk] fpcBs_Create: pid=488 profname=fpcNm_E_GE_e (498) profile=0x7aceb70500 procSize=4008 unkSize=0
[DEBUG | dusk] fpcSCtRq_phase_CreateProcess: fpcBs_Create OK proc=0xb400007a08fcbe64
[DEBUG | dusk] [DIAG] fpcSCtRq_phase_Load: procName=498 ret=4
[DEBUG | dusk] fpcSCtRq_phase_CreateProcess: procName=498
[DEBUG | dusk] fpcBs_Create: pid=489 profname=fpcNm_E_GE_e (498) profile=0x7aceb70500 procSize=4008 unkSize=0
[DEBUG | dusk] fpcSCtRq_phase_CreateProcess: fpcBs_Create OK proc=0xb400007a08fcae9c
[DEBUG | dusk] [DIAG] fpcSCtRq_phase_Load: procName=498 ret=4
[DEBUG | dusk] fpcSCtRq_phase_CreateProcess: procName=498
[DEBUG | dusk] fpcBs_Create: pid=490 profname=fpcNm_E_GE_e (498) profile=0x7aceb70500 procSize=4008 unkSize=0
[DEBUG | dusk] fpcSCtRq_phase_CreateProcess: fpcBs_Create OK proc=0xb400007a08fc9ed4
[DEBUG | dusk] [DIAG] fpcSCtRq_phase_Load: procName=498 ret=4
[DEBUG | dusk] fpcSCtRq_phase_CreateProcess: procName=498
[DEBUG | dusk] fpcBs_Create: pid=491 profname=fpcNm_E_GE_e (498) profile=0x7aceb70500 procSize=4008 unkSize=0
[DEBUG | dusk] fpcSCtRq_phase_CreateProcess: fpcBs_Create OK proc=0xb400007a08fc8f0c
[DEBUG | dusk] [DIAG] fpcSCtRq_phase_Load: procName=498 ret=4
[DEBUG | dusk] fpcSCtRq_phase_CreateProcess: procName=498
[DEBUG | dusk] fpcBs_Create: pid=492 profname=fpcNm_E_GE_e (498) profile=0x7aceb70500 procSize=4008 unkSize=0
[DEBUG | dusk] fpcSCtRq_phase_CreateProcess: fpcBs_Create OK proc=0xb400007a08fc7f44
[DEBUG | dusk] [DIAG] fpcSCtRq_phase_Load: procName=498 ret=4
[DEBUG | dusk] fpcSCtRq_phase_CreateProcess: procName=498
[DEBUG | dusk] fpcBs_Create: pid=493 profname=fpcNm_E_GE_e (498) profile=0x7aceb70500 procSize=4008 unkSize=0
[DEBUG | dusk] fpcSCtRq_phase_CreateProcess: fpcBs_Create OK proc=0xb400007a08fc6f7c
[DEBUG | dusk] [DIAG] fpcSCtRq_phase_Load: procName=238 ret=4
[DEBUG | dusk] fpcSCtRq_phase_CreateProcess: procName=238
[DEBUG | dusk] fpcBs_Create: pid=494 profname=fpcNm_HORSE_e (238) profile=0x7aceb73d10 procSize=8464 unkSize=0
[DEBUG | dusk] fpcSCtRq_phase_CreateProcess: fpcBs_Create OK proc=0xb400007a08fc4e4c
[DEBUG | dusk] [DIAG] fpcSCtRq_phase_Load: procName=326 ret=4
[DEBUG | dusk] fpcSCtRq_phase_CreateProcess: procName=326
[DEBUG | dusk] fpcBs_Create: pid=495 profname=fpcNm_Obj_Ten_e (326) profile=0x7aceb97d80 procSize=3576 unkSize=0
[DEBUG | dusk] fpcSCtRq_phase_CreateProcess: fpcBs_Create OK proc=0xb400007a08fc4034
[DEBUG | dusk] [DIAG] fpcSCtRq_phase_Load: procName=536 ret=4
[DEBUG | dusk] fpcSCtRq_phase_CreateProcess: procName=536
[DEBUG | dusk] fpcBs_Create: pid=496 profname=fpcNm_ITEM_e (536) profile=0x7aceb59848 procSize=3272 unkSize=0
[DEBUG | dusk] fpcSCtRq_phase_CreateProcess: fpcBs_Create OK proc=0xb400007a08fc334c
[DEBUG | dusk] [DIAG] fpcSCtRq_phase_Load: procName=536 ret=4
[DEBUG | dusk] fpcSCtRq_phase_CreateProcess: procName=536
[DEBUG | dusk] fpcBs_Create: pid=497 profname=fpcNm_ITEM_e (536) profile=0x7aceb59848 procSize=3272 unkSize=0
[DEBUG | dusk] fpcSCtRq_phase_CreateProcess: fpcBs_Create OK proc=0xb400007a08fc2664
[DEBUG | dusk] [DIAG] fpcSCtRq_phase_Load: procName=536 ret=4
[DEBUG | dusk] fpcSCtRq_phase_CreateProcess: procName=536
[DEBUG | dusk] fpcBs_Create: pid=498 profname=fpcNm_ITEM_e (536) profile=0x7aceb59848 procSize=3272 unkSize=0
[DEBUG | dusk] fpcSCtRq_phase_CreateProcess: fpcBs_Create OK proc=0xb400007a08fc197c
[DEBUG | dusk] [DIAG] fpcSCtRq_phase_Load: procName=536 ret=4
[DEBUG | dusk] fpcSCtRq_phase_CreateProcess: procName=536
[DEBUG | dusk] fpcBs_Create: pid=499 profname=fpcNm_ITEM_e (536) profile=0x7aceb59848 procSize=3272 unkSize=0
[DEBUG | dusk] fpcSCtRq_phase_CreateProcess: fpcBs_Create OK proc=0xb400007a08fc0c94
[DEBUG | dusk] [DIAG] fpcSCtRq_phase_Load: procName=536 ret=4
[DEBUG | dusk] fpcSCtRq_phase_CreateProcess: procName=536
[DEBUG | dusk] fpcBs_Create: pid=500 profname=fpcNm_ITEM_e (536) profile=0x7aceb59848 procSize=3272 unkSize=0
[DEBUG | dusk] fpcSCtRq_phase_CreateProcess: fpcBs_Create OK proc=0xb400007a08fbffac
[DEBUG | dusk] [DIAG] fpcSCtRq_phase_Load: procName=536 ret=4
[DEBUG | dusk] fpcSCtRq_phase_CreateProcess: procName=536
[DEBUG | dusk] fpcBs_Create: pid=501 profname=fpcNm_ITEM_e (536) profile=0x7aceb59848 procSize=3272 unkSize=0
[DEBUG | dusk] fpcSCtRq_phase_CreateProcess: fpcBs_Create OK proc=0xb400007a08fbf2c4
[DEBUG | dusk] [DIAG] fpcSCtRq_phase_Load: procName=536 ret=4
[DEBUG | dusk] fpcSCtRq_phase_CreateProcess: procName=536
[DEBUG | dusk] fpcBs_Create: pid=502 profname=fpcNm_ITEM_e (536) profile=0x7aceb59848 procSize=3272 unkSize=0
[DEBUG | dusk] fpcSCtRq_phase_CreateProcess: fpcBs_Create OK proc=0xb400007a08fbe5dc
[DEBUG | dusk] [DIAG] fpcSCtRq_phase_Load: procName=536 ret=4
[DEBUG | dusk] fpcSCtRq_phase_CreateProcess: procName=536
[DEBUG | dusk] fpcBs_Create: pid=503 profname=fpcNm_ITEM_e (536) profile=0x7aceb59848 procSize=3272 unkSize=0
[DEBUG | dusk] fpcSCtRq_phase_CreateProcess: fpcBs_Create OK proc=0xb400007a08fbd8f4
[DEBUG | dusk] [DIAG] fpcSCtRq_phase_Load: procName=536 ret=4
[DEBUG | dusk] fpcSCtRq_phase_CreateProcess: procName=536
[DEBUG | dusk] fpcBs_Create: pid=504 profname=fpcNm_ITEM_e (536) profile=0x7aceb59848 procSize=3272 unkSize=0
[DEBUG | dusk] fpcSCtRq_phase_CreateProcess: fpcBs_Create OK proc=0xb400007a08fbcc0c
[DEBUG | dusk] [DIAG] fpcSCtRq_phase_Load: procName=536 ret=4
[DEBUG | dusk] fpcSCtRq_phase_CreateProcess: procName=536
[DEBUG | dusk] fpcBs_Create: pid=505 profname=fpcNm_ITEM_e (536) profile=0x7aceb59848 procSize=3272 unkSize=0
[DEBUG | dusk] fpcSCtRq_phase_CreateProcess: fpcBs_Create OK proc=0xb400007a08fbbf24
[DEBUG | dusk] [DIAG] fpcSCtRq_phase_Load: procName=536 ret=4
[DEBUG | dusk] fpcSCtRq_phase_CreateProcess: procName=536
[DEBUG | dusk] fpcBs_Create: pid=506 profname=fpcNm_ITEM_e (536) profile=0x7aceb59848 procSize=3272 unkSize=0
[DEBUG | dusk] fpcSCtRq_phase_CreateProcess: fpcBs_Create OK proc=0xb400007a08fbb23c
[DEBUG | dusk] [DIAG] fpcSCtRq_phase_Load: procName=536 ret=4
[DEBUG | dusk] fpcSCtRq_phase_CreateProcess: procName=536
[DEBUG | dusk] fpcBs_Create: pid=507 profname=fpcNm_ITEM_e (536) profile=0x7aceb59848 procSize=3272 unkSize=0
[DEBUG | dusk] fpcSCtRq_phase_CreateProcess: fpcBs_Create OK proc=0xb400007a08fba554
[DEBUG | dusk] [DIAG] fpcSCtRq_phase_Load: procName=536 ret=4
[DEBUG | dusk] fpcSCtRq_phase_CreateProcess: procName=536
[DEBUG | dusk] fpcBs_Create: pid=508 profname=fpcNm_ITEM_e (536) profile=0x7aceb59848 procSize=3272 unkSize=0
[DEBUG | dusk] fpcSCtRq_phase_CreateProcess: fpcBs_Create OK proc=0xb400007a09063b80
[DEBUG | dusk] [DIAG] fpcSCtRq_phase_Load: procName=536 ret=4
[DEBUG | dusk] fpcSCtRq_phase_CreateProcess: procName=536
[DEBUG | dusk] fpcBs_Create: pid=509 profname=fpcNm_ITEM_e (536) profile=0x7aceb59848 procSize=3272 unkSize=0
[DEBUG | dusk] fpcSCtRq_phase_CreateProcess: fpcBs_Create OK proc=0xb400007a08fb986c
[DEBUG | dusk] [DIAG] fpcSCtRq_phase_Load: procName=536 ret=4
[DEBUG | dusk] fpcSCtRq_phase_CreateProcess: procName=536
[DEBUG | dusk] fpcBs_Create: pid=510 profname=fpcNm_ITEM_e (536) profile=0x7aceb59848 procSize=3272 unkSize=0
[DEBUG | dusk] fpcSCtRq_phase_CreateProcess: fpcBs_Create OK proc=0xb400007a08fb8b84
[DEBUG | dusk] [DIAG] fpcSCtRq_phase_Load: procName=536 ret=4
[DEBUG | dusk] fpcSCtRq_phase_CreateProcess: procName=536
[DEBUG | dusk] fpcBs_Create: pid=511 profname=fpcNm_ITEM_e (536) profile=0x7aceb59848 procSize=3272 unkSize=0
[DEBUG | dusk] fpcSCtRq_phase_CreateProcess: fpcBs_Create OK proc=0xb400007a08fb7e9c
[DEBUG | dusk] [DIAG] fpcSCtRq_phase_Load: procName=499 ret=4
[DEBUG | dusk] fpcSCtRq_phase_CreateProcess: procName=499
[DEBUG | dusk] fpcBs_Create: pid=512 profname=fpcNm_Tag_WatchGe_e (499) profile=0x7aceb9d788 procSize=1632 unkSize=0
[DEBUG | dusk] fpcSCtRq_phase_CreateProcess: fpcBs_Create OK proc=0xb400007a08fb781c
[DEBUG | dusk] [DIAG] fpcSCtRq_phase_Load: procName=83 ret=4
[DEBUG | dusk] fpcSCtRq_phase_CreateProcess: procName=83
[DEBUG | dusk] fpcBs_Create: pid=513 profname=fpcNm_Obj_Digpl_e (83) profile=0x7aceb6a7f8 procSize=1712 unkSize=0
[DEBUG | dusk] fpcSCtRq_phase_CreateProcess: fpcBs_Create OK proc=0xb400007a090634b0
[DEBUG | dusk] [DIAG] fpcSCtRq_phase_Load: procName=83 ret=4
[DEBUG | dusk] fpcSCtRq_phase_CreateProcess: procName=83
[DEBUG | dusk] fpcBs_Create: pid=514 profname=fpcNm_Obj_Digpl_e (83) profile=0x7aceb6a7f8 procSize=1712 unkSize=0
[DEBUG | dusk] fpcSCtRq_phase_CreateProcess: fpcBs_Create OK proc=0xb400007a08fb714c
[DEBUG | dusk] [DIAG] fpcSCtRq_phase_Load: procName=83 ret=4
[DEBUG | dusk] fpcSCtRq_phase_CreateProcess: procName=83
[DEBUG | dusk] fpcBs_Create: pid=515 profname=fpcNm_Obj_Digpl_e (83) profile=0x7aceb6a7f8 procSize=1712 unkSize=0
[DEBUG | dusk] fpcSCtRq_phase_CreateProcess: fpcBs_Create OK proc=0xb400007a08fb6a7c
[DEBUG | dusk] [DIAG] fpcSCtRq_phase_Load: procName=83 ret=4
[DEBUG | dusk] fpcSCtRq_phase_CreateProcess: procName=83
[DEBUG | dusk] fpcBs_Create: pid=516 profname=fpcNm_Obj_Digpl_e (83) profile=0x7aceb6a7f8 procSize=1712 unkSize=0
[DEBUG | dusk] fpcSCtRq_phase_CreateProcess: fpcBs_Create OK proc=0xb400007a08fb63ac
[DEBUG | dusk] [DIAG] fpcSCtRq_phase_Load: procName=83 ret=4
[DEBUG | dusk] fpcSCtRq_phase_CreateProcess: procName=83
[DEBUG | dusk] fpcBs_Create: pid=517 profname=fpcNm_Obj_Digpl_e (83) profile=0x7aceb6a7f8 procSize=1712 unkSize=0
[DEBUG | dusk] fpcSCtRq_phase_CreateProcess: fpcBs_Create OK proc=0xb400007a08fb5cdc
[DEBUG | dusk] [DIAG] fpcSCtRq_phase_Load: procName=83 ret=4
[DEBUG | dusk] fpcSCtRq_phase_CreateProcess: procName=83
[DEBUG | dusk] fpcBs_Create: pid=518 profname=fpcNm_Obj_Digpl_e (83) profile=0x7aceb6a7f8 procSize=1712 unkSize=0
[DEBUG | dusk] fpcSCtRq_phase_CreateProcess: fpcBs_Create OK proc=0xb400007a08fb560c
[DEBUG | dusk] [DIAG] fpcSCtRq_phase_Load: procName=326 ret=4
[DEBUG | dusk] fpcSCtRq_phase_CreateProcess: procName=326
[DEBUG | dusk] fpcBs_Create: pid=519 profname=fpcNm_Obj_Ten_e (326) profile=0x7aceb97d80 procSize=3576 unkSize=0
[DEBUG | dusk] fpcSCtRq_phase_CreateProcess: fpcBs_Create OK proc=0xb400007a08fb47f4
[DEBUG | dusk] [DIAG] fpcSCtRq_phase_Load: procName=453 ret=4
[DEBUG | dusk] fpcSCtRq_phase_CreateProcess: procName=453
[DEBUG | dusk] fpcBs_Create: pid=520 profname=fpcNm_E_DB_e (453) profile=0x7aceb6fc18 procSize=6384 unkSize=0
[DEBUG | dusk] fpcSCtRq_phase_CreateProcess: fpcBs_Create OK proc=0xb400007a08fb2ee4
[DEBUG | dusk] [DIAG] fpcSCtRq_phase_Load: procName=453 ret=4
[DEBUG | dusk] fpcSCtRq_phase_CreateProcess: procName=453
[DEBUG | dusk] fpcBs_Create: pid=521 profname=fpcNm_E_DB_e (453) profile=0x7aceb6fc18 procSize=6384 unkSize=0
[DEBUG | dusk] fpcSCtRq_phase_CreateProcess: fpcBs_Create OK proc=0xb400007a08fb15d4
[DEBUG | dusk] [DIAG] fpcSCtRq_phase_Load: procName=453 ret=4
[DEBUG | dusk] fpcSCtRq_phase_CreateProcess: procName=453
[DEBUG | dusk] fpcBs_Create: pid=522 profname=fpcNm_E_DB_e (453) profile=0x7aceb6fc18 procSize=6384 unkSize=0
[DEBUG | dusk] fpcSCtRq_phase_CreateProcess: fpcBs_Create OK proc=0xb400007a08fafcc4
[DEBUG | dusk] [DIAG] fpcSCtRq_phase_Load: procName=457 ret=4
[DEBUG | dusk] fpcSCtRq_phase_CreateProcess: procName=457
[DEBUG | dusk] fpcBs_Create: pid=523 profname=fpcNm_E_HB_e (457) profile=0x7aceb676a8 procSize=6376 unkSize=0
[DEBUG | dusk] fpcSCtRq_phase_CreateProcess: fpcBs_Create OK proc=0xb400007a08fae3bc
[DEBUG | dusk] [DIAG] fpcSCtRq_phase_Load: procName=457 ret=4
[DEBUG | dusk] fpcSCtRq_phase_CreateProcess: procName=457
[DEBUG | dusk] fpcBs_Create: pid=524 profname=fpcNm_E_HB_e (457) profile=0x7aceb676a8 procSize=6376 unkSize=0
[DEBUG | dusk] fpcSCtRq_phase_CreateProcess: fpcBs_Create OK proc=0xb400007a08facab4
[DEBUG | dusk] [DIAG] fpcSCtRq_phase_Load: procName=788 ret=4
[DEBUG | dusk] fpcSCtRq_phase_CreateProcess: procName=788
[DEBUG | dusk] fpcBs_Create: pid=525 profname=fpcNm_MENUWINDOW_e (788) profile=0x7aceb5ce20 procSize=592 unkSize=0
[DEBUG | dusk] fpcSCtRq_phase_CreateProcess: fpcBs_Create OK proc=0xb400007a090786e8
[DEBUG | dusk] [DIAG] fpcSCtRq_phase_Load: procName=787 ret=4
[DEBUG | dusk] fpcSCtRq_phase_CreateProcess: procName=787
[DEBUG | dusk] fpcBs_Create: pid=526 profname=fpcNm_MSG_OBJECT_e (787) profile=0x7aceb5da98 procSize=1512 unkSize=0
[DEBUG | dusk] fpcSCtRq_phase_CreateProcess: fpcBs_Create OK proc=0xb400007a09062ea8
[DEBUG | dusk] [DIAG] fpcSCtRq_phase_Load: procName=655 ret=4
[DEBUG | dusk] fpcSCtRq_phase_CreateProcess: procName=655
[DEBUG | dusk] fpcBs_Create: pid=527 profname=fpcNm_NPC_PASSER_e (655) profile=0x7aceb7ed98 procSize=3800 unkSize=0
[DEBUG | dusk] fpcSCtRq_phase_CreateProcess: fpcBs_Create OK proc=0xb400007a08fabbbc
[DEBUG | dusk] [DIAG] fpcSCtRq_phase_Load: procName=655 ret=4
[DEBUG | dusk] fpcSCtRq_phase_CreateProcess: procName=655
[DEBUG | dusk] fpcBs_Create: pid=528 profname=fpcNm_NPC_PASSER_e (655) profile=0x7aceb7ed98 procSize=3800 unkSize=0
[DEBUG | dusk] fpcSCtRq_phase_CreateProcess: fpcBs_Create OK proc=0xb400007a08faacc4
[DEBUG | dusk] [DIAG] fpcSCtRq_phase_Load: procName=655 ret=4
[DEBUG | dusk] fpcSCtRq_phase_CreateProcess: procName=655
[DEBUG | dusk] fpcBs_Create: pid=529 profname=fpcNm_NPC_PASSER_e (655) profile=0x7aceb7ed98 procSize=3800 unkSize=0
[DEBUG | dusk] fpcSCtRq_phase_CreateProcess: fpcBs_Create OK proc=0xb400007a08fa9dcc
[DEBUG | dusk] [DIAG] fpcSCtRq_phase_Load: procName=655 ret=4
[DEBUG | dusk] fpcSCtRq_phase_CreateProcess: procName=655
[DEBUG | dusk] fpcBs_Create: pid=530 profname=fpcNm_NPC_PASSER_e (655) profile=0x7aceb7ed98 procSize=3800 unkSize=0
[DEBUG | dusk] fpcSCtRq_phase_CreateProcess: fpcBs_Create OK proc=0xb400007a08fa8ed4
[DEBUG | dusk] [DIAG] fpcSCtRq_phase_Load: procName=655 ret=4
[DEBUG | dusk] fpcSCtRq_phase_CreateProcess: procName=655
[DEBUG | dusk] fpcBs_Create: pid=531 profname=fpcNm_NPC_PASSER_e (655) profile=0x7aceb7ed98 procSize=3800 unkSize=0
[DEBUG | dusk] fpcSCtRq_phase_CreateProcess: fpcBs_Create OK proc=0xb400007a08fa7fdc
[DEBUG | dusk] [DIAG] fpcSCtRq_phase_Load: procName=655 ret=4
[DEBUG | dusk] fpcSCtRq_phase_CreateProcess: procName=655
[DEBUG | dusk] fpcBs_Create: pid=532 profname=fpcNm_NPC_PASSER_e (655) profile=0x7aceb7ed98 procSize=3800 unkSize=0
[DEBUG | dusk] fpcSCtRq_phase_CreateProcess: fpcBs_Create OK proc=0xb400007a08fa70e4
[DEBUG | dusk] [DIAG] fpcSCtRq_phase_Load: procName=655 ret=4
[DEBUG | dusk] fpcSCtRq_phase_CreateProcess: procName=655
[DEBUG | dusk] fpcBs_Create: pid=533 profname=fpcNm_NPC_PASSER_e (655) profile=0x7aceb7ed98 procSize=3800 unkSize=0
[DEBUG | dusk] fpcSCtRq_phase_CreateProcess: fpcBs_Create OK proc=0xb400007a08fa61ec
[DEBUG | dusk] [DIAG] fpcSCtRq_phase_Load: procName=655 ret=4
[DEBUG | dusk] fpcSCtRq_phase_CreateProcess: procName=655
[DEBUG | dusk] fpcBs_Create: pid=534 profname=fpcNm_NPC_PASSER_e (655) profile=0x7aceb7ed98 procSize=3800 unkSize=0
[DEBUG | dusk] fpcSCtRq_phase_CreateProcess: fpcBs_Create OK proc=0xb400007a08fa52f4
[DEBUG | dusk] [DIAG] fpcSCtRq_phase_Load: procName=655 ret=4
[DEBUG | dusk] fpcSCtRq_phase_CreateProcess: procName=655
[DEBUG | dusk] fpcBs_Create: pid=535 profname=fpcNm_NPC_PASSER_e (655) profile=0x7aceb7ed98 procSize=3800 unkSize=0
[DEBUG | dusk] fpcSCtRq_phase_CreateProcess: fpcBs_Create OK proc=0xb400007a08fa43fc
[DEBUG | dusk] [DIAG] fpcSCtRq_phase_Load: procName=655 ret=4
[DEBUG | dusk] fpcSCtRq_phase_CreateProcess: procName=655
[DEBUG | dusk] fpcBs_Create: pid=536 profname=fpcNm_NPC_PASSER_e (655) profile=0x7aceb7ed98 procSize=3800 unkSize=0
[DEBUG | dusk] fpcSCtRq_phase_CreateProcess: fpcBs_Create OK proc=0xb400007a08fa3504
[DEBUG | dusk] Loading Resource: al_kantera.bmd (Size: 21024)
[DEBUG | dusk] Loading Resource: ef_ktglow.bmd (Size: 3040)
[DEBUG | dusk] Loading Resource: al.bmd (Size: 176288)
[DEBUG | dusk] Loading Resource: al_bootsh.bmd (Size: 22048)
[DEBUG | dusk] Loading Resource: al_face.bmd (Size: 72576)
[DEBUG | dusk] Loading Resource: al_hands.bmd (Size: 61056)
[DEBUG | dusk] Loading Resource: al_head.bmd (Size: 33851)
[DEBUG | dusk] Loading Resource: al_swb.bmd (Size: 23552)
[DEBUG | dusk] Loading Resource: ef_ktglow.btk (Size: 512)
[DEBUG | dusk] Loading Resource: model0.bmd (Size: 4576)
[DEBUG | dusk] Loading Resource: spec.dat (Size: 4)
[DEBUG | dusk] Loading Resource: model0.bmd (Size: 50368)
[DEBUG | dusk] Loading Resource: model0.dzb (Size: 1056)
[DEBUG | dusk] Loading Resource: spec.dat (Size: 8)
[DEBUG | dusk] Loading Resource: model0.bmd (Size: 40640)
[DEBUG | dusk] Loading Resource: model0.dzb (Size: 1056)
[DEBUG | dusk] Loading Resource: spec.dat (Size: 8)
[DEBUG | dusk] Loading Resource: gra_a_f_getuptalk.bck (Size: 2976)
[DEBUG | dusk] Loading Resource: gra_a_fh_getup.bck (Size: 1792)
[DEBUG | dusk] Loading Resource: gra_f_cheerful.bck (Size: 1792)
[DEBUG | dusk] Loading Resource: gra_f_cheerful_t.bck (Size: 2144)
[DEBUG | dusk] Loading Resource: gra_f_grumpy.bck (Size: 1792)
[DEBUG | dusk] Loading Resource: gra_f_grumpy_t.bck (Size: 2208)
[DEBUG | dusk] Loading Resource: gra_f_recover.bck (Size: 1824)
[DEBUG | dusk] Loading Resource: gra_f_talk_a.bck (Size: 2080)
[DEBUG | dusk] Loading Resource: gra_f_talk_b.bck (Size: 2112)
[DEBUG | dusk] Loading Resource: gra_f_wait_a.bck (Size: 1792)
[DEBUG | dusk] Loading Resource: gra_recover.bck (Size: 4384)
[DEBUG | dusk] Loading Resource: gra_rotate.bck (Size: 2560)
[DEBUG | dusk] Loading Resource: gra_step.bck (Size: 3104)
[DEBUG | dusk] Loading Resource: gra_talk_a.bck (Size: 6208)
[DEBUG | dusk] Loading Resource: gra_talk_b.bck (Size: 6656)
[DEBUG | dusk] Loading Resource: gra_to_stone_normal.bck (Size: 4384)
[DEBUG | dusk] Loading Resource: gra_wait_a.bck (Size: 2720)
[DEBUG | dusk] Loading Resource: gra_walk_a.bck (Size: 3904)
[DEBUG | dusk] Loading Resource: gra_a.btk (Size: 256)
[DEBUG | dusk] Loading Resource: gra_a.btp (Size: 128)
[DEBUG | dusk] Loading Resource: gra_a_f_getuptalk.btp (Size: 288)
[DEBUG | dusk] Loading Resource: gra_a_fh_getup.btp (Size: 96)
[DEBUG | dusk] Loading Resource: gra_f_cheerful_t.btp (Size: 288)
[DEBUG | dusk] Loading Resource: gra_f_grumpy_t.btp (Size: 288)
[DEBUG | dusk] Loading Resource: gra_a.bmd (Size: 104672)
[DEBUG | dusk] Loading Resource: event_list.dat (Size: 2996)
[DEBUG | dusk] Loading Resource: gra_a_f_getup.bck (Size: 2016)
[DEBUG | dusk] Loading Resource: gra_a_getup_wait.bck (Size: 2688)
[DEBUG | dusk] Loading Resource: gra_a_f_getup.btp (Size: 192)
[DEBUG | dusk] Loading Resource: gra_a_drink.bck (Size: 9024)
[DEBUG | dusk] Loading Resource: gra_a_f_drink.bck (Size: 2208)
[DEBUG | dusk] Loading Resource: gra_a_f_looking.bck (Size: 1920)
[DEBUG | dusk] Loading Resource: gra_a_f_sniff.bck (Size: 2016)
[DEBUG | dusk] Loading Resource: gra_a_looking.bck (Size: 4224)
[DEBUG | dusk] Loading Resource: gra_a_sniff.bck (Size: 3680)
[DEBUG | dusk] Loading Resource: gra_bottle.bmd (Size: 39552)
[DEBUG | dusk] Loading Resource: gra_a_f_drink.btp (Size: 352)
[DEBUG | dusk] Loading Resource: gra_a_f_looking.btp (Size: 320)
[DEBUG | dusk] Loading Resource: gra_a_f_sniff.btp (Size: 192)
[DEBUG | dusk] Loading Resource: j_tubo_00.bmd (Size: 6400)
[DEBUG | dusk] Loading Resource: a_wrope.bti (Size: 64)
[DEBUG | dusk] Loading Resource: ef_glow.bck (Size: 320)
[DEBUG | dusk] Loading Resource: hp_attack.bck (Size: 10144)
[DEBUG | dusk] Loading Resource: hp_damage.bck (Size: 5504)
[DEBUG | dusk] Loading Resource: hp_dead.bck (Size: 6432)
[DEBUG | dusk] Loading Resource: hp_down01.bck (Size: 3872)
[DEBUG | dusk] Loading Resource: hp_down02.bck (Size: 3360)
[DEBUG | dusk] Loading Resource: hp_found.bck (Size: 6176)
[DEBUG | dusk] Loading Resource: hp_return.bck (Size: 6752)
[DEBUG | dusk] Loading Resource: hp_searchmove.bck (Size: 2272)
[DEBUG | dusk] Loading Resource: hp_wait.bck (Size: 2080)
[DEBUG | dusk] Loading Resource: hp_wait02.bck (Size: 2912)
[DEBUG | dusk] Loading Resource: hp_wait03.bck (Size: 3040)
[DEBUG | dusk] Loading Resource: ef_glow.bmd (Size: 4672)
[DEBUG | dusk] Loading Resource: hp.bmd (Size: 27680)
[DEBUG | dusk] Loading Resource: hp_ori.bmd (Size: 11136)
[DEBUG | dusk] Loading Resource: d_srock.bmd (Size: 4704)
[DEBUG | dusk] Loading Resource: model0.bmd (Size: 20480)
[DEBUG | dusk] Loading Resource: spec.dat (Size: 16)
[DEBUG | dusk] Loading Resource: model0.bmd (Size: 21120)
[DEBUG | dusk] Loading Resource: spec.dat (Size: 16)
[DEBUG | dusk] Loading Resource: model0.bmd (Size: 12864)
[DEBUG | dusk] Loading Resource: model1.bmd (Size: 10656)
[DEBUG | dusk] Loading Resource: model0.dzb (Size: 832)
[DEBUG | dusk] Loading Resource: spec.dat (Size: 148)
[DEBUG | dusk] Loading Resource: k_takaraa.bck (Size: 448)
[DEBUG | dusk] Loading Resource: k_takarab.bck (Size: 448)
[DEBUG | dusk] Loading Resource: k_takarab_slow.bck (Size: 448)
[DEBUG | dusk] Loading Resource: boxa.bmd (Size: 22912)
[DEBUG | dusk] Loading Resource: boxb.bmd (Size: 27232)
[DEBUG | dusk] Loading Resource: ef_boxb.bmd (Size: 13504)
[DEBUG | dusk] Loading Resource: k_tboxn.bmd (Size: 2048)
[DEBUG | dusk] Loading Resource: boxa.brk (Size: 416)
[DEBUG | dusk] Loading Resource: ef_boxb.brk (Size: 256)
[DEBUG | dusk] Loading Resource: boxa.btk (Size: 416)
[DEBUG | dusk] Loading Resource: boxac.dzb (Size: 640)
[DEBUG | dusk] Loading Resource: boxao.dzb (Size: 928)
[DEBUG | dusk] Loading Resource: boxbc.dzb (Size: 640)
[DEBUG | dusk] Loading Resource: boxbo.dzb (Size: 928)
[DEBUG | dusk] Loading Resource: clearb00.dzb (Size: 352)
[DEBUG | dusk] Loading Resource: clearb01.dzb (Size: 352)
[DEBUG | dusk] Loading Resource: clearb02.dzb (Size: 352)
[DEBUG | dusk] Loading Resource: clearb03.dzb (Size: 352)
[DEBUG | dusk] Loading Resource: clearb04.dzb (Size: 352)
[DEBUG | dusk] Loading Resource: yganonwall.bmd (Size: 44704)
[DEBUG | dusk] Loading Resource: yganonwall.btk (Size: 544)
[DEBUG | dusk] Loading Resource: hb_appear.bck (Size: 1568)
[DEBUG | dusk] Loading Resource: hb_attack.bck (Size: 1056)
[DEBUG | dusk] Loading Resource: hb_bite.bck (Size: 704)
[DEBUG | dusk] Loading Resource: hb_chance1.bck (Size: 1088)
[DEBUG | dusk] Loading Resource: hb_chance2.bck (Size: 800)
[DEBUG | dusk] Loading Resource: hb_chance3.bck (Size: 832)
[DEBUG | dusk] Loading Resource: hb_damage.bck (Size: 1184)
[DEBUG | dusk] Loading Resource: hb_damage2.bck (Size: 1184)
[DEBUG | dusk] Loading Resource: hb_defaultpose.bck (Size: 576)
[DEBUG | dusk] Loading Resource: hb_die.bck (Size: 576)
[DEBUG | dusk] Loading Resource: hb_escape.bck (Size: 1056)
[DEBUG | dusk] Loading Resource: hb_free.bck (Size: 928)
[DEBUG | dusk] Loading Resource: hb_revive.bck (Size: 960)
[DEBUG | dusk] Loading Resource: hb_wait.bck (Size: 992)
[DEBUG | dusk] Loading Resource: hl_shake1.bck (Size: 608)
[DEBUG | dusk] Loading Resource: hl_shake2.bck (Size: 512)
[DEBUG | dusk] Loading Resource: hb.bmd (Size: 24640)
[DEBUG | dusk] Loading Resource: hl.bmd (Size: 7904)
[DEBUG | dusk] Loading Resource: ht.bmd (Size: 2432)
[DEBUG | dusk] Loading Resource: k_hb00.bmd (Size: 15040)
[DEBUG | dusk] Loading Resource: hb_stalk.bti (Size: 544)
[DEBUG | dusk] Loading Resource: ge_caw.bck (Size: 2176)
[DEBUG | dusk] Loading Resource: ge_caw_tree.bck (Size: 1344)
[DEBUG | dusk] Loading Resource: ge_descent.bck (Size: 1632)
[DEBUG | dusk] Loading Resource: ge_fly.bck (Size: 1600)
[DEBUG | dusk] Loading Resource: ge_fly_away.bck (Size: 1760)
[DEBUG | dusk] Loading Resource: ge_fura2.bck (Size: 1856)
[DEBUG | dusk] Loading Resource: ge_glide.bck (Size: 1344)
[DEBUG | dusk] Loading Resource: ge_landing.bck (Size: 1952)
[DEBUG | dusk] Loading Resource: ge_stay.bck (Size: 1184)
[DEBUG | dusk] Loading Resource: ge_model.bmd (Size: 20320)
[DEBUG | dusk] Loading Resource: hs_back_walk.bck (Size: 5536)
[DEBUG | dusk] Loading Resource: hs_back_walk_start.bck (Size: 6304)
[DEBUG | dusk] Loading Resource: hs_excitement.bck (Size: 11968)
[DEBUG | dusk] Loading Resource: hs_excitement_2.bck (Size: 14144)
[DEBUG | dusk] Loading Resource: hs_jump_end.bck (Size: 5344)
[DEBUG | dusk] Loading Resource: hs_jump_middle.bck (Size: 4640)
[DEBUG | dusk] Loading Resource: hs_jump_start.bck (Size: 4832)
[DEBUG | dusk] Loading Resource: hs_jump_start_clift.bck (Size: 5248)
[DEBUG | dusk] Loading Resource: hs_lash.bck (Size: 3200)
[DEBUG | dusk] Loading Resource: hs_neck_waitback_left.bck (Size: 2880)
[DEBUG | dusk] Loading Resource: hs_neck_waitback_right.bck (Size: 2848)
[DEBUG | dusk] Loading Resource: hs_run_dash.bck (Size: 7680)
[DEBUG | dusk] Loading Resource: hs_run_fast.bck (Size: 6688)
[DEBUG | dusk] Loading Resource: hs_run_slow.bck (Size: 7712)
[DEBUG | dusk] Loading Resource: hs_stand.bck (Size: 17984)
[DEBUG | dusk] Loading Resource: hs_stop_slow.bck (Size: 14208)
[DEBUG | dusk] Loading Resource: hs_stop_stand.bck (Size: 16352)
[DEBUG | dusk] Loading Resource: hs_turn_left.bck (Size: 9632)
[DEBUG | dusk] Loading Resource: hs_turn_left_start.bck (Size: 5248)
[DEBUG | dusk] Loading Resource: hs_turn_right.bck (Size: 9472)
[DEBUG | dusk] Loading Resource: hs_turn_right_start.bck (Size: 5344)
[DEBUG | dusk] Loading Resource: hs_wait_01.bck (Size: 4768)
[DEBUG | dusk] Loading Resource: hs_wait_01b.bck (Size: 4672)
[DEBUG | dusk] Loading Resource: hs_wait_01b_connect.bck (Size: 4672)
[DEBUG | dusk] Loading Resource: hs_wait_02.bck (Size: 8928)
[DEBUG | dusk] Loading Resource: hs_wait_03.bck (Size: 7552)
[DEBUG | dusk] Loading Resource: hs_wait_04.bck (Size: 12640)
[DEBUG | dusk] Loading Resource: hs_wait_05.bck (Size: 10528)
[DEBUG | dusk] Loading Resource: hs_walk_fast.bck (Size: 5792)
[DEBUG | dusk] Loading Resource: hs_walk_slow.bck (Size: 5600)
[DEBUG | dusk] Loading Resource: hs.bmd (Size: 131264)
[DEBUG | dusk] Loading Resource: hs_eye.btp (Size: 128)
[DEBUG | dusk] Loading Resource: tazuna.bti (Size: 160)
[DEBUG | dusk] Loading Resource: ten_fly.bck (Size: 800)
[DEBUG | dusk] Loading Resource: ten_walk.bck (Size: 992)
[DEBUG | dusk] Loading Resource: ten.bmd (Size: 7744)
[DEBUG | dusk] Loading Resource: ten_m.brk (Size: 320)
[DEBUG | dusk] Loading Resource: ten_o.brk (Size: 320)
[DEBUG | dusk] Loading Resource: ten_m.btk (Size: 352)
[DEBUG | dusk] Loading Resource: ten_o.btk (Size: 352)
[DEBUG | dusk] Loading Resource: db_appear.bck (Size: 1568)
[DEBUG | dusk] Loading Resource: db_attack.bck (Size: 1056)
[DEBUG | dusk] Loading Resource: db_bite.bck (Size: 704)
[DEBUG | dusk] Loading Resource: db_chance1.bck (Size: 1088)
[DEBUG | dusk] Loading Resource: db_chance2.bck (Size: 800)
[DEBUG | dusk] Loading Resource: db_chance3.bck (Size: 832)
[DEBUG | dusk] Loading Resource: db_damage.bck (Size: 1184)
[DEBUG | dusk] Loading Resource: db_damage2.bck (Size: 1184)
[DEBUG | dusk] Loading Resource: db_defaultpose.bck (Size: 576)
[DEBUG | dusk] Loading Resource: db_die.bck (Size: 576)
[DEBUG | dusk] Loading Resource: db_escape.bck (Size: 1056)
[DEBUG | dusk] Loading Resource: db_free.bck (Size: 864)
[DEBUG | dusk] Loading Resource: db_revive.bck (Size: 960)
[DEBUG | dusk] Loading Resource: db_wait.bck (Size: 992)
[DEBUG | dusk] Loading Resource: dl_shake1.bck (Size: 608)
[DEBUG | dusk] Loading Resource: dl_shake2.bck (Size: 512)
[DEBUG | dusk] Loading Resource: db.bmd (Size: 25472)
[DEBUG | dusk] Loading Resource: dl.bmd (Size: 14080)
[DEBUG | dusk] Loading Resource: dt.bmd (Size: 2432)
[DEBUG | dusk] Loading Resource: db_stalk.bti (Size: 544)
[DEBUG | dusk] [DIAG] fpcSCtRq_phase_Load: procName=316 ret=4
[DEBUG | dusk] fpcSCtRq_phase_CreateProcess: procName=316
[DEBUG | dusk] fpcBs_Create: pid=537 profname=fpcNm_Obj_Flag2_e (316) profile=0x7aceb891f8 procSize=4928 unkSize=0
[DEBUG | dusk] fpcSCtRq_phase_CreateProcess: fpcBs_Create OK proc=0xb400007a09064e38
[DEBUG | dusk] [DIAG] fpcSCtRq_phase_Load: procName=316 ret=4
[DEBUG | dusk] fpcSCtRq_phase_CreateProcess: procName=316
[DEBUG | dusk] fpcBs_Create: pid=538 profname=fpcNm_Obj_Flag2_e (316) profile=0x7aceb891f8 procSize=4928 unkSize=0
[DEBUG | dusk] fpcSCtRq_phase_CreateProcess: fpcBs_Create OK proc=0xb400007a08fa21a4
[DEBUG | dusk] [DIAG] fpcSCtRq_phase_Load: procName=316 ret=4
[DEBUG | dusk] fpcSCtRq_phase_CreateProcess: procName=316
[DEBUG | dusk] fpcBs_Create: pid=539 profname=fpcNm_Obj_Flag2_e (316) profile=0x7aceb891f8 procSize=4928 unkSize=0
[DEBUG | dusk] fpcSCtRq_phase_CreateProcess: fpcBs_Create OK proc=0xb400007a08fa0e44
[DEBUG | dusk] [DIAG] fpcSCtRq_phase_Load: procName=316 ret=4
[DEBUG | dusk] fpcSCtRq_phase_CreateProcess: procName=316
[DEBUG | dusk] fpcBs_Create: pid=540 profname=fpcNm_Obj_Flag2_e (316) profile=0x7aceb891f8 procSize=4928 unkSize=0
[DEBUG | dusk] fpcSCtRq_phase_CreateProcess: fpcBs_Create OK proc=0xb400007a08f9fae4
[DEBUG | dusk] [DIAG] fpcSCtRq_phase_Load: procName=316 ret=4
[DEBUG | dusk] fpcSCtRq_phase_CreateProcess: procName=316
[DEBUG | dusk] fpcBs_Create: pid=541 profname=fpcNm_Obj_Flag2_e (316) profile=0x7aceb891f8 procSize=4928 unkSize=0
[DEBUG | dusk] fpcSCtRq_phase_CreateProcess: fpcBs_Create OK proc=0xb400007a08f9e784
[DEBUG | dusk] [DIAG] fpcSCtRq_phase_Load: procName=316 ret=4
[DEBUG | dusk] fpcSCtRq_phase_CreateProcess: procName=316
[DEBUG | dusk] fpcBs_Create: pid=542 profname=fpcNm_Obj_Flag2_e (316) profile=0x7aceb891f8 procSize=4928 unkSize=0
[DEBUG | dusk] fpcSCtRq_phase_CreateProcess: fpcBs_Create OK proc=0xb400007a08f9d424
[DEBUG | dusk] [DIAG] fpcSCtRq_phase_Load: procName=734 ret=4
[DEBUG | dusk] fpcSCtRq_phase_CreateProcess: procName=734
[DEBUG | dusk] fpcBs_Create: pid=543 profname=fpcNm_BG_OBJ_e (734) profile=0x7aceb634d8 procSize=4344 unkSize=0
[DEBUG | dusk] fpcSCtRq_phase_CreateProcess: fpcBs_Create OK proc=0xb400007a08f9c30c
[DEBUG | dusk] [DIAG] fpcSCtRq_phase_Load: procName=734 ret=4
[DEBUG | dusk] fpcSCtRq_phase_CreateProcess: procName=734
[DEBUG | dusk] fpcBs_Create: pid=544 profname=fpcNm_BG_OBJ_e (734) profile=0x7aceb634d8 procSize=4344 unkSize=0
[DEBUG | dusk] fpcSCtRq_phase_CreateProcess: fpcBs_Create OK proc=0xb400007a08f9b1f4
[DEBUG | dusk] [DIAG] fpcSCtRq_phase_Load: procName=369 ret=4
[DEBUG | dusk] fpcSCtRq_phase_CreateProcess: procName=369
[DEBUG | dusk] fpcBs_Create: pid=545 profname=fpcNm_Obj_StoneMark_e (369) profile=0x7aceb6bdb0 procSize=2640 unkSize=0
[DEBUG | dusk] fpcSCtRq_phase_CreateProcess: fpcBs_Create OK proc=0xb400007a08f9a784
[DEBUG | dusk] [DIAG] fpcSCtRq_phase_Load: procName=369 ret=4
[DEBUG | dusk] fpcSCtRq_phase_CreateProcess: procName=369
[DEBUG | dusk] fpcBs_Create: pid=546 profname=fpcNm_Obj_StoneMark_e (369) profile=0x7aceb6bdb0 procSize=2640 unkSize=0
[DEBUG | dusk] fpcSCtRq_phase_CreateProcess: fpcBs_Create OK proc=0xb400007a08f99d14
[DEBUG | dusk] [DIAG] fpcSCtRq_phase_Load: procName=369 ret=4
[DEBUG | dusk] fpcSCtRq_phase_CreateProcess: procName=369
[DEBUG | dusk] fpcBs_Create: pid=547 profname=fpcNm_Obj_StoneMark_e (369) profile=0x7aceb6bdb0 procSize=2640 unkSize=0
[DEBUG | dusk] fpcSCtRq_phase_CreateProcess: fpcBs_Create OK proc=0xb400007a08f992a4
[DEBUG | dusk] [DIAG] fpcSCtRq_phase_Load: procName=369 ret=4
[DEBUG | dusk] fpcSCtRq_phase_CreateProcess: procName=369
[DEBUG | dusk] fpcBs_Create: pid=548 profname=fpcNm_Obj_StoneMark_e (369) profile=0x7aceb6bdb0 procSize=2640 unkSize=0
[DEBUG | dusk] fpcSCtRq_phase_CreateProcess: fpcBs_Create OK proc=0xb400007a08f98834
[DEBUG | dusk] [DIAG] fpcSCtRq_phase_Load: procName=369 ret=4
[DEBUG | dusk] fpcSCtRq_phase_CreateProcess: procName=369
[DEBUG | dusk] fpcBs_Create: pid=549 profname=fpcNm_Obj_StoneMark_e (369) profile=0x7aceb6bdb0 procSize=2640 unkSize=0
[DEBUG | dusk] fpcSCtRq_phase_CreateProcess: fpcBs_Create OK proc=0xb400007a08f97dc4
[DEBUG | dusk] [DIAG] fpcSCtRq_phase_Load: procName=369 ret=4
[DEBUG | dusk] fpcSCtRq_phase_CreateProcess: procName=369
[DEBUG | dusk] fpcBs_Create: pid=550 profname=fpcNm_Obj_StoneMark_e (369) profile=0x7aceb6bdb0 procSize=2640 unkSize=0
[DEBUG | dusk] fpcSCtRq_phase_CreateProcess: fpcBs_Create OK proc=0xb400007a08f97354
[DEBUG | dusk] [DIAG] fpcSCtRq_phase_Load: procName=369 ret=4
[DEBUG | dusk] fpcSCtRq_phase_CreateProcess: procName=369
[DEBUG | dusk] fpcBs_Create: pid=551 profname=fpcNm_Obj_StoneMark_e (369) profile=0x7aceb6bdb0 procSize=2640 unkSize=0
[DEBUG | dusk] fpcSCtRq_phase_CreateProcess: fpcBs_Create OK proc=0xb400007a08f968e4
[DEBUG | dusk] [DIAG] fpcSCtRq_phase_Load: procName=369 ret=4
[DEBUG | dusk] fpcSCtRq_phase_CreateProcess: procName=369
[DEBUG | dusk] fpcBs_Create: pid=552 profname=fpcNm_Obj_StoneMark_e (369) profile=0x7aceb6bdb0 procSize=2640 unkSize=0
[DEBUG | dusk] fpcSCtRq_phase_CreateProcess: fpcBs_Create OK proc=0xb400007a08f95e74
[DEBUG | dusk] [DIAG] fpcSCtRq_phase_Load: procName=734 ret=4
[DEBUG | dusk] fpcSCtRq_phase_CreateProcess: procName=734
[DEBUG | dusk] fpcBs_Create: pid=553 profname=fpcNm_BG_OBJ_e (734) profile=0x7aceb634d8 procSize=4344 unkSize=0
[DEBUG | dusk] fpcSCtRq_phase_CreateProcess: fpcBs_Create OK proc=0xb400007a08f94d5c
[DEBUG | dusk] [DIAG] fpcSCtRq_phase_Load: procName=734 ret=4
[DEBUG | dusk] fpcSCtRq_phase_CreateProcess: procName=734
[DEBUG | dusk] fpcBs_Create: pid=554 profname=fpcNm_BG_OBJ_e (734) profile=0x7aceb634d8 procSize=4344 unkSize=0
[DEBUG | dusk] fpcSCtRq_phase_CreateProcess: fpcBs_Create OK proc=0xb400007a08f93c44
[DEBUG | dusk] [DIAG] fpcSCtRq_phase_Load: procName=734 ret=4
[DEBUG | dusk] fpcSCtRq_phase_CreateProcess: procName=734
[DEBUG | dusk] fpcBs_Create: pid=555 profname=fpcNm_BG_OBJ_e (734) profile=0x7aceb634d8 procSize=4344 unkSize=0
[DEBUG | dusk] fpcSCtRq_phase_CreateProcess: fpcBs_Create OK proc=0xb400007a08f92b2c
[DEBUG | dusk] fpcBs_Create: pid=564 profname=fpcNm_Tag_Attp_e (346) profile=0x7aceb66d00 procSize=1632 unkSize=0
[DEBUG | dusk] [DIAG] fpcSCtRq_phase_Load: procName=458 ret=4
[DEBUG | dusk] fpcSCtRq_phase_CreateProcess: procName=458
[DEBUG | dusk] fpcBs_Create: pid=556 profname=fpcNm_E_HB_LEAF_e (458) profile=0x7aceb70950 procSize=1744 unkSize=0
[DEBUG | dusk] fpcSCtRq_phase_CreateProcess: fpcBs_Create OK proc=0xb400007a09074ba4
[DEBUG | dusk] [DIAG] fpcSCtRq_phase_Load: procName=458 ret=4
[DEBUG | dusk] fpcSCtRq_phase_CreateProcess: procName=458
[DEBUG | dusk] fpcBs_Create: pid=557 profname=fpcNm_E_HB_LEAF_e (458) profile=0x7aceb70950 procSize=1744 unkSize=0
[DEBUG | dusk] fpcSCtRq_phase_CreateProcess: fpcBs_Create OK proc=0xb400007a09070900
[DEBUG | dusk] [DIAG] fpcSCtRq_phase_Load: procName=454 ret=4
[DEBUG | dusk] fpcSCtRq_phase_CreateProcess: procName=454
[DEBUG | dusk] fpcBs_Create: pid=558 profname=fpcNm_E_DB_LEAF_e (454) profile=0x7aceb6fcb0 procSize=1736 unkSize=0
[DEBUG | dusk] fpcSCtRq_phase_CreateProcess: fpcBs_Create OK proc=0xb400007a090627c0
[DEBUG | dusk] [DIAG] fpcSCtRq_phase_Load: procName=454 ret=4
[DEBUG | dusk] fpcSCtRq_phase_CreateProcess: procName=454
[DEBUG | dusk] fpcBs_Create: pid=559 profname=fpcNm_E_DB_LEAF_e (454) profile=0x7aceb6fcb0 procSize=1736 unkSize=0
[DEBUG | dusk] fpcSCtRq_phase_CreateProcess: fpcBs_Create OK proc=0xb400007a08f92444
[DEBUG | dusk] [DIAG] fpcSCtRq_phase_Load: procName=454 ret=4
[DEBUG | dusk] fpcSCtRq_phase_CreateProcess: procName=454
[DEBUG | dusk] fpcBs_Create: pid=560 profname=fpcNm_E_DB_LEAF_e (454) profile=0x7aceb6fcb0 procSize=1736 unkSize=0
[DEBUG | dusk] fpcSCtRq_phase_CreateProcess: fpcBs_Create OK proc=0xb400007a08f91d5c
[DEBUG | dusk] [DIAG] fpcSCtRq_phase_Load: procName=458 ret=4
[DEBUG | dusk] fpcSCtRq_phase_CreateProcess: procName=458
[DEBUG | dusk] fpcBs_Create: pid=561 profname=fpcNm_E_HB_LEAF_e (458) profile=0x7aceb70950 procSize=1744 unkSize=0
[DEBUG | dusk] fpcSCtRq_phase_CreateProcess: fpcBs_Create OK proc=0xb400007a08f9166c
[DEBUG | dusk] [DIAG] fpcSCtRq_phase_Load: procName=458 ret=4
[DEBUG | dusk] fpcSCtRq_phase_CreateProcess: procName=458
[DEBUG | dusk] fpcBs_Create: pid=562 profname=fpcNm_E_HB_LEAF_e (458) profile=0x7aceb70950 procSize=1744 unkSize=0
[DEBUG | dusk] fpcSCtRq_phase_CreateProcess: fpcBs_Create OK proc=0xb400007a08f90f7c
[INFO | com.example.zelda_on_epona] spawning HoZelda actor in room 16 at (-49600.0, -7564.5, 42750.0)
[INFO | com.example.zelda_on_epona] spawned HoZelda actor id 565
[DEBUG | dusk] Loading Resource: flag.bti (Size: 21536)
[DEBUG | dusk] Loading Resource: a_iwaato.bti (Size: 16416)
[DEBUG | dusk] [DIAG] fpcSCtRq_phase_Load: procName=548 ret=4
[DEBUG | dusk] fpcSCtRq_phase_CreateProcess: procName=548
[DEBUG | dusk] fpcBs_Create: pid=565 profname=fpcNm_HOZELDA_e (548) profile=0x7aceb73e40 procSize=2368 unkSize=0
[DEBUG | dusk] fpcSCtRq_phase_CreateProcess: fpcBs_Create OK proc=0xb400007a09077d88
[INFO | com.example.zelda_on_epona] spawning HoZelda actor in room 16 at (-49600.0, -7564.5, 42750.0)
[INFO | com.example.zelda_on_epona] spawned HoZelda actor id 566
[DEBUG | dusk] Loading Resource: al_shb.bmd (Size: 15040)
[DEBUG | dusk] Loading Resource: zelh_aldieh.bck (Size: 6240)
[DEBUG | dusk] Loading Resource: zelh_arelordh.bck (Size: 9280)
[DEBUG | dusk] Loading Resource: zelh_ashooth.bck (Size: 5216)
[DEBUG | dusk] Loading Resource: zelh_atbh.bck (Size: 4064)
[DEBUG | dusk] Loading Resource: zelh_barelordh.bck (Size: 1216)
[DEBUG | dusk] Loading Resource: zelh_bashooth.bck (Size: 1952)
[DEBUG | dusk] Loading Resource: zelh_damh.bck (Size: 4864)
[DEBUG | dusk] Loading Resource: zelh_dashh.bck (Size: 6976)
[DEBUG | dusk] Loading Resource: zelh_dstarth.bck (Size: 7584)
[DEBUG | dusk] Loading Resource: zelh_egnd_wh.bck (Size: 6048)
[DEBUG | dusk] Loading Resource: zelh_egnd_whb.bck (Size: 5344)
[DEBUG | dusk] Loading Resource: zelh_jumph.bck (Size: 5600)
[DEBUG | dusk] Loading Resource: zelh_jumphed.bck (Size: 5568)
[DEBUG | dusk] Loading Resource: zelh_jumphst.bck (Size: 4896)
[DEBUG | dusk] Loading Resource: zelh_numbh.bck (Size: 4704)
[DEBUG | dusk] Loading Resource: zelh_standh.bck (Size: 10624)
[DEBUG | dusk] Loading Resource: zelh_standhwc.bck (Size: 14176)
[DEBUG | dusk] Loading Resource: zelh_stoph.bck (Size: 8064)
[DEBUG | dusk] Loading Resource: zelh_stoptostandh.bck (Size: 11648)
[DEBUG | dusk] Loading Resource: zelh_waitbh.bck (Size: 6656)
[DEBUG | dusk] Loading Resource: zelh_waitch.bck (Size: 5184)
[DEBUG | dusk] Loading Resource: zelh_waith.bck (Size: 5216)
[DEBUG | dusk] Loading Resource: o_zg_arow.bmd (Size: 9312)
[DEBUG | dusk] Loading Resource: o_zg_bow.bmd (Size: 17120)
[DEBUG | dusk] Loading Resource: zelh.bmd (Size: 240768)
[DEBUG | dusk] Loading Resource: zelh_fa.btk (Size: 352)
[DEBUG | dusk] Loading Resource: zelh_faldieh.btk (Size: 992)
[DEBUG | dusk] Loading Resource: zelh_fegnd_wh.btk (Size: 352)
[DEBUG | dusk] Loading Resource: zelh_fa.btp (Size: 128)
[DEBUG | dusk] Loading Resource: zelh_faldieh.btp (Size: 864)
[DEBUG | dusk] Loading Resource: zelh_fb.btp (Size: 128)
[DEBUG | dusk] Loading Resource: zelh_fc.btp (Size: 128)
[DEBUG | dusk] Loading Resource: zelh_fmaba01.btp (Size: 160)
[DEBUG | dusk] [DIAG] fpcSCtRq_phase_Load: procName=548 ret=4
[DEBUG | dusk] fpcSCtRq_phase_CreateProcess: procName=548
[DEBUG | dusk] fpcBs_Create: pid=566 profname=fpcNm_HOZELDA_e (548) profile=0x7aceb73e40 procSize=2368 unkSize=0
[DEBUG | dusk] fpcSCtRq_phase_CreateProcess: fpcBs_Create OK proc=0xb400007a0907d6f4
[DEBUG | dusk] [DIAG] fpcSCtRq_phase_Load: procName=255 ret=4
[DEBUG | dusk] fpcSCtRq_phase_CreateProcess: procName=255
[DEBUG | dusk] fpcBs_Create: pid=567 profname=fpcNm_MIDNA_e (255) profile=0x7aceb66698 procSize=3360 unkSize=0
[DEBUG | dusk] fpcSCtRq_phase_CreateProcess: fpcBs_Create OK proc=0xb400007a09077048
[DEBUG | dusk] Loading Resource: s_md_hands.bmd (Size: 19776)
[DEBUG | dusk] Loading Resource: s_md_mask.bmd (Size: 15424)
[DEBUG | dusk] Loading Resource: s_md_gokou.bmd (Size: 3008)
[DEBUG | dusk] Loading Resource: s_md.bmd (Size: 69984)
[DEBUG | dusk] Loading Resource: s_md_hair_hand.bmd (Size: 18944)
[DEBUG | dusk] Loading Resource: s_md_appear.brk (Size: 352)
[DEBUG | dusk] Loading Resource: s_md_gokou_appear.brk (Size: 256)
[DEBUG | dusk] Loading Resource: s_md_hair_hand_appear.brk (Size: 288)
[DEBUG | dusk] Loading Resource: s_md_mask_appear.brk (Size: 256)
[DEBUG | dusk] Loading Resource: s_md_hair_hand_moya.btk (Size: 544)
[DEBUG | dusk] Loading Resource: s_md_hands_moya.btk (Size: 608)
[DEBUG | dusk] Loading Resource: s_md_mask_moya.btk (Size: 320)
[DEBUG | dusk] Loading Resource: s_md_moya.btk (Size: 512)
[DEBUG | dusk] frameInterp: onTypeChange 41 -> 40 (event_type_id=40, leaving_event=false, entering_event=true)
[DEBUG | dusk] frameInterp: presentation sync not requested for ZEV event [CURRENT] (staff idx 25)
[DEBUG | dusk] frameInterp: onTypeChange 40 -> 87 (event_type_id=40, leaving_event=true, entering_event=false)
[ERROR | dusk::mods::ui] [com.dusklight.twilit_essentials] elem_set_rml: stale or invalid text handle 0x300000010
[DEBUG | dusk] fapGm_Execute frame=1800
[DEBUG | dusk] fapGm_Execute frame=2100
[DEBUG | dusk] fapGm_Execute frame=2400
[DEBUG | dusk] fapGm_Execute frame=2700
[INFO | aurora] Skipping present; window not presentable
[WARNING | aurora] Surface texture is Error, dropping surface
[INFO | aurora] Skipping present; window not presentable
[DEBUG | dusk] fapGm_Execute frame=3000
[ERROR | hopex.dark_link] mod_shutdown failed: mod_shutdown failed with result 5
[INFO | dev.baxlek.time_sync_neo] time_sync_neo shutdown
[INFO | org.twilight.hd_hud] Twilight HD stopped
[INFO | dev.twilitrealm.randomizer] randomizer unloaded
[INFO | dev.twilitrealm.cosmetics] cosmetics unloaded
[INFO | dusk::mods::loader] all mods unloaded
