[INFO | borealis::log] File logging initialized
[INFO | dusk] Build: v2.0.3 (rev f39afb4994aeb85e1f4524f40f32d6bb03808749, built Wed Sep 30 08:33:18 2026 -0500, type RelWithDebInfo)
[INFO | dusk] Platform: android
[INFO | dusk::config] Loading config from '/data/data/dev.twilitrealm.dusk/files/config.json'
[INFO | aurora] Aurora initializing
[INFO | aurora::system_info] CPU model: Unknown
[INFO | aurora::system_info] Memory: 15140 MiB
[INFO | aurora::system_info] Architecture: aarch64
[ERROR | aurora::system_info] Failed to open /etc/os-release or /usr/lib/os-release
[INFO | aurora::system_info] OS: Unknown
[INFO | aurora::gpu] Creating WebGPU instance
[INFO | aurora::gpu] Attempting to initialize Vulkan
[INFO | aurora::gpu] Requesting adapter
  Feature level: Compatibility
  Power preference: HighPerformance
  Backend: Vulkan
  Compatible surface: true
[INFO | aurora::gpu] Graphics adapter information
  API: Vulkan
  Device: Adreno (TM) 830 (IntegratedGPU)
  Driver: Qualcomm Technologies Inc. Adreno Vulkan Driver: Driver Build: 3967b80d3b, Ica4ce9bea6, 1770914544
Date: 02/12/26
Compiler Version: E031.47.18.49
Driver Branch: 
 512.800.72
[INFO | aurora::gpu] Using limits:
  maxTextureDimension1D: 16384
  maxTextureDimension2D: 16384
  maxTextureDimension3D: 2048
  maxTextureArrayLayers: 2048
  maxStorageBuffersPerShaderStage: 2
  minUniformBufferOffsetAlignment: 256
  minStorageBufferOffsetAlignment: 64
  maxImmediateSize: 64
[INFO | aurora::gpu] Enabling features: 
  CoreFeaturesAndLimits
  TextureCompressionBC
  TextureCompressionASTC
  DualSourceBlending
  TextureComponentSwizzle
[DEBUG | aurora::gpu::cache] SQLite version 3.51.3
[DEBUG | aurora::gpu::cache] Using dawn cache at /data/data/dev.twilitrealm.dusk/files/dawn_cache.db
[DEBUG | aurora::gpu::cache] SQLite cache init succeeded
[INFO | aurora::gpu] Using surface format RGBA8Unorm, present mode Fifo
[INFO | aurora::gfx::pipeline_cache] No bundled initial pipeline cache found at './initial_pipeline_cache.db'
[INFO | aurora] Using framebuffer size 1920x1080 scale 2.30625
[WARNING | aurora::texture] texture_replacement: failed to load texture TextureReplacement tex1_128x64_6b0c0e381e32c091_14.dds because 45x22 is not aligned to 4x4 texel blocks for format 62
[WARNING | aurora::texture] texture_replacement: failed to load texture TextureReplacement tex1_56x89_m_52820dbae736d0d1_59a43005f82eebd3_9.dds because 41x64 is not aligned to 4x4 texel blocks for format 62
[INFO | aurora::texture] Loaded 4732 texture replacement registrations from /data/data/dev.twilitrealm.dusk/files/texture_replacements
[INFO | dusk] Texture replacement directory loaded: 4732 registration(s)
[INFO | aurora::rmlui] Loaded font face 'Fira Sans' [regular] from 'res/FiraSans-Regular.ttf'.
[INFO | aurora::rmlui] Loaded font face 'Fira Sans' [bold] from 'res/FiraSans-Bold.ttf'.
[INFO | aurora::rmlui] Loaded font face 'Fira Sans Condensed' [regular] from 'res/FiraSansCondensed-Regular.ttf'.
[INFO | aurora::rmlui] Loaded font face 'Fira Sans Condensed' [bold] from 'res/FiraSansCondensed-Bold.ttf'.
[INFO | aurora::rmlui] Loaded font face 'Alegreya SC' [regular] from 'res/AlegreyaSC-Regular.ttf'.
[INFO | aurora::rmlui] Loaded font face 'Alegreya SC' [bold] from 'res/AlegreyaSC-Bold.ttf'.
[INFO | aurora::rmlui] Loaded font face 'Material Symbols Rounded' [regular] from 'res/MaterialSymbolsRounded-Regular.ttf'.
[INFO | aurora::rmlui] Loaded font face 'Noto Mono' [regular] from 'res/NotoMono-Regular.ttf'.
[INFO | dusk] Disc verification status: verified (path: content://com.android.externalstorage.documents/document/primary%3ADusklight%2FLegend%20of%20Zelda%2C%20The%20-%20Twilight%20Princess%20(USA).rvz)
[INFO | dusk] Loading DVD image: content://com.android.externalstorage.documents/document/primary%3ADusklight%2FLegend%20of%20Zelda%2C%20The%20-%20Twilight%20Princess%20(USA).rvz
[INFO | dusk] Loaded game disc is GZ2E01
[INFO | dusk] Initializing mods...
[INFO | dusk::mods::manifest] symbol manifest loaded: 312357 symbols, build id 3021f75aced6da670bbefc9c2e3c1463afcafeb9
[WARNING | birdoflight.link.cloud] icon path 'res/icon.png' not found in bundle
[WARNING | birdoflight.link.cloud] banner path 'res/banner.png' not found in bundle
[WARNING | birdoflight.link.cloud] icon path 'res/icon.png' not found in bundle
[WARNING | birdoflight.link.cloud] banner path 'res/banner.png' not found in bundle
[INFO | birdoflight.link.cloud] found 'Cloud' v1.0.0 by BirdofLight (/data/data/dev.twilitrealm.dusk/files/mods/Link - Cloud.dusk)
[INFO | org.twilight.hd_hud] found 'Twilight HD' v2.5.2 by Hyrule Hysteria (/data/data/dev.twilitrealm.dusk/files/mods/Twilight-HD-HUD.dusk)
[INFO | alexandre.cooper_hat.texture_selector] found 'Cowboy Link' v1.1.0 by XandasLegend (/data/data/dev.twilitrealm.dusk/files/mods/alexandre.cooper_hat.texture_selector.dusk)
[INFO | com.skilarmbabcock.champions_leathers] found 'Champion's Leathers' v1.0.0 by Skilar Babcock (/data/data/dev.twilitrealm.dusk/files/mods/champions_leathers.dusk)
[INFO | com.blueflaregames.cutscene_player] found 'Cutscene Player' v1.0.1 by Blue Flare Games (/data/data/dev.twilitrealm.dusk/files/mods/com.blueflaregames.cutscene_player.dusk)
[INFO | com.blueflaregames.zora_swim] found 'Zora Swim' v1.2.1 by Blue Flare Games (/data/data/dev.twilitrealm.dusk/files/mods/com.blueflaregames.zora_swim.dusk)
[INFO | com.ditrey.linkle] found 'Linkle Mod' v1.1.1 by Ditrey (/data/data/dev.twilitrealm.dusk/files/mods/com.ditrey.linkle.dusk)
[INFO | com.dusklight.twilit_essentials] found 'Twilit Essentials' v2.6.7 by Fimmel (/data/data/dev.twilitrealm.dusk/files/mods/com.dusklight.twilit_essentials.dusk)
[INFO | com.kamilink.lazytweaks] found 'Lazy Shield Rework' v1.0.0 by Kamilink (/data/data/dev.twilitrealm.dusk/files/mods/com.kamilink.lazytweaks.dusk)
[INFO | com.melonspeedruns.rollandsprint] found 'Roll and Sprint' v1.1.0 by MelonSpeedruns (/data/data/dev.twilitrealm.dusk/files/mods/com.melonspeedruns.rollandsprint.dusk)
[INFO | com.mikey022.tp_randomizer_tracker] found 'TPTracker' v0.4.40 by mikey022 (/data/data/dev.twilitrealm.dusk/files/mods/com.mikey022.tp_randomizer_tracker.dusk)
[INFO | com.ordonhero.zeldartist] found 'Ordonian Hero' v1.0.0 by Skilar Babcock (/data/data/dev.twilitrealm.dusk/files/mods/com.ordonhero.zeldartist.dusk)
[INFO | com.skilarmbabcock.hero_of_time] found 'Hero of Time' v1.0.0 by Skilar Babcock (/data/data/dev.twilitrealm.dusk/files/mods/com.skilarmbabcock.hero_of_time.dusk)
[INFO | com.tomtee.no_underwater_filter] found 'No Underwater Filter' v1.0.0 by tomtee (/data/data/dev.twilitrealm.dusk/files/mods/com.tomtee.no_underwater_filter.dusk)
[INFO | dev.baxlek.time_sync_neo] found 'Time Sync Neo' v1.3.1 by baxlek (/data/data/dev.twilitrealm.dusk/files/mods/dev.baxlek.time_sync_neo.dusk)
[INFO | dev.baxlek.unrestricted_items] found 'Unrestricted Items' v1.1.1 by baxlek (/data/data/dev.twilitrealm.dusk/files/mods/dev.baxlek.unrestricted_items.dusk)
[INFO | dev.remiafterdark.coop_mod] found 'Crests of Courage' v1.9.0 by remiafterdark (/data/data/dev.twilitrealm.dusk/files/mods/dev.remiafterdark.coop_mod.dusk)
[INFO | dev.remiafterdark.ganondorf] found 'Ganondorf' v1.0.0 by remiafterdark (/data/data/dev.twilitrealm.dusk/files/mods/dev.remiafterdark.ganondorf.dusk)
[INFO | dev.twilitrealm.randomizer] /data/data/dev.twilitrealm.dusk/files/mods/dev.twilitrealm.randomizer.dusk v1.0.5 shadowed by /data/data/dev.twilitrealm.dusk/files/bundled_mods/randomizer.dusk v1.0.6
[INFO | com.skilarmbabcock.fierce_deity] found 'Fierce Deity' v1.0.0 by Skilar Babcock (/data/data/dev.twilitrealm.dusk/files/mods/fierce_deity.dusk)
[INFO | dev.baxlek.fire_arrows] found 'Fire Arrows Standalone' v1.0.1 by baxlek (/data/data/dev.twilitrealm.dusk/files/mods/fire_arrows.dusk)
[INFO | hopex.dark_link] found 'Dark Link' v1.1.3 by Nozzly (/data/data/dev.twilitrealm.dusk/files/mods/hopex.dark_link.dusk)
[INFO | dev.baxlek.hw_outfit] found 'Hyrule Warriors Outfit' v1.0.0 by baxlek (/data/data/dev.twilitrealm.dusk/files/mods/hw_outfit.dusk)
[INFO | com.snoopier.light_sword_anywhere] found 'Light Sword Anywhere' v0.4.1 by Snoopier (/data/data/dev.twilitrealm.dusk/files/mods/light_sword_anywhere-android.dusk)
[INFO | com.bytheeightdivines.royalshield] found 'Royal Shield' v1.0.0 by ByTheEightDivines (/data/data/dev.twilitrealm.dusk/files/mods/royal_shield.dusk)
[INFO | dev.baxlek.zelda_on_epona] found 'Zelda on Epona' v1.2.3 by baxlek (/data/data/dev.twilitrealm.dusk/files/mods/zelda_on_epona.dusk)
[INFO | dev.twilitrealm.cosmetics] found 'Cosmetics' v1.0.0 by Twilit Realm (/data/data/dev.twilitrealm.dusk/files/bundled_mods/cosmetics.dusk)
[INFO | dev.twilitrealm.luau] found 'Luau Support' v1.0.0 by Twilit Realm (/data/data/dev.twilitrealm.dusk/files/bundled_mods/luau_runtime.dusk)
[INFO | dev.twilitrealm.randomizer] found 'Dusklight Randomizer' v1.0.6 by Twilit Realm (/data/data/dev.twilitrealm.dusk/files/bundled_mods/randomizer.dusk)
[INFO | dusk::mods::loader] initializing 28 mod(s)...
[INFO | birdoflight.link.cloud] disabled by config
[INFO | alexandre.cooper_hat.texture_selector] disabled by config
[INFO | com.skilarmbabcock.champions_leathers] disabled by config
[INFO | com.blueflaregames.cutscene_player] disabled by config
[INFO | com.ditrey.linkle] disabled by config
[INFO | com.dusklight.twilit_essentials] disabled by config
[INFO | com.kamilink.lazytweaks] disabled by config
[INFO | com.mikey022.tp_randomizer_tracker] disabled by config
[INFO | com.ordonhero.zeldartist] disabled by config
[INFO | com.skilarmbabcock.hero_of_time] disabled by config
[INFO | dev.remiafterdark.coop_mod] disabled by config
[INFO | dev.remiafterdark.ganondorf] disabled by config
[INFO | com.bytheeightdivines.royalshield] disabled by config
[INFO | dev.twilitrealm.cosmetics] activating mod
[INFO | dev.twilitrealm.cosmetics] cosmetics initialized
[INFO | dev.twilitrealm.luau] activating mod
[INFO | dev.twilitrealm.randomizer] activating mod
[INFO | dev.twilitrealm.randomizer] randomizer v1.0.6-HEAD-1f24e81 initialized
[INFO | org.twilight.hd_hud] activating mod
[INFO | org.twilight.hd_hud] Text Font: Dusklight - Fira Sans Bold selected
[INFO | org.twilight.hd_hud] Twilight HD initialized
[INFO | com.blueflaregames.zora_swim] activating mod
[INFO | com.blueflaregames.zora_swim] zora_swim initialized (swim speed 200%)
[INFO | com.melonspeedruns.rollandsprint] activating mod
[INFO | com.tomtee.no_underwater_filter] activating mod
[INFO | dev.baxlek.time_sync_neo] activating mod
[INFO | dev.baxlek.time_sync_neo] time_sync_neo initialized
[INFO | dev.baxlek.unrestricted_items] activating mod
[INFO | dev.baxlek.unrestricted_items] unrestricted_items initialized
[INFO | com.skilarmbabcock.fierce_deity] activating mod
[INFO | dev.baxlek.fire_arrows] activating mod
[INFO | dev.baxlek.fire_arrows] fire_arrows initialized
[INFO | hopex.dark_link] activating mod
[INFO | dev.baxlek.hw_outfit] activating mod
[INFO | com.snoopier.light_sword_anywhere] activating mod
[INFO | com.snoopier.light_sword_anywhere] light_sword_anywhere initialized
[INFO | dev.baxlek.zelda_on_epona] activating mod
[INFO | dev.baxlek.zelda_on_epona] zelda_on_epona initialized
[DEBUG | dusk::mods::overlay] Registering 36 overlay file(s).
[INFO | dusk::mods::textures] [org.twilight.hd_hud] registered 2 texture replacement(s).
[INFO | dusk::mods::textures] [dev.baxlek.hw_outfit] registered 20 texture replacement(s).
[INFO | dusk::mods::loader] 15/28 mod(s) active
[INFO | dusk::osReport] Starting main01 (Game Loop)...
[DEBUG | aurora::ar] Initialized 0x1800000 bytes of ARAM!
[INFO | dusk] COPYDATE=[2006/11/06 18:16
]
[DEBUG | dusk] [DIAG] cDyl_InitCallback: START
[DEBUG | dusk] fopScnM_CreateReq: procName=9 fade=32767
[DEBUG | dusk] fopScnM_CreateReq: result=0 (error=4294967295)
[DEBUG | dusk] cDyl_InitCallback: fpcNm_LOGO_SCENE_e created, DONE
[INFO | aurora::input] Added controller 'Odin Controller' (instance 3, vid 2020, pid 0111, type 1)
[DEBUG | dusk] fapGm_Execute frame=0
[DEBUG | dusk] fpcDw_Handler: before BeforeOfDraw
[DEBUG | dusk] fpcDw_Handler: before draw iteration
[DEBUG | dusk] fpcDw_Handler: before AfterOfDraw
[DEBUG | dusk] fpcDw_Handler: done
[DEBUG | dusk] fpcNdRq_Handler: queue size=1
[DEBUG | dusk] fpcNdRq_phase_Create: name=9 layer=0x7b6159e418
[DEBUG | dusk] fpcNdRq_phase_Create: creating_id=1 (error=4294967295)
[DEBUG | dusk] fopScnRq_phase_Execute: ret=0 name=9
[DEBUG | dusk] fapGm_Execute frame=1
[DEBUG | dusk] [DIAG] fpcSCtRq_phase_Load: procName=9 ret=4
[DEBUG | dusk] fpcSCtRq_phase_CreateProcess: procName=9
[DEBUG | dusk] fpcBs_Create: pid=1 profname=fpcNm_LOGO_SCENE_e (9) profile=0x7b6136b020 procSize=1304 unkSize=0
[DEBUG | dusk] fpcSCtRq_phase_CreateProcess: fpcBs_Create OK proc=0xb400007a19201a48
[DEBUG | dusk] [DIAG] dScnLogo_Create: entry i_this=0xb400007a19201a48
[DEBUG | dusk] dScnLogo_c::create START
[DEBUG | dusk] dScnLogo_c::create resLoad=0 (need 4 for complete)
[DEBUG | dusk] fpcSCtRq_phase_SubCreateProcess: pid=1 procName=0009 ret=0
[DEBUG | dusk] fpcCtRq_Do: phase=0 process=0xb400007a19201a48
[DEBUG | dusk] fpcDw_Handler: before BeforeOfDraw
[DEBUG | dusk] fpcDw_Handler: before draw iteration
[DEBUG | dusk] fpcDw_Handler: before AfterOfDraw
[DEBUG | dusk] fpcDw_Handler: done
[DEBUG | dusk] fpcNdRq_Handler: queue size=1
[DEBUG | dusk] fopScnRq_phase_Execute: ret=0 name=9
[DEBUG | dusk] fapGm_Execute frame=2
[DEBUG | dusk] [DIAG] dScnLogo_Create: entry i_this=0xb400007a19201a48
[DEBUG | dusk] fpcSCtRq_phase_SubCreateProcess: pid=1 procName=0009 ret=0
[DEBUG | dusk] fpcCtRq_Do: phase=0 process=0xb400007a19201a48
[DEBUG | dusk] fpcDw_Handler: before BeforeOfDraw
[DEBUG | dusk] fpcDw_Handler: before draw iteration
[DEBUG | dusk] fpcDw_Handler: before AfterOfDraw
[DEBUG | dusk] fpcDw_Handler: done
[DEBUG | dusk] fpcNdRq_Handler: queue size=1
[DEBUG | dusk] fopScnRq_phase_Execute: ret=0 name=9
[DEBUG | dusk] fapGm_Execute frame=3
[DEBUG | dusk] [DIAG] dScnLogo_Create: entry i_this=0xb400007a19201a48
[DEBUG | dusk] fpcSCtRq_phase_SubCreateProcess: pid=1 procName=0009 ret=0
[DEBUG | dusk] fpcCtRq_Do: phase=0 process=0xb400007a19201a48
[DEBUG | dusk] fpcDw_Handler: before BeforeOfDraw
[DEBUG | dusk] fpcDw_Handler: before draw iteration
[DEBUG | dusk] fpcDw_Handler: before AfterOfDraw
[DEBUG | dusk] fpcDw_Handler: done
[DEBUG | dusk] fpcNdRq_Handler: queue size=1
[DEBUG | dusk] fopScnRq_phase_Execute: ret=0 name=9
[DEBUG | dusk] fapGm_Execute frame=4
[DEBUG | dusk] [DIAG] dScnLogo_Create: entry i_this=0xb400007a19201a48
[DEBUG | dusk] Loading Resource: dolby_p2_232_112.bti (Size: 26016)
[DEBUG | dusk] Loading Resource: nintendo_376x104.bti (Size: 78240)
[DEBUG | dusk] Loading Resource: progressive_choice.bti (Size: 15008)
[DEBUG | dusk] Loading Resource: progressive_inter.bti (Size: 15008)
[DEBUG | dusk] Loading Resource: progressive_no.bti (Size: 2592)
[DEBUG | dusk] Loading Resource: progressive_pro.bti (Size: 15008)
[DEBUG | dusk] Loading Resource: progressive_yes.bti (Size: 2848)
[DEBUG | dusk] Loading Resource: warning.bti (Size: 136224)
[DEBUG | dusk] Loading Resource: warning_pstart.bti (Size: 14624)
[DEBUG | dusk] dScnLogo_c::create resLoad COMPLETE, continuing init...
[DEBUG | dusk] fpcSCtRq_phase_SubCreateProcess: pid=1 procName=0009 ret=2
[DEBUG | dusk] fpcCtRq_Do: phase=4 process=0xb400007a19201a48
[DEBUG | dusk] fpcDw_Handler: before BeforeOfDraw
[DEBUG | dusk] fpcDw_Handler: before draw iteration
[DEBUG | dusk] dScnLogo_c::draw: mExecCommand=14 mTimer=0
[DEBUG | dusk] fpcDw_Handler: before AfterOfDraw
[DEBUG | dusk] fpcDw_Handler: done
[DEBUG | dusk] fpcNdRq_Handler: queue size=1
[DEBUG | dusk] fopScnRq_phase_Execute: ret=2 name=9
[DEBUG | dusk] fapGm_Execute frame=5
[DEBUG | dusk] dScnLogo_c::draw: mExecCommand=14 mTimer=0
[DEBUG | dusk] fapGm_Execute frame=6
[DEBUG | dusk] dScnLogo_c::draw: mExecCommand=14 mTimer=0
[DEBUG | dusk] Loading Resource: ef_mizubashira.bck (Size: 672)
[DEBUG | dusk] Loading Resource: f_znc_r_impact.bck (Size: 704)
[DEBUG | dusk] Loading Resource: o_g_hutk.bck (Size: 416)
[DEBUG | dusk] Loading Resource: o_g_hutu.bck (Size: 416)
[DEBUG | dusk] Loading Resource: waita.bck (Size: 768)
[DEBUG | dusk] Loading Resource: zelda_notice_cursor_red.bck (Size: 512)
[DEBUG | dusk] Loading Resource: zelda_notice_cursor_yellow.bck (Size: 416)
[DEBUG | dusk] Loading Resource: o_g_hart.bmd (Size: 5472)
[DEBUG | dusk] Loading Resource: o_g_hutk.bmd (Size: 29376)
[DEBUG | dusk] Loading Resource: o_g_hutu.bmd (Size: 29376)
[DEBUG | dusk] Loading Resource: o_g_rupy.bmd (Size: 8224)
[DEBUG | dusk] Loading Resource: breakwoodbox.bmd (Size: 3744)
[DEBUG | dusk] Loading Resource: d_brockbrk.bmd (Size: 2848)
[DEBUG | dusk] Loading Resource: ef_mizubashira.bmd (Size: 12224)
[DEBUG | dusk] Loading Resource: ef_screen_suityu.bmd (Size: 4128)
[DEBUG | dusk] Loading Resource: ef_thunder01.bmd (Size: 10016)
[DEBUG | dusk] Loading Resource: ef_thunder02.bmd (Size: 10304)
[DEBUG | dusk] Loading Resource: mpm_tubo.bmd (Size: 4704)
[DEBUG | dusk] Loading Resource: nv.bmd (Size: 4256)
[DEBUG | dusk] Loading Resource: o_g_arow.bmd (Size: 4960)
[DEBUG | dusk] Loading Resource: o_g_arow_taba.bmd (Size: 22304)
[DEBUG | dusk] Loading Resource: o_g_tane.bmd (Size: 13152)
[DEBUG | dusk] Loading Resource: zelda_notice_cursor_red.bmd (Size: 7808)
[DEBUG | dusk] Loading Resource: zelda_notice_cursor_yellow.bmd (Size: 10688)
[DEBUG | dusk] Loading Resource: f_znc_r_impact.bpk (Size: 416)
[DEBUG | dusk] Loading Resource: zelda_notice_cursor_red.bpk (Size: 320)
[DEBUG | dusk] Loading Resource: zelda_notice_cursor_yellow.bpk (Size: 320)
[DEBUG | dusk] Loading Resource: ef_mizubashira.brk (Size: 480)
[DEBUG | dusk] Loading Resource: ef_thunder.brk (Size: 640)
[DEBUG | dusk] Loading Resource: f_g_hart.brk (Size: 384)
[DEBUG | dusk] Loading Resource: f_g_rupy.brk (Size: 800)
[DEBUG | dusk] Loading Resource: f_znc_r_impact.brk (Size: 384)
[DEBUG | dusk] Loading Resource: o_g_hutk.brk (Size: 416)
[DEBUG | dusk] Loading Resource: o_g_hutu.brk (Size: 544)
[DEBUG | dusk] Loading Resource: zelda_notice_cursor_red.brk (Size: 288)
[DEBUG | dusk] Loading Resource: zelda_notice_cursor_red_02.brk (Size: 224)
[DEBUG | dusk] Loading Resource: zelda_notice_cursor_yellow.brk (Size: 544)
[DEBUG | dusk] Loading Resource: zelda_notice_cursor_yellow_02.brk (Size: 224)
[DEBUG | dusk] Loading Resource: ef_mizubashira.btk (Size: 704)
[DEBUG | dusk] Loading Resource: ef_screen_suityu.btk (Size: 320)
[DEBUG | dusk] Loading Resource: f_znc_r_impact.btk (Size: 256)
[DEBUG | dusk] Loading Resource: zelda_notice_cursor_red.btk (Size: 256)
[DEBUG | dusk] Loading Resource: zelda_notice_cursor_yellow.btk (Size: 576)
[DEBUG | dusk] Loading Resource: mpm_tubo.btp (Size: 128)
[DEBUG | dusk] Loading Resource: areamapres.bin (Size: 444)
[DEBUG | dusk] Loading Resource: item_table.bin (Size: 128)
[DEBUG | dusk] Loading Resource: a_kusa_rgba.bti (Size: 2080)
[DEBUG | dusk] Loading Resource: ball32_i4.bti (Size: 544)
[DEBUG | dusk] Loading Resource: im_enter_4i_32.bti (Size: 544)
[DEBUG | dusk] Loading Resource: im_map_icon_circle_4i.bti (Size: 64)
[DEBUG | dusk] Loading Resource: im_map_icon_enter_4i.bti (Size: 160)
[DEBUG | dusk] Loading Resource: im_map_icon_nijumaru_4i.bti (Size: 160)
[DEBUG | dusk] Loading Resource: im_map_icon_square_4i.bti (Size: 64)
[DEBUG | dusk] Loading Resource: im_map_icon_tresurebox_4i.bti (Size: 64)
[DEBUG | dusk] Loading Resource: im_map_icon_try_force_4i.bti (Size: 160)
[DEBUG | dusk] Loading Resource: map_icon_circle16x16_4i.bti (Size: 160)
[DEBUG | dusk] Loading Resource: moya.bti (Size: 1056)
[DEBUG | dusk] Loading Resource: rope.bti (Size: 160)
[DEBUG | dusk] Loading Resource: snow.bti (Size: 160)
[DEBUG | dusk] Loading Resource: snow_tex.bti (Size: 1056)
[DEBUG | dusk] Loading Resource: txa_ring_a_32hafe.bti (Size: 544)
[DEBUG | dusk] Loading Resource: txa_tuki_as.bti (Size: 2080)
[DEBUG | dusk] Loading Resource: txa_tuki_bs.bti (Size: 2080)
[DEBUG | dusk] Loading Resource: txa_tuki_cs.bti (Size: 2080)
[DEBUG | dusk] Loading Resource: txa_tuki_ds.bti (Size: 2080)
[DEBUG | dusk] Loading Resource: vr_lenzf_tex.bti (Size: 1056)
[DEBUG | dusk] Loading Resource: warp_tex.bti (Size: 1056)
[DEBUG | dusk] Loading Resource: zl2_polygon_ia8 (Size: 64)
[DEBUG | dusk] Loading Resource: crod_ball_revive_demo.bck (Size: 288)
[DEBUG | dusk] Loading Resource: crod_ball_wait_a.bck (Size: 288)
[DEBUG | dusk] Loading Resource: crod_ball_wait_a_t.bck (Size: 288)
[DEBUG | dusk] Loading Resource: crod_ball_wait_a_t_start.bck (Size: 288)
[DEBUG | dusk] Loading Resource: crod_ball_wait_b.bck (Size: 352)
[DEBUG | dusk] Loading Resource: crod_ball_wait_c.bck (Size: 384)
[DEBUG | dusk] Loading Resource: ef_shippu.bck (Size: 544)
[DEBUG | dusk] Loading Resource: pb_move.bck (Size: 2816)
[DEBUG | dusk] Loading Resource: pb_wait.bck (Size: 928)
[DEBUG | dusk] Loading Resource: spout.bck (Size: 1088)
[DEBUG | dusk] Loading Resource: ef_setboom.bmd (Size: 15392)
[DEBUG | dusk] Loading Resource: al_arrow.bmd (Size: 5024)
[DEBUG | dusk] Loading Resource: al_arrowb.bmd (Size: 9696)
[DEBUG | dusk] Loading Resource: al_bomb.bmd (Size: 11104)
[DEBUG | dusk] Loading Resource: al_boom.bmd (Size: 20000)
[DEBUG | dusk] Loading Resource: al_pachi_nut.bmd (Size: 2176)
[DEBUG | dusk] Loading Resource: al_sp.bmd (Size: 21824)
[DEBUG | dusk] Loading Resource: crod_ball.bmd (Size: 3840)
[DEBUG | dusk] Loading Resource: footmark.bmd (Size: 2272)
[DEBUG | dusk] Loading Resource: hk.bmd (Size: 3648)
[DEBUG | dusk] Loading Resource: inochidama.bmd (Size: 13120)
[DEBUG | dusk] Loading Resource: pb.bmd (Size: 34976)
[DEBUG | dusk] Loading Resource: pg.bmd (Size: 20736)
[DEBUG | dusk] Loading Resource: rod_ukia.bmd (Size: 4384)
[DEBUG | dusk] Loading Resource: rod_ukib.bmd (Size: 2656)
[DEBUG | dusk] Loading Resource: rod_ukic.bmd (Size: 2656)
[DEBUG | dusk] Loading Resource: sango_fook.bmd (Size: 9984)
[DEBUG | dusk] Loading Resource: sfook.bmd (Size: 3456)
[DEBUG | dusk] Loading Resource: uki.bmd (Size: 4928)
[DEBUG | dusk] Loading Resource: uki_saki.bmd (Size: 4160)
[DEBUG | dusk] Loading Resource: wl_change.bmd (Size: 44256)
[DEBUG | dusk] Loading Resource: worm.bmd (Size: 8256)
[DEBUG | dusk] Loading Resource: worm_hole.bmd (Size: 2816)
[DEBUG | dusk] Loading Resource: ef_shippu.bmd (Size: 33216)
[DEBUG | dusk] Loading Resource: al_podm.bmd (Size: 21504)
[DEBUG | dusk] Loading Resource: al_swm.bmd (Size: 22720)
[DEBUG | dusk] Loading Resource: al_poda.bmd (Size: 12032)
[DEBUG | dusk] Loading Resource: al_swa.bmd (Size: 11808)
[DEBUG | dusk] Loading Resource: al_swm.brk (Size: 256)
[DEBUG | dusk] Loading Resource: crod_ball.brk (Size: 736)
[DEBUG | dusk] Loading Resource: inochidama.brk (Size: 288)
[DEBUG | dusk] Loading Resource: al_swa.btk (Size: 320)
[DEBUG | dusk] Loading Resource: al_swm.btk (Size: 320)
[DEBUG | dusk] Loading Resource: crod_ball.btk (Size: 416)
[DEBUG | dusk] Loading Resource: ef_setboom.btk (Size: 704)
[DEBUG | dusk] Loading Resource: ef_shippu.btk (Size: 1120)
[DEBUG | dusk] Loading Resource: inochidama.btk (Size: 672)
[DEBUG | dusk] Loading Resource: zelda_v_cursor_new_orange.blo (Size: 2368)
[DEBUG | dusk] Loading Resource: zelda_v_cursor_new_orange.brk (Size: 320)
[DEBUG | dusk] Loading Resource: zelda_v_cursor_new_orange_02.brk (Size: 384)
[DEBUG | dusk] Loading Resource: zelda_v_cursor_new_red.blo (Size: 2368)
[DEBUG | dusk] Loading Resource: zelda_v_cursor_new_red.brk (Size: 320)
[DEBUG | dusk] Loading Resource: zelda_v_cursor_new_red_02.brk (Size: 384)
[DEBUG | dusk] Loading Resource: zelda_v_cursor_new_yellow.bck (Size: 2016)
[DEBUG | dusk] Loading Resource: zelda_v_cursor_new_yellow.blo (Size: 2336)
[DEBUG | dusk] Loading Resource: zelda_v_cursor_new_yellow.bpk (Size: 448)
[DEBUG | dusk] Loading Resource: zelda_v_cursor_new_yellow.brk (Size: 320)
[DEBUG | dusk] Loading Resource: zelda_v_cursor_new_yellow_02.brk (Size: 352)
[DEBUG | dusk] Loading Resource: blur.bti (Size: 96)
[DEBUG | dusk] Loading Resource: rock_mark.bti (Size: 544)
[DEBUG | dusk] Loading Resource: tt_v_point_128_00_4ia_02.bti (Size: 16416)
[DEBUG | dusk] Loading Resource: tt_map_icon_link_40_4ia_00.bti (Size: 1632)
[DEBUG | dusk] Loading Resource: tt_navi_l.bti (Size: 544)
[DEBUG | dusk] fapGm_Execute frame=7
[DEBUG | dusk] dScnLogo_c::draw: mExecCommand=14 mTimer=0
[DEBUG | dusk] fapGm_Execute frame=8
[DEBUG | dusk] dScnLogo_c::draw: mExecCommand=14 mTimer=0
[DEBUG | dusk] fapGm_Execute frame=9
[DEBUG | dusk] dScnLogo_c::draw: mExecCommand=14 mTimer=0
[DEBUG | dusk] dScnLogo_c::draw: mExecCommand=14 mTimer=0
[DEBUG | dusk] dScnLogo_c::draw: mExecCommand=14 mTimer=0
[DEBUG | dusk] dScnLogo_c::draw: mExecCommand=15 mTimer=0
[DEBUG | dusk] fpcNdRq_Handler: queue size=1
[DEBUG | dusk] [DIAG] fpcSCtRq_phase_Load: procName=0 ret=4
[DEBUG | dusk] fpcSCtRq_phase_CreateProcess: procName=0
[DEBUG | dusk] fpcBs_Create: pid=2 profname=fpcNm_OVERLAP0_e (0) profile=0x7b6136ab18 procSize=384 unkSize=0
[DEBUG | dusk] fpcSCtRq_phase_CreateProcess: fpcBs_Create OK proc=0xb400007a192018a8
[DEBUG | dusk] fpcSCtRq_phase_SubCreateProcess: pid=2 procName=0000 ret=2
[DEBUG | dusk] fpcCtRq_Do: phase=4 process=0xb400007a192018a8
[DEBUG | dusk] dScnLogo_c::draw: mExecCommand=15 mTimer=0
[DEBUG | dusk] fpcNdRq_Handler: queue size=1
[DEBUG | dusk] fpcNdRq_Handler: queue size=1
[DEBUG | dusk] fpcNdRq_Handler: queue size=1
[DEBUG | dusk] fpcNdRq_Handler: queue size=1
[DEBUG | dusk] fpcNdRq_Handler: queue size=1
[DEBUG | dusk] fpcNdRq_Handler: queue size=1
[DEBUG | dusk] fpcNdRq_Handler: queue size=1
[DEBUG | dusk] fpcNdRq_Handler: queue size=1
[DEBUG | dusk] fpcNdRq_Handler: queue size=1
[DEBUG | dusk] fpcNdRq_Handler: queue size=1
[DEBUG | dusk] fpcNdRq_Handler: queue size=1
[DEBUG | dusk] fpcNdRq_Handler: queue size=1
[DEBUG | dusk] fpcNdRq_Handler: queue size=1
[DEBUG | dusk] fpcNdRq_Handler: queue size=1
[DEBUG | dusk] fpcNdRq_Handler: queue size=1
[DEBUG | dusk] fpcNdRq_Handler: queue size=1
[DEBUG | dusk] fpcNdRq_Handler: queue size=1
[DEBUG | dusk] fpcNdRq_Handler: queue size=1
[DEBUG | dev.twilitrealm.cosmetics] Loaded base texture data for al_SP. size: 800 hash: 8F18F04BC30C8091
[DEBUG | dev.twilitrealm.cosmetics] Loaded base texture data for L_al_boom00. size: 2000 hash: A0B9537632BF5353
[DEBUG | dev.twilitrealm.cosmetics] Loaded base texture data for al_SWM. size: 800 hash: B28F966CE362E1B0
[DEBUG | dev.twilitrealm.cosmetics] Loaded base texture data for al_SWgripM. size: 800 hash: 9C3E2139933B9BEF
[DEBUG | dev.twilitrealm.cosmetics] Loaded base texture data for al_SWA. size: 800 hash: 91A45C6361D59DE5
[DEBUG | dev.twilitrealm.cosmetics] Loaded base texture data for al_SWgripA. size: 400 hash: 5EAEFD04199EDE61
[DEBUG | dusk] fpcNdRq_Handler: queue size=1
[DEBUG | dusk] fpcNdRq_Handler: queue size=1
[DEBUG | dusk] fpcNdRq_Handler: queue size=1
[DEBUG | dusk] fpcNdRq_Handler: queue size=1
[DEBUG | dusk] fpcNdRq_Handler: queue size=1
[DEBUG | dusk] fpcNdRq_Handler: queue size=1
[DEBUG | dusk] fopScnRq_phase_Execute: ret=0 name=12
[DEBUG | dusk] fopScnRq_phase_Execute: ret=0 name=12
[INFO | dev.baxlek.zelda_on_epona] Pscene181.jpc loaded as particle bank 2, resource heap has 1693328 bytes free
[DEBUG | dusk] fpcNdRq_phase_Create: name=12 layer=0x7b6159e418
[DEBUG | dusk] fpcNdRq_phase_Create: creating_id=3 (error=4294967295)
[DEBUG | dusk] fopScnRq_phase_Execute: ret=0 name=12
[DEBUG | dusk] [DIAG] fpcSCtRq_phase_Load: procName=12 ret=4
[DEBUG | dusk] fpcSCtRq_phase_CreateProcess: procName=12
[DEBUG | dusk] fpcBs_Create: pid=3 profname=fpcNm_OPENING_SCENE_e (12) profile=0x7b6136b2a8 procSize=912 unkSize=0
[DEBUG | dusk] fpcSCtRq_phase_CreateProcess: fpcBs_Create OK proc=0xb400007a19201af0
[DEBUG | dusk] fpcSCtRq_phase_SubCreateProcess: pid=3 procName=000c ret=0
[DEBUG | dusk] fpcCtRq_Do: phase=0 process=0xb400007a19201af0
[DEBUG | dusk] fopScnRq_phase_Execute: ret=0 name=12
[DEBUG | dusk] Loading Resource: vrbox_kasumim.bmd (Size: 2272)
[DEBUG | dusk] Loading Resource: vrbox_kumo.bmd (Size: 69664)
[DEBUG | dusk] Loading Resource: vrbox_sora.bmd (Size: 6624)
[DEBUG | dusk] Loading Resource: vrbox_sun.bmd (Size: 12032)
[DEBUG | dusk] Loading Resource: vrbox_sun.btk (Size: 320)
[DEBUG | dusk] Loading Resource: colordata_tbl.dat (Size: 800)
[DEBUG | dusk] Loading Resource: pol_arg.dat (Size: 128)
[DEBUG | dusk] Loading Resource: pol_effcol.dat (Size: 128)
[DEBUG | dusk] Loading Resource: pol_effcol2.dat (Size: 128)
[DEBUG | dusk] Loading Resource: pol_efftbl.dat (Size: 128)
[DEBUG | dusk] Loading Resource: pol_efftbl2.dat (Size: 128)
[DEBUG | dusk] Loading Resource: pol_sound.dat (Size: 128)
[DEBUG | dusk] Loading Resource: room0.dzs (Size: 5440)
[DEBUG | dusk] Loading Resource: stage.dzs (Size: 1952)
[DEBUG | dusk] Loading Resource: cloudtx_01.bti (Size: 4128)
[DEBUG | dusk] Loading Resource: cloudtx_02.bti (Size: 4128)
[DEBUG | dusk] Loading Resource: cloudtx_03.bti (Size: 4128)
[DEBUG | dusk] Loading Resource: f_moon.bti (Size: 8224)
[DEBUG | dusk] Loading Resource: f_moon_a.bti (Size: 2080)
[DEBUG | dusk] Loading Resource: f_moon_a_a00.bti (Size: 64)
[DEBUG | dusk] Loading Resource: f_moon_a_a01.bti (Size: 544)
[DEBUG | dusk] Loading Resource: f_moon_a_a02.bti (Size: 544)
[DEBUG | dusk] Loading Resource: f_moon_a_a03.bti (Size: 544)
[DEBUG | dusk] fpcSCtRq_phase_SubCreateProcess: pid=3 procName=000c ret=0
[DEBUG | dusk] fpcCtRq_Do: phase=0 process=0xb400007a19201af0
[DEBUG | dusk] fopScnRq_phase_Execute: ret=0 name=12
[DEBUG | dusk] Loading Resource: event_list.dat (Size: 106476)
[DEBUG | dusk] Loading Resource: camstyle.dat (Size: 43328)
[DEBUG | dusk] Loading Resource: camtype.dat (Size: 14560)
[DEBUG | dusk] fpcSCtRq_phase_SubCreateProcess: pid=3 procName=000c ret=0
[DEBUG | dusk] fpcCtRq_Do: phase=0 process=0xb400007a19201af0
[DEBUG | dusk] fopScnRq_phase_Execute: ret=0 name=12
[DEBUG | dusk] fopScnM_CreateReq: procName=18 fade=32767
[DEBUG | dusk] fopScnM_CreateReq: result=2 (error=4294967295)
[DEBUG | dusk] fpcBs_Create: pid=7 profname=fpcNm_KANKYO_e (19) profile=0x7b61365e60 procSize=440 unkSize=0
[DEBUG | dusk] fpcBs_Create: pid=9 profname=fpcNm_KYEFF_e (785) profile=0x7b61365eb0 procSize=440 unkSize=0
[DEBUG | dusk] fpcBs_Create: pid=11 profname=fpcNm_KYEFF2_e (786) profile=0x7b61365ef0 procSize=440 unkSize=0
[DEBUG | dusk] fpcBs_Create: pid=13 profname=fpcNm_ENVSE_e (21) profile=0x7b61364f20 procSize=456 unkSize=0
[DEBUG | dusk] fpcSCtRq_phase_SubCreateProcess: pid=3 procName=000c ret=2
[DEBUG | dusk] fpcCtRq_Do: phase=0 process=0xb400007a19201af0
[DEBUG | dusk] fopScnRq_phase_Execute: ret=0 name=12
[DEBUG | dusk] fpcNdRq_phase_Create: name=18 layer=0xb400007a19201c48
[DEBUG | dusk] fpcNdRq_phase_Create: creating_id=16 (error=4294967295)
[DEBUG | dusk] fopScnRq_phase_Execute: ret=0 name=18
[DEBUG | dusk] fpcCtRq_Do: phase=0 process=0xb400007a19201af0
[DEBUG | dusk] [DIAG] fpcSCtRq_phase_Load: procName=737 ret=4
[DEBUG | dusk] fpcSCtRq_phase_CreateProcess: procName=737
[DEBUG | dusk] fpcBs_Create: pid=4 profname=fpcNm_TITLE_e (737) profile=0x7b613a8c90 procSize=1872 unkSize=0
[DEBUG | dusk] fpcSCtRq_phase_CreateProcess: fpcBs_Create OK proc=0xb400007a19200084
[DEBUG | dusk] fpcSCtRq_phase_SubCreateProcess: pid=4 procName=02e1 ret=0
[DEBUG | dusk] fpcCtRq_Do: phase=0 process=0xb400007a19200084
[DEBUG | dusk] [DIAG] fpcSCtRq_phase_Load: procName=781 ret=4
[DEBUG | dusk] fpcSCtRq_phase_CreateProcess: procName=781
[DEBUG | dusk] fpcBs_Create: pid=5 profname=fpcNm_CAMERA_e (781) profile=0x7b61364d68 procSize=4240 unkSize=0
[DEBUG | dusk] fpcSCtRq_phase_CreateProcess: fpcBs_Create OK proc=0xb400007a191fefd4
[DEBUG | dusk] fpcSCtRq_phase_SubCreateProcess: pid=5 procName=030d ret=0
[DEBUG | dusk] fpcCtRq_Do: phase=0 process=0xb400007a191fefd4
[DEBUG | dusk] fpcCtRq_Do: phase=4 process=0xb400007a1920126c
[DEBUG | dusk] fpcCtRq_Do: phase=4 process=0xb400007a19200fd4
[DEBUG | dusk] fpcCtRq_Do: phase=4 process=0xb400007a19200d3c
[DEBUG | dusk] fpcCtRq_Do: phase=4 process=0xb400007a19200a94
[DEBUG | dusk] [DIAG] fpcSCtRq_phase_Load: procName=730 ret=4
[DEBUG | dusk] fpcSCtRq_phase_CreateProcess: procName=730
[DEBUG | dusk] fpcBs_Create: pid=14 profname=fpcNm_VRBOX_e (730) profile=0x7b61371078 procSize=1648 unkSize=0
[DEBUG | dusk] fpcSCtRq_phase_CreateProcess: fpcBs_Create OK proc=0xb400007a191fe944
[DEBUG | dusk] fpcSCtRq_phase_SubCreateProcess: pid=14 procName=02da ret=2
[DEBUG | dusk] fpcCtRq_Do: phase=4 process=0xb400007a191fe944
[DEBUG | dusk] [DIAG] fpcSCtRq_phase_Load: procName=731 ret=4
[DEBUG | dusk] fpcSCtRq_phase_CreateProcess: procName=731
[DEBUG | dusk] fpcBs_Create: pid=15 profname=fpcNm_VRBOX2_e (731) profile=0x7b61371130 procSize=1720 unkSize=0
[DEBUG | dusk] fpcSCtRq_phase_CreateProcess: fpcBs_Create OK proc=0xb400007a191fe26c
[DEBUG | dusk] fpcSCtRq_phase_SubCreateProcess: pid=15 procName=02db ret=2
[DEBUG | dusk] fpcCtRq_Do: phase=4 process=0xb400007a191fe26c
[DEBUG | dusk] [DIAG] fpcSCtRq_phase_Load: procName=18 ret=4
[DEBUG | dusk] fpcSCtRq_phase_CreateProcess: procName=18
[DEBUG | dusk] fpcBs_Create: pid=16 profname=fpcNm_ROOM_SCENE_e (18) profile=0x7b6136b388 procSize=912 unkSize=0
[DEBUG | dusk] fpcSCtRq_phase_CreateProcess: fpcBs_Create OK proc=0xb400007a191fdebc
[DEBUG | dusk] fpcSCtRq_phase_SubCreateProcess: pid=16 procName=0012 ret=0
[DEBUG | dusk] fpcCtRq_Do: phase=0 process=0xb400007a191fdebc
[DEBUG | dusk] fopScnRq_phase_Execute: ret=0 name=12
[DEBUG | dusk] fopScnRq_phase_Execute: ret=0 name=18
[DEBUG | dusk] fpcCtRq_Do: phase=0 process=0xb400007a19201af0
[DEBUG | dusk] Loading Resource: titlelogo.bck (Size: 704)
[DEBUG | dusk] Loading Resource: titlelogo_r.bmd (Size: 1995456)
[DEBUG | dusk] Loading Resource: titlelogo.bpk (Size: 576)
[DEBUG | dusk] Loading Resource: titlelogo.brk (Size: 704)
[DEBUG | dusk] Loading Resource: titlelogo.btk (Size: 672)
[DEBUG | dusk] fpcSCtRq_phase_SubCreateProcess: pid=4 procName=02e1 ret=2
[DEBUG | dusk] fpcCtRq_Do: phase=4 process=0xb400007a19200084
[DEBUG | dusk] fpcSCtRq_phase_SubCreateProcess: pid=5 procName=030d ret=0
[DEBUG | dusk] fpcCtRq_Do: phase=0 process=0xb400007a191fefd4
[DEBUG | dusk] Loading Resource: model.bmd (Size: 927520)
[DEBUG | dusk] Loading Resource: model1.bmd (Size: 7488)
[DEBUG | dusk] Loading Resource: model2.bmd (Size: 22752)
[DEBUG | dusk] Loading Resource: model3.bmd (Size: 166848)
[DEBUG | dusk] Loading Resource: model4.bmd (Size: 10400)
[DEBUG | dusk] Loading Resource: model.btk (Size: 576)
[DEBUG | dusk] Loading Resource: model1.btk (Size: 320)
[DEBUG | dusk] Loading Resource: model2.btk (Size: 352)
[DEBUG | dusk] Loading Resource: model4.btk (Size: 320)
[DEBUG | dusk] Loading Resource: room.dzr (Size: 7456)
[DEBUG | dusk] Loading Resource: event_list.dat (Size: 5304)
[DEBUG | dusk] Loading Resource: room.kcl (Size: 449804)
[DEBUG | dusk] Loading Resource: room.plc (Size: 608)
[DEBUG | dusk] fpcSCtRq_phase_SubCreateProcess: pid=16 procName=0012 ret=0
[DEBUG | dusk] fpcCtRq_Do: phase=0 process=0xb400007a191fdebc
[DEBUG | dusk] fopScnRq_phase_Execute: ret=0 name=12
[DEBUG | dusk] fopScnRq_phase_Execute: ret=0 name=18
[DEBUG | dusk] fpcCtRq_Do: phase=0 process=0xb400007a19201af0
[DEBUG | dusk] fpcSCtRq_phase_SubCreateProcess: pid=5 procName=030d ret=0
[DEBUG | dusk] fpcCtRq_Do: phase=0 process=0xb400007a191fefd4
[DEBUG | dusk] Loading Resource: demo38_wl_cut01_gp_1_o.bck (Size: 8000)
[DEBUG | dusk] Loading Resource: demo38_wl_cut01_gp_1_l.bck (Size: 5088)
[DEBUG | dusk] Loading Resource: demo38_wl_cut00_gp_1_o.bmd (Size: 239584)
[DEBUG | dusk] Loading Resource: demo38_twfilm_cut00_gp_1_o.bmd (Size: 45376)
[DEBUG | dusk] Loading Resource: demo38_01.stb (Size: 9368)
[DEBUG | dusk] Loading Resource: demo38_twfilm_cut00_gp_1_l.btk (Size: 832)
[DEBUG | dusk] fpcSCtRq_phase_SubCreateProcess: pid=16 procName=0012 ret=0
[DEBUG | dusk] fpcCtRq_Do: phase=0 process=0xb400007a191fdebc
[DEBUG | dusk] [DIAG] fpcSCtRq_phase_Load: procName=253 ret=4
[DEBUG | dusk] fpcSCtRq_phase_CreateProcess: procName=253
[DEBUG | dusk] fpcBs_Create: pid=17 profname=fpcNm_ALINK_e (253) profile=0x7b61361250 procSize=18784 unkSize=0
[DEBUG | dusk] fpcSCtRq_phase_CreateProcess: fpcBs_Create OK proc=0xb400007a191f8238
[DEBUG | dusk] fpcSCtRq_phase_SubCreateProcess: pid=17 procName=00fd ret=0
[DEBUG | dusk] fpcCtRq_Do: phase=0 process=0xb400007a191f8238
[DEBUG | dusk] [DIAG] fpcSCtRq_phase_Load: procName=732 ret=4
[DEBUG | dusk] fpcSCtRq_phase_CreateProcess: procName=732
[DEBUG | dusk] fpcBs_Create: pid=18 profname=fpcNm_BG_e (732) profile=0x7b6136e3f8 procSize=1904 unkSize=0
[DEBUG | dusk] fpcSCtRq_phase_CreateProcess: fpcBs_Create OK proc=0xb400007a191f7aa8
[DEBUG | dusk] fpcCtRq_Do: phase=4 process=0xb400007a191f7aa8
[DEBUG | dusk] [DIAG] fpcSCtRq_phase_Load: procName=222 ret=4
[DEBUG | dusk] fpcSCtRq_phase_CreateProcess: procName=222
[DEBUG | dusk] fpcBs_Create: pid=19 profname=fpcNm_OBJ_IHASI_e (222) profile=0x7b61396470 procSize=1752 unkSize=0
[DEBUG | dusk] fpcSCtRq_phase_CreateProcess: fpcBs_Create OK proc=0xb400007a191f73b0
[DEBUG | dusk] fpcCtRq_Do: phase=0 process=0xb400007a191f73b0
[DEBUG | dusk] [DIAG] fpcSCtRq_phase_Load: procName=187 ret=4
[DEBUG | dusk] fpcSCtRq_phase_CreateProcess: procName=187
[DEBUG | dusk] fpcBs_Create: pid=20 profname=fpcNm_CSTAF_e (187) profile=0x7b613720f8 procSize=3824 unkSize=0
[DEBUG | dusk] fpcSCtRq_phase_CreateProcess: fpcBs_Create OK proc=0xb400007a191f64a0
[DEBUG | dusk] fpcCtRq_Do: phase=0 process=0xb400007a191f64a0
[DEBUG | dusk] [DIAG] fpcSCtRq_phase_Load: procName=733 ret=4
[DEBUG | dusk] fpcSCtRq_phase_CreateProcess: procName=733
[DEBUG | dusk] fpcBs_Create: pid=21 profname=fpcNm_SET_BG_OBJ_e (733) profile=0x7b6136ff08 procSize=1664 unkSize=0
[DEBUG | dusk] fpcSCtRq_phase_CreateProcess: fpcBs_Create OK proc=0xb400007a191f5e00
[DEBUG | dusk] [DIAG] fpcSCtRq_phase_Load: procName=238 ret=4
[DEBUG | dusk] fpcSCtRq_phase_CreateProcess: procName=238
[DEBUG | dusk] fpcBs_Create: pid=22 profname=fpcNm_HORSE_e (238) profile=0x7b6137ed10 procSize=8464 unkSize=0
[DEBUG | dusk] fpcSCtRq_phase_CreateProcess: fpcBs_Create OK proc=0xb400007a191f3cd0
[DEBUG | dusk] [DIAG] fpcSCtRq_phase_Load: procName=784 ret=4
[DEBUG | dusk] fpcSCtRq_phase_CreateProcess: procName=784
[DEBUG | dusk] fpcBs_Create: pid=23 profname=fpcNm_GRASS_e (784) profile=0x7b61372ae8 procSize=1640 unkSize=0
[DEBUG | dusk] fpcSCtRq_phase_CreateProcess: fpcBs_Create OK proc=0xb400007a191f3648
[DEBUG | dusk] [DIAG] fpcSCtRq_phase_Load: procName=784 ret=4
[DEBUG | dusk] fpcSCtRq_phase_CreateProcess: procName=784
[DEBUG | dusk] fpcBs_Create: pid=24 profname=fpcNm_GRASS_e (784) profile=0x7b61372ae8 procSize=1640 unkSize=0
[DEBUG | dusk] fpcSCtRq_phase_CreateProcess: fpcBs_Create OK proc=0xb400007a191f2fc0
[DEBUG | dusk] [DIAG] fpcSCtRq_phase_Load: procName=784 ret=4
[DEBUG | dusk] fpcSCtRq_phase_CreateProcess: procName=784
[DEBUG | dusk] fpcBs_Create: pid=25 profname=fpcNm_GRASS_e (784) profile=0x7b61372ae8 procSize=1640 unkSize=0
[DEBUG | dusk] fpcSCtRq_phase_CreateProcess: fpcBs_Create OK proc=0xb400007a191f2938
[DEBUG | dusk] [DIAG] fpcSCtRq_phase_Load: procName=784 ret=4
[DEBUG | dusk] fpcSCtRq_phase_CreateProcess: procName=784
[DEBUG | dusk] fpcBs_Create: pid=26 profname=fpcNm_GRASS_e (784) profile=0x7b61372ae8 procSize=1640 unkSize=0
[DEBUG | dusk] fpcSCtRq_phase_CreateProcess: fpcBs_Create OK proc=0xb400007a191f22b0
[DEBUG | dusk] [DIAG] fpcSCtRq_phase_Load: procName=784 ret=4
[DEBUG | dusk] fpcSCtRq_phase_CreateProcess: procName=784
[DEBUG | dusk] fpcBs_Create: pid=27 profname=fpcNm_GRASS_e (784) profile=0x7b61372ae8 procSize=1640 unkSize=0
[DEBUG | dusk] fpcSCtRq_phase_CreateProcess: fpcBs_Create OK proc=0xb400007a191f1c28
[DEBUG | dusk] [DIAG] fpcSCtRq_phase_Load: procName=784 ret=4
[DEBUG | dusk] fpcSCtRq_phase_CreateProcess: procName=784
[DEBUG | dusk] fpcBs_Create: pid=28 profname=fpcNm_GRASS_e (784) profile=0x7b61372ae8 procSize=1640 unkSize=0
[DEBUG | dusk] fpcSCtRq_phase_CreateProcess: fpcBs_Create OK proc=0xb400007a191f15a0
[DEBUG | dusk] [DIAG] fpcSCtRq_phase_Load: procName=333 ret=4
[DEBUG | dusk] fpcSCtRq_phase_CreateProcess: procName=333
[DEBUG | dusk] fpcBs_Create: pid=29 profname=fpcNm_Obj_Yobikusa_e (333) profile=0x7b613770c8 procSize=2360 unkSize=0
[DEBUG | dusk] fpcSCtRq_phase_CreateProcess: fpcBs_Create OK proc=0xb400007a191f0c48
[DEBUG | dusk] [DIAG] fpcSCtRq_phase_Load: procName=333 ret=4
[DEBUG | dusk] fpcSCtRq_phase_CreateProcess: procName=333
[DEBUG | dusk] fpcBs_Create: pid=30 profname=fpcNm_Obj_Yobikusa_e (333) profile=0x7b613770c8 procSize=2360 unkSize=0
[DEBUG | dusk] fpcSCtRq_phase_CreateProcess: fpcBs_Create OK proc=0xb400007a191f02f0
[DEBUG | dusk] [DIAG] fpcSCtRq_phase_Load: procName=333 ret=4
[DEBUG | dusk] fpcSCtRq_phase_CreateProcess: procName=333
[DEBUG | dusk] fpcBs_Create: pid=31 profname=fpcNm_Obj_Yobikusa_e (333) profile=0x7b613770c8 procSize=2360 unkSize=0
[DEBUG | dusk] fpcSCtRq_phase_CreateProcess: fpcBs_Create OK proc=0xb400007a191ef998
[DEBUG | dusk] [DIAG] fpcSCtRq_phase_Load: procName=333 ret=4
[DEBUG | dusk] fpcSCtRq_phase_CreateProcess: procName=333
[DEBUG | dusk] fpcBs_Create: pid=32 profname=fpcNm_Obj_Yobikusa_e (333) profile=0x7b613770c8 procSize=2360 unkSize=0
[DEBUG | dusk] fpcSCtRq_phase_CreateProcess: fpcBs_Create OK proc=0xb400007a191ef040
[DEBUG | dusk] [DIAG] fpcSCtRq_phase_Load: procName=333 ret=4
[DEBUG | dusk] fpcSCtRq_phase_CreateProcess: procName=333
[DEBUG | dusk] fpcBs_Create: pid=33 profname=fpcNm_Obj_Yobikusa_e (333) profile=0x7b613770c8 procSize=2360 unkSize=0
[DEBUG | dusk] fpcSCtRq_phase_CreateProcess: fpcBs_Create OK proc=0xb400007a191ee6e8
[DEBUG | dusk] [DIAG] fpcSCtRq_phase_Load: procName=333 ret=4
[DEBUG | dusk] fpcSCtRq_phase_CreateProcess: procName=333
[DEBUG | dusk] fpcBs_Create: pid=34 profname=fpcNm_Obj_Yobikusa_e (333) profile=0x7b613770c8 procSize=2360 unkSize=0
[DEBUG | dusk] fpcSCtRq_phase_CreateProcess: fpcBs_Create OK proc=0xb400007a191edd90
[DEBUG | dusk] [DIAG] fpcSCtRq_phase_Load: procName=733 ret=4
[DEBUG | dusk] fpcSCtRq_phase_CreateProcess: procName=733
[DEBUG | dusk] fpcBs_Create: pid=35 profname=fpcNm_SET_BG_OBJ_e (733) profile=0x7b6136ff08 procSize=1664 unkSize=0
[DEBUG | dusk] fpcSCtRq_phase_CreateProcess: fpcBs_Create OK proc=0xb400007a191ed6f0
[DEBUG | dusk] [DIAG] fpcSCtRq_phase_Load: procName=733 ret=4
[DEBUG | dusk] fpcSCtRq_phase_CreateProcess: procName=733
[DEBUG | dusk] fpcBs_Create: pid=36 profname=fpcNm_SET_BG_OBJ_e (733) profile=0x7b6136ff08 procSize=1664 unkSize=0
[DEBUG | dusk] fpcSCtRq_phase_CreateProcess: fpcBs_Create OK proc=0xb400007a191ed050
[DEBUG | dusk] [DIAG] fpcSCtRq_phase_Load: procName=733 ret=4
[DEBUG | dusk] fpcSCtRq_phase_CreateProcess: procName=733
[DEBUG | dusk] fpcBs_Create: pid=37 profname=fpcNm_SET_BG_OBJ_e (733) profile=0x7b6136ff08 procSize=1664 unkSize=0
[DEBUG | dusk] fpcSCtRq_phase_CreateProcess: fpcBs_Create OK proc=0xb400007a191ec9b0
[DEBUG | dusk] fopScnRq_phase_Execute: ret=0 name=12
[DEBUG | dusk] fopScnRq_phase_Execute: ret=0 name=18
[DEBUG | dusk] Loading Resource: al_kantera.bmd (Size: 21024)
[DEBUG | dusk] Loading Resource: ef_ktglow.bmd (Size: 3040)
[DEBUG | dusk] Loading Resource: al.bmd (Size: 176288)
[DEBUG | dusk] Loading Resource: al_bootsh.bmd (Size: 22048)
[DEBUG | dusk] Loading Resource: al_face.bmd (Size: 72576)
[DEBUG | dusk] Loading Resource: al_hands.bmd (Size: 61056)
[DEBUG | dusk] Loading Resource: al_head.bmd (Size: 33851)
[DEBUG | dusk] Loading Resource: al_swb.bmd (Size: 23552)
[DEBUG | dusk] Loading Resource: ef_ktglow.btk (Size: 512)
[DEBUG | dusk] Loading Resource: i_bajyohasiparts.bmd (Size: 76032)
[DEBUG | dusk] Loading Resource: i_bajyohasiparts_ef.bmd (Size: 37088)
[DEBUG | dusk] Loading Resource: i_bajyohasiparts_ef.btk (Size: 512)
[DEBUG | dusk] Loading Resource: i_bajyohasiparts.dzb (Size: 6848)
[DEBUG | dusk] Loading Resource: cs_f_b_fall.bck (Size: 448)
[DEBUG | dusk] Loading Resource: cs_f_b_swing_reaction.bck (Size: 416)
[DEBUG | dusk] Loading Resource: cs_f_b_walk.bck (Size: 544)
[DEBUG | dusk] Loading Resource: cs_f_b.bmd (Size: 66176)
[DEBUG | dusk] Loading Resource: cs_f_cover.bmd (Size: 30112)
[DEBUG | dusk] Loading Resource: cs_f_b_start.brk (Size: 352)
[DEBUG | dusk] Loading Resource: cs_f_b_stop.brk (Size: 320)
[DEBUG | dusk] Loading Resource: cs_f_cover_vanish.brk (Size: 544)
[DEBUG | dusk] Loading Resource: cs_f_b_start.btk (Size: 512)
[DEBUG | dusk] Loading Resource: cs_f_cover_vanish.btk (Size: 896)
[DEBUG | dusk] Loading Resource: cs_f_b.dzb (Size: 544)
[DEBUG | dusk] Loading Resource: model0.bmd (Size: 22624)
[DEBUG | dusk] Loading Resource: spec.dat (Size: 16)
[DEBUG | dusk] Loading Resource: hs_back_walk.bck (Size: 5536)
[DEBUG | dusk] Loading Resource: hs_back_walk_start.bck (Size: 6304)
[DEBUG | dusk] Loading Resource: hs_excitement.bck (Size: 11968)
[DEBUG | dusk] Loading Resource: hs_excitement_2.bck (Size: 14144)
[DEBUG | dusk] Loading Resource: hs_jump_end.bck (Size: 5344)
[DEBUG | dusk] Loading Resource: hs_jump_middle.bck (Size: 4640)
[DEBUG | dusk] Loading Resource: hs_jump_start.bck (Size: 4832)
[DEBUG | dusk] Loading Resource: hs_jump_start_clift.bck (Size: 5248)
[DEBUG | dusk] Loading Resource: hs_lash.bck (Size: 3200)
[DEBUG | dusk] Loading Resource: hs_neck_waitback_left.bck (Size: 2880)
[DEBUG | dusk] Loading Resource: hs_neck_waitback_right.bck (Size: 2848)
[DEBUG | dusk] Loading Resource: hs_run_dash.bck (Size: 7680)
[DEBUG | dusk] Loading Resource: hs_run_fast.bck (Size: 6688)
[DEBUG | dusk] Loading Resource: hs_run_slow.bck (Size: 7712)
[DEBUG | dusk] Loading Resource: hs_stand.bck (Size: 17984)
[DEBUG | dusk] Loading Resource: hs_stop_slow.bck (Size: 14208)
[DEBUG | dusk] Loading Resource: hs_stop_stand.bck (Size: 16352)
[DEBUG | dusk] Loading Resource: hs_turn_left.bck (Size: 9632)
[DEBUG | dusk] Loading Resource: hs_turn_left_start.bck (Size: 5248)
[DEBUG | dusk] Loading Resource: hs_turn_right.bck (Size: 9472)
[DEBUG | dusk] Loading Resource: hs_turn_right_start.bck (Size: 5344)
[DEBUG | dusk] Loading Resource: hs_wait_01.bck (Size: 4768)
[DEBUG | dusk] Loading Resource: hs_wait_01b.bck (Size: 4672)
[DEBUG | dusk] Loading Resource: hs_wait_01b_connect.bck (Size: 4672)
[DEBUG | dusk] Loading Resource: hs_wait_02.bck (Size: 8928)
[DEBUG | dusk] Loading Resource: hs_wait_03.bck (Size: 7552)
[DEBUG | dusk] Loading Resource: hs_wait_04.bck (Size: 12640)
[DEBUG | dusk] Loading Resource: hs_wait_05.bck (Size: 10528)
[DEBUG | dusk] Loading Resource: hs_walk_fast.bck (Size: 5792)
[DEBUG | dusk] Loading Resource: hs_walk_slow.bck (Size: 5600)
[DEBUG | dusk] Loading Resource: hs.bmd (Size: 131264)
[DEBUG | dusk] Loading Resource: hs_eye.btp (Size: 128)
[DEBUG | dusk] Loading Resource: tazuna.bti (Size: 160)
[DEBUG | dusk] Loading Resource: al_umakusa.bmd (Size: 5984)
[DEBUG | dusk] Loading Resource: j_umakusa.bmd (Size: 13152)
[DEBUG | dusk] Loading Resource: j_umakusa_c.bmd (Size: 9536)
[DEBUG | dusk] Loading Resource: model0.bmd (Size: 13312)
[DEBUG | dusk] Loading Resource: model1.bmd (Size: 10656)
[DEBUG | dusk] Loading Resource: model0.dzb (Size: 832)
[DEBUG | dusk] Loading Resource: spec.dat (Size: 148)
[DEBUG | dusk] [DIAG] fpcSCtRq_phase_Load: procName=734 ret=4
[DEBUG | dusk] fpcSCtRq_phase_CreateProcess: procName=734
[DEBUG | dusk] fpcBs_Create: pid=38 profname=fpcNm_BG_OBJ_e (734) profile=0x7b6136e4d8 procSize=4344 unkSize=0
[DEBUG | dusk] fpcSCtRq_phase_CreateProcess: fpcBs_Create OK proc=0xb400007a191eb898
[DEBUG | dusk] [DIAG] fpcSCtRq_phase_Load: procName=734 ret=4
[DEBUG | dusk] fpcSCtRq_phase_CreateProcess: procName=734
[DEBUG | dusk] fpcBs_Create: pid=39 profname=fpcNm_BG_OBJ_e (734) profile=0x7b6136e4d8 procSize=4344 unkSize=0
[DEBUG | dusk] fpcSCtRq_phase_CreateProcess: fpcBs_Create OK proc=0xb400007a191ea780
[DEBUG | dusk] fpcBs_Create: pid=43 profname=fpcNm_Tag_Attp_e (346) profile=0x7b61371d00 procSize=1632 unkSize=0
[DEBUG | dusk] [DIAG] fpcSCtRq_phase_Load: procName=734 ret=4
[DEBUG | dusk] fpcSCtRq_phase_CreateProcess: procName=734
[DEBUG | dusk] fpcBs_Create: pid=40 profname=fpcNm_BG_OBJ_e (734) profile=0x7b6136e4d8 procSize=4344 unkSize=0
[DEBUG | dusk] fpcSCtRq_phase_CreateProcess: fpcBs_Create OK proc=0xb400007a191e9668
[DEBUG | dusk] fpcBs_Create: pid=45 profname=fpcNm_Tag_Attp_e (346) profile=0x7b61371d00 procSize=1632 unkSize=0
[DEBUG | dusk] [DIAG] fpcSCtRq_phase_Load: procName=734 ret=4
[DEBUG | dusk] fpcSCtRq_phase_CreateProcess: procName=734
[DEBUG | dusk] fpcBs_Create: pid=41 profname=fpcNm_BG_OBJ_e (734) profile=0x7b6136e4d8 procSize=4344 unkSize=0
[DEBUG | dusk] fpcSCtRq_phase_CreateProcess: fpcBs_Create OK proc=0xb400007a191e7ed0
[DEBUG | dusk] fpcBs_Create: pid=47 profname=fpcNm_Tag_Attp_e (346) profile=0x7b61371d00 procSize=1632 unkSize=0
[DEBUG | dusk] fopScnRq_phase_Execute: ret=0 name=12
[DEBUG | dusk] fopScnRq_phase_Execute: ret=0 name=18
[INFO | dev.baxlek.zelda_on_epona] cutscene diagnostics: event='NO DATA' demoArc='Demo38_01' cutName='' demoStaffId=-1 room=0 layer=10 horseDemoMode=false titleScreen=true storyHoZeldaActive=false inScriptedCutscene=false alwaysHiddenCutscene=false showInCutscenesToggle=true hideSpawnedZelda=false hasSpawnedZelda=true
[DEBUG | dusk] [DIAG] fpcSCtRq_phase_Load: procName=548 ret=4
[DEBUG | dusk] fpcSCtRq_phase_CreateProcess: procName=548
[DEBUG | dusk] fpcBs_Create: pid=48 profname=fpcNm_HOZELDA_e (548) profile=0x7b6137ee40 procSize=2368 unkSize=0
[DEBUG | dusk] fpcSCtRq_phase_CreateProcess: fpcBs_Create OK proc=0xb400007a191f2ce8
[DEBUG | dusk] fopScnRq_phase_Execute: ret=0 name=12
[DEBUG | dusk] fopScnRq_phase_Execute: ret=0 name=18
[DEBUG | dusk] Loading Resource: al_sha.bmd (Size: 24288)
[DEBUG | dusk] Loading Resource: zelh_aldieh.bck (Size: 6240)
[DEBUG | dusk] Loading Resource: zelh_arelordh.bck (Size: 9280)
[DEBUG | dusk] Loading Resource: zelh_ashooth.bck (Size: 5216)
[DEBUG | dusk] Loading Resource: zelh_atbh.bck (Size: 4064)
[DEBUG | dusk] Loading Resource: zelh_barelordh.bck (Size: 1216)
[DEBUG | dusk] Loading Resource: zelh_bashooth.bck (Size: 1952)
[DEBUG | dusk] Loading Resource: zelh_damh.bck (Size: 4864)
[DEBUG | dusk] Loading Resource: zelh_dashh.bck (Size: 6976)
[DEBUG | dusk] Loading Resource: zelh_dstarth.bck (Size: 7584)
[DEBUG | dusk] Loading Resource: zelh_egnd_wh.bck (Size: 6048)
[DEBUG | dusk] Loading Resource: zelh_egnd_whb.bck (Size: 5344)
[DEBUG | dusk] Loading Resource: zelh_jumph.bck (Size: 5600)
[DEBUG | dusk] Loading Resource: zelh_jumphed.bck (Size: 5568)
[DEBUG | dusk] Loading Resource: zelh_jumphst.bck (Size: 4896)
[DEBUG | dusk] Loading Resource: zelh_numbh.bck (Size: 4704)
[DEBUG | dusk] Loading Resource: zelh_standh.bck (Size: 10624)
[DEBUG | dusk] Loading Resource: zelh_standhwc.bck (Size: 14176)
[DEBUG | dusk] Loading Resource: zelh_stoph.bck (Size: 8064)
[DEBUG | dusk] Loading Resource: zelh_stoptostandh.bck (Size: 11648)
[DEBUG | dusk] Loading Resource: zelh_waitbh.bck (Size: 6656)
[DEBUG | dusk] Loading Resource: zelh_waitch.bck (Size: 5184)
[DEBUG | dusk] Loading Resource: zelh_waith.bck (Size: 5216)
[DEBUG | dusk] Loading Resource: o_zg_arow.bmd (Size: 9312)
[DEBUG | dusk] Loading Resource: o_zg_bow.bmd (Size: 17120)
[DEBUG | dusk] Loading Resource: zelh.bmd (Size: 240768)
[DEBUG | dusk] Loading Resource: zelh_fa.btk (Size: 352)
[DEBUG | dusk] Loading Resource: zelh_faldieh.btk (Size: 992)
[DEBUG | dusk] Loading Resource: zelh_fegnd_wh.btk (Size: 352)
[DEBUG | dusk] Loading Resource: zelh_fa.btp (Size: 128)
[DEBUG | dusk] Loading Resource: zelh_faldieh.btp (Size: 864)
[DEBUG | dusk] Loading Resource: zelh_fb.btp (Size: 128)
[DEBUG | dusk] Loading Resource: zelh_fc.btp (Size: 128)
[DEBUG | dusk] Loading Resource: zelh_fmaba01.btp (Size: 160)
[DEBUG | dusk] fopScnRq_phase_Execute: ret=0 name=12
[DEBUG | dusk] fopScnRq_phase_Execute: ret=0 name=18
[DEBUG | dusk] fopScnRq_phase_Execute: ret=0 name=12
[DEBUG | dusk] fopScnRq_phase_Execute: ret=0 name=18
[DEBUG | dusk] [DIAG] fpcSCtRq_phase_Load: procName=255 ret=4
[DEBUG | dusk] fpcSCtRq_phase_CreateProcess: procName=255
[DEBUG | dusk] fpcBs_Create: pid=49 profname=fpcNm_MIDNA_e (255) profile=0x7b61371698 procSize=3360 unkSize=0
[DEBUG | dusk] fpcSCtRq_phase_CreateProcess: fpcBs_Create OK proc=0xb400007a191f1fa8
[DEBUG | dusk] fopScnRq_phase_Execute: ret=0 name=12
[DEBUG | dusk] fopScnRq_phase_Execute: ret=0 name=18
[DEBUG | dusk] Loading Resource: s_md_hands.bmd (Size: 19776)
[DEBUG | dusk] Loading Resource: s_md_mask.bmd (Size: 15424)
[DEBUG | dusk] Loading Resource: s_md_gokou.bmd (Size: 3008)
[DEBUG | dusk] Loading Resource: s_md.bmd (Size: 69984)
[DEBUG | dusk] Loading Resource: s_md_hair_hand.bmd (Size: 18944)
[DEBUG | dusk] Loading Resource: s_md_appear.brk (Size: 352)
[DEBUG | dusk] Loading Resource: s_md_gokou_appear.brk (Size: 256)
[DEBUG | dusk] Loading Resource: s_md_hair_hand_appear.brk (Size: 288)
[DEBUG | dusk] Loading Resource: s_md_mask_appear.brk (Size: 256)
[DEBUG | dusk] Loading Resource: s_md_hair_hand_moya.btk (Size: 544)
[DEBUG | dusk] Loading Resource: s_md_hands_moya.btk (Size: 608)
[DEBUG | dusk] Loading Resource: s_md_mask_moya.btk (Size: 320)
[DEBUG | dusk] Loading Resource: s_md_moya.btk (Size: 512)
[DEBUG | dusk] fopScnRq_phase_Execute: ret=0 name=12
[INFO | dusk::mods::updates] Checked 28 installed mods for updates
[DEBUG | dusk] fpcBs_Create: pid=51 profname=fpcNm_DEMO00_e (718) profile=0x7b61371470 procSize=11112 unkSize=0
[DEBUG | dusk] fpcBs_Create: pid=53 profname=fpcNm_DEMO00_e (718) profile=0x7b61371470 procSize=11112 unkSize=0
[DEBUG | dusk] fpcBs_Create: pid=55 profname=fpcNm_DEMO00_e (718) profile=0x7b61371470 procSize=11112 unkSize=0
[DEBUG | dusk] fpcBs_Create: pid=57 profname=fpcNm_DEMO00_e (718) profile=0x7b61371470 procSize=11112 unkSize=0
[DEBUG | dusk] frameInterp: onTypeChange 41 -> 40 (event_type_id=40, leaving_event=false, entering_event=true)
[DEBUG | dusk] frameInterp: presentation sync not requested for ZEV event [STBWAIT] (staff idx 12)
[INFO | dev.baxlek.zelda_on_epona] cutscene diagnostics: event='demo38_01' demoArc='Demo38_01' cutName='' demoStaffId=-1 room=0 layer=10 horseDemoMode=true titleScreen=true storyHoZeldaActive=false inScriptedCutscene=false alwaysHiddenCutscene=false showInCutscenesToggle=true hideSpawnedZelda=false hasSpawnedZelda=true
[DEBUG | dev.twilitrealm.cosmetics] Loaded base texture data for al_bootsH. size: 2000 hash: C9F8C58AA332C5E6
[DEBUG | dev.twilitrealm.cosmetics] Loaded base texture data for al_SWB. size: 4000 hash: 1071499E19799A7D
[DEBUG | dev.twilitrealm.cosmetics] Loaded base texture data for hs_body. size: 8000 hash: F473331D6D5B148D
[DEBUG | dev.twilitrealm.cosmetics] Loaded base texture data for hs_eye.1. size: 200 hash: 24B0258CCF8EED45
[DEBUG | dev.twilitrealm.cosmetics] Loaded base texture data for hs_eye.2. size: 200 hash: 1B47C467FC5CA5BC
[DEBUG | dev.twilitrealm.cosmetics] Loaded base texture data for hs_eye.3. size: 200 hash: EC429699463FDDB2
[DEBUG | dev.twilitrealm.cosmetics] Loaded base texture data for al_hair. size: 4000 hash: 582A10908B80C70E
[DEBUG | dev.twilitrealm.cosmetics] Loaded base texture data for al_lowbody. size: 2000 hash: C4790EAFCB60026F
[DEBUG | dev.twilitrealm.cosmetics] Loaded base texture data for al_upbody. size: 4000 hash: 33E862A57F216822
[DEBUG | dev.twilitrealm.cosmetics] Registered replacement for al_lowbody.
[DEBUG | dev.twilitrealm.cosmetics] Registered replacement for al_upbody.
[INFO | aurora::card] CARD API Initialized BUILT <Sep 30 2026 13:39:06>
[INFO | aurora::card] Loaded GC Card Image: /data/data/dev.twilitrealm.dusk/files/USA/Card A
[DEBUG | aurora::gpu::cache] Dawn cache prune completed; no stale entries found
[DEBUG | dusk] fapGm_Execute frame=300
[INFO | org.twilight.hd_hud] Text Font: replacement drawing active; original advances preserved
[INFO | org.twilight.hd_hud] Text Font: original cell=24x24 ascent=21 descent=3 scale=18.00x18.00
[DEBUG | dusk] [DIAG] fpcSCtRq_phase_Load: procName=0 ret=4
[DEBUG | dusk] fpcSCtRq_phase_CreateProcess: procName=0
[DEBUG | dusk] fpcBs_Create: pid=58 profname=fpcNm_OVERLAP0_e (0) profile=0x7b6136ab18 procSize=384 unkSize=0
[DEBUG | dusk] fpcSCtRq_phase_CreateProcess: fpcBs_Create OK proc=0xb400007a191dc650
[DEBUG | dusk] fpcNdRq_phase_Create: name=13 layer=0x7b6159e418
[DEBUG | dusk] fpcNdRq_phase_Create: creating_id=59 (error=4294967295)
[WARNING | dusk::mods::actor] Attempted to delete actor with ID (48) but it doesn't exist!
[DEBUG | dusk] [DIAG] fpcSCtRq_phase_Load: procName=13 ret=4
[DEBUG | dusk] fpcSCtRq_phase_CreateProcess: procName=13
[DEBUG | dusk] fpcBs_Create: pid=59 profname=fpcNm_NAME_SCENE_e (13) profile=0x7b6136b138 procSize=1704 unkSize=0
[DEBUG | dusk] fpcSCtRq_phase_CreateProcess: fpcBs_Create OK proc=0xb400007a192017d8
[DEBUG | dusk] Loading Resource: zelda_file_select.bck (Size: 23584)
[DEBUG | dusk] Loading Resource: zelda_file_select.blo (Size: 176800)
[DEBUG | dusk] Loading Resource: zelda_file_select.bpk (Size: 288)
[DEBUG | dusk] Loading Resource: zelda_file_select.brk (Size: 544)
[DEBUG | dusk] Loading Resource: zelda_file_select.btk (Size: 1408)
[DEBUG | dusk] Loading Resource: zelda_file_select_02.btk (Size: 544)
[DEBUG | dusk] Loading Resource: zelda_file_select_03.btk (Size: 544)
[DEBUG | dusk] Loading Resource: zelda_file_select_04.btk (Size: 448)
[DEBUG | dusk] Loading Resource: zelda_file_select_05.btk (Size: 800)
[DEBUG | dusk] Loading Resource: zelda_file_select_3menu_window.bck (Size: 5568)
[DEBUG | dusk] Loading Resource: zelda_file_select_3menu_window.blo (Size: 12992)
[DEBUG | dusk] Loading Resource: zelda_file_select_3menu_window.bpk (Size: 288)
[DEBUG | dusk] Loading Resource: zelda_file_select_3menu_window.btk (Size: 768)
[DEBUG | dusk] Loading Resource: zelda_file_select_copy_select.bck (Size: 5632)
[DEBUG | dusk] Loading Resource: zelda_file_select_copy_select.blo (Size: 55488)
[DEBUG | dusk] Loading Resource: zelda_file_select_copy_select.bpk (Size: 256)
[DEBUG | dusk] Loading Resource: zelda_file_select_copy_select.brk (Size: 416)
[DEBUG | dusk] Loading Resource: zelda_file_select_copy_select.btk (Size: 1120)
[DEBUG | dusk] Loading Resource: zelda_file_select_copy_select_02.btk (Size: 448)
[DEBUG | dusk] Loading Resource: zelda_file_select_copy_select_03.btk (Size: 608)
[DEBUG | dusk] Loading Resource: zelda_file_select_details.blo (Size: 23904)
[DEBUG | dusk] Loading Resource: zelda_file_select_details.btk (Size: 832)
[DEBUG | dusk] Loading Resource: zelda_file_select_info_text.blo (Size: 13728)
[DEBUG | dusk] Loading Resource: zelda_file_select_warning_window.bck (Size: 1088)
[DEBUG | dusk] Loading Resource: zelda_file_select_warning_window.blo (Size: 4704)
[DEBUG | dusk] Loading Resource: zelda_file_select_yes_no_window.bck (Size: 2944)
[DEBUG | dusk] Loading Resource: zelda_file_select_yes_no_window.blo (Size: 9024)
[DEBUG | dusk] Loading Resource: zelda_file_select_yes_no_window.bpk (Size: 224)
[DEBUG | dusk] Loading Resource: zelda_file_select_yes_no_window.btk (Size: 576)
[DEBUG | dusk] Loading Resource: zelda_option_check.blo (Size: 48832)
[DEBUG | dusk] Loading Resource: ak_kagerou_battle_rr.bti (Size: 2720)
[DEBUG | dusk] Loading Resource: ak_ocarina_fire_00.bti (Size: 32800)
[DEBUG | dusk] Loading Resource: ak_ocarina_fire_01.bti (Size: 32800)
[DEBUG | dusk] Loading Resource: ak_ocarina_ind_00.bti (Size: 32800)
[DEBUG | dusk] Loading Resource: black_80.bti (Size: 3232)
[DEBUG | dusk] Loading Resource: bow_light.bti (Size: 320)
[DEBUG | dusk] Loading Resource: i4_gra.bti (Size: 1056)
[DEBUG | dusk] Loading Resource: im_b_button_00.bti (Size: 1184)
[DEBUG | dusk] Loading Resource: im_kinobou_48.bti (Size: 2592)
[DEBUG | dusk] Loading Resource: navi_l.bti (Size: 544)
[DEBUG | dusk] Loading Resource: ni_hairianotate_48.bti (Size: 2816)
[DEBUG | dusk] Loading Resource: ni_kinotate_48.bti (Size: 2656)
[DEBUG | dusk] Loading Resource: ni_magicarmor_48.bti (Size: 2784)
[DEBUG | dusk] Loading Resource: ni_mastersword_48.bti (Size: 2688)
[DEBUG | dusk] Loading Resource: ni_zouranofuku_48.bti (Size: 2752)
[DEBUG | dusk] Loading Resource: ttdelunotate_s3_tc.bti (Size: 2592)
[DEBUG | dusk] Loading Resource: tt_1_metal_40x40.bti (Size: 1632)
[DEBUG | dusk] Loading Resource: tt_2_metal_40x40.bti (Size: 1632)
[DEBUG | dusk] Loading Resource: tt_3setu_w_l.bti (Size: 92960)
[DEBUG | dusk] Loading Resource: tt_3_metal_40x40.bti (Size: 1632)
[DEBUG | dusk] Loading Resource: tt_black_32.bti (Size: 1056)
[DEBUG | dusk] Loading Resource: tt_block128_00.bti (Size: 8224)
[DEBUG | dusk] Loading Resource: tt_block8x8.bti (Size: 64)
[DEBUG | dusk] Loading Resource: tt_book_meramera_00.bti (Size: 6944)
[DEBUG | dusk] Loading Resource: tt_button_base0_center_tate.bti (Size: 1312)
[DEBUG | dusk] Loading Resource: tt_button_base0_side.bti (Size: 1312)
[DEBUG | dusk] Loading Resource: tt_gold_uzu_long2.bti (Size: 4832)
[DEBUG | dusk] Loading Resource: tt_heart_00.bti (Size: 1312)
[DEBUG | dusk] Loading Resource: tt_horiwaku_lu.bti (Size: 1600)
[DEBUG | dusk] Loading Resource: tt_horiwaku_side_l_rr.bti (Size: 928)
[DEBUG | dusk] Loading Resource: tt_horiwaku_side_r_rr.bti (Size: 928)
[DEBUG | dusk] Loading Resource: tt_horiwaku_top_rr.bti (Size: 1056)
[DEBUG | dusk] Loading Resource: tt_i4_gra.bti (Size: 1056)
[DEBUG | dusk] Loading Resource: tt_iastarrr.bti (Size: 1056)
[DEBUG | dusk] Loading Resource: tt_itumonofuku_s3tc.bti (Size: 2624)
[DEBUG | dusk] Loading Resource: tt_kazari_kani_00.bti (Size: 4128)
[DEBUG | dusk] Loading Resource: tt_kazari_kani_02.bti (Size: 4128)
[DEBUG | dusk] Loading Resource: tt_kokirinoken_s3_tc.bti (Size: 2592)
[DEBUG | dusk] Loading Resource: tt_line2.bti (Size: 96)
[DEBUG | dusk] Loading Resource: tt_metal_cube_00.bti (Size: 1184)
[DEBUG | dusk] Loading Resource: tt_spot_square3.bti (Size: 2080)
[DEBUG | dusk] Loading Resource: tt_uzumaki_00.bti (Size: 16160)
[DEBUG | dusk] Loading Resource: tt_w08_160_gra.bti (Size: 6432)
[DEBUG | dusk] Loading Resource: tt_yakushima.bti (Size: 8224)
[DEBUG | dusk] Loading Resource: tt_zelda_button_ab_maru.bti (Size: 1632)
[DEBUG | dusk] Loading Resource: tt_zelda_button_a_8ia.bti (Size: 1568)
[DEBUG | dusk] Loading Resource: tt_zelda_button_a_text.bti (Size: 800)
[DEBUG | dusk] Loading Resource: tt_zelda_button_b_text.bti (Size: 512)
[DEBUG | dusk] Loading Resource: tt_zelda_revo_maru_button_64_8ia_01.bti (Size: 8736)
[DEBUG | dusk] [DIAG] fpcSCtRq_phase_Load: procName=0 ret=4
[DEBUG | dusk] fpcSCtRq_phase_CreateProcess: procName=0
[DEBUG | dusk] fpcBs_Create: pid=60 profname=fpcNm_OVERLAP0_e (0) profile=0x7b6136ab18 procSize=384 unkSize=0
[DEBUG | dusk] fpcSCtRq_phase_CreateProcess: fpcBs_Create OK proc=0xb400007a19201558
[DEBUG | dusk] fpcNdRq_phase_Create: name=11 layer=0x7b6159e418
[DEBUG | dusk] fpcNdRq_phase_Create: creating_id=61 (error=4294967295)
[DEBUG | dusk] [DIAG] fpcSCtRq_phase_Load: procName=11 ret=4
[DEBUG | dusk] fpcSCtRq_phase_CreateProcess: procName=11
[DEBUG | dusk] fpcBs_Create: pid=61 profname=fpcNm_PLAY_SCENE_e (11) profile=0x7b6136b268 procSize=912 unkSize=0
[DEBUG | dusk] fpcSCtRq_phase_CreateProcess: fpcBs_Create OK proc=0xb400007a19201af0
[DEBUG | dusk] Loading Resource: vrbox_kasumim.bmd (Size: 2272)
[DEBUG | dusk] Loading Resource: vrbox_kumo.bmd (Size: 69664)
[DEBUG | dusk] Loading Resource: vrbox_sora.bmd (Size: 6624)
[DEBUG | dusk] Loading Resource: vrbox_sun.bmd (Size: 12032)
[DEBUG | dusk] Loading Resource: bank.bin (Size: 416)
[DEBUG | dusk] Loading Resource: name.bin (Size: 448)
[DEBUG | dusk] Loading Resource: vrbox_sun.btk (Size: 320)
[DEBUG | dusk] Loading Resource: colordata_tbl.dat (Size: 800)
[DEBUG | dusk] Loading Resource: pol_arg.dat (Size: 128)
[DEBUG | dusk] Loading Resource: pol_effcol.dat (Size: 128)
[DEBUG | dusk] Loading Resource: pol_effcol2.dat (Size: 128)
[DEBUG | dusk] Loading Resource: pol_efftbl.dat (Size: 128)
[DEBUG | dusk] Loading Resource: pol_efftbl2.dat (Size: 128)
[DEBUG | dusk] Loading Resource: pol_sound.dat (Size: 128)
[DEBUG | dusk] Loading Resource: stage.dzs (Size: 3104)
[DEBUG | dusk] Loading Resource: cloudtx_01.bti (Size: 4128)
[DEBUG | dusk] Loading Resource: cloudtx_02.bti (Size: 4128)
[DEBUG | dusk] Loading Resource: cloudtx_03.bti (Size: 4128)
[DEBUG | dusk] Loading Resource: f_moon.bti (Size: 8224)
[DEBUG | dusk] Loading Resource: f_moon_a.bti (Size: 2080)
[DEBUG | dusk] Loading Resource: f_moon_a_a00.bti (Size: 64)
[DEBUG | dusk] Loading Resource: f_moon_a_a01.bti (Size: 544)
[DEBUG | dusk] Loading Resource: f_moon_a_a02.bti (Size: 544)
[DEBUG | dusk] Loading Resource: f_moon_a_a03.bti (Size: 544)
[DEBUG | dusk] Loading Resource: h_field04.bti (Size: 32800)
[DEBUG | dusk] Loading Resource: h_hibi_mipmap.bti (Size: 10784)
[DEBUG | dusk] Loading Resource: h_road01.bti (Size: 8224)
[DEBUG | dusk] Loading Resource: h_rock_ue01.bti (Size: 8224)
[DEBUG | dusk] Loading Resource: h_rock_wall03.bti (Size: 32800)
[DEBUG | dusk] Loading Resource: h_rope.bti (Size: 8224)
[DEBUG | dusk] Loading Resource: h_tetsugoshi.bti (Size: 8224)
[DEBUG | dusk] Loading Resource: h_wall01.bti (Size: 32800)
[DEBUG | dusk] Loading Resource: h_yuka.bti (Size: 8224)
[DEBUG | dusk] Loading Resource: m_kumo04.bti (Size: 21536)
[DEBUG | dusk] Loading Resource: r_redmetal_lv01.bti (Size: 4128)
[DEBUG | dusk] Loading Resource: event_list.dat (Size: 106476)
[DEBUG | dusk] Loading Resource: camstyle.dat (Size: 43328)
[DEBUG | dusk] Loading Resource: camtype.dat (Size: 14560)
[DEBUG | dusk] fopScnM_CreateReq: procName=18 fade=32767
[DEBUG | dusk] fopScnM_CreateReq: result=5 (error=4294967295)
[DEBUG | dusk] fopScnM_CreateReq: procName=18 fade=32767
[DEBUG | dusk] fopScnM_CreateReq: result=6 (error=4294967295)
[DEBUG | dusk] fpcBs_Create: pid=69 profname=fpcNm_KANKYO_e (19) profile=0x7b61365e60 procSize=440 unkSize=0
[DEBUG | dusk] fpcBs_Create: pid=71 profname=fpcNm_KYEFF_e (785) profile=0x7b61365eb0 procSize=440 unkSize=0
[DEBUG | dusk] fpcBs_Create: pid=73 profname=fpcNm_KYEFF2_e (786) profile=0x7b61365ef0 procSize=440 unkSize=0
[DEBUG | dusk] fpcBs_Create: pid=75 profname=fpcNm_ENVSE_e (21) profile=0x7b61364f20 procSize=456 unkSize=0
[DEBUG | dusk] fpcNdRq_phase_Create: name=18 layer=0xb400007a19201c48
[DEBUG | dusk] fpcNdRq_phase_Create: creating_id=78 (error=4294967295)
[DEBUG | dusk] fpcNdRq_phase_Create: name=18 layer=0xb400007a19201c48
[DEBUG | dusk] fpcNdRq_phase_Create: creating_id=79 (error=4294967295)
[DEBUG | dusk] [DIAG] fpcSCtRq_phase_Load: procName=781 ret=4
[DEBUG | dusk] fpcSCtRq_phase_CreateProcess: procName=781
[DEBUG | dusk] fpcBs_Create: pid=62 profname=fpcNm_CAMERA_e (781) profile=0x7b61364d68 procSize=4240 unkSize=0
[DEBUG | dusk] fpcSCtRq_phase_CreateProcess: fpcBs_Create OK proc=0xb400007a191fed64
[DEBUG | dusk] [DIAG] fpcSCtRq_phase_Load: procName=686 ret=4
[DEBUG | dusk] fpcSCtRq_phase_CreateProcess: procName=686
[DEBUG | dusk] fpcBs_Create: pid=63 profname=fpcNm_KYTAG04_e (686) profile=0x7b6136ef28 procSize=1784 unkSize=0
[DEBUG | dusk] fpcSCtRq_phase_CreateProcess: fpcBs_Create OK proc=0xb400007a191fe64c
[DEBUG | dusk] [DIAG] fpcSCtRq_phase_Load: procName=559 ret=4
[DEBUG | dusk] fpcSCtRq_phase_CreateProcess: procName=559
[DEBUG | dusk] fpcBs_Create: pid=64 profname=fpcNm_Tag_Restart_e (559) profile=0x7b613a8048 procSize=1680 unkSize=0
[DEBUG | dusk] fpcSCtRq_phase_CreateProcess: fpcBs_Create OK proc=0xb400007a191fdf9c
[DEBUG | dusk] [DIAG] fpcSCtRq_phase_Load: procName=559 ret=4
[DEBUG | dusk] fpcSCtRq_phase_CreateProcess: procName=559
[DEBUG | dusk] fpcBs_Create: pid=65 profname=fpcNm_Tag_Restart_e (559) profile=0x7b613a8048 procSize=1680 unkSize=0
[DEBUG | dusk] fpcSCtRq_phase_CreateProcess: fpcBs_Create OK proc=0xb400007a191fd8ec
[DEBUG | dusk] [DIAG] fpcSCtRq_phase_Load: procName=693 ret=4
[DEBUG | dusk] fpcSCtRq_phase_CreateProcess: procName=693
[DEBUG | dusk] fpcBs_Create: pid=66 profname=fpcNm_KYTAG11_e (693) profile=0x7b61372d70 procSize=1640 unkSize=0
[DEBUG | dusk] fpcSCtRq_phase_CreateProcess: fpcBs_Create OK proc=0xb400007a191fd264
[DEBUG | dusk] [DIAG] fpcSCtRq_phase_Load: procName=238 ret=4
[DEBUG | dusk] fpcSCtRq_phase_CreateProcess: procName=238
[DEBUG | dusk] fpcBs_Create: pid=67 profname=fpcNm_HORSE_e (238) profile=0x7b6137ed10 procSize=8464 unkSize=0
[DEBUG | dusk] fpcSCtRq_phase_CreateProcess: fpcBs_Create OK proc=0xb400007a191fb134
[DEBUG | dusk] [DIAG] fpcSCtRq_phase_Load: procName=730 ret=4
[DEBUG | dusk] fpcSCtRq_phase_CreateProcess: procName=730
[DEBUG | dusk] fpcBs_Create: pid=76 profname=fpcNm_VRBOX_e (730) profile=0x7b61371078 procSize=1648 unkSize=0
[DEBUG | dusk] fpcSCtRq_phase_CreateProcess: fpcBs_Create OK proc=0xb400007a191faaa4
[DEBUG | dusk] [DIAG] fpcSCtRq_phase_Load: procName=731 ret=4
[DEBUG | dusk] fpcSCtRq_phase_CreateProcess: procName=731
[DEBUG | dusk] fpcBs_Create: pid=77 profname=fpcNm_VRBOX2_e (731) profile=0x7b61371130 procSize=1720 unkSize=0
[DEBUG | dusk] fpcSCtRq_phase_CreateProcess: fpcBs_Create OK proc=0xb400007a191fa3cc
[DEBUG | dusk] [DIAG] fpcSCtRq_phase_Load: procName=18 ret=4
[DEBUG | dusk] fpcSCtRq_phase_CreateProcess: procName=18
[DEBUG | dusk] fpcBs_Create: pid=78 profname=fpcNm_ROOM_SCENE_e (18) profile=0x7b6136b388 procSize=912 unkSize=0
[DEBUG | dusk] fpcSCtRq_phase_CreateProcess: fpcBs_Create OK proc=0xb400007a191fa01c
[DEBUG | dusk] [DIAG] fpcSCtRq_phase_Load: procName=18 ret=4
[DEBUG | dusk] fpcSCtRq_phase_CreateProcess: procName=18
[DEBUG | dusk] fpcBs_Create: pid=79 profname=fpcNm_ROOM_SCENE_e (18) profile=0x7b6136b388 procSize=912 unkSize=0
[DEBUG | dusk] fpcSCtRq_phase_CreateProcess: fpcBs_Create OK proc=0xb400007a191f9c6c
[DEBUG | dusk] Loading Resource: ef_portal.bmd (Size: 60192)
[DEBUG | dusk] Loading Resource: ef_portal_blue_app.brk (Size: 896)
[DEBUG | dusk] Loading Resource: ef_portal_blue_disapp.brk (Size: 896)
[DEBUG | dusk] Loading Resource: ef_portal_red_app.brk (Size: 896)
[DEBUG | dusk] Loading Resource: ef_portal_red_disapp.brk (Size: 896)
[DEBUG | dusk] Loading Resource: ef_portal.btk (Size: 1792)
[DEBUG | dusk] Loading Resource: model.bmd (Size: 224704)
[DEBUG | dusk] Loading Resource: model4.bmd (Size: 6848)
[DEBUG | dusk] Loading Resource: model5.bmd (Size: 456000)
[DEBUG | dusk] Loading Resource: model5.brk (Size: 384)
[DEBUG | dusk] Loading Resource: model4.btk (Size: 416)
[DEBUG | dusk] Loading Resource: model5.btk (Size: 480)
[DEBUG | dusk] Loading Resource: room.dzr (Size: 8384)
[DEBUG | dusk] Loading Resource: event_list.dat (Size: 3080)
[DEBUG | dusk] Loading Resource: r00_dark_in.stb (Size: 1472)
[DEBUG | dusk] Loading Resource: room.kcl (Size: 297006)
[DEBUG | dusk] Loading Resource: room.plc (Size: 416)
[DEBUG | dusk] Loading Resource: model.bmd (Size: 25184)
[DEBUG | dusk] Loading Resource: room.dzr (Size: 832)
[DEBUG | dusk] Loading Resource: room.kcl (Size: 30692)
[DEBUG | dusk] Loading Resource: room.plc (Size: 64)
[DEBUG | dusk] [DIAG] fpcSCtRq_phase_Load: procName=253 ret=4
[DEBUG | dusk] fpcSCtRq_phase_CreateProcess: procName=253
[DEBUG | dusk] fpcBs_Create: pid=80 profname=fpcNm_ALINK_e (253) profile=0x7b61361250 procSize=18784 unkSize=0
[DEBUG | dusk] fpcSCtRq_phase_CreateProcess: fpcBs_Create OK proc=0xb400007a191ef86c
[DEBUG | dusk] [DIAG] fpcSCtRq_phase_Load: procName=790 ret=4
[DEBUG | dusk] fpcSCtRq_phase_CreateProcess: procName=790
[DEBUG | dusk] fpcBs_Create: pid=81 profname=fpcNm_METER2_e (790) profile=0x7b61368430 procSize=1504 unkSize=0
[DEBUG | dusk] fpcSCtRq_phase_CreateProcess: fpcBs_Create OK proc=0xb400007a191ef26c
[DEBUG | dusk] [DIAG] fpcSCtRq_phase_Load: procName=732 ret=4
[DEBUG | dusk] fpcSCtRq_phase_CreateProcess: procName=732
[DEBUG | dusk] fpcBs_Create: pid=82 profname=fpcNm_BG_e (732) profile=0x7b6136e3f8 procSize=1904 unkSize=0
[DEBUG | dusk] fpcSCtRq_phase_CreateProcess: fpcBs_Create OK proc=0xb400007a191ee91c
[DEBUG | dusk] [DIAG] fpcSCtRq_phase_Load: procName=711 ret=4
[DEBUG | dusk] fpcSCtRq_phase_CreateProcess: procName=711
[DEBUG | dusk] fpcBs_Create: pid=83 profname=fpcNm_Tag_Wljump_e (711) profile=0x7b613a8950 procSize=1768 unkSize=0
[DEBUG | dusk] fpcSCtRq_phase_CreateProcess: fpcBs_Create OK proc=0xb400007a191ee214
[DEBUG | dusk] [DIAG] fpcSCtRq_phase_Load: procName=765 ret=4
[DEBUG | dusk] fpcSCtRq_phase_CreateProcess: procName=765
[DEBUG | dusk] fpcBs_Create: pid=84 profname=fpcNm_Obj_Stone_e (765) profile=0x7b613a1480 procSize=3192 unkSize=0
[DEBUG | dusk] fpcSCtRq_phase_CreateProcess: fpcBs_Create OK proc=0xb400007a191ed57c
[DEBUG | dusk] [DIAG] fpcSCtRq_phase_Load: procName=765 ret=4
[DEBUG | dusk] fpcSCtRq_phase_CreateProcess: procName=765
[DEBUG | dusk] fpcBs_Create: pid=85 profname=fpcNm_Obj_Stone_e (765) profile=0x7b613a1480 procSize=3192 unkSize=0
[DEBUG | dusk] fpcSCtRq_phase_CreateProcess: fpcBs_Create OK proc=0xb400007a191ec8e4
[DEBUG | dusk] [DIAG] fpcSCtRq_phase_Load: procName=765 ret=4
[DEBUG | dusk] fpcSCtRq_phase_CreateProcess: procName=765
[DEBUG | dusk] fpcBs_Create: pid=86 profname=fpcNm_Obj_Stone_e (765) profile=0x7b613a1480 procSize=3192 unkSize=0
[DEBUG | dusk] fpcSCtRq_phase_CreateProcess: fpcBs_Create OK proc=0xb400007a191ebc4c
[DEBUG | dusk] [DIAG] fpcSCtRq_phase_Load: procName=765 ret=4
[DEBUG | dusk] fpcSCtRq_phase_CreateProcess: procName=765
[DEBUG | dusk] fpcBs_Create: pid=87 profname=fpcNm_Obj_Stone_e (765) profile=0x7b613a1480 procSize=3192 unkSize=0
[DEBUG | dusk] fpcSCtRq_phase_CreateProcess: fpcBs_Create OK proc=0xb400007a191eafb4
[DEBUG | dusk] [DIAG] fpcSCtRq_phase_Load: procName=765 ret=4
[DEBUG | dusk] fpcSCtRq_phase_CreateProcess: procName=765
[DEBUG | dusk] fpcBs_Create: pid=88 profname=fpcNm_Obj_Stone_e (765) profile=0x7b613a1480 procSize=3192 unkSize=0
[DEBUG | dusk] fpcSCtRq_phase_CreateProcess: fpcBs_Create OK proc=0xb400007a191ea31c
[DEBUG | dusk] [DIAG] fpcSCtRq_phase_Load: procName=765 ret=4
[DEBUG | dusk] fpcSCtRq_phase_CreateProcess: procName=765
[DEBUG | dusk] fpcBs_Create: pid=89 profname=fpcNm_Obj_Stone_e (765) profile=0x7b613a1480 procSize=3192 unkSize=0
[DEBUG | dusk] fpcSCtRq_phase_CreateProcess: fpcBs_Create OK proc=0xb400007a191e9684
[DEBUG | dusk] [DIAG] fpcSCtRq_phase_Load: procName=765 ret=4
[DEBUG | dusk] fpcSCtRq_phase_CreateProcess: procName=765
[DEBUG | dusk] fpcBs_Create: pid=90 profname=fpcNm_Obj_Stone_e (765) profile=0x7b613a1480 procSize=3192 unkSize=0
[DEBUG | dusk] fpcSCtRq_phase_CreateProcess: fpcBs_Create OK proc=0xb400007a191e89ec
[DEBUG | dusk] [DIAG] fpcSCtRq_phase_Load: procName=765 ret=4
[DEBUG | dusk] fpcSCtRq_phase_CreateProcess: procName=765
[DEBUG | dusk] fpcBs_Create: pid=91 profname=fpcNm_Obj_Stone_e (765) profile=0x7b613a1480 procSize=3192 unkSize=0
[DEBUG | dusk] fpcSCtRq_phase_CreateProcess: fpcBs_Create OK proc=0xb400007a191e7d54
[DEBUG | dusk] [DIAG] fpcSCtRq_phase_Load: procName=765 ret=4
[DEBUG | dusk] fpcSCtRq_phase_CreateProcess: procName=765
[DEBUG | dusk] fpcBs_Create: pid=92 profname=fpcNm_Obj_Stone_e (765) profile=0x7b613a1480 procSize=3192 unkSize=0
[DEBUG | dusk] fpcSCtRq_phase_CreateProcess: fpcBs_Create OK proc=0xb400007a191e70bc
[DEBUG | dusk] [DIAG] fpcSCtRq_phase_Load: procName=765 ret=4
[DEBUG | dusk] fpcSCtRq_phase_CreateProcess: procName=765
[DEBUG | dusk] fpcBs_Create: pid=93 profname=fpcNm_Obj_Stone_e (765) profile=0x7b613a1480 procSize=3192 unkSize=0
[DEBUG | dusk] fpcSCtRq_phase_CreateProcess: fpcBs_Create OK proc=0xb400007a191e6424
[DEBUG | dusk] [DIAG] fpcSCtRq_phase_Load: procName=765 ret=4
[DEBUG | dusk] fpcSCtRq_phase_CreateProcess: procName=765
[DEBUG | dusk] fpcBs_Create: pid=94 profname=fpcNm_Obj_Stone_e (765) profile=0x7b613a1480 procSize=3192 unkSize=0
[DEBUG | dusk] fpcSCtRq_phase_CreateProcess: fpcBs_Create OK proc=0xb400007a191e578c
[DEBUG | dusk] [DIAG] fpcSCtRq_phase_Load: procName=784 ret=4
[DEBUG | dusk] fpcSCtRq_phase_CreateProcess: procName=784
[DEBUG | dusk] fpcBs_Create: pid=95 profname=fpcNm_GRASS_e (784) profile=0x7b61372ae8 procSize=1640 unkSize=0
[DEBUG | dusk] fpcSCtRq_phase_CreateProcess: fpcBs_Create OK proc=0xb400007a191e5104
[DEBUG | dusk] [DIAG] fpcSCtRq_phase_Load: procName=784 ret=4
[DEBUG | dusk] fpcSCtRq_phase_CreateProcess: procName=784
[DEBUG | dusk] fpcBs_Create: pid=96 profname=fpcNm_GRASS_e (784) profile=0x7b61372ae8 procSize=1640 unkSize=0
[DEBUG | dusk] fpcSCtRq_phase_CreateProcess: fpcBs_Create OK proc=0xb400007a191e4a7c
[DEBUG | dusk] [DIAG] fpcSCtRq_phase_Load: procName=784 ret=4
[DEBUG | dusk] fpcSCtRq_phase_CreateProcess: procName=784
[DEBUG | dusk] fpcBs_Create: pid=97 profname=fpcNm_GRASS_e (784) profile=0x7b61372ae8 procSize=1640 unkSize=0
[DEBUG | dusk] fpcSCtRq_phase_CreateProcess: fpcBs_Create OK proc=0xb400007a191e43f4
[DEBUG | dusk] [DIAG] fpcSCtRq_phase_Load: procName=784 ret=4
[DEBUG | dusk] fpcSCtRq_phase_CreateProcess: procName=784
[DEBUG | dusk] fpcBs_Create: pid=98 profname=fpcNm_GRASS_e (784) profile=0x7b61372ae8 procSize=1640 unkSize=0
[DEBUG | dusk] fpcSCtRq_phase_CreateProcess: fpcBs_Create OK proc=0xb400007a191e3d6c
[DEBUG | dusk] [DIAG] fpcSCtRq_phase_Load: procName=784 ret=4
[DEBUG | dusk] fpcSCtRq_phase_CreateProcess: procName=784
[DEBUG | dusk] fpcBs_Create: pid=99 profname=fpcNm_GRASS_e (784) profile=0x7b61372ae8 procSize=1640 unkSize=0
[DEBUG | dusk] fpcSCtRq_phase_CreateProcess: fpcBs_Create OK proc=0xb400007a191e36e4
[DEBUG | dusk] [DIAG] fpcSCtRq_phase_Load: procName=784 ret=4
[DEBUG | dusk] fpcSCtRq_phase_CreateProcess: procName=784
[DEBUG | dusk] fpcBs_Create: pid=100 profname=fpcNm_GRASS_e (784) profile=0x7b61372ae8 procSize=1640 unkSize=0
[DEBUG | dusk] fpcSCtRq_phase_CreateProcess: fpcBs_Create OK proc=0xb400007a191e305c
[DEBUG | dusk] [DIAG] fpcSCtRq_phase_Load: procName=83 ret=4
[DEBUG | dusk] fpcSCtRq_phase_CreateProcess: procName=83
[DEBUG | dusk] fpcBs_Create: pid=101 profname=fpcNm_Obj_Digpl_e (83) profile=0x7b613757f8 procSize=1712 unkSize=0
[DEBUG | dusk] fpcSCtRq_phase_CreateProcess: fpcBs_Create OK proc=0xb400007a191e298c
[DEBUG | dusk] [DIAG] fpcSCtRq_phase_Load: procName=765 ret=4
[DEBUG | dusk] fpcSCtRq_phase_CreateProcess: procName=765
[DEBUG | dusk] fpcBs_Create: pid=102 profname=fpcNm_Obj_Stone_e (765) profile=0x7b613a1480 procSize=3192 unkSize=0
[DEBUG | dusk] fpcSCtRq_phase_CreateProcess: fpcBs_Create OK proc=0xb400007a191e1cf4
[DEBUG | dusk] [DIAG] fpcSCtRq_phase_Load: procName=765 ret=4
[DEBUG | dusk] fpcSCtRq_phase_CreateProcess: procName=765
[DEBUG | dusk] fpcBs_Create: pid=103 profname=fpcNm_Obj_Stone_e (765) profile=0x7b613a1480 procSize=3192 unkSize=0
[DEBUG | dusk] fpcSCtRq_phase_CreateProcess: fpcBs_Create OK proc=0xb400007a191e105c
[DEBUG | dusk] [DIAG] fpcSCtRq_phase_Load: procName=765 ret=4
[DEBUG | dusk] fpcSCtRq_phase_CreateProcess: procName=765
[DEBUG | dusk] fpcBs_Create: pid=104 profname=fpcNm_Obj_Stone_e (765) profile=0x7b613a1480 procSize=3192 unkSize=0
[DEBUG | dusk] fpcSCtRq_phase_CreateProcess: fpcBs_Create OK proc=0xb400007a191e03c4
[DEBUG | dusk] [DIAG] fpcSCtRq_phase_Load: procName=765 ret=4
[DEBUG | dusk] fpcSCtRq_phase_CreateProcess: procName=765
[DEBUG | dusk] fpcBs_Create: pid=105 profname=fpcNm_Obj_Stone_e (765) profile=0x7b613a1480 procSize=3192 unkSize=0
[DEBUG | dusk] fpcSCtRq_phase_CreateProcess: fpcBs_Create OK proc=0xb400007a191df72c
[DEBUG | dusk] [DIAG] fpcSCtRq_phase_Load: procName=394 ret=4
[DEBUG | dusk] fpcSCtRq_phase_CreateProcess: procName=394
[DEBUG | dusk] fpcBs_Create: pid=106 profname=fpcNm_Obj_WindStone_e (394) profile=0x7b613a5188 procSize=1760 unkSize=0
[DEBUG | dusk] fpcSCtRq_phase_CreateProcess: fpcBs_Create OK proc=0xb400007a191df02c
[DEBUG | dusk] [DIAG] fpcSCtRq_phase_Load: procName=543 ret=4
[DEBUG | dusk] fpcSCtRq_phase_CreateProcess: procName=543
[DEBUG | dusk] fpcBs_Create: pid=107 profname=fpcNm_Obj_Drop_e (543) profile=0x7b613937e8 procSize=3616 unkSize=0
[DEBUG | dusk] fpcSCtRq_phase_CreateProcess: fpcBs_Create OK proc=0xb400007a191de1ec
[DEBUG | dusk] [DIAG] fpcSCtRq_phase_Load: procName=251 ret=4
[DEBUG | dusk] fpcSCtRq_phase_CreateProcess: procName=251
[DEBUG | dusk] fpcBs_Create: pid=108 profname=fpcNm_TBOX_e (251) profile=0x7b61370d80 procSize=3328 unkSize=0
[DEBUG | dusk] fpcSCtRq_phase_CreateProcess: fpcBs_Create OK proc=0xb400007a191dd4cc
[DEBUG | dusk] [DIAG] fpcSCtRq_phase_Load: procName=359 ret=4
[DEBUG | dusk] fpcSCtRq_phase_CreateProcess: procName=359
[DEBUG | dusk] fpcBs_Create: pid=109 profname=fpcNm_Obj_Geyser_e (359) profile=0x7b61394908 procSize=2472 unkSize=0
[DEBUG | dusk] fpcSCtRq_phase_CreateProcess: fpcBs_Create OK proc=0xb400007a191dcb04
[DEBUG | dusk] [DIAG] fpcSCtRq_phase_Load: procName=359 ret=4
[DEBUG | dusk] fpcSCtRq_phase_CreateProcess: procName=359
[DEBUG | dusk] fpcBs_Create: pid=110 profname=fpcNm_Obj_Geyser_e (359) profile=0x7b61394908 procSize=2472 unkSize=0
[DEBUG | dusk] fpcSCtRq_phase_CreateProcess: fpcBs_Create OK proc=0xb400007a191dc13c
[DEBUG | dusk] [DIAG] fpcSCtRq_phase_Load: procName=359 ret=4
[DEBUG | dusk] fpcSCtRq_phase_CreateProcess: procName=359
[DEBUG | dusk] fpcBs_Create: pid=111 profname=fpcNm_Obj_Geyser_e (359) profile=0x7b61394908 procSize=2472 unkSize=0
[DEBUG | dusk] fpcSCtRq_phase_CreateProcess: fpcBs_Create OK proc=0xb400007a191db774
[DEBUG | dusk] [DIAG] fpcSCtRq_phase_Load: procName=359 ret=4
[DEBUG | dusk] fpcSCtRq_phase_CreateProcess: procName=359
[DEBUG | dusk] fpcBs_Create: pid=112 profname=fpcNm_Obj_Geyser_e (359) profile=0x7b61394908 procSize=2472 unkSize=0
[DEBUG | dusk] fpcSCtRq_phase_CreateProcess: fpcBs_Create OK proc=0xb400007a191dadac
[DEBUG | dusk] [DIAG] fpcSCtRq_phase_Load: procName=359 ret=4
[DEBUG | dusk] fpcSCtRq_phase_CreateProcess: procName=359
[DEBUG | dusk] fpcBs_Create: pid=113 profname=fpcNm_Obj_Geyser_e (359) profile=0x7b61394908 procSize=2472 unkSize=0
[DEBUG | dusk] fpcSCtRq_phase_CreateProcess: fpcBs_Create OK proc=0xb400007a191da3e4
[DEBUG | dusk] [DIAG] fpcSCtRq_phase_Load: procName=359 ret=4
[DEBUG | dusk] fpcSCtRq_phase_CreateProcess: procName=359
[DEBUG | dusk] fpcBs_Create: pid=114 profname=fpcNm_Obj_Geyser_e (359) profile=0x7b61394908 procSize=2472 unkSize=0
[DEBUG | dusk] fpcSCtRq_phase_CreateProcess: fpcBs_Create OK proc=0xb400007a191d9a1c
[DEBUG | dusk] [DIAG] fpcSCtRq_phase_Load: procName=359 ret=4
[DEBUG | dusk] fpcSCtRq_phase_CreateProcess: procName=359
[DEBUG | dusk] fpcBs_Create: pid=115 profname=fpcNm_Obj_Geyser_e (359) profile=0x7b61394908 procSize=2472 unkSize=0
[DEBUG | dusk] fpcSCtRq_phase_CreateProcess: fpcBs_Create OK proc=0xb400007a191d9054
[DEBUG | dusk] [DIAG] fpcSCtRq_phase_Load: procName=780 ret=4
[DEBUG | dusk] fpcSCtRq_phase_CreateProcess: procName=780
[DEBUG | dusk] fpcBs_Create: pid=116 profname=fpcNm_SCENE_EXIT_e (780) profile=0x7b6136fe48 procSize=1680 unkSize=0
[DEBUG | dusk] fpcSCtRq_phase_CreateProcess: fpcBs_Create OK proc=0xb400007a191d89a4
[DEBUG | dusk] [DIAG] fpcSCtRq_phase_Load: procName=34 ret=4
[DEBUG | dusk] fpcSCtRq_phase_CreateProcess: procName=34
[DEBUG | dusk] fpcBs_Create: pid=117 profname=fpcNm_TAG_GRA_e (34) profile=0x7b613a7298 procSize=1632 unkSize=0
[DEBUG | dusk] fpcSCtRq_phase_CreateProcess: fpcBs_Create OK proc=0xb400007a191d8324
[DEBUG | dusk] [DIAG] fpcSCtRq_phase_Load: procName=719 ret=4
[DEBUG | dusk] fpcSCtRq_phase_CreateProcess: procName=719
[DEBUG | dusk] fpcBs_Create: pid=118 profname=fpcNm_TAG_CAMERA_e (719) profile=0x7b61370260 procSize=1672 unkSize=0
[DEBUG | dusk] fpcSCtRq_phase_CreateProcess: fpcBs_Create OK proc=0xb400007a191d7c7c
[DEBUG | dusk] [DIAG] fpcSCtRq_phase_Load: procName=99 ret=4
[DEBUG | dusk] fpcSCtRq_phase_CreateProcess: procName=99
[DEBUG | dusk] fpcBs_Create: pid=119 profname=fpcNm_Obj_Cboard_e (99) profile=0x7b61375700 procSize=1752 unkSize=0
[DEBUG | dusk] fpcSCtRq_phase_CreateProcess: fpcBs_Create OK proc=0xb400007a191d7584
[DEBUG | dusk] [DIAG] fpcSCtRq_phase_Load: procName=99 ret=4
[DEBUG | dusk] fpcSCtRq_phase_CreateProcess: procName=99
[DEBUG | dusk] fpcBs_Create: pid=120 profname=fpcNm_Obj_Cboard_e (99) profile=0x7b61375700 procSize=1752 unkSize=0
[DEBUG | dusk] fpcSCtRq_phase_CreateProcess: fpcBs_Create OK proc=0xb400007a191d6e8c
[DEBUG | dusk] [DIAG] fpcSCtRq_phase_Load: procName=99 ret=4
[DEBUG | dusk] fpcSCtRq_phase_CreateProcess: procName=99
[DEBUG | dusk] fpcBs_Create: pid=121 profname=fpcNm_Obj_Cboard_e (99) profile=0x7b61375700 procSize=1752 unkSize=0
[DEBUG | dusk] fpcSCtRq_phase_CreateProcess: fpcBs_Create OK proc=0xb400007a191d6794
[DEBUG | dusk] [DIAG] fpcSCtRq_phase_Load: procName=99 ret=4
[DEBUG | dusk] fpcSCtRq_phase_CreateProcess: procName=99
[DEBUG | dusk] fpcBs_Create: pid=122 profname=fpcNm_Obj_Cboard_e (99) profile=0x7b61375700 procSize=1752 unkSize=0
[DEBUG | dusk] fpcSCtRq_phase_CreateProcess: fpcBs_Create OK proc=0xb400007a191d609c
[DEBUG | dusk] [DIAG] fpcSCtRq_phase_Load: procName=236 ret=4
[DEBUG | dusk] fpcSCtRq_phase_CreateProcess: procName=236
[DEBUG | dusk] fpcBs_Create: pid=123 profname=fpcNm_Tag_Hstop_e (236) profile=0x7b61377ae8 procSize=1656 unkSize=0
[DEBUG | dusk] fpcSCtRq_phase_CreateProcess: fpcBs_Create OK proc=0xb400007a191d5a04
[DEBUG | dusk] [DIAG] fpcSCtRq_phase_Load: procName=765 ret=4
[DEBUG | dusk] fpcSCtRq_phase_CreateProcess: procName=765
[DEBUG | dusk] fpcBs_Create: pid=124 profname=fpcNm_Obj_Stone_e (765) profile=0x7b613a1480 procSize=3192 unkSize=0
[DEBUG | dusk] fpcSCtRq_phase_CreateProcess: fpcBs_Create OK proc=0xb400007a191d4d6c
[DEBUG | dusk] [DIAG] fpcSCtRq_phase_Load: procName=765 ret=4
[DEBUG | dusk] fpcSCtRq_phase_CreateProcess: procName=765
[DEBUG | dusk] fpcBs_Create: pid=125 profname=fpcNm_Obj_Stone_e (765) profile=0x7b613a1480 procSize=3192 unkSize=0
[DEBUG | dusk] fpcSCtRq_phase_CreateProcess: fpcBs_Create OK proc=0xb400007a191d40d4
[DEBUG | dusk] [DIAG] fpcSCtRq_phase_Load: procName=765 ret=4
[DEBUG | dusk] fpcSCtRq_phase_CreateProcess: procName=765
[DEBUG | dusk] fpcBs_Create: pid=126 profname=fpcNm_Obj_Stone_e (765) profile=0x7b613a1480 procSize=3192 unkSize=0
[DEBUG | dusk] fpcSCtRq_phase_CreateProcess: fpcBs_Create OK proc=0xb400007a191d343c
[DEBUG | dusk] [DIAG] fpcSCtRq_phase_Load: procName=765 ret=4
[DEBUG | dusk] fpcSCtRq_phase_CreateProcess: procName=765
[DEBUG | dusk] fpcBs_Create: pid=127 profname=fpcNm_Obj_Stone_e (765) profile=0x7b613a1480 procSize=3192 unkSize=0
[DEBUG | dusk] fpcSCtRq_phase_CreateProcess: fpcBs_Create OK proc=0xb400007a191d27a4
[DEBUG | dusk] [DIAG] fpcSCtRq_phase_Load: procName=765 ret=4
[DEBUG | dusk] fpcSCtRq_phase_CreateProcess: procName=765
[DEBUG | dusk] fpcBs_Create: pid=128 profname=fpcNm_Obj_Stone_e (765) profile=0x7b613a1480 procSize=3192 unkSize=0
[DEBUG | dusk] fpcSCtRq_phase_CreateProcess: fpcBs_Create OK proc=0xb400007a191d1b0c
[DEBUG | dusk] [DIAG] fpcSCtRq_phase_Load: procName=765 ret=4
[DEBUG | dusk] fpcSCtRq_phase_CreateProcess: procName=765
[DEBUG | dusk] fpcBs_Create: pid=129 profname=fpcNm_Obj_Stone_e (765) profile=0x7b613a1480 procSize=3192 unkSize=0
[DEBUG | dusk] fpcSCtRq_phase_CreateProcess: fpcBs_Create OK proc=0xb400007a191d0e74
[DEBUG | dusk] [DIAG] fpcSCtRq_phase_Load: procName=765 ret=4
[DEBUG | dusk] fpcSCtRq_phase_CreateProcess: procName=765
[DEBUG | dusk] fpcBs_Create: pid=130 profname=fpcNm_Obj_Stone_e (765) profile=0x7b613a1480 procSize=3192 unkSize=0
[DEBUG | dusk] fpcSCtRq_phase_CreateProcess: fpcBs_Create OK proc=0xb400007a191d01dc
[DEBUG | dusk] [DIAG] fpcSCtRq_phase_Load: procName=765 ret=4
[DEBUG | dusk] fpcSCtRq_phase_CreateProcess: procName=765
[DEBUG | dusk] fpcBs_Create: pid=131 profname=fpcNm_Obj_Stone_e (765) profile=0x7b613a1480 procSize=3192 unkSize=0
[DEBUG | dusk] fpcSCtRq_phase_CreateProcess: fpcBs_Create OK proc=0xb400007a191cf544
[DEBUG | dusk] [DIAG] fpcSCtRq_phase_Load: procName=765 ret=4
[DEBUG | dusk] fpcSCtRq_phase_CreateProcess: procName=765
[DEBUG | dusk] fpcBs_Create: pid=132 profname=fpcNm_Obj_Stone_e (765) profile=0x7b613a1480 procSize=3192 unkSize=0
[DEBUG | dusk] fpcSCtRq_phase_CreateProcess: fpcBs_Create OK proc=0xb400007a191ce8ac
[DEBUG | dusk] [DIAG] fpcSCtRq_phase_Load: procName=765 ret=4
[DEBUG | dusk] fpcSCtRq_phase_CreateProcess: procName=765
[DEBUG | dusk] fpcBs_Create: pid=133 profname=fpcNm_Obj_Stone_e (765) profile=0x7b613a1480 procSize=3192 unkSize=0
[DEBUG | dusk] fpcSCtRq_phase_CreateProcess: fpcBs_Create OK proc=0xb400007a191cdc14
[DEBUG | dusk] [DIAG] fpcSCtRq_phase_Load: procName=765 ret=4
[DEBUG | dusk] fpcSCtRq_phase_CreateProcess: procName=765
[DEBUG | dusk] fpcBs_Create: pid=134 profname=fpcNm_Obj_Stone_e (765) profile=0x7b613a1480 procSize=3192 unkSize=0
[DEBUG | dusk] fpcSCtRq_phase_CreateProcess: fpcBs_Create OK proc=0xb400007a191ccf7c
[DEBUG | dusk] [DIAG] fpcSCtRq_phase_Load: procName=765 ret=4
[DEBUG | dusk] fpcSCtRq_phase_CreateProcess: procName=765
[DEBUG | dusk] fpcBs_Create: pid=135 profname=fpcNm_Obj_Stone_e (765) profile=0x7b613a1480 procSize=3192 unkSize=0
[DEBUG | dusk] fpcSCtRq_phase_CreateProcess: fpcBs_Create OK proc=0xb400007a191cc2e4
[DEBUG | dusk] [DIAG] fpcSCtRq_phase_Load: procName=765 ret=4
[DEBUG | dusk] fpcSCtRq_phase_CreateProcess: procName=765
[DEBUG | dusk] fpcBs_Create: pid=136 profname=fpcNm_Obj_Stone_e (765) profile=0x7b613a1480 procSize=3192 unkSize=0
[DEBUG | dusk] fpcSCtRq_phase_CreateProcess: fpcBs_Create OK proc=0xb400007a191cb64c
[DEBUG | dusk] [DIAG] fpcSCtRq_phase_Load: procName=765 ret=4
[DEBUG | dusk] fpcSCtRq_phase_CreateProcess: procName=765
[DEBUG | dusk] fpcBs_Create: pid=137 profname=fpcNm_Obj_Stone_e (765) profile=0x7b613a1480 procSize=3192 unkSize=0
[DEBUG | dusk] fpcSCtRq_phase_CreateProcess: fpcBs_Create OK proc=0xb400007a191ca9b4
[DEBUG | dusk] [DIAG] fpcSCtRq_phase_Load: procName=765 ret=4
[DEBUG | dusk] fpcSCtRq_phase_CreateProcess: procName=765
[DEBUG | dusk] fpcBs_Create: pid=138 profname=fpcNm_Obj_Stone_e (765) profile=0x7b613a1480 procSize=3192 unkSize=0
[DEBUG | dusk] fpcSCtRq_phase_CreateProcess: fpcBs_Create OK proc=0xb400007a191c9d1c
[DEBUG | dusk] [DIAG] fpcSCtRq_phase_Load: procName=765 ret=4
[DEBUG | dusk] fpcSCtRq_phase_CreateProcess: procName=765
[DEBUG | dusk] fpcBs_Create: pid=139 profname=fpcNm_Obj_Stone_e (765) profile=0x7b613a1480 procSize=3192 unkSize=0
[DEBUG | dusk] fpcSCtRq_phase_CreateProcess: fpcBs_Create OK proc=0xb400007a191c9084
[DEBUG | dusk] [DIAG] fpcSCtRq_phase_Load: procName=765 ret=4
[DEBUG | dusk] fpcSCtRq_phase_CreateProcess: procName=765
[DEBUG | dusk] fpcBs_Create: pid=140 profname=fpcNm_Obj_Stone_e (765) profile=0x7b613a1480 procSize=3192 unkSize=0
[DEBUG | dusk] fpcSCtRq_phase_CreateProcess: fpcBs_Create OK proc=0xb400007a191c83ec
[DEBUG | dusk] [DIAG] fpcSCtRq_phase_Load: procName=765 ret=4
[DEBUG | dusk] fpcSCtRq_phase_CreateProcess: procName=765
[DEBUG | dusk] fpcBs_Create: pid=141 profname=fpcNm_Obj_Stone_e (765) profile=0x7b613a1480 procSize=3192 unkSize=0
[DEBUG | dusk] fpcSCtRq_phase_CreateProcess: fpcBs_Create OK proc=0xb400007a191c7754
[DEBUG | dusk] [DIAG] fpcSCtRq_phase_Load: procName=765 ret=4
[DEBUG | dusk] fpcSCtRq_phase_CreateProcess: procName=765
[DEBUG | dusk] fpcBs_Create: pid=142 profname=fpcNm_Obj_Stone_e (765) profile=0x7b613a1480 procSize=3192 unkSize=0
[DEBUG | dusk] fpcSCtRq_phase_CreateProcess: fpcBs_Create OK proc=0xb400007a191c6abc
[DEBUG | dusk] [DIAG] fpcSCtRq_phase_Load: procName=256 ret=4
[DEBUG | dusk] fpcSCtRq_phase_CreateProcess: procName=256
[DEBUG | dusk] fpcBs_Create: pid=143 profname=fpcNm_NPC_TK_e (256) profile=0x7b6138d1a0 procSize=3824 unkSize=0
[DEBUG | dusk] fpcSCtRq_phase_CreateProcess: fpcBs_Create OK proc=0xb400007a191c5bac
[DEBUG | dusk] [DIAG] fpcSCtRq_phase_Load: procName=33 ret=4
[DEBUG | dusk] fpcSCtRq_phase_CreateProcess: procName=33
[DEBUG | dusk] fpcBs_Create: pid=144 profname=fpcNm_OBJ_GRA_e (33) profile=0x7b61394fb0 procSize=10184 unkSize=0
[DEBUG | dusk] fpcSCtRq_phase_CreateProcess: fpcBs_Create OK proc=0xb400007a191c33c4
[DEBUG | dusk] [DIAG] fpcSCtRq_phase_Load: procName=33 ret=4
[DEBUG | dusk] fpcSCtRq_phase_CreateProcess: procName=33
[DEBUG | dusk] fpcBs_Create: pid=145 profname=fpcNm_OBJ_GRA_e (33) profile=0x7b61394fb0 procSize=10184 unkSize=0
[DEBUG | dusk] fpcSCtRq_phase_CreateProcess: fpcBs_Create OK proc=0xb400007a191c0bdc
[DEBUG | dusk] [DIAG] fpcSCtRq_phase_Load: procName=33 ret=4
[DEBUG | dusk] fpcSCtRq_phase_CreateProcess: procName=33
[DEBUG | dusk] fpcBs_Create: pid=146 profname=fpcNm_OBJ_GRA_e (33) profile=0x7b61394fb0 procSize=10184 unkSize=0
[DEBUG | dusk] fpcSCtRq_phase_CreateProcess: fpcBs_Create OK proc=0xb400007a191be3f4
[DEBUG | dusk] [DIAG] fpcSCtRq_phase_Load: procName=468 ret=4
[DEBUG | dusk] fpcSCtRq_phase_CreateProcess: procName=468
[DEBUG | dusk] fpcBs_Create: pid=147 profname=fpcNm_E_RD_e (468) profile=0x7b61372848 procSize=6384 unkSize=0
[DEBUG | dusk] fpcSCtRq_phase_CreateProcess: fpcBs_Create OK proc=0xb400007a191bcae4
[DEBUG | dusk] [DIAG] fpcSCtRq_phase_Load: procName=468 ret=4
[DEBUG | dusk] fpcSCtRq_phase_CreateProcess: procName=468
[DEBUG | dusk] fpcBs_Create: pid=148 profname=fpcNm_E_RD_e (468) profile=0x7b61372848 procSize=6384 unkSize=0
[DEBUG | dusk] fpcSCtRq_phase_CreateProcess: fpcBs_Create OK proc=0xb400007a191bb1d4
[DEBUG | dusk] [DIAG] fpcSCtRq_phase_Load: procName=468 ret=4
[DEBUG | dusk] fpcSCtRq_phase_CreateProcess: procName=468
[DEBUG | dusk] fpcBs_Create: pid=149 profname=fpcNm_E_RD_e (468) profile=0x7b61372848 procSize=6384 unkSize=0
[DEBUG | dusk] fpcSCtRq_phase_CreateProcess: fpcBs_Create OK proc=0xb400007a191b98c4
[DEBUG | dusk] [DIAG] fpcSCtRq_phase_Load: procName=468 ret=4
[DEBUG | dusk] fpcSCtRq_phase_CreateProcess: procName=468
[DEBUG | dusk] fpcBs_Create: pid=150 profname=fpcNm_E_RD_e (468) profile=0x7b61372848 procSize=6384 unkSize=0
[DEBUG | dusk] fpcSCtRq_phase_CreateProcess: fpcBs_Create OK proc=0xb400007a191b7fb4
[DEBUG | dusk] [DIAG] fpcSCtRq_phase_Load: procName=468 ret=4
[DEBUG | dusk] fpcSCtRq_phase_CreateProcess: procName=468
[DEBUG | dusk] fpcBs_Create: pid=151 profname=fpcNm_E_RD_e (468) profile=0x7b61372848 procSize=6384 unkSize=0
[DEBUG | dusk] fpcSCtRq_phase_CreateProcess: fpcBs_Create OK proc=0xb400007a191b66a4
[DEBUG | dusk] [DIAG] fpcSCtRq_phase_Load: procName=333 ret=4
[DEBUG | dusk] fpcSCtRq_phase_CreateProcess: procName=333
[DEBUG | dusk] fpcBs_Create: pid=152 profname=fpcNm_Obj_Yobikusa_e (333) profile=0x7b613770c8 procSize=2360 unkSize=0
[DEBUG | dusk] fpcSCtRq_phase_CreateProcess: fpcBs_Create OK proc=0xb400007a191b5d4c
[DEBUG | dusk] [DIAG] fpcSCtRq_phase_Load: procName=333 ret=4
[DEBUG | dusk] fpcSCtRq_phase_CreateProcess: procName=333
[DEBUG | dusk] fpcBs_Create: pid=153 profname=fpcNm_Obj_Yobikusa_e (333) profile=0x7b613770c8 procSize=2360 unkSize=0
[DEBUG | dusk] fpcSCtRq_phase_CreateProcess: fpcBs_Create OK proc=0xb400007a191b53f4
[DEBUG | dusk] [DIAG] fpcSCtRq_phase_Load: procName=33 ret=4
[DEBUG | dusk] fpcSCtRq_phase_CreateProcess: procName=33
[DEBUG | dusk] fpcBs_Create: pid=154 profname=fpcNm_OBJ_GRA_e (33) profile=0x7b61394fb0 procSize=10184 unkSize=0
[DEBUG | dusk] fpcSCtRq_phase_CreateProcess: fpcBs_Create OK proc=0xb400007a191b2c0c
[DEBUG | dusk] [DIAG] fpcSCtRq_phase_Load: procName=33 ret=4
[DEBUG | dusk] fpcSCtRq_phase_CreateProcess: procName=33
[DEBUG | dusk] fpcBs_Create: pid=155 profname=fpcNm_OBJ_GRA_e (33) profile=0x7b61394fb0 procSize=10184 unkSize=0
[DEBUG | dusk] fpcSCtRq_phase_CreateProcess: fpcBs_Create OK proc=0xb400007a191b0424
[DEBUG | dusk] [DIAG] fpcSCtRq_phase_Load: procName=20 ret=4
[DEBUG | dusk] fpcSCtRq_phase_CreateProcess: procName=20
[DEBUG | dusk] fpcBs_Create: pid=156 profname=fpcNm_ALLDIE_e (20) profile=0x7b61371db8 procSize=1640 unkSize=0
[DEBUG | dusk] fpcSCtRq_phase_CreateProcess: fpcBs_Create OK proc=0xb400007a191afd9c
[DEBUG | dusk] [DIAG] fpcSCtRq_phase_Load: procName=696 ret=4
[DEBUG | dusk] fpcSCtRq_phase_CreateProcess: procName=696
[DEBUG | dusk] fpcBs_Create: pid=157 profname=fpcNm_KYTAG14_e (696) profile=0x7b61372e28 procSize=1640 unkSize=0
[DEBUG | dusk] fpcSCtRq_phase_CreateProcess: fpcBs_Create OK proc=0xb400007a191af714
[DEBUG | dusk] [DIAG] fpcSCtRq_phase_Load: procName=732 ret=4
[DEBUG | dusk] fpcSCtRq_phase_CreateProcess: procName=732
[DEBUG | dusk] fpcBs_Create: pid=158 profname=fpcNm_BG_e (732) profile=0x7b6136e3f8 procSize=1904 unkSize=0
[DEBUG | dusk] fpcSCtRq_phase_CreateProcess: fpcBs_Create OK proc=0xb400007a191aef84
[DEBUG | dusk] [DIAG] fpcSCtRq_phase_Load: procName=83 ret=4
[DEBUG | dusk] fpcSCtRq_phase_CreateProcess: procName=83
[DEBUG | dusk] fpcBs_Create: pid=159 profname=fpcNm_Obj_Digpl_e (83) profile=0x7b613757f8 procSize=1712 unkSize=0
[DEBUG | dusk] fpcSCtRq_phase_CreateProcess: fpcBs_Create OK proc=0xb400007a191ae8b4
[DEBUG | dusk] [DIAG] fpcSCtRq_phase_Load: procName=83 ret=4
[DEBUG | dusk] fpcSCtRq_phase_CreateProcess: procName=83
[DEBUG | dusk] fpcBs_Create: pid=160 profname=fpcNm_Obj_Digpl_e (83) profile=0x7b613757f8 procSize=1712 unkSize=0
[DEBUG | dusk] fpcSCtRq_phase_CreateProcess: fpcBs_Create OK proc=0xb400007a191ae1e4
[DEBUG | dusk] [DIAG] fpcSCtRq_phase_Load: procName=359 ret=4
[DEBUG | dusk] fpcSCtRq_phase_CreateProcess: procName=359
[DEBUG | dusk] fpcBs_Create: pid=161 profname=fpcNm_Obj_Geyser_e (359) profile=0x7b61394908 procSize=2472 unkSize=0
[DEBUG | dusk] fpcSCtRq_phase_CreateProcess: fpcBs_Create OK proc=0xb400007a191ad81c
[DEBUG | dusk] [DIAG] fpcSCtRq_phase_Load: procName=359 ret=4
[DEBUG | dusk] fpcSCtRq_phase_CreateProcess: procName=359
[DEBUG | dusk] fpcBs_Create: pid=162 profname=fpcNm_Obj_Geyser_e (359) profile=0x7b61394908 procSize=2472 unkSize=0
[DEBUG | dusk] fpcSCtRq_phase_CreateProcess: fpcBs_Create OK proc=0xb400007a191ace54
[DEBUG | dusk] [DIAG] fpcSCtRq_phase_Load: procName=359 ret=4
[DEBUG | dusk] fpcSCtRq_phase_CreateProcess: procName=359
[DEBUG | dusk] fpcBs_Create: pid=163 profname=fpcNm_Obj_Geyser_e (359) profile=0x7b61394908 procSize=2472 unkSize=0
[DEBUG | dusk] fpcSCtRq_phase_CreateProcess: fpcBs_Create OK proc=0xb400007a191ac48c
[DEBUG | dusk] [DIAG] fpcSCtRq_phase_Load: procName=26 ret=4
[DEBUG | dusk] fpcSCtRq_phase_CreateProcess: procName=26
[DEBUG | dusk] fpcBs_Create: pid=164 profname=fpcNm_NO_CHG_ROOM_e (26) profile=0x7b61361d40 procSize=1728 unkSize=0
[DEBUG | dusk] fpcSCtRq_phase_CreateProcess: fpcBs_Create OK proc=0xb400007a191abdac
[DEBUG | dusk] [DIAG] fpcSCtRq_phase_Load: procName=719 ret=4
[DEBUG | dusk] fpcSCtRq_phase_CreateProcess: procName=719
[DEBUG | dusk] fpcBs_Create: pid=165 profname=fpcNm_TAG_CAMERA_e (719) profile=0x7b61370260 procSize=1672 unkSize=0
[DEBUG | dusk] fpcSCtRq_phase_CreateProcess: fpcBs_Create OK proc=0xb400007a191ab704
[DEBUG | dusk] [DIAG] fpcSCtRq_phase_Load: procName=788 ret=4
[DEBUG | dusk] fpcSCtRq_phase_CreateProcess: procName=788
[DEBUG | dusk] fpcBs_Create: pid=166 profname=fpcNm_MENUWINDOW_e (788) profile=0x7b61367e20 procSize=592 unkSize=0
[DEBUG | dusk] fpcSCtRq_phase_CreateProcess: fpcBs_Create OK proc=0xb400007a192010a4
[DEBUG | dusk] [DIAG] fpcSCtRq_phase_Load: procName=787 ret=4
[DEBUG | dusk] fpcSCtRq_phase_CreateProcess: procName=787
[DEBUG | dusk] fpcBs_Create: pid=167 profname=fpcNm_MSG_OBJECT_e (787) profile=0x7b61368a98 procSize=1512 unkSize=0
[DEBUG | dusk] fpcSCtRq_phase_CreateProcess: fpcBs_Create OK proc=0xb400007a191ab0fc
[DEBUG | dusk] Loading Resource: d_srock.bmd (Size: 4704)
[DEBUG | dusk] Loading Resource: d_brock.bmd (Size: 4704)
[DEBUG | dusk] Loading Resource: k_takaraa.bck (Size: 448)
[DEBUG | dusk] Loading Resource: k_takarab.bck (Size: 448)
[DEBUG | dusk] Loading Resource: k_takarab_slow.bck (Size: 448)
[DEBUG | dusk] Loading Resource: boxa.bmd (Size: 22912)
[DEBUG | dusk] Loading Resource: boxb.bmd (Size: 27232)
[DEBUG | dusk] Loading Resource: ef_boxb.bmd (Size: 13504)
[DEBUG | dusk] Loading Resource: k_tboxn.bmd (Size: 2048)
[DEBUG | dusk] Loading Resource: boxa.brk (Size: 416)
[DEBUG | dusk] Loading Resource: ef_boxb.brk (Size: 256)
[DEBUG | dusk] Loading Resource: boxa.btk (Size: 416)
[DEBUG | dusk] Loading Resource: boxac.dzb (Size: 640)
[DEBUG | dusk] Loading Resource: boxao.dzb (Size: 928)
[DEBUG | dusk] Loading Resource: boxbc.dzb (Size: 640)
[DEBUG | dusk] Loading Resource: boxbo.dzb (Size: 928)
[DEBUG | dusk] Loading Resource: h_kanketsusen.bmd (Size: 9600)
[DEBUG | dusk] Loading Resource: h_kaneketsusen.dzb (Size: 1152)
[DEBUG | dusk] Loading Resource: h_kanketsusenyoko.dzb (Size: 1152)
[DEBUG | dusk] Loading Resource: tk_breaking.bck (Size: 3360)
[DEBUG | dusk] Loading Resource: tk_fly.bck (Size: 2336)
[DEBUG | dusk] Loading Resource: tk_hovering.bck (Size: 2592)
[DEBUG | dusk] Loading Resource: tk_kakku.bck (Size: 1984)
[DEBUG | dusk] Loading Resource: tk_land.bck (Size: 4544)
[DEBUG | dusk] Loading Resource: tk_pick_a.bck (Size: 2240)
[DEBUG | dusk] Loading Resource: tk_pick_b.bck (Size: 2880)
[DEBUG | dusk] Loading Resource: tk_wait_a.bck (Size: 1888)
[DEBUG | dusk] Loading Resource: tk.bmd (Size: 36128)
[DEBUG | dusk] Loading Resource: event_list.dat (Size: 6760)
[DEBUG | dusk] Loading Resource: gra_defence.bck (Size: 4544)
[DEBUG | dusk] Loading Resource: gra_f_defence.bck (Size: 1888)
[DEBUG | dusk] Loading Resource: gra_f_step_fight.bck (Size: 1920)
[DEBUG | dusk] Loading Resource: gra_f_talk_order.bck (Size: 2368)
[DEBUG | dusk] Loading Resource: gra_f_wait_fight.bck (Size: 1920)
[DEBUG | dusk] Loading Resource: gra_step_fight.bck (Size: 4736)
[DEBUG | dusk] Loading Resource: gra_step_fight_hitl.bck (Size: 4192)
[DEBUG | dusk] Loading Resource: gra_step_fight_hitr.bck (Size: 4544)
[DEBUG | dusk] Loading Resource: gra_step_fight_whiff.bck (Size: 5792)
[DEBUG | dusk] Loading Resource: gra_talk_order.bck (Size: 7264)
[DEBUG | dusk] Loading Resource: gra_to_stone.bck (Size: 4512)
[DEBUG | dusk] Loading Resource: gra_to_stone_back.bck (Size: 5888)
[DEBUG | dusk] Loading Resource: gra_wait_fight.bck (Size: 4320)
[DEBUG | dusk] Loading Resource: gra_f_defense.btp (Size: 160)
[DEBUG | dusk] Loading Resource: gra_stone_col.dzb (Size: 608)
[DEBUG | dusk] Loading Resource: event_list.dat (Size: 3168)
[DEBUG | dusk] Loading Resource: gra_a_f_getuptalk.bck (Size: 2976)
[DEBUG | dusk] Loading Resource: gra_a_fh_getup.bck (Size: 1792)
[DEBUG | dusk] Loading Resource: gra_f_cheerful.bck (Size: 1792)
[DEBUG | dusk] Loading Resource: gra_f_cheerful_t.bck (Size: 2144)
[DEBUG | dusk] Loading Resource: gra_f_grumpy.bck (Size: 1792)
[DEBUG | dusk] Loading Resource: gra_f_grumpy_t.bck (Size: 2208)
[DEBUG | dusk] Loading Resource: gra_f_recover.bck (Size: 1824)
[DEBUG | dusk] Loading Resource: gra_f_talk_a.bck (Size: 2080)
[DEBUG | dusk] Loading Resource: gra_f_talk_b.bck (Size: 2112)
[DEBUG | dusk] Loading Resource: gra_f_wait_a.bck (Size: 1792)
[DEBUG | dusk] Loading Resource: gra_recover.bck (Size: 4384)
[DEBUG | dusk] Loading Resource: gra_rotate.bck (Size: 2560)
[DEBUG | dusk] Loading Resource: gra_step.bck (Size: 3104)
[DEBUG | dusk] Loading Resource: gra_talk_a.bck (Size: 6208)
[DEBUG | dusk] Loading Resource: gra_talk_b.bck (Size: 6656)
[DEBUG | dusk] Loading Resource: gra_to_stone_normal.bck (Size: 4384)
[DEBUG | dusk] Loading Resource: gra_wait_a.bck (Size: 2720)
[DEBUG | dusk] Loading Resource: gra_walk_a.bck (Size: 3904)
[DEBUG | dusk] Loading Resource: gra_a.btk (Size: 256)
[DEBUG | dusk] Loading Resource: gra_a.btp (Size: 128)
[DEBUG | dusk] Loading Resource: gra_a_f_getuptalk.btp (Size: 288)
[DEBUG | dusk] Loading Resource: gra_a_fh_getup.btp (Size: 96)
[DEBUG | dusk] Loading Resource: gra_f_cheerful_t.btp (Size: 288)
[DEBUG | dusk] Loading Resource: gra_f_grumpy_t.btp (Size: 288)
[DEBUG | dusk] Loading Resource: gra_a.bmd (Size: 104672)
[DEBUG | dusk] Loading Resource: rd_armament.bck (Size: 3616)
[DEBUG | dusk] Loading Resource: rd_attack01.bck (Size: 7776)
[DEBUG | dusk] Loading Resource: rd_avoid.bck (Size: 5184)
[DEBUG | dusk] Loading Resource: rd_bow_ready.bck (Size: 704)
[DEBUG | dusk] Loading Resource: rd_bow_rready.bck (Size: 704)
[DEBUG | dusk] Loading Resource: rd_bow_rshoot.bck (Size: 928)
[DEBUG | dusk] Loading Resource: rd_bow_shoot.bck (Size: 864)
[DEBUG | dusk] Loading Resource: rd_damage_l.bck (Size: 5856)
[DEBUG | dusk] Loading Resource: rd_damage_r.bck (Size: 5568)
[DEBUG | dusk] Loading Resource: rd_damage_s.bck (Size: 4832)
[DEBUG | dusk] Loading Resource: rd_damage_w.bck (Size: 4448)
[DEBUG | dusk] Loading Resource: rd_dead_arrow.bck (Size: 9632)
[DEBUG | dusk] Loading Resource: rd_diea.bck (Size: 1824)
[DEBUG | dusk] Loading Resource: rd_diea_up.bck (Size: 6016)
[DEBUG | dusk] Loading Resource: rd_dieb.bck (Size: 1824)
[DEBUG | dusk] Loading Resource: rd_dieb_up.bck (Size: 6176)
[DEBUG | dusk] Loading Resource: rd_drowneda.bck (Size: 3008)
[DEBUG | dusk] Loading Resource: rd_drownedb.bck (Size: 2880)
[DEBUG | dusk] Loading Resource: rd_fura2.bck (Size: 8352)
[DEBUG | dusk] Loading Resource: rd_gosign.bck (Size: 4032)
[DEBUG | dusk] Loading Resource: rd_jump_a.bck (Size: 4000)
[DEBUG | dusk] Loading Resource: rd_jump_b.bck (Size: 1824)
[DEBUG | dusk] Loading Resource: rd_jump_c.bck (Size: 4096)
[DEBUG | dusk] Loading Resource: rd_kamae.bck (Size: 4384)
[DEBUG | dusk] Loading Resource: rd_kick.bck (Size: 5376)
[DEBUG | dusk] Loading Resource: rd_kyoro2.bck (Size: 2880)
[DEBUG | dusk] Loading Resource: rd_rattack01.bck (Size: 4352)
[DEBUG | dusk] Loading Resource: rd_rattack01_wait.bck (Size: 3200)
[DEBUG | dusk] Loading Resource: rd_rattack02.bck (Size: 5120)
[DEBUG | dusk] Loading Resource: rd_rattack02_wait.bck (Size: 3424)
[DEBUG | dusk] Loading Resource: rd_rattack03.bck (Size: 4480)
[DEBUG | dusk] Loading Resource: rd_rattack04.bck (Size: 5120)
[DEBUG | dusk] Loading Resource: rd_rdamage.bck (Size: 4192)
[DEBUG | dusk] Loading Resource: rd_rdamage_back.bck (Size: 6016)
[DEBUG | dusk] Loading Resource: rd_rrun.bck (Size: 3424)
[DEBUG | dusk] Loading Resource: rd_rrun02_back.bck (Size: 3904)
[DEBUG | dusk] Loading Resource: rd_rrun_back.bck (Size: 3552)
[DEBUG | dusk] Loading Resource: rd_rshoot.bck (Size: 3680)
[DEBUG | dusk] Loading Resource: rd_rshoot_ready.bck (Size: 3424)
[DEBUG | dusk] Loading Resource: rd_rshoot_wait.bck (Size: 3232)
[DEBUG | dusk] Loading Resource: rd_rshoot_wait02.bck (Size: 2720)
[DEBUG | dusk] Loading Resource: rd_rstep_back.bck (Size: 3744)
[DEBUG | dusk] Loading Resource: rd_rstep_l.bck (Size: 3488)
[DEBUG | dusk] Loading Resource: rd_rstep_lback.bck (Size: 3104)
[DEBUG | dusk] Loading Resource: rd_rstep_r.bck (Size: 3424)
[DEBUG | dusk] Loading Resource: rd_rstep_rback.bck (Size: 4192)
[DEBUG | dusk] Loading Resource: rd_run.bck (Size: 4384)
[DEBUG | dusk] Loading Resource: rd_run02.bck (Size: 4608)
[DEBUG | dusk] Loading Resource: rd_rwait.bck (Size: 2688)
[DEBUG | dusk] Loading Resource: rd_rwait_back.bck (Size: 2688)
[DEBUG | dusk] Loading Resource: rd_rwalk.bck (Size: 3104)
[DEBUG | dusk] Loading Resource: rd_rwalk_back.bck (Size: 3008)
[DEBUG | dusk] Loading Resource: rd_shoot.bck (Size: 5664)
[DEBUG | dusk] Loading Resource: rd_shoot_ready.bck (Size: 5056)
[DEBUG | dusk] Loading Resource: rd_shoot_wait.bck (Size: 2656)
[DEBUG | dusk] Loading Resource: rd_shout.bck (Size: 13824)
[DEBUG | dusk] Loading Resource: rd_sign.bck (Size: 3744)
[DEBUG | dusk] Loading Resource: rd_sleep_lookaround.bck (Size: 9056)
[DEBUG | dusk] Loading Resource: rd_sleep_standup.bck (Size: 7264)
[DEBUG | dusk] Loading Resource: rd_sleep_wait.bck (Size: 4544)
[DEBUG | dusk] Loading Resource: rd_wait01.bck (Size: 2688)
[DEBUG | dusk] Loading Resource: rd_walk.bck (Size: 3872)
[DEBUG | dusk] Loading Resource: rd.bmd (Size: 68864)
[DEBUG | dusk] Loading Resource: rd_arrow.bmd (Size: 3776)
[DEBUG | dusk] Loading Resource: rd_barrow.bmd (Size: 4096)
[DEBUG | dusk] Loading Resource: rd_bow.bmd (Size: 3904)
[DEBUG | dusk] Loading Resource: rd_club.bmd (Size: 6592)
[DEBUG | dusk] Loading Resource: rd_clubb.bmd (Size: 6720)
[DEBUG | dusk] Loading Resource: rd_eye.bmd (Size: 3008)
[DEBUG | dusk] Loading Resource: al_tobikusa.bmd (Size: 6016)
[DEBUG | dusk] Loading Resource: j_tobi.bmd (Size: 17888)
[DEBUG | dusk] Loading Resource: j_tobi_c.bmd (Size: 14880)
[DEBUG | dusk] [DIAG] fpcSCtRq_phase_Load: procName=369 ret=4
[DEBUG | dusk] fpcSCtRq_phase_CreateProcess: procName=369
[DEBUG | dusk] fpcBs_Create: pid=168 profname=fpcNm_Obj_StoneMark_e (369) profile=0x7b61376db0 procSize=2640 unkSize=0
[DEBUG | dusk] fpcSCtRq_phase_CreateProcess: fpcBs_Create OK proc=0xb400007a191f7c54
[DEBUG | dusk] Loading Resource: a_iwaato.bti (Size: 16416)
[DEBUG | dusk] [DIAG] fpcSCtRq_phase_Load: procName=369 ret=4
[DEBUG | dusk] fpcSCtRq_phase_CreateProcess: procName=369
[DEBUG | dusk] fpcBs_Create: pid=169 profname=fpcNm_Obj_StoneMark_e (369) profile=0x7b61376db0 procSize=2640 unkSize=0
[DEBUG | dusk] fpcSCtRq_phase_CreateProcess: fpcBs_Create OK proc=0xb400007a191f69e0
[DEBUG | dusk] [DIAG] fpcSCtRq_phase_Load: procName=369 ret=4
[DEBUG | dusk] fpcSCtRq_phase_CreateProcess: procName=369
[DEBUG | dusk] fpcBs_Create: pid=170 profname=fpcNm_Obj_StoneMark_e (369) profile=0x7b61376db0 procSize=2640 unkSize=0
[DEBUG | dusk] fpcSCtRq_phase_CreateProcess: fpcBs_Create OK proc=0xb400007a191f5f70
[DEBUG | dusk] [DIAG] fpcSCtRq_phase_Load: procName=369 ret=4
[DEBUG | dusk] fpcSCtRq_phase_CreateProcess: procName=369
[DEBUG | dusk] fpcBs_Create: pid=171 profname=fpcNm_Obj_StoneMark_e (369) profile=0x7b61376db0 procSize=2640 unkSize=0
[DEBUG | dusk] fpcSCtRq_phase_CreateProcess: fpcBs_Create OK proc=0xb400007a191f5500
[DEBUG | dusk] [DIAG] fpcSCtRq_phase_Load: procName=369 ret=4
[DEBUG | dusk] fpcSCtRq_phase_CreateProcess: procName=369
[DEBUG | dusk] fpcBs_Create: pid=172 profname=fpcNm_Obj_StoneMark_e (369) profile=0x7b61376db0 procSize=2640 unkSize=0
[DEBUG | dusk] fpcSCtRq_phase_CreateProcess: fpcBs_Create OK proc=0xb400007a191f4a90
[DEBUG | dusk] [DIAG] fpcSCtRq_phase_Load: procName=369 ret=4
[DEBUG | dusk] fpcSCtRq_phase_CreateProcess: procName=369
[DEBUG | dusk] fpcBs_Create: pid=173 profname=fpcNm_Obj_StoneMark_e (369) profile=0x7b61376db0 procSize=2640 unkSize=0
[DEBUG | dusk] fpcSCtRq_phase_CreateProcess: fpcBs_Create OK proc=0xb400007a191aa68c
[DEBUG | dusk] [DIAG] fpcSCtRq_phase_Load: procName=369 ret=4
[DEBUG | dusk] fpcSCtRq_phase_CreateProcess: procName=369
[DEBUG | dusk] fpcBs_Create: pid=174 profname=fpcNm_Obj_StoneMark_e (369) profile=0x7b61376db0 procSize=2640 unkSize=0
[DEBUG | dusk] fpcSCtRq_phase_CreateProcess: fpcBs_Create OK proc=0xb400007a191a9c1c
[DEBUG | dusk] [DIAG] fpcSCtRq_phase_Load: procName=369 ret=4
[DEBUG | dusk] fpcSCtRq_phase_CreateProcess: procName=369
[DEBUG | dusk] fpcBs_Create: pid=175 profname=fpcNm_Obj_StoneMark_e (369) profile=0x7b61376db0 procSize=2640 unkSize=0
[DEBUG | dusk] fpcSCtRq_phase_CreateProcess: fpcBs_Create OK proc=0xb400007a191a91ac
[DEBUG | dusk] [DIAG] fpcSCtRq_phase_Load: procName=369 ret=4
[DEBUG | dusk] fpcSCtRq_phase_CreateProcess: procName=369
[DEBUG | dusk] fpcBs_Create: pid=176 profname=fpcNm_Obj_StoneMark_e (369) profile=0x7b61376db0 procSize=2640 unkSize=0
[DEBUG | dusk] fpcSCtRq_phase_CreateProcess: fpcBs_Create OK proc=0xb400007a191a873c
[DEBUG | dusk] [DIAG] fpcSCtRq_phase_Load: procName=369 ret=4
[DEBUG | dusk] fpcSCtRq_phase_CreateProcess: procName=369
[DEBUG | dusk] fpcBs_Create: pid=177 profname=fpcNm_Obj_StoneMark_e (369) profile=0x7b61376db0 procSize=2640 unkSize=0
[DEBUG | dusk] fpcSCtRq_phase_CreateProcess: fpcBs_Create OK proc=0xb400007a191a7ccc
[DEBUG | dusk] [DIAG] fpcSCtRq_phase_Load: procName=369 ret=4
[DEBUG | dusk] fpcSCtRq_phase_CreateProcess: procName=369
[DEBUG | dusk] fpcBs_Create: pid=178 profname=fpcNm_Obj_StoneMark_e (369) profile=0x7b61376db0 procSize=2640 unkSize=0
[DEBUG | dusk] fpcSCtRq_phase_CreateProcess: fpcBs_Create OK proc=0xb400007a191a725c
[DEBUG | dusk] [DIAG] fpcSCtRq_phase_Load: procName=369 ret=4
[DEBUG | dusk] fpcSCtRq_phase_CreateProcess: procName=369
[DEBUG | dusk] fpcBs_Create: pid=179 profname=fpcNm_Obj_StoneMark_e (369) profile=0x7b61376db0 procSize=2640 unkSize=0
[DEBUG | dusk] fpcSCtRq_phase_CreateProcess: fpcBs_Create OK proc=0xb400007a191a67ec
[DEBUG | dusk] [DIAG] fpcSCtRq_phase_Load: procName=369 ret=4
[DEBUG | dusk] fpcSCtRq_phase_CreateProcess: procName=369
[DEBUG | dusk] fpcBs_Create: pid=180 profname=fpcNm_Obj_StoneMark_e (369) profile=0x7b61376db0 procSize=2640 unkSize=0
[DEBUG | dusk] fpcSCtRq_phase_CreateProcess: fpcBs_Create OK proc=0xb400007a191a5d7c
[DEBUG | dusk] [DIAG] fpcSCtRq_phase_Load: procName=369 ret=4
[DEBUG | dusk] fpcSCtRq_phase_CreateProcess: procName=369
[DEBUG | dusk] fpcBs_Create: pid=181 profname=fpcNm_Obj_StoneMark_e (369) profile=0x7b61376db0 procSize=2640 unkSize=0
[DEBUG | dusk] fpcSCtRq_phase_CreateProcess: fpcBs_Create OK proc=0xb400007a191a530c
[DEBUG | dusk] [DIAG] fpcSCtRq_phase_Load: procName=369 ret=4
[DEBUG | dusk] fpcSCtRq_phase_CreateProcess: procName=369
[DEBUG | dusk] fpcBs_Create: pid=182 profname=fpcNm_Obj_StoneMark_e (369) profile=0x7b61376db0 procSize=2640 unkSize=0
[DEBUG | dusk] fpcSCtRq_phase_CreateProcess: fpcBs_Create OK proc=0xb400007a191a489c
[DEBUG | dusk] [DIAG] fpcSCtRq_phase_Load: procName=369 ret=4
[DEBUG | dusk] fpcSCtRq_phase_CreateProcess: procName=369
[DEBUG | dusk] fpcBs_Create: pid=183 profname=fpcNm_Obj_StoneMark_e (369) profile=0x7b61376db0 procSize=2640 unkSize=0
[DEBUG | dusk] fpcSCtRq_phase_CreateProcess: fpcBs_Create OK proc=0xb400007a191fc7f4
[DEBUG | dusk] [DIAG] fpcSCtRq_phase_Load: procName=369 ret=4
[DEBUG | dusk] fpcSCtRq_phase_CreateProcess: procName=369
[DEBUG | dusk] fpcBs_Create: pid=184 profname=fpcNm_Obj_StoneMark_e (369) profile=0x7b61376db0 procSize=2640 unkSize=0
[DEBUG | dusk] fpcSCtRq_phase_CreateProcess: fpcBs_Create OK proc=0xb400007a191a3e2c
[DEBUG | dusk] [DIAG] fpcSCtRq_phase_Load: procName=369 ret=4
[DEBUG | dusk] fpcSCtRq_phase_CreateProcess: procName=369
[DEBUG | dusk] fpcBs_Create: pid=185 profname=fpcNm_Obj_StoneMark_e (369) profile=0x7b61376db0 procSize=2640 unkSize=0
[DEBUG | dusk] fpcSCtRq_phase_CreateProcess: fpcBs_Create OK proc=0xb400007a191a33bc
[DEBUG | dusk] [DIAG] fpcSCtRq_phase_Load: procName=369 ret=4
[DEBUG | dusk] fpcSCtRq_phase_CreateProcess: procName=369
[DEBUG | dusk] fpcBs_Create: pid=186 profname=fpcNm_Obj_StoneMark_e (369) profile=0x7b61376db0 procSize=2640 unkSize=0
[DEBUG | dusk] fpcSCtRq_phase_CreateProcess: fpcBs_Create OK proc=0xb400007a191a294c
[DEBUG | dusk] [DIAG] fpcSCtRq_phase_Load: procName=369 ret=4
[DEBUG | dusk] fpcSCtRq_phase_CreateProcess: procName=369
[DEBUG | dusk] fpcBs_Create: pid=187 profname=fpcNm_Obj_StoneMark_e (369) profile=0x7b61376db0 procSize=2640 unkSize=0
[DEBUG | dusk] fpcSCtRq_phase_CreateProcess: fpcBs_Create OK proc=0xb400007a191a1edc
[DEBUG | dusk] [DIAG] fpcSCtRq_phase_Load: procName=369 ret=4
[DEBUG | dusk] fpcSCtRq_phase_CreateProcess: procName=369
[DEBUG | dusk] fpcBs_Create: pid=188 profname=fpcNm_Obj_StoneMark_e (369) profile=0x7b61376db0 procSize=2640 unkSize=0
[DEBUG | dusk] fpcSCtRq_phase_CreateProcess: fpcBs_Create OK proc=0xb400007a191a146c
[DEBUG | dusk] [DIAG] fpcSCtRq_phase_Load: procName=369 ret=4
[DEBUG | dusk] fpcSCtRq_phase_CreateProcess: procName=369
[DEBUG | dusk] fpcBs_Create: pid=189 profname=fpcNm_Obj_StoneMark_e (369) profile=0x7b61376db0 procSize=2640 unkSize=0
[DEBUG | dusk] fpcSCtRq_phase_CreateProcess: fpcBs_Create OK proc=0xb400007a191a09fc
[DEBUG | dusk] [DIAG] fpcSCtRq_phase_Load: procName=369 ret=4
[DEBUG | dusk] fpcSCtRq_phase_CreateProcess: procName=369
[DEBUG | dusk] fpcBs_Create: pid=190 profname=fpcNm_Obj_StoneMark_e (369) profile=0x7b61376db0 procSize=2640 unkSize=0
[DEBUG | dusk] fpcSCtRq_phase_CreateProcess: fpcBs_Create OK proc=0xb400007a1919ff8c
[DEBUG | dusk] [DIAG] fpcSCtRq_phase_Load: procName=369 ret=4
[DEBUG | dusk] fpcSCtRq_phase_CreateProcess: procName=369
[DEBUG | dusk] fpcBs_Create: pid=191 profname=fpcNm_Obj_StoneMark_e (369) profile=0x7b61376db0 procSize=2640 unkSize=0
[DEBUG | dusk] fpcSCtRq_phase_CreateProcess: fpcBs_Create OK proc=0xb400007a1919f51c
[DEBUG | dusk] [DIAG] fpcSCtRq_phase_Load: procName=369 ret=4
[DEBUG | dusk] fpcSCtRq_phase_CreateProcess: procName=369
[DEBUG | dusk] fpcBs_Create: pid=192 profname=fpcNm_Obj_StoneMark_e (369) profile=0x7b61376db0 procSize=2640 unkSize=0
[DEBUG | dusk] fpcSCtRq_phase_CreateProcess: fpcBs_Create OK proc=0xb400007a191fbd84
[DEBUG | dusk] [DIAG] fpcSCtRq_phase_Load: procName=369 ret=4
[DEBUG | dusk] fpcSCtRq_phase_CreateProcess: procName=369
[DEBUG | dusk] fpcBs_Create: pid=193 profname=fpcNm_Obj_StoneMark_e (369) profile=0x7b61376db0 procSize=2640 unkSize=0
[DEBUG | dusk] fpcSCtRq_phase_CreateProcess: fpcBs_Create OK proc=0xb400007a1919eaac
[DEBUG | dusk] [DIAG] fpcSCtRq_phase_Load: procName=369 ret=4
[DEBUG | dusk] fpcSCtRq_phase_CreateProcess: procName=369
[DEBUG | dusk] fpcBs_Create: pid=194 profname=fpcNm_Obj_StoneMark_e (369) profile=0x7b61376db0 procSize=2640 unkSize=0
[DEBUG | dusk] fpcSCtRq_phase_CreateProcess: fpcBs_Create OK proc=0xb400007a1919e03c
[DEBUG | dusk] [DIAG] fpcSCtRq_phase_Load: procName=369 ret=4
[DEBUG | dusk] fpcSCtRq_phase_CreateProcess: procName=369
[DEBUG | dusk] fpcBs_Create: pid=195 profname=fpcNm_Obj_StoneMark_e (369) profile=0x7b61376db0 procSize=2640 unkSize=0
[DEBUG | dusk] fpcSCtRq_phase_CreateProcess: fpcBs_Create OK proc=0xb400007a1919d5cc
[DEBUG | dusk] [DIAG] fpcSCtRq_phase_Load: procName=369 ret=4
[DEBUG | dusk] fpcSCtRq_phase_CreateProcess: procName=369
[DEBUG | dusk] fpcBs_Create: pid=196 profname=fpcNm_Obj_StoneMark_e (369) profile=0x7b61376db0 procSize=2640 unkSize=0
[DEBUG | dusk] fpcSCtRq_phase_CreateProcess: fpcBs_Create OK proc=0xb400007a1919cb5c
[DEBUG | dusk] [DIAG] fpcSCtRq_phase_Load: procName=369 ret=4
[DEBUG | dusk] fpcSCtRq_phase_CreateProcess: procName=369
[DEBUG | dusk] fpcBs_Create: pid=197 profname=fpcNm_Obj_StoneMark_e (369) profile=0x7b61376db0 procSize=2640 unkSize=0
[DEBUG | dusk] fpcSCtRq_phase_CreateProcess: fpcBs_Create OK proc=0xb400007a1919c0ec
[DEBUG | dusk] [DIAG] fpcSCtRq_phase_Load: procName=369 ret=4
[DEBUG | dusk] fpcSCtRq_phase_CreateProcess: procName=369
[DEBUG | dusk] fpcBs_Create: pid=198 profname=fpcNm_Obj_StoneMark_e (369) profile=0x7b61376db0 procSize=2640 unkSize=0
[DEBUG | dusk] fpcSCtRq_phase_CreateProcess: fpcBs_Create OK proc=0xb400007a1919b67c
[DEBUG | dusk] [DIAG] fpcSCtRq_phase_Load: procName=369 ret=4
[DEBUG | dusk] fpcSCtRq_phase_CreateProcess: procName=369
[DEBUG | dusk] fpcBs_Create: pid=199 profname=fpcNm_Obj_StoneMark_e (369) profile=0x7b61376db0 procSize=2640 unkSize=0
[DEBUG | dusk] fpcSCtRq_phase_CreateProcess: fpcBs_Create OK proc=0xb400007a1919ac0c
[DEBUG | dusk] [DIAG] fpcSCtRq_phase_Load: procName=369 ret=4
[DEBUG | dusk] fpcSCtRq_phase_CreateProcess: procName=369
[DEBUG | dusk] fpcBs_Create: pid=200 profname=fpcNm_Obj_StoneMark_e (369) profile=0x7b61376db0 procSize=2640 unkSize=0
[DEBUG | dusk] fpcSCtRq_phase_CreateProcess: fpcBs_Create OK proc=0xb400007a1919a19c
[DEBUG | dusk] [DIAG] fpcSCtRq_phase_Load: procName=369 ret=4
[DEBUG | dusk] fpcSCtRq_phase_CreateProcess: procName=369
[DEBUG | dusk] fpcBs_Create: pid=201 profname=fpcNm_Obj_StoneMark_e (369) profile=0x7b61376db0 procSize=2640 unkSize=0
[DEBUG | dusk] fpcSCtRq_phase_CreateProcess: fpcBs_Create OK proc=0xb400007a191fb314
[DEBUG | dusk] Loading Resource: al_kantera.bmd (Size: 21024)
[DEBUG | dusk] Loading Resource: ef_ktglow.bmd (Size: 3040)
[DEBUG | dusk] Loading Resource: al.bmd (Size: 176288)
[DEBUG | dusk] Loading Resource: al_bootsh.bmd (Size: 22048)
[DEBUG | dusk] Loading Resource: al_face.bmd (Size: 72576)
[DEBUG | dusk] Loading Resource: al_hands.bmd (Size: 61056)
[DEBUG | dusk] Loading Resource: al_head.bmd (Size: 33851)
[DEBUG | dusk] Loading Resource: al_swb.bmd (Size: 23552)
[DEBUG | dusk] Loading Resource: ef_ktglow.btk (Size: 512)
[DEBUG | dusk] Loading Resource: model0.bmd (Size: 14368)
[DEBUG | dusk] Loading Resource: model0.dzb (Size: 960)
[DEBUG | dusk] Loading Resource: clearb00.dzb (Size: 352)
[DEBUG | dusk] Loading Resource: clearb01.dzb (Size: 352)
[DEBUG | dusk] Loading Resource: clearb02.dzb (Size: 352)
[DEBUG | dusk] Loading Resource: clearb03.dzb (Size: 352)
[DEBUG | dusk] Loading Resource: clearb04.dzb (Size: 352)
[DEBUG | dusk] Loading Resource: al_shb.bmd (Size: 15040)
[DEBUG | dusk] [DIAG] fpcSCtRq_phase_Load: procName=255 ret=4
[DEBUG | dusk] fpcSCtRq_phase_CreateProcess: procName=255
[DEBUG | dusk] fpcBs_Create: pid=202 profname=fpcNm_MIDNA_e (255) profile=0x7b61371698 procSize=3360 unkSize=0
[DEBUG | dusk] fpcSCtRq_phase_CreateProcess: fpcBs_Create OK proc=0xb400007a191f8f2c
[DEBUG | dusk] Loading Resource: s_md_hands.bmd (Size: 19776)
[DEBUG | dusk] Loading Resource: s_md_mask.bmd (Size: 15424)
[DEBUG | dusk] Loading Resource: s_md_gokou.bmd (Size: 3008)
[DEBUG | dusk] Loading Resource: s_md.bmd (Size: 69984)
[DEBUG | dusk] Loading Resource: s_md_hair_hand.bmd (Size: 18944)
[DEBUG | dusk] Loading Resource: s_md_appear.brk (Size: 352)
[DEBUG | dusk] Loading Resource: s_md_gokou_appear.brk (Size: 256)
[DEBUG | dusk] Loading Resource: s_md_hair_hand_appear.brk (Size: 288)
[DEBUG | dusk] Loading Resource: s_md_mask_appear.brk (Size: 256)
[DEBUG | dusk] Loading Resource: s_md_hair_hand_moya.btk (Size: 544)
[DEBUG | dusk] Loading Resource: s_md_hands_moya.btk (Size: 608)
[DEBUG | dusk] Loading Resource: s_md_mask_moya.btk (Size: 320)
[DEBUG | dusk] Loading Resource: s_md_moya.btk (Size: 512)
[DEBUG | dusk] fopScnM_CreateReq: procName=18 fade=32767
[DEBUG | dusk] fopScnM_CreateReq: result=7 (error=4294967295)
[DEBUG | dusk] frameInterp: onTypeChange 31 -> 40 (event_type_id=40, leaving_event=false, entering_event=true)
[DEBUG | dusk] frameInterp: presentation sync not requested for ZEV event [CURRENT] (staff idx 25)
[DEBUG | dusk] fpcNdRq_phase_Create: name=18 layer=0xb400007a19201c48
[DEBUG | dusk] fpcNdRq_phase_Create: creating_id=203 (error=4294967295)
[DEBUG | dusk] [DIAG] fpcSCtRq_phase_Load: procName=18 ret=4
[DEBUG | dusk] fpcSCtRq_phase_CreateProcess: procName=18
[DEBUG | dusk] fpcBs_Create: pid=203 profname=fpcNm_ROOM_SCENE_e (18) profile=0x7b6136b388 procSize=912 unkSize=0
[DEBUG | dusk] fpcSCtRq_phase_CreateProcess: fpcBs_Create OK proc=0xb400007a191f8b7c
[DEBUG | dusk] Loading Resource: model.bmd (Size: 38112)
[DEBUG | dusk] Loading Resource: room.dzr (Size: 640)
[DEBUG | dusk] Loading Resource: room.kcl (Size: 32266)
[DEBUG | dusk] Loading Resource: room.plc (Size: 64)
[DEBUG | dusk] fopScnM_CreateReq: procName=18 fade=32767
[DEBUG | dusk] fopScnM_CreateReq: result=8 (error=4294967295)
[DEBUG | dusk] fpcNdRq_phase_Create: name=18 layer=0xb400007a19201c48
[DEBUG | dusk] fpcNdRq_phase_Create: creating_id=204 (error=4294967295)
[DEBUG | dusk] [DIAG] fpcSCtRq_phase_Load: procName=18 ret=4
[DEBUG | dusk] fpcSCtRq_phase_CreateProcess: procName=18
[DEBUG | dusk] fpcBs_Create: pid=204 profname=fpcNm_ROOM_SCENE_e (18) profile=0x7b6136b388 procSize=912 unkSize=0
[DEBUG | dusk] fpcSCtRq_phase_CreateProcess: fpcBs_Create OK proc=0xb400007a191f87cc
[DEBUG | dusk] Loading Resource: model.bmd (Size: 534880)
[DEBUG | dusk] Loading Resource: model4.bmd (Size: 6784)
[DEBUG | dusk] Loading Resource: model5.bmd (Size: 219392)
[DEBUG | dusk] Loading Resource: model5.brk (Size: 384)
[DEBUG | dusk] Loading Resource: model4.btk (Size: 416)
[DEBUG | dusk] Loading Resource: model5.btk (Size: 480)
[DEBUG | dusk] Loading Resource: room.dzr (Size: 16864)
[DEBUG | dusk] Loading Resource: event_list.dat (Size: 3080)
[DEBUG | dusk] Loading Resource: r03_big_vol.stb (Size: 1700)
[DEBUG | dusk] Loading Resource: r03_wolf_in.stb (Size: 1684)
[DEBUG | dusk] Loading Resource: room.kcl (Size: 448186)
[DEBUG | dusk] Loading Resource: room.plc (Size: 768)
[DEBUG | dusk] frameInterp: onTypeChange 40 -> 31 (event_type_id=40, leaving_event=true, entering_event=false)
[DEBUG | dusk] [DIAG] fpcSCtRq_phase_Load: procName=2 ret=4
[DEBUG | dusk] fpcSCtRq_phase_CreateProcess: procName=2
[DEBUG | dusk] fpcBs_Create: pid=205 profname=fpcNm_OVERLAP3_e (2) profile=0x7b6136ad98 procSize=464 unkSize=0
[DEBUG | dusk] fpcSCtRq_phase_CreateProcess: fpcBs_Create OK proc=0xb400007a19201428
[DEBUG | dusk] fpcNdRq_phase_Create: name=11 layer=0x7b6159e418
[DEBUG | dusk] fpcNdRq_phase_Create: creating_id=206 (error=4294967295)
[DEBUG | dusk] [DIAG] fpcSCtRq_phase_Load: procName=11 ret=4
[DEBUG | dusk] fpcSCtRq_phase_CreateProcess: procName=11
[DEBUG | dusk] fpcBs_Create: pid=206 profname=fpcNm_PLAY_SCENE_e (11) profile=0x7b6136b268 procSize=912 unkSize=0
[DEBUG | dusk] fpcSCtRq_phase_CreateProcess: fpcBs_Create OK proc=0xb400007a19201af0
[DEBUG | dusk] Loading Resource: hs_back_walk.bck (Size: 5536)
[DEBUG | dusk] Loading Resource: hs_back_walk_start.bck (Size: 6304)
[DEBUG | dusk] Loading Resource: hs_excitement.bck (Size: 11968)
[DEBUG | dusk] Loading Resource: hs_excitement_2.bck (Size: 14144)
[DEBUG | dusk] Loading Resource: hs_jump_end.bck (Size: 5344)
[DEBUG | dusk] Loading Resource: hs_jump_middle.bck (Size: 4640)
[DEBUG | dusk] Loading Resource: hs_jump_start.bck (Size: 4832)
[DEBUG | dusk] Loading Resource: hs_jump_start_clift.bck (Size: 5248)
[DEBUG | dusk] Loading Resource: hs_lash.bck (Size: 3200)
[DEBUG | dusk] Loading Resource: hs_neck_waitback_left.bck (Size: 2880)
[DEBUG | dusk] Loading Resource: hs_neck_waitback_right.bck (Size: 2848)
[DEBUG | dusk] Loading Resource: hs_run_dash.bck (Size: 7680)
[DEBUG | dusk] Loading Resource: hs_run_fast.bck (Size: 6688)
[DEBUG | dusk] Loading Resource: hs_run_slow.bck (Size: 7712)
[DEBUG | dusk] Loading Resource: hs_stand.bck (Size: 17984)
[DEBUG | dusk] Loading Resource: hs_stop_slow.bck (Size: 14208)
[DEBUG | dusk] Loading Resource: hs_stop_stand.bck (Size: 16352)
[DEBUG | dusk] Loading Resource: hs_turn_left.bck (Size: 9632)
[DEBUG | dusk] Loading Resource: hs_turn_left_start.bck (Size: 5248)
[DEBUG | dusk] Loading Resource: hs_turn_right.bck (Size: 9472)
[DEBUG | dusk] Loading Resource: hs_turn_right_start.bck (Size: 5344)
[DEBUG | dusk] Loading Resource: hs_wait_01.bck (Size: 4768)
[DEBUG | dusk] Loading Resource: hs_wait_01b.bck (Size: 4672)
[DEBUG | dusk] Loading Resource: hs_wait_01b_connect.bck (Size: 4672)
[DEBUG | dusk] Loading Resource: hs_wait_02.bck (Size: 8928)
[DEBUG | dusk] Loading Resource: hs_wait_03.bck (Size: 7552)
[DEBUG | dusk] Loading Resource: hs_wait_04.bck (Size: 12640)
[DEBUG | dusk] Loading Resource: hs_wait_05.bck (Size: 10528)
[DEBUG | dusk] Loading Resource: hs_walk_fast.bck (Size: 5792)
[DEBUG | dusk] Loading Resource: hs_walk_slow.bck (Size: 5600)
[DEBUG | dusk] Loading Resource: hs.bmd (Size: 131264)
[DEBUG | dusk] Loading Resource: hs_eye.btp (Size: 128)
[DEBUG | dusk] Loading Resource: tazuna.bti (Size: 160)
[DEBUG | dusk] Loading Resource: j_hako_00.bmd (Size: 13312)
[DEBUG | dusk] Loading Resource: j_hako_00.dzb (Size: 608)
[DEBUG | dusk] Loading Resource: j_taru_00.bmd (Size: 17056)
[DEBUG | dusk] Loading Resource: h_box20.bmd (Size: 12032)
[DEBUG | dusk] Loading Resource: h_box20.dzb (Size: 768)
[DEBUG | dusk] Loading Resource: d_hfswitch.bmd (Size: 6656)
[DEBUG | dusk] Loading Resource: d_hfswitch00.dzb (Size: 736)
[DEBUG | dusk] Loading Resource: d_hfswitch01.dzb (Size: 480)
[DEBUG | dusk] Loading Resource: ni_volcbom_ef.bck (Size: 1632)
[DEBUG | dusk] Loading Resource: ef_volcbom.bmd (Size: 40928)
[DEBUG | dusk] Loading Resource: m_volcbom.bmd (Size: 44256)
[DEBUG | dusk] Loading Resource: ef_volcbom.brk (Size: 320)
[DEBUG | dusk] Loading Resource: m_volcbom.brk (Size: 512)
[DEBUG | dusk] Loading Resource: ef_volcbom.btk (Size: 736)
[DEBUG | dusk] Loading Resource: m_volcbom.btk (Size: 320)
[DEBUG | dusk] Loading Resource: ni_volcbom_ef.btk (Size: 512)
[DEBUG | dusk] Loading Resource: m_volcbom.dzb (Size: 3456)
[DEBUG | dusk] Loading Resource: event_list.dat (Size: 6040)
[DEBUG | dusk] Loading Resource: m_volcground.bmd (Size: 19136)
[DEBUG | dusk] Loading Resource: m_volcground.brk (Size: 224)
[DEBUG | dusk] Loading Resource: m_volcground.btk (Size: 352)
[DEBUG | dusk] Loading Resource: kr_attack.bck (Size: 8384)
[DEBUG | dusk] Loading Resource: kr_chance.bck (Size: 4672)
[DEBUG | dusk] Loading Resource: kr_damage.bck (Size: 2304)
[DEBUG | dusk] Loading Resource: kr_find.bck (Size: 3744)
[DEBUG | dusk] Loading Resource: kr_fly.bck (Size: 7552)
[DEBUG | dusk] Loading Resource: kr_fly_attack.bck (Size: 8928)
[DEBUG | dusk] Loading Resource: kr_fly_attack_glide.bck (Size: 6016)
[DEBUG | dusk] Loading Resource: kr_fly_brake.bck (Size: 5120)
[DEBUG | dusk] Loading Resource: kr_fly_carry.bck (Size: 4864)
[DEBUG | dusk] Loading Resource: kr_fly_glide.bck (Size: 6400)
[DEBUG | dusk] Loading Resource: kr_fly_glide_carry.bck (Size: 4512)
[DEBUG | dusk] Loading Resource: kr_fly_land.bck (Size: 6112)
[DEBUG | dusk] Loading Resource: kr_guard.bck (Size: 6528)
[DEBUG | dusk] Loading Resource: kr_hovering.bck (Size: 6208)
[DEBUG | dusk] Loading Resource: kr_hovering_carry.bck (Size: 5440)
[DEBUG | dusk] Loading Resource: kr_land.bck (Size: 8608)
[DEBUG | dusk] Loading Resource: kr_lookaround.bck (Size: 4160)
[DEBUG | dusk] Loading Resource: kr_wait.bck (Size: 3232)
[DEBUG | dusk] Loading Resource: kr.bmd (Size: 37440)
[DEBUG | dusk] Loading Resource: gra_f_spa_relax.bck (Size: 1824)
[DEBUG | dusk] Loading Resource: gra_f_spa_relax_b.bck (Size: 1888)
[DEBUG | dusk] Loading Resource: gra_f_spa_sit.bck (Size: 1984)
[DEBUG | dusk] Loading Resource: gra_f_spa_sit_b.bck (Size: 1824)
[DEBUG | dusk] Loading Resource: gra_spa_relax.bck (Size: 4256)
[DEBUG | dusk] Loading Resource: gra_spa_relax_b.bck (Size: 4928)
[DEBUG | dusk] Loading Resource: gra_spa_sit.bck (Size: 2848)
[DEBUG | dusk] Loading Resource: gra_spa_sit_b.bck (Size: 2496)
[DEBUG | dusk] Loading Resource: gra_spa_relax.btp (Size: 320)
[DEBUG | dusk] Loading Resource: gra_spa_relax_b.btp (Size: 352)
[DEBUG | dusk] Loading Resource: gra_spa_sit.btp (Size: 224)
[DEBUG | dusk] Loading Resource: event_list.dat (Size: 1896)
[DEBUG | dusk] Loading Resource: m_volcball.bmd (Size: 4896)
[DEBUG | dusk] Loading Resource: h_onsen.bmd (Size: 4832)
[DEBUG | dusk] Loading Resource: h_onsenb.bmd (Size: 4960)
[DEBUG | dusk] Loading Resource: h_onsen.btk (Size: 320)
[DEBUG | dusk] Loading Resource: h_onsen.dzb (Size: 2944)
[DEBUG | dusk] Loading Resource: gra_climbup.bck (Size: 8736)
[DEBUG | dusk] Loading Resource: gra_f_talk_tell.bck (Size: 2976)
[DEBUG | dusk] Loading Resource: gra_talk_tell.bck (Size: 12320)
[DEBUG | dusk] Loading Resource: gra_wait_jump.bck (Size: 2720)
[DEBUG | dusk] Loading Resource: h_elevater.bmd (Size: 65280)
[DEBUG | dusk] Loading Resource: h_eleveter.dzb (Size: 1056)
[DEBUG | dusk] Loading Resource: event_list.dat (Size: 3032)
[DEBUG | dusk] Loading Resource: b_md_oil.bmd (Size: 9568)
[DEBUG | dusk] Loading Resource: b_md_milk.bmd (Size: 9568)
[DEBUG | dusk] Loading Resource: o_md_al_arrow.bmd (Size: 22432)
[DEBUG | dusk] Loading Resource: o_md_al_shb.bmd (Size: 16896)
[DEBUG | dusk] Loading Resource: vrbox_kasumim.bmd (Size: 2272)
[DEBUG | dusk] Loading Resource: vrbox_kumo.bmd (Size: 69664)
[DEBUG | dusk] Loading Resource: vrbox_sora.bmd (Size: 6624)
[DEBUG | dusk] Loading Resource: vrbox_sun.bmd (Size: 12032)
[DEBUG | dusk] Loading Resource: door-knob_00.bmd (Size: 10400)
[DEBUG | dusk] Loading Resource: door-knob_01.bmd (Size: 7904)
[DEBUG | dusk] Loading Resource: door-knob_02.bmd (Size: 9408)
[DEBUG | dusk] Loading Resource: vrbox_sun.btk (Size: 320)
[DEBUG | dusk] Loading Resource: colordata_tbl.dat (Size: 800)
[DEBUG | dusk] Loading Resource: pol_arg.dat (Size: 128)
[DEBUG | dusk] Loading Resource: pol_effcol.dat (Size: 128)
[DEBUG | dusk] Loading Resource: pol_effcol2.dat (Size: 128)
[DEBUG | dusk] Loading Resource: pol_efftbl.dat (Size: 128)
[DEBUG | dusk] Loading Resource: pol_efftbl2.dat (Size: 128)
[DEBUG | dusk] Loading Resource: pol_sound.dat (Size: 128)
[DEBUG | dusk] Loading Resource: stage.dzs (Size: 5088)
[DEBUG | dusk] Loading Resource: cloudtx_01.bti (Size: 4128)
[DEBUG | dusk] Loading Resource: cloudtx_02.bti (Size: 4128)
[DEBUG | dusk] Loading Resource: cloudtx_03.bti (Size: 4128)
[DEBUG | dusk] Loading Resource: f_moon.bti (Size: 8224)
[DEBUG | dusk] Loading Resource: f_moon_a.bti (Size: 2080)
[DEBUG | dusk] Loading Resource: f_moon_a_a00.bti (Size: 64)
[DEBUG | dusk] Loading Resource: f_moon_a_a01.bti (Size: 544)
[DEBUG | dusk] Loading Resource: f_moon_a_a02.bti (Size: 544)
[DEBUG | dusk] Loading Resource: f_moon_a_a03.bti (Size: 544)
[DEBUG | dusk] Loading Resource: event_list.dat (Size: 106476)
[DEBUG | dusk] Loading Resource: camstyle.dat (Size: 43328)
[DEBUG | dusk] Loading Resource: camtype.dat (Size: 14560)
[DEBUG | dusk] fpcBs_Create: pid=211 profname=fpcNm_SUSPEND_e (783) profile=0x7b61371c48 procSize=1632 unkSize=0
[DEBUG | dusk] fopScnM_CreateReq: procName=18 fade=32767
[DEBUG | dusk] fopScnM_CreateReq: result=10 (error=4294967295)
[DEBUG | dusk] fpcBs_Create: pid=215 profname=fpcNm_KANKYO_e (19) profile=0x7b61365e60 procSize=440 unkSize=0
[DEBUG | dusk] fpcBs_Create: pid=217 profname=fpcNm_KYEFF_e (785) profile=0x7b61365eb0 procSize=440 unkSize=0
[DEBUG | dusk] fpcBs_Create: pid=219 profname=fpcNm_KYEFF2_e (786) profile=0x7b61365ef0 procSize=440 unkSize=0
[DEBUG | dusk] fpcBs_Create: pid=221 profname=fpcNm_ENVSE_e (21) profile=0x7b61364f20 procSize=456 unkSize=0
[DEBUG | dusk] fpcNdRq_phase_Create: name=18 layer=0xb400007a19201c48
[DEBUG | dusk] fpcNdRq_phase_Create: creating_id=224 (error=4294967295)
[DEBUG | dusk] [DIAG] fpcSCtRq_phase_Load: procName=781 ret=4
[DEBUG | dusk] fpcSCtRq_phase_CreateProcess: procName=781
[DEBUG | dusk] fpcBs_Create: pid=207 profname=fpcNm_CAMERA_e (781) profile=0x7b61364d68 procSize=4240 unkSize=0
[DEBUG | dusk] fpcSCtRq_phase_CreateProcess: fpcBs_Create OK proc=0xb400007a191fde74
[DEBUG | dusk] [DIAG] fpcSCtRq_phase_Load: procName=686 ret=4
[DEBUG | dusk] fpcSCtRq_phase_CreateProcess: procName=686
[DEBUG | dusk] fpcBs_Create: pid=208 profname=fpcNm_KYTAG04_e (686) profile=0x7b6136ef28 procSize=1784 unkSize=0
[DEBUG | dusk] fpcSCtRq_phase_CreateProcess: fpcBs_Create OK proc=0xb400007a191fd75c
[DEBUG | dusk] [DIAG] fpcSCtRq_phase_Load: procName=25 ret=4
[DEBUG | dusk] fpcSCtRq_phase_CreateProcess: procName=25
[DEBUG | dusk] fpcBs_Create: pid=209 profname=fpcNm_Tag_Gstart_e (25) profile=0x7b61377860 procSize=1632 unkSize=0
[DEBUG | dusk] fpcSCtRq_phase_CreateProcess: fpcBs_Create OK proc=0xb400007a191faab4
[DEBUG | dusk] [DIAG] fpcSCtRq_phase_Load: procName=699 ret=4
[DEBUG | dusk] fpcSCtRq_phase_CreateProcess: procName=699
[DEBUG | dusk] fpcBs_Create: pid=212 profname=fpcNm_KYTAG17_e (699) profile=0x7b6136efe0 procSize=1632 unkSize=0
[DEBUG | dusk] fpcSCtRq_phase_CreateProcess: fpcBs_Create OK proc=0xb400007a191fa434
[DEBUG | dusk] [DIAG] fpcSCtRq_phase_Load: procName=238 ret=4
[DEBUG | dusk] fpcSCtRq_phase_CreateProcess: procName=238
[DEBUG | dusk] fpcBs_Create: pid=213 profname=fpcNm_HORSE_e (238) profile=0x7b6137ed10 procSize=8464 unkSize=0
[DEBUG | dusk] fpcSCtRq_phase_CreateProcess: fpcBs_Create OK proc=0xb400007a191f8304
[DEBUG | dusk] [DIAG] fpcSCtRq_phase_Load: procName=730 ret=4
[DEBUG | dusk] fpcSCtRq_phase_CreateProcess: procName=730
[DEBUG | dusk] fpcBs_Create: pid=222 profname=fpcNm_VRBOX_e (730) profile=0x7b61371078 procSize=1648 unkSize=0
[DEBUG | dusk] fpcSCtRq_phase_CreateProcess: fpcBs_Create OK proc=0xb400007a191f7c74
[DEBUG | dusk] [DIAG] fpcSCtRq_phase_Load: procName=731 ret=4
[DEBUG | dusk] fpcSCtRq_phase_CreateProcess: procName=731
[DEBUG | dusk] fpcBs_Create: pid=223 profname=fpcNm_VRBOX2_e (731) profile=0x7b61371130 procSize=1720 unkSize=0
[DEBUG | dusk] fpcSCtRq_phase_CreateProcess: fpcBs_Create OK proc=0xb400007a191f759c
[DEBUG | dusk] [DIAG] fpcSCtRq_phase_Load: procName=18 ret=4
[DEBUG | dusk] fpcSCtRq_phase_CreateProcess: procName=18
[DEBUG | dusk] fpcBs_Create: pid=224 profname=fpcNm_ROOM_SCENE_e (18) profile=0x7b6136b388 procSize=912 unkSize=0
[DEBUG | dusk] fpcSCtRq_phase_CreateProcess: fpcBs_Create OK proc=0xb400007a191f71ec
[DEBUG | dusk] Loading Resource: ef_portal.bmd (Size: 60192)
[DEBUG | dusk] Loading Resource: ef_portal_blue_app.brk (Size: 896)
[DEBUG | dusk] Loading Resource: ef_portal_blue_disapp.brk (Size: 896)
[DEBUG | dusk] Loading Resource: ef_portal_red_app.brk (Size: 896)
[DEBUG | dusk] Loading Resource: ef_portal_red_disapp.brk (Size: 896)
[DEBUG | dusk] Loading Resource: ef_portal.btk (Size: 1792)
[DEBUG | dusk] Loading Resource: hs_back_walk.bck (Size: 5536)
[DEBUG | dusk] Loading Resource: hs_back_walk_start.bck (Size: 6304)
[DEBUG | dusk] Loading Resource: hs_excitement.bck (Size: 11968)
[DEBUG | dusk] Loading Resource: hs_excitement_2.bck (Size: 14144)
[DEBUG | dusk] Loading Resource: hs_jump_end.bck (Size: 5344)
[DEBUG | dusk] Loading Resource: hs_jump_middle.bck (Size: 4640)
[DEBUG | dusk] Loading Resource: hs_jump_start.bck (Size: 4832)
[DEBUG | dusk] Loading Resource: hs_jump_start_clift.bck (Size: 5248)
[DEBUG | dusk] Loading Resource: hs_lash.bck (Size: 3200)
[DEBUG | dusk] Loading Resource: hs_neck_waitback_left.bck (Size: 2880)
[DEBUG | dusk] Loading Resource: hs_neck_waitback_right.bck (Size: 2848)
[DEBUG | dusk] Loading Resource: hs_run_dash.bck (Size: 7680)
[DEBUG | dusk] Loading Resource: hs_run_fast.bck (Size: 6688)
[DEBUG | dusk] Loading Resource: hs_run_slow.bck (Size: 7712)
[DEBUG | dusk] Loading Resource: hs_stand.bck (Size: 17984)
[DEBUG | dusk] Loading Resource: hs_stop_slow.bck (Size: 14208)
[DEBUG | dusk] Loading Resource: hs_stop_stand.bck (Size: 16352)
[DEBUG | dusk] Loading Resource: hs_turn_left.bck (Size: 9632)
[DEBUG | dusk] Loading Resource: hs_turn_left_start.bck (Size: 5248)
[DEBUG | dusk] Loading Resource: hs_turn_right.bck (Size: 9472)
[DEBUG | dusk] Loading Resource: hs_turn_right_start.bck (Size: 5344)
[DEBUG | dusk] Loading Resource: hs_wait_01.bck (Size: 4768)
[DEBUG | dusk] Loading Resource: hs_wait_01b.bck (Size: 4672)
[DEBUG | dusk] Loading Resource: hs_wait_01b_connect.bck (Size: 4672)
[DEBUG | dusk] Loading Resource: hs_wait_02.bck (Size: 8928)
[DEBUG | dusk] Loading Resource: hs_wait_03.bck (Size: 7552)
[DEBUG | dusk] Loading Resource: hs_wait_04.bck (Size: 12640)
[DEBUG | dusk] Loading Resource: hs_wait_05.bck (Size: 10528)
[DEBUG | dusk] Loading Resource: hs_walk_fast.bck (Size: 5792)
[DEBUG | dusk] Loading Resource: hs_walk_slow.bck (Size: 5600)
[DEBUG | dusk] Loading Resource: hs.bmd (Size: 131264)
[DEBUG | dusk] Loading Resource: hs_eye.btp (Size: 128)
[DEBUG | dusk] Loading Resource: tazuna.bti (Size: 160)
[DEBUG | dusk] Loading Resource: model.bmd (Size: 1232640)
[DEBUG | dusk] Loading Resource: model1.bmd (Size: 5824)
[DEBUG | dusk] Loading Resource: model2.bmd (Size: 18752)
[DEBUG | dusk] Loading Resource: model3.bmd (Size: 13312)
[DEBUG | dusk] Loading Resource: model4.bmd (Size: 7488)
[DEBUG | dusk] Loading Resource: model5.bmd (Size: 82816)
[DEBUG | dusk] Loading Resource: model.btk (Size: 864)
[DEBUG | dusk] Loading Resource: model1.btk (Size: 320)
[DEBUG | dusk] Loading Resource: model2.btk (Size: 352)
[DEBUG | dusk] Loading Resource: model4.btk (Size: 320)
[DEBUG | dusk] Loading Resource: room.dzr (Size: 41024)
[DEBUG | dusk] Loading Resource: bomb_barn.stb (Size: 2528)
[DEBUG | dusk] Loading Resource: event_list.dat (Size: 24740)
[DEBUG | dusk] Loading Resource: kakariko.stb (Size: 1588)
[DEBUG | dusk] Loading Resource: light_soul.stb (Size: 1328)
[DEBUG | dusk] Loading Resource: r00_jmup.stb (Size: 604)
[DEBUG | dusk] Loading Resource: r00_jmup2.stb (Size: 672)
[DEBUG | dusk] Loading Resource: room.kcl (Size: 808478)
[DEBUG | dusk] Loading Resource: room.plc (Size: 1696)
[DEBUG | dusk] Loading Resource: demo36_alink_cut08_fc_1_o.bck (Size: 512)
[DEBUG | dusk] Loading Resource: demo36_alink_cut09_bd_1_o.bck (Size: 26176)
[DEBUG | dusk] Loading Resource: demo36_alink_cut09_fc_1_o.bck (Size: 480)
[DEBUG | dusk] Loading Resource: demo36_alink_cut10_bd_1_o.bck (Size: 28896)
[DEBUG | dusk] Loading Resource: demo36_alink_cut10_fc_1_o.bck (Size: 2720)
[DEBUG | dusk] Loading Resource: demo36_alink_cut11_bd_1_o.bck (Size: 17568)
[DEBUG | dusk] Loading Resource: demo36_alink_cut11_fc_1_o.bck (Size: 480)
[DEBUG | dusk] Loading Resource: demo36_alink_cut13_bd_1_o.bck (Size: 15328)
[DEBUG | dusk] Loading Resource: demo36_alink_cut13_fc_1_o.bck (Size: 3008)
[DEBUG | dusk] Loading Resource: demo36_alink_cut14_bd_1_o.bck (Size: 47232)
[DEBUG | dusk] Loading Resource: demo36_alink_cut14_fc_1_o.bck (Size: 4320)
[DEBUG | dusk] Loading Resource: demo36_alink_cut15_bd_1_o.bck (Size: 24448)
[DEBUG | dusk] Loading Resource: demo36_alink_cut15_fc_1_o.bck (Size: 3264)
[DEBUG | dusk] Loading Resource: demo36_alink_cut03_fc_1_o.bck (Size: 1088)
[DEBUG | dusk] Loading Resource: demo36_horse_cut02_bd_1_o.bck (Size: 26912)
[DEBUG | dusk] Loading Resource: demo36_horse_cut04_bd_1_o.bck (Size: 31712)
[DEBUG | dusk] Loading Resource: demo36_horse_cut05_bd_1_o.bck (Size: 27872)
[DEBUG | dusk] Loading Resource: demo36_horse_cut06_bd_1_o.bck (Size: 31776)
[DEBUG | dusk] Loading Resource: demo36_horse_cut07_bd_1_o.bck (Size: 15200)
[DEBUG | dusk] Loading Resource: demo36_horse_cut09_bd_1_o.bck (Size: 19808)
[DEBUG | dusk] Loading Resource: demo36_horse_cut11_bd_1_o.bck (Size: 36224)
[DEBUG | dusk] Loading Resource: demo36_horse_cut12_bd_1_o.bck (Size: 11648)
[DEBUG | dusk] Loading Resource: demo36_horse_cut13_bd_1_o.bck (Size: 17376)
[DEBUG | dusk] Loading Resource: demo36_horse_cut14_bd_1_o.bck (Size: 50848)
[DEBUG | dusk] Loading Resource: demo36_horse_cut15_bd_1_o.bck (Size: 26112)
[DEBUG | dusk] Loading Resource: demo36_rdd01_cut04_bd_1_o.bck (Size: 22240)
[DEBUG | dusk] Loading Resource: demo36_rdd01_cut05_bd_1_o.bck (Size: 11808)
[DEBUG | dusk] Loading Resource: demo36_rdd02_cut04_bd_1_o.bck (Size: 19776)
[DEBUG | dusk] Loading Resource: demo36_rdd02_cut05_bd_1_o.bck (Size: 13536)
[DEBUG | dusk] Loading Resource: demo36_alink_cut03_bd_1_o.bck (Size: 4480)
[DEBUG | dusk] Loading Resource: demo36_alink_cut06_bd_1_o.bck (Size: 3072)
[DEBUG | dusk] Loading Resource: demo36_alink_cut06_fc_1_o.bck (Size: 512)
[DEBUG | dusk] Loading Resource: demo36_alink_cut08_bd_1_o.bck (Size: 3104)
[DEBUG | dusk] Loading Resource: demo36_alink_cut16_bd_1_o.bck (Size: 14656)
[DEBUG | dusk] Loading Resource: demo36_alink_cut16_fc_1_o.bck (Size: 480)
[DEBUG | dusk] Loading Resource: demo36_horse_cut16_bd_1_o.bck (Size: 18400)
[DEBUG | dusk] Loading Resource: demo00_link_cut00_hd_tmp.bck (Size: 1536)
[DEBUG | dusk] Loading Resource: demo36_alink_cut15_hd_1_o.bck (Size: 1536)
[DEBUG | dusk] Loading Resource: demo36_link_cut03_hd_1_o.bck (Size: 1696)
[DEBUG | dusk] Loading Resource: demo36_link_cut10_hd_1_o.bck (Size: 1952)
[DEBUG | dusk] Loading Resource: demo36_link_cut13_hd_1_o.bck (Size: 1504)
[DEBUG | dusk] Loading Resource: demo36_alink_cut06_fc_1_o.btk (Size: 352)
[DEBUG | dusk] Loading Resource: demo36_alink_cut08_fc_1_o.btk (Size: 352)
[DEBUG | dusk] Loading Resource: demo36_alink_cut09_fc_1_o.btk (Size: 320)
[DEBUG | dusk] Loading Resource: demo36_alink_cut10_fc_1_o.btk (Size: 640)
[DEBUG | dusk] Loading Resource: demo36_alink_cut11_fc_1_o.btk (Size: 320)
[DEBUG | dusk] Loading Resource: demo36_alink_cut13_fc_1_o.btk (Size: 480)
[DEBUG | dusk] Loading Resource: demo36_alink_cut14_fc_1_o.btk (Size: 320)
[DEBUG | dusk] Loading Resource: demo36_alink_cut15_fc_1_o.btk (Size: 544)
[DEBUG | dusk] Loading Resource: demo36_alink_cut03_fc_1_o.btk (Size: 480)
[DEBUG | dusk] Loading Resource: demo36_alink_cut16_fc_1_o.btk (Size: 320)
[DEBUG | dusk] Loading Resource: demo36_alink_cut06_fc_1_o.btp (Size: 512)
[DEBUG | dusk] Loading Resource: demo36_alink_cut08_fc_1_o.btp (Size: 288)
[DEBUG | dusk] Loading Resource: demo36_alink_cut09_fc_1_o.btp (Size: 320)
[DEBUG | dusk] Loading Resource: demo36_alink_cut10_fc_1_o.btp (Size: 384)
[DEBUG | dusk] Loading Resource: demo36_alink_cut11_fc_1_o.btp (Size: 576)
[DEBUG | dusk] Loading Resource: demo36_alink_cut13_fc_1_o.btp (Size: 288)
[DEBUG | dusk] Loading Resource: demo36_alink_cut14_fc_1_o.btp (Size: 512)
[DEBUG | dusk] Loading Resource: demo36_alink_cut15_fc_1_o.btp (Size: 416)
[DEBUG | dusk] Loading Resource: demo36_alink_cut03_fc_1_o.btp (Size: 320)
[DEBUG | dusk] Loading Resource: demo36_alink_cut16_fc_1_o.btp (Size: 704)
[DEBUG | dusk] Loading Resource: demo04_rd2_cut00_gp_1_o.bmd (Size: 78208)
[DEBUG | dusk] Loading Resource: demo36_01.stb (Size: 14680)
[DEBUG | dusk] Loading Resource: demo36_02.stb (Size: 1976)
[DEBUG | dusk] [DIAG] fpcSCtRq_phase_Load: procName=253 ret=4
[DEBUG | dusk] fpcSCtRq_phase_CreateProcess: procName=253
[DEBUG | dusk] fpcBs_Create: pid=225 profname=fpcNm_ALINK_e (253) profile=0x7b61361250 procSize=18784 unkSize=0
[DEBUG | dusk] fpcSCtRq_phase_CreateProcess: fpcBs_Create OK proc=0xb400007a191ea598
[DEBUG | dusk] [DIAG] fpcSCtRq_phase_Load: procName=790 ret=4
[DEBUG | dusk] fpcSCtRq_phase_CreateProcess: procName=790
[DEBUG | dusk] fpcBs_Create: pid=226 profname=fpcNm_METER2_e (790) profile=0x7b61368430 procSize=1504 unkSize=0
[DEBUG | dusk] fpcSCtRq_phase_CreateProcess: fpcBs_Create OK proc=0xb400007a191e9f98
[DEBUG | dusk] [DIAG] fpcSCtRq_phase_Load: procName=732 ret=4
[DEBUG | dusk] fpcSCtRq_phase_CreateProcess: procName=732
[DEBUG | dusk] fpcBs_Create: pid=227 profname=fpcNm_BG_e (732) profile=0x7b6136e3f8 procSize=1904 unkSize=0
[DEBUG | dusk] fpcSCtRq_phase_CreateProcess: fpcBs_Create OK proc=0xb400007a191e9648
[DEBUG | dusk] [DIAG] fpcSCtRq_phase_Load: procName=696 ret=4
[DEBUG | dusk] fpcSCtRq_phase_CreateProcess: procName=696
[DEBUG | dusk] fpcBs_Create: pid=228 profname=fpcNm_KYTAG14_e (696) profile=0x7b61372e28 procSize=1640 unkSize=0
[DEBUG | dusk] fpcSCtRq_phase_CreateProcess: fpcBs_Create OK proc=0xb400007a191e8fc0
[DEBUG | dusk] [DIAG] fpcSCtRq_phase_Load: procName=696 ret=4
[DEBUG | dusk] fpcSCtRq_phase_CreateProcess: procName=696
[DEBUG | dusk] fpcBs_Create: pid=229 profname=fpcNm_KYTAG14_e (696) profile=0x7b61372e28 procSize=1640 unkSize=0
[DEBUG | dusk] fpcSCtRq_phase_CreateProcess: fpcBs_Create OK proc=0xb400007a191e8938
[DEBUG | dusk] [DIAG] fpcSCtRq_phase_Load: procName=784 ret=4
[DEBUG | dusk] fpcSCtRq_phase_CreateProcess: procName=784
[DEBUG | dusk] fpcBs_Create: pid=230 profname=fpcNm_GRASS_e (784) profile=0x7b61372ae8 procSize=1640 unkSize=0
[DEBUG | dusk] fpcSCtRq_phase_CreateProcess: fpcBs_Create OK proc=0xb400007a191e82b0
[DEBUG | dusk] [DIAG] fpcSCtRq_phase_Load: procName=784 ret=4
[DEBUG | dusk] fpcSCtRq_phase_CreateProcess: procName=784
[DEBUG | dusk] fpcBs_Create: pid=231 profname=fpcNm_GRASS_e (784) profile=0x7b61372ae8 procSize=1640 unkSize=0
[DEBUG | dusk] fpcSCtRq_phase_CreateProcess: fpcBs_Create OK proc=0xb400007a191e7c28
[DEBUG | dusk] [DIAG] fpcSCtRq_phase_Load: procName=784 ret=4
[DEBUG | dusk] fpcSCtRq_phase_CreateProcess: procName=784
[DEBUG | dusk] fpcBs_Create: pid=232 profname=fpcNm_GRASS_e (784) profile=0x7b61372ae8 procSize=1640 unkSize=0
[DEBUG | dusk] fpcSCtRq_phase_CreateProcess: fpcBs_Create OK proc=0xb400007a191e75a0
[DEBUG | dusk] [DIAG] fpcSCtRq_phase_Load: procName=784 ret=4
[DEBUG | dusk] fpcSCtRq_phase_CreateProcess: procName=784
[DEBUG | dusk] fpcBs_Create: pid=233 profname=fpcNm_GRASS_e (784) profile=0x7b61372ae8 procSize=1640 unkSize=0
[DEBUG | dusk] fpcSCtRq_phase_CreateProcess: fpcBs_Create OK proc=0xb400007a191e6f18
[DEBUG | dusk] [DIAG] fpcSCtRq_phase_Load: procName=784 ret=4
[DEBUG | dusk] fpcSCtRq_phase_CreateProcess: procName=784
[DEBUG | dusk] fpcBs_Create: pid=234 profname=fpcNm_GRASS_e (784) profile=0x7b61372ae8 procSize=1640 unkSize=0
[DEBUG | dusk] fpcSCtRq_phase_CreateProcess: fpcBs_Create OK proc=0xb400007a191e6890
[DEBUG | dusk] [DIAG] fpcSCtRq_phase_Load: procName=784 ret=4
[DEBUG | dusk] fpcSCtRq_phase_CreateProcess: procName=784
[DEBUG | dusk] fpcBs_Create: pid=235 profname=fpcNm_GRASS_e (784) profile=0x7b61372ae8 procSize=1640 unkSize=0
[DEBUG | dusk] fpcSCtRq_phase_CreateProcess: fpcBs_Create OK proc=0xb400007a191e6208
[DEBUG | dusk] [DIAG] fpcSCtRq_phase_Load: procName=784 ret=4
[DEBUG | dusk] fpcSCtRq_phase_CreateProcess: procName=784
[DEBUG | dusk] fpcBs_Create: pid=236 profname=fpcNm_GRASS_e (784) profile=0x7b61372ae8 procSize=1640 unkSize=0
[DEBUG | dusk] fpcSCtRq_phase_CreateProcess: fpcBs_Create OK proc=0xb400007a191e5b80
[DEBUG | dusk] [DIAG] fpcSCtRq_phase_Load: procName=784 ret=4
[DEBUG | dusk] fpcSCtRq_phase_CreateProcess: procName=784
[DEBUG | dusk] fpcBs_Create: pid=237 profname=fpcNm_GRASS_e (784) profile=0x7b61372ae8 procSize=1640 unkSize=0
[DEBUG | dusk] fpcSCtRq_phase_CreateProcess: fpcBs_Create OK proc=0xb400007a191e54f8
[DEBUG | dusk] [DIAG] fpcSCtRq_phase_Load: procName=784 ret=4
[DEBUG | dusk] fpcSCtRq_phase_CreateProcess: procName=784
[DEBUG | dusk] fpcBs_Create: pid=238 profname=fpcNm_GRASS_e (784) profile=0x7b61372ae8 procSize=1640 unkSize=0
[DEBUG | dusk] fpcSCtRq_phase_CreateProcess: fpcBs_Create OK proc=0xb400007a191e4e70
[DEBUG | dusk] [DIAG] fpcSCtRq_phase_Load: procName=784 ret=4
[DEBUG | dusk] fpcSCtRq_phase_CreateProcess: procName=784
[DEBUG | dusk] fpcBs_Create: pid=239 profname=fpcNm_GRASS_e (784) profile=0x7b61372ae8 procSize=1640 unkSize=0
[DEBUG | dusk] fpcSCtRq_phase_CreateProcess: fpcBs_Create OK proc=0xb400007a191e47e8
[DEBUG | dusk] [DIAG] fpcSCtRq_phase_Load: procName=784 ret=4
[DEBUG | dusk] fpcSCtRq_phase_CreateProcess: procName=784
[DEBUG | dusk] fpcBs_Create: pid=240 profname=fpcNm_GRASS_e (784) profile=0x7b61372ae8 procSize=1640 unkSize=0
[DEBUG | dusk] fpcSCtRq_phase_CreateProcess: fpcBs_Create OK proc=0xb400007a191e4160
[DEBUG | dusk] [DIAG] fpcSCtRq_phase_Load: procName=784 ret=4
[DEBUG | dusk] fpcSCtRq_phase_CreateProcess: procName=784
[DEBUG | dusk] fpcBs_Create: pid=241 profname=fpcNm_GRASS_e (784) profile=0x7b61372ae8 procSize=1640 unkSize=0
[DEBUG | dusk] fpcSCtRq_phase_CreateProcess: fpcBs_Create OK proc=0xb400007a191e3ad8
[DEBUG | dusk] [DIAG] fpcSCtRq_phase_Load: procName=784 ret=4
[DEBUG | dusk] fpcSCtRq_phase_CreateProcess: procName=784
[DEBUG | dusk] fpcBs_Create: pid=242 profname=fpcNm_GRASS_e (784) profile=0x7b61372ae8 procSize=1640 unkSize=0
[DEBUG | dusk] fpcSCtRq_phase_CreateProcess: fpcBs_Create OK proc=0xb400007a191e3450
[DEBUG | dusk] [DIAG] fpcSCtRq_phase_Load: procName=784 ret=4
[DEBUG | dusk] fpcSCtRq_phase_CreateProcess: procName=784
[DEBUG | dusk] fpcBs_Create: pid=243 profname=fpcNm_GRASS_e (784) profile=0x7b61372ae8 procSize=1640 unkSize=0
[DEBUG | dusk] fpcSCtRq_phase_CreateProcess: fpcBs_Create OK proc=0xb400007a191e2dc8
[DEBUG | dusk] [DIAG] fpcSCtRq_phase_Load: procName=784 ret=4
[DEBUG | dusk] fpcSCtRq_phase_CreateProcess: procName=784
[DEBUG | dusk] fpcBs_Create: pid=244 profname=fpcNm_GRASS_e (784) profile=0x7b61372ae8 procSize=1640 unkSize=0
[DEBUG | dusk] fpcSCtRq_phase_CreateProcess: fpcBs_Create OK proc=0xb400007a191e2740
[DEBUG | dusk] [DIAG] fpcSCtRq_phase_Load: procName=784 ret=4
[DEBUG | dusk] fpcSCtRq_phase_CreateProcess: procName=784
[DEBUG | dusk] fpcBs_Create: pid=245 profname=fpcNm_GRASS_e (784) profile=0x7b61372ae8 procSize=1640 unkSize=0
[DEBUG | dusk] fpcSCtRq_phase_CreateProcess: fpcBs_Create OK proc=0xb400007a191e20b8
[DEBUG | dusk] [DIAG] fpcSCtRq_phase_Load: procName=784 ret=4
[DEBUG | dusk] fpcSCtRq_phase_CreateProcess: procName=784
[DEBUG | dusk] fpcBs_Create: pid=246 profname=fpcNm_GRASS_e (784) profile=0x7b61372ae8 procSize=1640 unkSize=0
[DEBUG | dusk] fpcSCtRq_phase_CreateProcess: fpcBs_Create OK proc=0xb400007a191f6b64
[DEBUG | dusk] [DIAG] fpcSCtRq_phase_Load: procName=784 ret=4
[DEBUG | dusk] fpcSCtRq_phase_CreateProcess: procName=784
[DEBUG | dusk] fpcBs_Create: pid=247 profname=fpcNm_GRASS_e (784) profile=0x7b61372ae8 procSize=1640 unkSize=0
[DEBUG | dusk] fpcSCtRq_phase_CreateProcess: fpcBs_Create OK proc=0xb400007a191e1a30
[DEBUG | dusk] [DIAG] fpcSCtRq_phase_Load: procName=784 ret=4
[DEBUG | dusk] fpcSCtRq_phase_CreateProcess: procName=784
[DEBUG | dusk] fpcBs_Create: pid=248 profname=fpcNm_GRASS_e (784) profile=0x7b61372ae8 procSize=1640 unkSize=0
[DEBUG | dusk] fpcSCtRq_phase_CreateProcess: fpcBs_Create OK proc=0xb400007a191e13a8
[DEBUG | dusk] [DIAG] fpcSCtRq_phase_Load: procName=784 ret=4
[DEBUG | dusk] fpcSCtRq_phase_CreateProcess: procName=784
[DEBUG | dusk] fpcBs_Create: pid=249 profname=fpcNm_GRASS_e (784) profile=0x7b61372ae8 procSize=1640 unkSize=0
[DEBUG | dusk] fpcSCtRq_phase_CreateProcess: fpcBs_Create OK proc=0xb400007a191e0d20
[DEBUG | dusk] [DIAG] fpcSCtRq_phase_Load: procName=784 ret=4
[DEBUG | dusk] fpcSCtRq_phase_CreateProcess: procName=784
[DEBUG | dusk] fpcBs_Create: pid=250 profname=fpcNm_GRASS_e (784) profile=0x7b61372ae8 procSize=1640 unkSize=0
[DEBUG | dusk] fpcSCtRq_phase_CreateProcess: fpcBs_Create OK proc=0xb400007a191e0698
[DEBUG | dusk] [DIAG] fpcSCtRq_phase_Load: procName=784 ret=4
[DEBUG | dusk] fpcSCtRq_phase_CreateProcess: procName=784
[DEBUG | dusk] fpcBs_Create: pid=251 profname=fpcNm_GRASS_e (784) profile=0x7b61372ae8 procSize=1640 unkSize=0
[DEBUG | dusk] fpcSCtRq_phase_CreateProcess: fpcBs_Create OK proc=0xb400007a191e0010
[DEBUG | dusk] [DIAG] fpcSCtRq_phase_Load: procName=784 ret=4
[DEBUG | dusk] fpcSCtRq_phase_CreateProcess: procName=784
[DEBUG | dusk] fpcBs_Create: pid=252 profname=fpcNm_GRASS_e (784) profile=0x7b61372ae8 procSize=1640 unkSize=0
[DEBUG | dusk] fpcSCtRq_phase_CreateProcess: fpcBs_Create OK proc=0xb400007a191df988
[DEBUG | dusk] [DIAG] fpcSCtRq_phase_Load: procName=696 ret=4
[DEBUG | dusk] fpcSCtRq_phase_CreateProcess: procName=696
[DEBUG | dusk] fpcBs_Create: pid=253 profname=fpcNm_KYTAG14_e (696) profile=0x7b61372e28 procSize=1640 unkSize=0
[DEBUG | dusk] fpcSCtRq_phase_CreateProcess: fpcBs_Create OK proc=0xb400007a191df300
[DEBUG | dusk] [DIAG] fpcSCtRq_phase_Load: procName=696 ret=4
[DEBUG | dusk] fpcSCtRq_phase_CreateProcess: procName=696
[DEBUG | dusk] fpcBs_Create: pid=254 profname=fpcNm_KYTAG14_e (696) profile=0x7b61372e28 procSize=1640 unkSize=0
[DEBUG | dusk] fpcSCtRq_phase_CreateProcess: fpcBs_Create OK proc=0xb400007a191dec78
[DEBUG | dusk] [DIAG] fpcSCtRq_phase_Load: procName=561 ret=4
[DEBUG | dusk] fpcSCtRq_phase_CreateProcess: procName=561
[DEBUG | dusk] fpcBs_Create: pid=255 profname=fpcNm_ANDSW2_e (561) profile=0x7b61371e70 procSize=1632 unkSize=0
[DEBUG | dusk] fpcSCtRq_phase_CreateProcess: fpcBs_Create OK proc=0xb400007a191de5f8
[DEBUG | dusk] [DIAG] fpcSCtRq_phase_Load: procName=784 ret=4
[DEBUG | dusk] fpcSCtRq_phase_CreateProcess: procName=784
[DEBUG | dusk] fpcBs_Create: pid=256 profname=fpcNm_GRASS_e (784) profile=0x7b61372ae8 procSize=1640 unkSize=0
[DEBUG | dusk] fpcSCtRq_phase_CreateProcess: fpcBs_Create OK proc=0xb400007a191ddf70
[DEBUG | dusk] [DIAG] fpcSCtRq_phase_Load: procName=784 ret=4
[DEBUG | dusk] fpcSCtRq_phase_CreateProcess: procName=784
[DEBUG | dusk] fpcBs_Create: pid=257 profname=fpcNm_GRASS_e (784) profile=0x7b61372ae8 procSize=1640 unkSize=0
[DEBUG | dusk] fpcSCtRq_phase_CreateProcess: fpcBs_Create OK proc=0xb400007a191dd8e8
[DEBUG | dusk] [DIAG] fpcSCtRq_phase_Load: procName=784 ret=4
[DEBUG | dusk] fpcSCtRq_phase_CreateProcess: procName=784
[DEBUG | dusk] fpcBs_Create: pid=258 profname=fpcNm_GRASS_e (784) profile=0x7b61372ae8 procSize=1640 unkSize=0
[DEBUG | dusk] fpcSCtRq_phase_CreateProcess: fpcBs_Create OK proc=0xb400007a191dd260
[DEBUG | dusk] [DIAG] fpcSCtRq_phase_Load: procName=784 ret=4
[DEBUG | dusk] fpcSCtRq_phase_CreateProcess: procName=784
[DEBUG | dusk] fpcBs_Create: pid=259 profname=fpcNm_GRASS_e (784) profile=0x7b61372ae8 procSize=1640 unkSize=0
[DEBUG | dusk] fpcSCtRq_phase_CreateProcess: fpcBs_Create OK proc=0xb400007a191dcbd8
[DEBUG | dusk] [DIAG] fpcSCtRq_phase_Load: procName=561 ret=4
[DEBUG | dusk] fpcSCtRq_phase_CreateProcess: procName=561
[DEBUG | dusk] fpcBs_Create: pid=260 profname=fpcNm_ANDSW2_e (561) profile=0x7b61371e70 procSize=1632 unkSize=0
[DEBUG | dusk] fpcSCtRq_phase_CreateProcess: fpcBs_Create OK proc=0xb400007a191dc558
[DEBUG | dusk] [DIAG] fpcSCtRq_phase_Load: procName=733 ret=4
[DEBUG | dusk] fpcSCtRq_phase_CreateProcess: procName=733
[DEBUG | dusk] fpcBs_Create: pid=261 profname=fpcNm_SET_BG_OBJ_e (733) profile=0x7b6136ff08 procSize=1664 unkSize=0
[DEBUG | dusk] fpcSCtRq_phase_CreateProcess: fpcBs_Create OK proc=0xb400007a191dbeb8
[DEBUG | dusk] [DIAG] fpcSCtRq_phase_Load: procName=733 ret=4
[DEBUG | dusk] fpcSCtRq_phase_CreateProcess: procName=733
[DEBUG | dusk] fpcBs_Create: pid=262 profname=fpcNm_SET_BG_OBJ_e (733) profile=0x7b6136ff08 procSize=1664 unkSize=0
[DEBUG | dusk] fpcSCtRq_phase_CreateProcess: fpcBs_Create OK proc=0xb400007a191db818
[DEBUG | dusk] [DIAG] fpcSCtRq_phase_Load: procName=733 ret=4
[DEBUG | dusk] fpcSCtRq_phase_CreateProcess: procName=733
[DEBUG | dusk] fpcBs_Create: pid=263 profname=fpcNm_SET_BG_OBJ_e (733) profile=0x7b6136ff08 procSize=1664 unkSize=0
[DEBUG | dusk] fpcSCtRq_phase_CreateProcess: fpcBs_Create OK proc=0xb400007a191db178
[DEBUG | dusk] [DIAG] fpcSCtRq_phase_Load: procName=543 ret=4
[DEBUG | dusk] fpcSCtRq_phase_CreateProcess: procName=543
[DEBUG | dusk] fpcBs_Create: pid=264 profname=fpcNm_Obj_Drop_e (543) profile=0x7b613937e8 procSize=3616 unkSize=0
[DEBUG | dusk] fpcSCtRq_phase_CreateProcess: fpcBs_Create OK proc=0xb400007a191da338
[DEBUG | dusk] [DIAG] fpcSCtRq_phase_Load: procName=543 ret=4
[DEBUG | dusk] fpcSCtRq_phase_CreateProcess: procName=543
[DEBUG | dusk] fpcBs_Create: pid=265 profname=fpcNm_Obj_Drop_e (543) profile=0x7b613937e8 procSize=3616 unkSize=0
[DEBUG | dusk] fpcSCtRq_phase_CreateProcess: fpcBs_Create OK proc=0xb400007a191d94f8
[DEBUG | dusk] [DIAG] fpcSCtRq_phase_Load: procName=543 ret=4
[DEBUG | dusk] fpcSCtRq_phase_CreateProcess: procName=543
[DEBUG | dusk] fpcBs_Create: pid=266 profname=fpcNm_Obj_Drop_e (543) profile=0x7b613937e8 procSize=3616 unkSize=0
[DEBUG | dusk] fpcSCtRq_phase_CreateProcess: fpcBs_Create OK proc=0xb400007a191d86b8
[DEBUG | dusk] [DIAG] fpcSCtRq_phase_Load: procName=251 ret=4
[DEBUG | dusk] fpcSCtRq_phase_CreateProcess: procName=251
[DEBUG | dusk] fpcBs_Create: pid=267 profname=fpcNm_TBOX_e (251) profile=0x7b61370d80 procSize=3328 unkSize=0
[DEBUG | dusk] fpcSCtRq_phase_CreateProcess: fpcBs_Create OK proc=0xb400007a191d7604
[DEBUG | dusk] [DIAG] fpcSCtRq_phase_Load: procName=251 ret=4
[DEBUG | dusk] fpcSCtRq_phase_CreateProcess: procName=251
[DEBUG | dusk] fpcBs_Create: pid=268 profname=fpcNm_TBOX_e (251) profile=0x7b61370d80 procSize=3328 unkSize=0
[DEBUG | dusk] fpcSCtRq_phase_CreateProcess: fpcBs_Create OK proc=0xb400007a191d68e4
[DEBUG | dusk] [DIAG] fpcSCtRq_phase_Load: procName=780 ret=4
[DEBUG | dusk] fpcSCtRq_phase_CreateProcess: procName=780
[DEBUG | dusk] fpcBs_Create: pid=269 profname=fpcNm_SCENE_EXIT_e (780) profile=0x7b6136fe48 procSize=1680 unkSize=0
[DEBUG | dusk] fpcSCtRq_phase_CreateProcess: fpcBs_Create OK proc=0xb400007a191d6234
[DEBUG | dusk] [DIAG] fpcSCtRq_phase_Load: procName=780 ret=4
[DEBUG | dusk] fpcSCtRq_phase_CreateProcess: procName=780
[DEBUG | dusk] fpcBs_Create: pid=270 profname=fpcNm_SCENE_EXIT_e (780) profile=0x7b6136fe48 procSize=1680 unkSize=0
[DEBUG | dusk] fpcSCtRq_phase_CreateProcess: fpcBs_Create OK proc=0xb400007a191d5b84
[DEBUG | dusk] [DIAG] fpcSCtRq_phase_Load: procName=719 ret=4
[DEBUG | dusk] fpcSCtRq_phase_CreateProcess: procName=719
[DEBUG | dusk] fpcBs_Create: pid=271 profname=fpcNm_TAG_CAMERA_e (719) profile=0x7b61370260 procSize=1672 unkSize=0
[DEBUG | dusk] fpcSCtRq_phase_CreateProcess: fpcBs_Create OK proc=0xb400007a191d54dc
[DEBUG | dusk] [DIAG] fpcSCtRq_phase_Load: procName=234 ret=4
[DEBUG | dusk] fpcSCtRq_phase_CreateProcess: procName=234
[DEBUG | dusk] fpcBs_Create: pid=272 profname=fpcNm_Tag_Hjump_e (234) profile=0x7b61377a30 procSize=1728 unkSize=0
[DEBUG | dusk] fpcSCtRq_phase_CreateProcess: fpcBs_Create OK proc=0xb400007a191d4dfc
[DEBUG | dusk] [DIAG] fpcSCtRq_phase_Load: procName=719 ret=4
[DEBUG | dusk] fpcSCtRq_phase_CreateProcess: procName=719
[DEBUG | dusk] fpcBs_Create: pid=273 profname=fpcNm_TAG_CAMERA_e (719) profile=0x7b61370260 procSize=1672 unkSize=0
[DEBUG | dusk] fpcSCtRq_phase_CreateProcess: fpcBs_Create OK proc=0xb400007a191d4754
[DEBUG | dusk] [DIAG] fpcSCtRq_phase_Load: procName=780 ret=4
[DEBUG | dusk] fpcSCtRq_phase_CreateProcess: procName=780
[DEBUG | dusk] fpcBs_Create: pid=274 profname=fpcNm_SCENE_EXIT_e (780) profile=0x7b6136fe48 procSize=1680 unkSize=0
[DEBUG | dusk] fpcSCtRq_phase_CreateProcess: fpcBs_Create OK proc=0xb400007a191d40a4
[DEBUG | dusk] [DIAG] fpcSCtRq_phase_Load: procName=747 ret=4
[DEBUG | dusk] fpcSCtRq_phase_CreateProcess: procName=747
[DEBUG | dusk] fpcBs_Create: pid=275 profname=fpcNm_TAG_KMSG_e (747) profile=0x7b61370828 procSize=1768 unkSize=0
[DEBUG | dusk] fpcSCtRq_phase_CreateProcess: fpcBs_Create OK proc=0xb400007a191f48f0
[DEBUG | dusk] [DIAG] fpcSCtRq_phase_Load: procName=747 ret=4
[DEBUG | dusk] fpcSCtRq_phase_CreateProcess: procName=747
[DEBUG | dusk] fpcBs_Create: pid=276 profname=fpcNm_TAG_KMSG_e (747) profile=0x7b61370828 procSize=1768 unkSize=0
[DEBUG | dusk] fpcSCtRq_phase_CreateProcess: fpcBs_Create OK proc=0xb400007a191d399c
[DEBUG | dusk] [DIAG] fpcSCtRq_phase_Load: procName=747 ret=4
[DEBUG | dusk] fpcSCtRq_phase_CreateProcess: procName=747
[DEBUG | dusk] fpcBs_Create: pid=277 profname=fpcNm_TAG_KMSG_e (747) profile=0x7b61370828 procSize=1768 unkSize=0
[DEBUG | dusk] fpcSCtRq_phase_CreateProcess: fpcBs_Create OK proc=0xb400007a191d3294
[DEBUG | dusk] [DIAG] fpcSCtRq_phase_Load: procName=747 ret=4
[DEBUG | dusk] fpcSCtRq_phase_CreateProcess: procName=747
[DEBUG | dusk] fpcBs_Create: pid=278 profname=fpcNm_TAG_KMSG_e (747) profile=0x7b61370828 procSize=1768 unkSize=0
[DEBUG | dusk] fpcSCtRq_phase_CreateProcess: fpcBs_Create OK proc=0xb400007a191d2b8c
[DEBUG | dusk] [DIAG] fpcSCtRq_phase_Load: procName=747 ret=4
[DEBUG | dusk] fpcSCtRq_phase_CreateProcess: procName=747
[DEBUG | dusk] fpcBs_Create: pid=279 profname=fpcNm_TAG_KMSG_e (747) profile=0x7b61370828 procSize=1768 unkSize=0
[DEBUG | dusk] fpcSCtRq_phase_CreateProcess: fpcBs_Create OK proc=0xb400007a191d2484
[DEBUG | dusk] [DIAG] fpcSCtRq_phase_Load: procName=747 ret=4
[DEBUG | dusk] fpcSCtRq_phase_CreateProcess: procName=747
[DEBUG | dusk] fpcBs_Create: pid=280 profname=fpcNm_TAG_KMSG_e (747) profile=0x7b61370828 procSize=1768 unkSize=0
[DEBUG | dusk] fpcSCtRq_phase_CreateProcess: fpcBs_Create OK proc=0xb400007a191d1d7c
[DEBUG | dusk] [DIAG] fpcSCtRq_phase_Load: procName=747 ret=4
[DEBUG | dusk] fpcSCtRq_phase_CreateProcess: procName=747
[DEBUG | dusk] fpcBs_Create: pid=281 profname=fpcNm_TAG_KMSG_e (747) profile=0x7b61370828 procSize=1768 unkSize=0
[DEBUG | dusk] fpcSCtRq_phase_CreateProcess: fpcBs_Create OK proc=0xb400007a191f41e8
[DEBUG | dusk] [DIAG] fpcSCtRq_phase_Load: procName=721 ret=4
[DEBUG | dusk] fpcSCtRq_phase_CreateProcess: procName=721
[DEBUG | dusk] fpcBs_Create: pid=282 profname=fpcNm_TAG_EVENT_e (721) profile=0x7b61370480 procSize=1640 unkSize=0
[DEBUG | dusk] fpcSCtRq_phase_CreateProcess: fpcBs_Create OK proc=0xb400007a191d16f4
[DEBUG | dusk] [DIAG] fpcSCtRq_phase_Load: procName=549 ret=4
[DEBUG | dusk] fpcSCtRq_phase_CreateProcess: procName=549
[DEBUG | dusk] fpcBs_Create: pid=283 profname=fpcNm_SWC00_e (549) profile=0x7b613774d0 procSize=1664 unkSize=0
[DEBUG | dusk] fpcSCtRq_phase_CreateProcess: fpcBs_Create OK proc=0xb400007a191d1054
[DEBUG | dusk] [DIAG] fpcSCtRq_phase_Load: procName=549 ret=4
[DEBUG | dusk] fpcSCtRq_phase_CreateProcess: procName=549
[DEBUG | dusk] fpcBs_Create: pid=284 profname=fpcNm_SWC00_e (549) profile=0x7b613774d0 procSize=1664 unkSize=0
[DEBUG | dusk] fpcSCtRq_phase_CreateProcess: fpcBs_Create OK proc=0xb400007a191d09b4
[DEBUG | dusk] [DIAG] fpcSCtRq_phase_Load: procName=549 ret=4
[DEBUG | dusk] fpcSCtRq_phase_CreateProcess: procName=549
[DEBUG | dusk] fpcBs_Create: pid=285 profname=fpcNm_SWC00_e (549) profile=0x7b613774d0 procSize=1664 unkSize=0
[DEBUG | dusk] fpcSCtRq_phase_CreateProcess: fpcBs_Create OK proc=0xb400007a191d0314
[DEBUG | dusk] [DIAG] fpcSCtRq_phase_Load: procName=549 ret=4
[DEBUG | dusk] fpcSCtRq_phase_CreateProcess: procName=549
[DEBUG | dusk] fpcBs_Create: pid=286 profname=fpcNm_SWC00_e (549) profile=0x7b613774d0 procSize=1664 unkSize=0
[DEBUG | dusk] fpcSCtRq_phase_CreateProcess: fpcBs_Create OK proc=0xb400007a191cfc74
[DEBUG | dusk] [DIAG] fpcSCtRq_phase_Load: procName=550 ret=4
[DEBUG | dusk] fpcSCtRq_phase_CreateProcess: procName=550
[DEBUG | dusk] fpcBs_Create: pid=287 profname=fpcNm_KNOB20_e (550) profile=0x7b6136e8a0 procSize=1888 unkSize=0
[DEBUG | dusk] fpcSCtRq_phase_CreateProcess: fpcBs_Create OK proc=0xb400007a191cf4f4
[DEBUG | dusk] [DIAG] fpcSCtRq_phase_Load: procName=550 ret=4
[DEBUG | dusk] fpcSCtRq_phase_CreateProcess: procName=550
[DEBUG | dusk] fpcBs_Create: pid=288 profname=fpcNm_KNOB20_e (550) profile=0x7b6136e8a0 procSize=1888 unkSize=0
[DEBUG | dusk] fpcSCtRq_phase_CreateProcess: fpcBs_Create OK proc=0xb400007a191ced74
[DEBUG | dusk] [DIAG] fpcSCtRq_phase_Load: procName=550 ret=4
[DEBUG | dusk] fpcSCtRq_phase_CreateProcess: procName=550
[DEBUG | dusk] fpcBs_Create: pid=289 profname=fpcNm_KNOB20_e (550) profile=0x7b6136e8a0 procSize=1888 unkSize=0
[DEBUG | dusk] fpcSCtRq_phase_CreateProcess: fpcBs_Create OK proc=0xb400007a191ce5f4
[DEBUG | dusk] [DIAG] fpcSCtRq_phase_Load: procName=550 ret=4
[DEBUG | dusk] fpcSCtRq_phase_CreateProcess: procName=550
[DEBUG | dusk] fpcBs_Create: pid=290 profname=fpcNm_KNOB20_e (550) profile=0x7b6136e8a0 procSize=1888 unkSize=0
[DEBUG | dusk] fpcSCtRq_phase_CreateProcess: fpcBs_Create OK proc=0xb400007a191cde74
[DEBUG | dusk] [DIAG] fpcSCtRq_phase_Load: procName=550 ret=4
[DEBUG | dusk] fpcSCtRq_phase_CreateProcess: procName=550
[DEBUG | dusk] fpcBs_Create: pid=291 profname=fpcNm_KNOB20_e (550) profile=0x7b6136e8a0 procSize=1888 unkSize=0
[DEBUG | dusk] fpcSCtRq_phase_CreateProcess: fpcBs_Create OK proc=0xb400007a191cd6f4
[DEBUG | dusk] [DIAG] fpcSCtRq_phase_Load: procName=550 ret=4
[DEBUG | dusk] fpcSCtRq_phase_CreateProcess: procName=550
[DEBUG | dusk] fpcBs_Create: pid=292 profname=fpcNm_KNOB20_e (550) profile=0x7b6136e8a0 procSize=1888 unkSize=0
[DEBUG | dusk] fpcSCtRq_phase_CreateProcess: fpcBs_Create OK proc=0xb400007a191ccf74
[DEBUG | dusk] [DIAG] fpcSCtRq_phase_Load: procName=550 ret=4
[DEBUG | dusk] fpcSCtRq_phase_CreateProcess: procName=550
[DEBUG | dusk] fpcBs_Create: pid=293 profname=fpcNm_KNOB20_e (550) profile=0x7b6136e8a0 procSize=1888 unkSize=0
[DEBUG | dusk] fpcSCtRq_phase_CreateProcess: fpcBs_Create OK proc=0xb400007a191cc7f4
[DEBUG | dusk] [DIAG] fpcSCtRq_phase_Load: procName=550 ret=4
[DEBUG | dusk] fpcSCtRq_phase_CreateProcess: procName=550
[DEBUG | dusk] fpcBs_Create: pid=294 profname=fpcNm_KNOB20_e (550) profile=0x7b6136e8a0 procSize=1888 unkSize=0
[DEBUG | dusk] fpcSCtRq_phase_CreateProcess: fpcBs_Create OK proc=0xb400007a191cc074
[DEBUG | dusk] [DIAG] fpcSCtRq_phase_Load: procName=550 ret=4
[DEBUG | dusk] fpcSCtRq_phase_CreateProcess: procName=550
[DEBUG | dusk] fpcBs_Create: pid=295 profname=fpcNm_KNOB20_e (550) profile=0x7b6136e8a0 procSize=1888 unkSize=0
[DEBUG | dusk] fpcSCtRq_phase_CreateProcess: fpcBs_Create OK proc=0xb400007a191cb8f4
[DEBUG | dusk] [DIAG] fpcSCtRq_phase_Load: procName=550 ret=4
[DEBUG | dusk] fpcSCtRq_phase_CreateProcess: procName=550
[DEBUG | dusk] fpcBs_Create: pid=296 profname=fpcNm_KNOB20_e (550) profile=0x7b6136e8a0 procSize=1888 unkSize=0
[DEBUG | dusk] fpcSCtRq_phase_CreateProcess: fpcBs_Create OK proc=0xb400007a191cb174
[DEBUG | dusk] [DIAG] fpcSCtRq_phase_Load: procName=550 ret=4
[DEBUG | dusk] fpcSCtRq_phase_CreateProcess: procName=550
[DEBUG | dusk] fpcBs_Create: pid=297 profname=fpcNm_KNOB20_e (550) profile=0x7b6136e8a0 procSize=1888 unkSize=0
[DEBUG | dusk] fpcSCtRq_phase_CreateProcess: fpcBs_Create OK proc=0xb400007a191ca9f4
[DEBUG | dusk] [DIAG] fpcSCtRq_phase_Load: procName=721 ret=4
[DEBUG | dusk] fpcSCtRq_phase_CreateProcess: procName=721
[DEBUG | dusk] fpcBs_Create: pid=298 profname=fpcNm_TAG_EVENT_e (721) profile=0x7b61370480 procSize=1640 unkSize=0
[DEBUG | dusk] fpcSCtRq_phase_CreateProcess: fpcBs_Create OK proc=0xb400007a191f3b60
[DEBUG | dusk] [DIAG] fpcSCtRq_phase_Load: procName=708 ret=4
[DEBUG | dusk] fpcSCtRq_phase_CreateProcess: procName=708
[DEBUG | dusk] fpcBs_Create: pid=299 profname=fpcNm_Tag_Mstop_e (708) profile=0x7b61377de8 procSize=1768 unkSize=0
[DEBUG | dusk] fpcSCtRq_phase_CreateProcess: fpcBs_Create OK proc=0xb400007a191ca2ec
[DEBUG | dusk] [DIAG] fpcSCtRq_phase_Load: procName=708 ret=4
[DEBUG | dusk] fpcSCtRq_phase_CreateProcess: procName=708
[DEBUG | dusk] fpcBs_Create: pid=300 profname=fpcNm_Tag_Mstop_e (708) profile=0x7b61377de8 procSize=1768 unkSize=0
[DEBUG | dusk] fpcSCtRq_phase_CreateProcess: fpcBs_Create OK proc=0xb400007a191c9be4
[DEBUG | dusk] [DIAG] fpcSCtRq_phase_Load: procName=705 ret=4
[DEBUG | dusk] fpcSCtRq_phase_CreateProcess: procName=705
[DEBUG | dusk] fpcBs_Create: pid=301 profname=fpcNm_Tag_Mhint_e (705) profile=0x7b61377d30 procSize=1768 unkSize=0
[DEBUG | dusk] fpcSCtRq_phase_CreateProcess: fpcBs_Create OK proc=0xb400007a191c94dc
[DEBUG | dusk] [DIAG] fpcSCtRq_phase_Load: procName=708 ret=4
[DEBUG | dusk] fpcSCtRq_phase_CreateProcess: procName=708
[DEBUG | dusk] fpcBs_Create: pid=302 profname=fpcNm_Tag_Mstop_e (708) profile=0x7b61377de8 procSize=1768 unkSize=0
[DEBUG | dusk] fpcSCtRq_phase_CreateProcess: fpcBs_Create OK proc=0xb400007a191c8dd4
[DEBUG | dusk] [DIAG] fpcSCtRq_phase_Load: procName=708 ret=4
[DEBUG | dusk] fpcSCtRq_phase_CreateProcess: procName=708
[DEBUG | dusk] fpcBs_Create: pid=303 profname=fpcNm_Tag_Mstop_e (708) profile=0x7b61377de8 procSize=1768 unkSize=0
[DEBUG | dusk] fpcSCtRq_phase_CreateProcess: fpcBs_Create OK proc=0xb400007a191c86cc
[DEBUG | dusk] [DIAG] fpcSCtRq_phase_Load: procName=708 ret=4
[DEBUG | dusk] fpcSCtRq_phase_CreateProcess: procName=708
[DEBUG | dusk] fpcBs_Create: pid=304 profname=fpcNm_Tag_Mstop_e (708) profile=0x7b61377de8 procSize=1768 unkSize=0
[DEBUG | dusk] fpcSCtRq_phase_CreateProcess: fpcBs_Create OK proc=0xb400007a191f26f4
[DEBUG | dusk] [DIAG] fpcSCtRq_phase_Load: procName=549 ret=4
[DEBUG | dusk] fpcSCtRq_phase_CreateProcess: procName=549
[DEBUG | dusk] fpcBs_Create: pid=305 profname=fpcNm_SWC00_e (549) profile=0x7b613774d0 procSize=1664 unkSize=0
[DEBUG | dusk] fpcSCtRq_phase_CreateProcess: fpcBs_Create OK proc=0xb400007a191c802c
[DEBUG | dusk] [DIAG] fpcSCtRq_phase_Load: procName=682 ret=4
[DEBUG | dusk] fpcSCtRq_phase_CreateProcess: procName=682
[DEBUG | dusk] fpcBs_Create: pid=306 profname=fpcNm_KYTAG00_e (682) profile=0x7b6136ee70 procSize=1664 unkSize=0
[DEBUG | dusk] fpcSCtRq_phase_CreateProcess: fpcBs_Create OK proc=0xb400007a191c798c
[DEBUG | dusk] [DIAG] fpcSCtRq_phase_Load: procName=682 ret=4
[DEBUG | dusk] fpcSCtRq_phase_CreateProcess: procName=682
[DEBUG | dusk] fpcBs_Create: pid=307 profname=fpcNm_KYTAG00_e (682) profile=0x7b6136ee70 procSize=1664 unkSize=0
[DEBUG | dusk] fpcSCtRq_phase_CreateProcess: fpcBs_Create OK proc=0xb400007a191c72ec
[DEBUG | dusk] [DIAG] fpcSCtRq_phase_Load: procName=719 ret=4
[DEBUG | dusk] fpcSCtRq_phase_CreateProcess: procName=719
[DEBUG | dusk] fpcBs_Create: pid=308 profname=fpcNm_TAG_CAMERA_e (719) profile=0x7b61370260 procSize=1672 unkSize=0
[DEBUG | dusk] fpcSCtRq_phase_CreateProcess: fpcBs_Create OK proc=0xb400007a191c6c44
[DEBUG | dusk] [DIAG] fpcSCtRq_phase_Load: procName=708 ret=4
[DEBUG | dusk] fpcSCtRq_phase_CreateProcess: procName=708
[DEBUG | dusk] fpcBs_Create: pid=309 profname=fpcNm_Tag_Mstop_e (708) profile=0x7b61377de8 procSize=1768 unkSize=0
[DEBUG | dusk] fpcSCtRq_phase_CreateProcess: fpcBs_Create OK proc=0xb400007a191c653c
[DEBUG | dusk] [DIAG] fpcSCtRq_phase_Load: procName=719 ret=4
[DEBUG | dusk] fpcSCtRq_phase_CreateProcess: procName=719
[DEBUG | dusk] fpcBs_Create: pid=310 profname=fpcNm_TAG_CAMERA_e (719) profile=0x7b61370260 procSize=1672 unkSize=0
[DEBUG | dusk] fpcSCtRq_phase_CreateProcess: fpcBs_Create OK proc=0xb400007a191f204c
[DEBUG | dusk] [DIAG] fpcSCtRq_phase_Load: procName=429 ret=4
[DEBUG | dusk] fpcSCtRq_phase_CreateProcess: procName=429
[DEBUG | dusk] fpcBs_Create: pid=311 profname=fpcNm_Tag_Spring_e (429) profile=0x7b61377ea0 procSize=1632 unkSize=0
[DEBUG | dusk] fpcSCtRq_phase_CreateProcess: fpcBs_Create OK proc=0xb400007a191c5ebc
[DEBUG | dusk] [DIAG] fpcSCtRq_phase_Load: procName=705 ret=4
[DEBUG | dusk] fpcSCtRq_phase_CreateProcess: procName=705
[DEBUG | dusk] fpcBs_Create: pid=312 profname=fpcNm_Tag_Mhint_e (705) profile=0x7b61377d30 procSize=1768 unkSize=0
[DEBUG | dusk] fpcSCtRq_phase_CreateProcess: fpcBs_Create OK proc=0xb400007a191c57b4
[DEBUG | dusk] [DIAG] fpcSCtRq_phase_Load: procName=705 ret=4
[DEBUG | dusk] fpcSCtRq_phase_CreateProcess: procName=705
[DEBUG | dusk] fpcBs_Create: pid=313 profname=fpcNm_Tag_Mhint_e (705) profile=0x7b61377d30 procSize=1768 unkSize=0
[DEBUG | dusk] fpcSCtRq_phase_CreateProcess: fpcBs_Create OK proc=0xb400007a191c50ac
[DEBUG | dusk] [DIAG] fpcSCtRq_phase_Load: procName=706 ret=4
[DEBUG | dusk] fpcSCtRq_phase_CreateProcess: procName=706
[DEBUG | dusk] fpcBs_Create: pid=314 profname=fpcNm_Tag_Mmsg_e (706) profile=0x7b613a76e8 procSize=1648 unkSize=0
[DEBUG | dusk] fpcSCtRq_phase_CreateProcess: fpcBs_Create OK proc=0xb400007a191c4a1c
[DEBUG | dusk] [DIAG] fpcSCtRq_phase_Load: procName=705 ret=4
[DEBUG | dusk] fpcSCtRq_phase_CreateProcess: procName=705
[DEBUG | dusk] fpcBs_Create: pid=315 profname=fpcNm_Tag_Mhint_e (705) profile=0x7b61377d30 procSize=1768 unkSize=0
[DEBUG | dusk] fpcSCtRq_phase_CreateProcess: fpcBs_Create OK proc=0xb400007a191c4314
[DEBUG | dusk] [DIAG] fpcSCtRq_phase_Load: procName=706 ret=4
[DEBUG | dusk] fpcSCtRq_phase_CreateProcess: procName=706
[DEBUG | dusk] fpcBs_Create: pid=316 profname=fpcNm_Tag_Mmsg_e (706) profile=0x7b613a76e8 procSize=1648 unkSize=0
[DEBUG | dusk] fpcSCtRq_phase_CreateProcess: fpcBs_Create OK proc=0xb400007a191f19bc
[DEBUG | dusk] [DIAG] fpcSCtRq_phase_Load: procName=696 ret=4
[DEBUG | dusk] fpcSCtRq_phase_CreateProcess: procName=696
[DEBUG | dusk] fpcBs_Create: pid=317 profname=fpcNm_KYTAG14_e (696) profile=0x7b61372e28 procSize=1640 unkSize=0
[DEBUG | dusk] fpcSCtRq_phase_CreateProcess: fpcBs_Create OK proc=0xb400007a191c3c8c
[DEBUG | dusk] [DIAG] fpcSCtRq_phase_Load: procName=82 ret=4
[DEBUG | dusk] fpcSCtRq_phase_CreateProcess: procName=82
[DEBUG | dusk] fpcBs_Create: pid=318 profname=fpcNm_Obj_Digholl_e (82) profile=0x7b613933a0 procSize=1640 unkSize=0
[DEBUG | dusk] fpcSCtRq_phase_CreateProcess: fpcBs_Create OK proc=0xb400007a191c3604
[DEBUG | dusk] [DIAG] fpcSCtRq_phase_Load: procName=764 ret=4
[DEBUG | dusk] fpcSCtRq_phase_CreateProcess: procName=764
[DEBUG | dusk] fpcBs_Create: pid=319 profname=fpcNm_Obj_Carry_e (764) profile=0x7b6136f960 procSize=4768 unkSize=0
[DEBUG | dusk] fpcSCtRq_phase_CreateProcess: fpcBs_Create OK proc=0xb400007a191c2344
[DEBUG | dusk] [DIAG] fpcSCtRq_phase_Load: procName=764 ret=4
[DEBUG | dusk] fpcSCtRq_phase_CreateProcess: procName=764
[DEBUG | dusk] fpcBs_Create: pid=320 profname=fpcNm_Obj_Carry_e (764) profile=0x7b6136f960 procSize=4768 unkSize=0
[DEBUG | dusk] fpcSCtRq_phase_CreateProcess: fpcBs_Create OK proc=0xb400007a191c1084
[DEBUG | dusk] [DIAG] fpcSCtRq_phase_Load: procName=764 ret=4
[DEBUG | dusk] fpcSCtRq_phase_CreateProcess: procName=764
[DEBUG | dusk] fpcBs_Create: pid=321 profname=fpcNm_Obj_Carry_e (764) profile=0x7b6136f960 procSize=4768 unkSize=0
[DEBUG | dusk] fpcSCtRq_phase_CreateProcess: fpcBs_Create OK proc=0xb400007a191bfdc4
[DEBUG | dusk] [DIAG] fpcSCtRq_phase_Load: procName=764 ret=4
[DEBUG | dusk] fpcSCtRq_phase_CreateProcess: procName=764
[DEBUG | dusk] fpcBs_Create: pid=322 profname=fpcNm_Obj_Carry_e (764) profile=0x7b6136f960 procSize=4768 unkSize=0
[DEBUG | dusk] fpcSCtRq_phase_CreateProcess: fpcBs_Create OK proc=0xb400007a191beb04
[DEBUG | dusk] [DIAG] fpcSCtRq_phase_Load: procName=711 ret=4
[DEBUG | dusk] fpcSCtRq_phase_CreateProcess: procName=711
[DEBUG | dusk] fpcBs_Create: pid=323 profname=fpcNm_Tag_Wljump_e (711) profile=0x7b613a8950 procSize=1768 unkSize=0
[DEBUG | dusk] fpcSCtRq_phase_CreateProcess: fpcBs_Create OK proc=0xb400007a191be3fc
[DEBUG | dusk] [DIAG] fpcSCtRq_phase_Load: procName=283 ret=4
[DEBUG | dusk] fpcSCtRq_phase_CreateProcess: procName=283
[DEBUG | dusk] fpcBs_Create: pid=324 profname=fpcNm_OBJ_KANBAN2_e (283) profile=0x7b61375c80 procSize=3488 unkSize=0
[DEBUG | dusk] fpcSCtRq_phase_CreateProcess: fpcBs_Create OK proc=0xb400007a191bd63c
[DEBUG | dusk] [DIAG] fpcSCtRq_phase_Load: procName=283 ret=4
[DEBUG | dusk] fpcSCtRq_phase_CreateProcess: procName=283
[DEBUG | dusk] fpcBs_Create: pid=325 profname=fpcNm_OBJ_KANBAN2_e (283) profile=0x7b61375c80 procSize=3488 unkSize=0
[DEBUG | dusk] fpcSCtRq_phase_CreateProcess: fpcBs_Create OK proc=0xb400007a191bc87c
[DEBUG | dusk] [DIAG] fpcSCtRq_phase_Load: procName=283 ret=4
[DEBUG | dusk] fpcSCtRq_phase_CreateProcess: procName=283
[DEBUG | dusk] fpcBs_Create: pid=326 profname=fpcNm_OBJ_KANBAN2_e (283) profile=0x7b61375c80 procSize=3488 unkSize=0
[DEBUG | dusk] fpcSCtRq_phase_CreateProcess: fpcBs_Create OK proc=0xb400007a191bbabc
[DEBUG | dusk] [DIAG] fpcSCtRq_phase_Load: procName=129 ret=4
[DEBUG | dusk] fpcSCtRq_phase_CreateProcess: procName=129
[DEBUG | dusk] fpcBs_Create: pid=327 profname=fpcNm_Obj_RiderGate_e (129) profile=0x7b6139ede0 procSize=3992 unkSize=0
[DEBUG | dusk] fpcSCtRq_phase_CreateProcess: fpcBs_Create OK proc=0xb400007a191bab04
[DEBUG | dusk] [DIAG] fpcSCtRq_phase_Load: procName=83 ret=4
[DEBUG | dusk] fpcSCtRq_phase_CreateProcess: procName=83
[DEBUG | dusk] fpcBs_Create: pid=328 profname=fpcNm_Obj_Digpl_e (83) profile=0x7b613757f8 procSize=1712 unkSize=0
[DEBUG | dusk] fpcSCtRq_phase_CreateProcess: fpcBs_Create OK proc=0xb400007a191ba434
[DEBUG | dusk] [DIAG] fpcSCtRq_phase_Load: procName=83 ret=4
[DEBUG | dusk] fpcSCtRq_phase_CreateProcess: procName=83
[DEBUG | dusk] fpcBs_Create: pid=329 profname=fpcNm_Obj_Digpl_e (83) profile=0x7b613757f8 procSize=1712 unkSize=0
[DEBUG | dusk] fpcSCtRq_phase_CreateProcess: fpcBs_Create OK proc=0xb400007a191b9d64
[DEBUG | dusk] [DIAG] fpcSCtRq_phase_Load: procName=83 ret=4
[DEBUG | dusk] fpcSCtRq_phase_CreateProcess: procName=83
[DEBUG | dusk] fpcBs_Create: pid=330 profname=fpcNm_Obj_Digpl_e (83) profile=0x7b613757f8 procSize=1712 unkSize=0
[DEBUG | dusk] fpcSCtRq_phase_CreateProcess: fpcBs_Create OK proc=0xb400007a191b9694
[DEBUG | dusk] [DIAG] fpcSCtRq_phase_Load: procName=83 ret=4
[DEBUG | dusk] fpcSCtRq_phase_CreateProcess: procName=83
[DEBUG | dusk] fpcBs_Create: pid=331 profname=fpcNm_Obj_Digpl_e (83) profile=0x7b613757f8 procSize=1712 unkSize=0
[DEBUG | dusk] fpcSCtRq_phase_CreateProcess: fpcBs_Create OK proc=0xb400007a191b8fc4
[DEBUG | dusk] [DIAG] fpcSCtRq_phase_Load: procName=83 ret=4
[DEBUG | dusk] fpcSCtRq_phase_CreateProcess: procName=83
[DEBUG | dusk] fpcBs_Create: pid=332 profname=fpcNm_Obj_Digpl_e (83) profile=0x7b613757f8 procSize=1712 unkSize=0
[DEBUG | dusk] fpcSCtRq_phase_CreateProcess: fpcBs_Create OK proc=0xb400007a191b88f4
[DEBUG | dusk] [DIAG] fpcSCtRq_phase_Load: procName=283 ret=4
[DEBUG | dusk] fpcSCtRq_phase_CreateProcess: procName=283
[DEBUG | dusk] fpcBs_Create: pid=333 profname=fpcNm_OBJ_KANBAN2_e (283) profile=0x7b61375c80 procSize=3488 unkSize=0
[DEBUG | dusk] fpcSCtRq_phase_CreateProcess: fpcBs_Create OK proc=0xb400007a191b7b34
[DEBUG | dusk] [DIAG] fpcSCtRq_phase_Load: procName=764 ret=4
[DEBUG | dusk] fpcSCtRq_phase_CreateProcess: procName=764
[DEBUG | dusk] fpcBs_Create: pid=334 profname=fpcNm_Obj_Carry_e (764) profile=0x7b6136f960 procSize=4768 unkSize=0
[DEBUG | dusk] fpcSCtRq_phase_CreateProcess: fpcBs_Create OK proc=0xb400007a191b6874
[DEBUG | dusk] [DIAG] fpcSCtRq_phase_Load: procName=764 ret=4
[DEBUG | dusk] fpcSCtRq_phase_CreateProcess: procName=764
[DEBUG | dusk] fpcBs_Create: pid=335 profname=fpcNm_Obj_Carry_e (764) profile=0x7b6136f960 procSize=4768 unkSize=0
[DEBUG | dusk] fpcSCtRq_phase_CreateProcess: fpcBs_Create OK proc=0xb400007a191b55b4
[DEBUG | dusk] [DIAG] fpcSCtRq_phase_Load: procName=696 ret=4
[DEBUG | dusk] fpcSCtRq_phase_CreateProcess: procName=696
[DEBUG | dusk] fpcBs_Create: pid=336 profname=fpcNm_KYTAG14_e (696) profile=0x7b61372e28 procSize=1640 unkSize=0
[DEBUG | dusk] fpcSCtRq_phase_CreateProcess: fpcBs_Create OK proc=0xb400007a191b4f2c
[DEBUG | dusk] [DIAG] fpcSCtRq_phase_Load: procName=130 ret=4
[DEBUG | dusk] fpcSCtRq_phase_CreateProcess: procName=130
[DEBUG | dusk] fpcBs_Create: pid=337 profname=fpcNm_Obj_Onsen_e (130) profile=0x7b6139daf8 procSize=1736 unkSize=0
[DEBUG | dusk] fpcSCtRq_phase_CreateProcess: fpcBs_Create OK proc=0xb400007a191b4844
[DEBUG | dusk] [DIAG] fpcSCtRq_phase_Load: procName=733 ret=4
[DEBUG | dusk] fpcSCtRq_phase_CreateProcess: procName=733
[DEBUG | dusk] fpcBs_Create: pid=338 profname=fpcNm_SET_BG_OBJ_e (733) profile=0x7b6136ff08 procSize=1664 unkSize=0
[DEBUG | dusk] fpcSCtRq_phase_CreateProcess: fpcBs_Create OK proc=0xb400007a191b41a4
[DEBUG | dusk] [DIAG] fpcSCtRq_phase_Load: procName=592 ret=4
[DEBUG | dusk] fpcSCtRq_phase_CreateProcess: procName=592
[DEBUG | dusk] fpcBs_Create: pid=339 profname=fpcNm_NPC_LEN_e (592) profile=0x7b61388150 procSize=5376 unkSize=0
[DEBUG | dusk] fpcSCtRq_phase_CreateProcess: fpcBs_Create OK proc=0xb400007a191b2c84
[DEBUG | dusk] [DIAG] fpcSCtRq_phase_Load: procName=593 ret=4
[DEBUG | dusk] fpcSCtRq_phase_CreateProcess: procName=593
[DEBUG | dusk] fpcBs_Create: pid=340 profname=fpcNm_NPC_LUD_e (593) profile=0x7b613885f8 procSize=5352 unkSize=0
[DEBUG | dusk] fpcSCtRq_phase_CreateProcess: fpcBs_Create OK proc=0xb400007a191b177c
[DEBUG | dusk] [DIAG] fpcSCtRq_phase_Load: procName=605 ret=4
[DEBUG | dusk] fpcSCtRq_phase_CreateProcess: procName=605
[DEBUG | dusk] fpcBs_Create: pid=341 profname=fpcNm_NPC_KOLIN_e (605) profile=0x7b61374460 procSize=5432 unkSize=0
[DEBUG | dusk] fpcSCtRq_phase_CreateProcess: fpcBs_Create OK proc=0xb400007a191b0224
[DEBUG | dusk] [DIAG] fpcSCtRq_phase_Load: procName=581 ret=4
[DEBUG | dusk] fpcSCtRq_phase_CreateProcess: procName=581
[DEBUG | dusk] fpcBs_Create: pid=342 profname=fpcNm_NPC_BESU_e (581) profile=0x7b613734a8 procSize=5856 unkSize=0
[DEBUG | dusk] fpcSCtRq_phase_CreateProcess: fpcBs_Create OK proc=0xb400007a191aeb24
[DEBUG | dusk] [DIAG] fpcSCtRq_phase_Load: procName=608 ret=4
[DEBUG | dusk] fpcSCtRq_phase_CreateProcess: procName=608
[DEBUG | dusk] fpcBs_Create: pid=343 profname=fpcNm_NPC_MARO_e (608) profile=0x7b61374a00 procSize=5800 unkSize=0
[DEBUG | dusk] fpcSCtRq_phase_CreateProcess: fpcBs_Create OK proc=0xb400007a191ad45c
[DEBUG | dusk] [DIAG] fpcSCtRq_phase_Load: procName=622 ret=4
[DEBUG | dusk] fpcSCtRq_phase_CreateProcess: procName=622
[DEBUG | dusk] fpcBs_Create: pid=344 profname=fpcNm_NPC_TARO_e (622) profile=0x7b61375050 procSize=6104 unkSize=0
[DEBUG | dusk] fpcSCtRq_phase_CreateProcess: fpcBs_Create OK proc=0xb400007a191abc64
[DEBUG | dusk] [DIAG] fpcSCtRq_phase_Load: procName=592 ret=4
[DEBUG | dusk] fpcSCtRq_phase_CreateProcess: procName=592
[DEBUG | dusk] fpcBs_Create: pid=345 profname=fpcNm_NPC_LEN_e (592) profile=0x7b61388150 procSize=5376 unkSize=0
[DEBUG | dusk] fpcSCtRq_phase_CreateProcess: fpcBs_Create OK proc=0xb400007a191aa744
[DEBUG | dusk] [DIAG] fpcSCtRq_phase_Load: procName=696 ret=4
[DEBUG | dusk] fpcSCtRq_phase_CreateProcess: procName=696
[DEBUG | dusk] fpcBs_Create: pid=346 profname=fpcNm_KYTAG14_e (696) profile=0x7b61372e28 procSize=1640 unkSize=0
[DEBUG | dusk] fpcSCtRq_phase_CreateProcess: fpcBs_Create OK proc=0xb400007a191aa0bc
[DEBUG | dusk] [DIAG] fpcSCtRq_phase_Load: procName=711 ret=4
[DEBUG | dusk] fpcSCtRq_phase_CreateProcess: procName=711
[DEBUG | dusk] fpcBs_Create: pid=347 profname=fpcNm_Tag_Wljump_e (711) profile=0x7b613a8950 procSize=1768 unkSize=0
[DEBUG | dusk] fpcSCtRq_phase_CreateProcess: fpcBs_Create OK proc=0xb400007a191a99b4
[DEBUG | dusk] [DIAG] fpcSCtRq_phase_Load: procName=83 ret=4
[DEBUG | dusk] fpcSCtRq_phase_CreateProcess: procName=83
[DEBUG | dusk] fpcBs_Create: pid=348 profname=fpcNm_Obj_Digpl_e (83) profile=0x7b613757f8 procSize=1712 unkSize=0
[DEBUG | dusk] fpcSCtRq_phase_CreateProcess: fpcBs_Create OK proc=0xb400007a191a92e4
[DEBUG | dusk] [DIAG] fpcSCtRq_phase_Load: procName=764 ret=4
[DEBUG | dusk] fpcSCtRq_phase_CreateProcess: procName=764
[DEBUG | dusk] fpcBs_Create: pid=349 profname=fpcNm_Obj_Carry_e (764) profile=0x7b6136f960 procSize=4768 unkSize=0
[DEBUG | dusk] fpcSCtRq_phase_CreateProcess: fpcBs_Create OK proc=0xb400007a191a8024
[DEBUG | dusk] [DIAG] fpcSCtRq_phase_Load: procName=764 ret=4
[DEBUG | dusk] fpcSCtRq_phase_CreateProcess: procName=764
[DEBUG | dusk] fpcBs_Create: pid=350 profname=fpcNm_Obj_Carry_e (764) profile=0x7b6136f960 procSize=4768 unkSize=0
[DEBUG | dusk] fpcSCtRq_phase_CreateProcess: fpcBs_Create OK proc=0xb400007a191a6d64
[DEBUG | dusk] [DIAG] fpcSCtRq_phase_Load: procName=788 ret=4
[DEBUG | dusk] fpcSCtRq_phase_CreateProcess: procName=788
[DEBUG | dusk] fpcBs_Create: pid=351 profname=fpcNm_MENUWINDOW_e (788) profile=0x7b61367e20 procSize=592 unkSize=0
[DEBUG | dusk] fpcSCtRq_phase_CreateProcess: fpcBs_Create OK proc=0xb400007a191ef34c
[DEBUG | dusk] [DIAG] fpcSCtRq_phase_Load: procName=787 ret=4
[DEBUG | dusk] fpcSCtRq_phase_CreateProcess: procName=787
[DEBUG | dusk] fpcBs_Create: pid=352 profname=fpcNm_MSG_OBJECT_e (787) profile=0x7b61368a98 procSize=1512 unkSize=0
[DEBUG | dusk] fpcSCtRq_phase_CreateProcess: fpcBs_Create OK proc=0xb400007a191a675c
[DEBUG | dusk] Loading Resource: al_kantera.bmd (Size: 21024)
[DEBUG | dusk] Loading Resource: ef_ktglow.bmd (Size: 3040)
[DEBUG | dusk] Loading Resource: al.bmd (Size: 176288)
[DEBUG | dusk] Loading Resource: al_bootsh.bmd (Size: 22048)
[DEBUG | dusk] Loading Resource: al_face.bmd (Size: 72576)
[DEBUG | dusk] Loading Resource: al_hands.bmd (Size: 61056)
[DEBUG | dusk] Loading Resource: al_head.bmd (Size: 33851)
[DEBUG | dusk] Loading Resource: al_swb.bmd (Size: 23552)
[DEBUG | dusk] Loading Resource: ef_ktglow.btk (Size: 512)
[DEBUG | dusk] Loading Resource: model0.bmd (Size: 13312)
[DEBUG | dusk] Loading Resource: model1.bmd (Size: 10656)
[DEBUG | dusk] Loading Resource: model0.dzb (Size: 832)
[DEBUG | dusk] Loading Resource: spec.dat (Size: 148)
[DEBUG | dusk] Loading Resource: k_takaraa.bck (Size: 448)
[DEBUG | dusk] Loading Resource: k_takarab.bck (Size: 448)
[DEBUG | dusk] Loading Resource: k_takarab_slow.bck (Size: 448)
[DEBUG | dusk] Loading Resource: boxa.bmd (Size: 22912)
[DEBUG | dusk] Loading Resource: boxb.bmd (Size: 27232)
[DEBUG | dusk] Loading Resource: ef_boxb.bmd (Size: 13504)
[DEBUG | dusk] Loading Resource: k_tboxn.bmd (Size: 2048)
[DEBUG | dusk] Loading Resource: boxa.brk (Size: 416)
[DEBUG | dusk] Loading Resource: ef_boxb.brk (Size: 256)
[DEBUG | dusk] Loading Resource: boxa.btk (Size: 416)
[DEBUG | dusk] Loading Resource: boxac.dzb (Size: 640)
[DEBUG | dusk] Loading Resource: boxao.dzb (Size: 928)
[DEBUG | dusk] Loading Resource: boxbc.dzb (Size: 640)
[DEBUG | dusk] Loading Resource: boxbo.dzb (Size: 928)
[DEBUG | dusk] Loading Resource: fdoora.bck (Size: 352)
[DEBUG | dusk] Loading Resource: fdoorb.bck (Size: 320)
[DEBUG | dusk] Loading Resource: door-knobdummy.bmd (Size: 1792)
[DEBUG | dusk] Loading Resource: door-pushdoubledummy.bmd (Size: 2752)
[DEBUG | dusk] Loading Resource: door-knob.dzb (Size: 480)
[DEBUG | dusk] Loading Resource: door-pushdouble.dzb (Size: 480)
[DEBUG | dusk] Loading Resource: door-shutter.dzb (Size: 448)
[DEBUG | dusk] Loading Resource: door-shutterbig.dzb (Size: 768)
[DEBUG | dusk] Loading Resource: door-shutterboss.dzb (Size: 704)
[DEBUG | dusk] Loading Resource: door-shutterlv9.dzb (Size: 768)
[DEBUG | dusk] Loading Resource: j_hako_00.bmd (Size: 13312)
[DEBUG | dusk] Loading Resource: j_hako_00.dzb (Size: 608)
[DEBUG | dusk] Loading Resource: j_kanban00.bmd (Size: 11456)
[DEBUG | dusk] Loading Resource: j_kanban00_01.bmd (Size: 2336)
[DEBUG | dusk] Loading Resource: j_kanban00_02.bmd (Size: 2336)
[DEBUG | dusk] Loading Resource: j_kanban00_03.bmd (Size: 2304)
[DEBUG | dusk] Loading Resource: j_kanban00_04.bmd (Size: 2304)
[DEBUG | dusk] Loading Resource: j_kanban00_05.bmd (Size: 2304)
[DEBUG | dusk] Loading Resource: j_kanban00_06.bmd (Size: 2336)
[DEBUG | dusk] Loading Resource: j_kanban00_07.bmd (Size: 2336)
[DEBUG | dusk] Loading Resource: j_kanban00_08.bmd (Size: 2336)
[DEBUG | dusk] Loading Resource: j_kanban00_09.bmd (Size: 2400)
[DEBUG | dusk] Loading Resource: j_kanban00_10.bmd (Size: 2400)
[DEBUG | dusk] Loading Resource: j_kanban00_11.bmd (Size: 2368)
[DEBUG | dusk] Loading Resource: j_kanban00_12.bmd (Size: 2368)
[DEBUG | dusk] Loading Resource: j_kanban00_13.bmd (Size: 2368)
[DEBUG | dusk] Loading Resource: j_kanban00_14.bmd (Size: 2368)
[DEBUG | dusk] Loading Resource: j_kanban00_15.bmd (Size: 2368)
[DEBUG | dusk] Loading Resource: j_kanban00_16.bmd (Size: 2368)
[DEBUG | dusk] Loading Resource: j_kanban00_17.bmd (Size: 2400)
[DEBUG | dusk] Loading Resource: j_kanban00_18.bmd (Size: 2400)
[DEBUG | dusk] Loading Resource: m_ridergate.bmd (Size: 24544)
[DEBUG | dusk] Loading Resource: m_ridergate_hook.bmd (Size: 3648)
[DEBUG | dusk] Loading Resource: m_ridergate_key.bmd (Size: 3232)
[DEBUG | dusk] Loading Resource: m_ridergate.dzb (Size: 672)
[DEBUG | dusk] Loading Resource: event_list.dat (Size: 2020)
[DEBUG | dusk] Loading Resource: h_kakaonsen.bmd (Size: 3488)
[DEBUG | dusk] Loading Resource: h_kakaonsenb.bmd (Size: 3616)
[DEBUG | dusk] Loading Resource: h_kakaonsenb.btk (Size: 320)
[DEBUG | dusk] Loading Resource: h_kakaonsen.dzb (Size: 1280)
[DEBUG | dusk] Loading Resource: model0.bmd (Size: 20864)
[DEBUG | dusk] Loading Resource: model0.dzb (Size: 9344)
[DEBUG | dusk] Loading Resource: spec.dat (Size: 8)
[DEBUG | dusk] Loading Resource: len_f_talk_a.bck (Size: 2848)
[DEBUG | dusk] Loading Resource: len_step.bck (Size: 3744)
[DEBUG | dusk] Loading Resource: len_wait_a.bck (Size: 3616)
[DEBUG | dusk] Loading Resource: len.bmd (Size: 140032)
[DEBUG | dusk] Loading Resource: len.btk (Size: 256)
[DEBUG | dusk] Loading Resource: len.btp (Size: 128)
[DEBUG | dusk] Loading Resource: len_dislike_a.bck (Size: 3744)
[DEBUG | dusk] Loading Resource: len_dislike_b.bck (Size: 3552)
[DEBUG | dusk] Loading Resource: len_evade_a.bck (Size: 5216)
[DEBUG | dusk] Loading Resource: len_evade_b.bck (Size: 3840)
[DEBUG | dusk] Loading Resource: len_evade_c.bck (Size: 3808)
[DEBUG | dusk] Loading Resource: len_f_dislike_a.bck (Size: 3776)
[DEBUG | dusk] Loading Resource: len_f_dislike_b.bck (Size: 2976)
[DEBUG | dusk] Loading Resource: len_f_evade_a.bck (Size: 3104)
[DEBUG | dusk] Loading Resource: len_f_talk_b.bck (Size: 3040)
[DEBUG | dusk] Loading Resource: len_f_talk_c.bck (Size: 3136)
[DEBUG | dusk] Loading Resource: len_f_talk_d.bck (Size: 3168)
[DEBUG | dusk] Loading Resource: len_f_wait_bc_connect.bck (Size: 2752)
[DEBUG | dusk] Loading Resource: len_f_wait_c.bck (Size: 3680)
[DEBUG | dusk] Loading Resource: len_f_wait_d.bck (Size: 2400)
[DEBUG | dusk] Loading Resource: len_f_wait_e.bck (Size: 2688)
[DEBUG | dusk] Loading Resource: len_fh_dislike_b.bck (Size: 2592)
[DEBUG | dusk] Loading Resource: len_fh_evade_b.bck (Size: 2368)
[DEBUG | dusk] Loading Resource: len_fh_talk_c.bck (Size: 2368)
[DEBUG | dusk] Loading Resource: len_fh_talk_d.bck (Size: 2368)
[DEBUG | dusk] Loading Resource: len_fh_wait_c.bck (Size: 2368)
[DEBUG | dusk] Loading Resource: len_fh_wait_d.bck (Size: 2368)
[DEBUG | dusk] Loading Resource: len_talk_a.bck (Size: 5920)
[DEBUG | dusk] Loading Resource: len_talk_c.bck (Size: 7744)
[DEBUG | dusk] Loading Resource: len_wait_b.bck (Size: 4096)
[DEBUG | dusk] Loading Resource: len_wait_bc_connect.bck (Size: 4064)
[DEBUG | dusk] Loading Resource: len_wait_c.bck (Size: 4192)
[DEBUG | dusk] Loading Resource: len_wait_d.bck (Size: 3840)
[DEBUG | dusk] Loading Resource: len_wait_e.bck (Size: 3968)
[DEBUG | dusk] Loading Resource: len_walk_a.bck (Size: 5440)
[DEBUG | dusk] Loading Resource: len_f_dislike_a.btk (Size: 480)
[DEBUG | dusk] Loading Resource: len_f_dislike_b.btk (Size: 640)
[DEBUG | dusk] Loading Resource: len_fh_dislike_b.btk (Size: 288)
[DEBUG | dusk] Loading Resource: len_f_dislike_a.btp (Size: 288)
[DEBUG | dusk] Loading Resource: len_f_dislike_b.btp (Size: 288)
[DEBUG | dusk] Loading Resource: len_f_evade_a.btp (Size: 288)
[DEBUG | dusk] Loading Resource: len_f_talk_c.btp (Size: 288)
[DEBUG | dusk] Loading Resource: len_f_talk_d.btp (Size: 288)
[DEBUG | dusk] Loading Resource: len_f_wait_c.btp (Size: 288)
[DEBUG | dusk] Loading Resource: len_fh_talk_c.btp (Size: 96)
[DEBUG | dusk] Loading Resource: len_fh_talk_d.btp (Size: 96)
[DEBUG | dusk] Loading Resource: len_fh_wait_c.btp (Size: 96)
[DEBUG | dusk] Loading Resource: event_list.dat (Size: 7916)
[DEBUG | dusk] Loading Resource: lud_f_talk_a.bck (Size: 2688)
[DEBUG | dusk] Loading Resource: lud_step.bck (Size: 3104)
[DEBUG | dusk] Loading Resource: lud_wait_a.bck (Size: 3520)
[DEBUG | dusk] Loading Resource: lud.bmd (Size: 141984)
[DEBUG | dusk] Loading Resource: lud.btk (Size: 256)
[DEBUG | dusk] Loading Resource: lud.btp (Size: 128)
[DEBUG | dusk] Loading Resource: lud_f_fear_a.bck (Size: 2688)
[DEBUG | dusk] Loading Resource: lud_fear_a.bck (Size: 12000)
[DEBUG | dusk] Loading Resource: lud_talk_a.bck (Size: 5760)
[DEBUG | dusk] Loading Resource: lud_talk_b.bck (Size: 4544)
[DEBUG | dusk] Loading Resource: lud_f_fear_a.btp (Size: 288)
[DEBUG | dusk] Loading Resource: kolin_f_talk_a.bck (Size: 2368)
[DEBUG | dusk] Loading Resource: kolin_step.bck (Size: 3680)
[DEBUG | dusk] Loading Resource: kolin_wait_a.bck (Size: 2784)
[DEBUG | dusk] Loading Resource: kolin.bmd (Size: 118848)
[DEBUG | dusk] Loading Resource: kolin.btk (Size: 256)
[DEBUG | dusk] Loading Resource: kolin.btp (Size: 128)
[DEBUG | dusk] Loading Resource: kolin_f_talk_a.btp (Size: 288)
[DEBUG | dusk] Loading Resource: kolin_clup.bck (Size: 10016)
[DEBUG | dusk] Loading Resource: kolin_f_clup.bck (Size: 2752)
[DEBUG | dusk] Loading Resource: kolin_f_happy_talk.bck (Size: 2080)
[DEBUG | dusk] Loading Resource: kolin_f_kizuku.bck (Size: 2368)
[DEBUG | dusk] Loading Resource: kolin_f_normal_talk.bck (Size: 3232)
[DEBUG | dusk] Loading Resource: kolin_f_stone.bck (Size: 1984)
[DEBUG | dusk] Loading Resource: kolin_f_walk_a.bck (Size: 1792)
[DEBUG | dusk] Loading Resource: kolin_fh_kizuku.bck (Size: 1760)
[DEBUG | dusk] Loading Resource: kolin_fh_normal_talk.bck (Size: 1792)
[DEBUG | dusk] Loading Resource: kolin_fh_wait_d.bck (Size: 1792)
[DEBUG | dusk] Loading Resource: kolin_haihai.bck (Size: 4928)
[DEBUG | dusk] Loading Resource: kolin_happy_talk.bck (Size: 3168)
[DEBUG | dusk] Loading Resource: kolin_happy_wait.bck (Size: 2432)
[DEBUG | dusk] Loading Resource: kolin_normal_talk.bck (Size: 5632)
[DEBUG | dusk] Loading Resource: kolin_nozoku.bck (Size: 6560)
[DEBUG | dusk] Loading Resource: kolin_run.bck (Size: 5312)
[DEBUG | dusk] Loading Resource: kolin_stone.bck (Size: 5472)
[DEBUG | dusk] Loading Resource: kolin_talk_a.bck (Size: 4608)
[DEBUG | dusk] Loading Resource: kolin_turn.bck (Size: 4864)
[DEBUG | dusk] Loading Resource: kolin_wait_b.bck (Size: 4896)
[DEBUG | dusk] Loading Resource: kolin_wait_c.bck (Size: 2720)
[DEBUG | dusk] Loading Resource: kolin_wait_d.bck (Size: 3104)
[DEBUG | dusk] Loading Resource: kolin_walk_a.bck (Size: 5632)
[DEBUG | dusk] Loading Resource: kolin_walk_b.bck (Size: 4288)
[DEBUG | dusk] Loading Resource: kolin_clup.btk (Size: 288)
[DEBUG | dusk] Loading Resource: kolin_nozoku.btk (Size: 256)
[DEBUG | dusk] Loading Resource: kolin_stone.btk (Size: 288)
[DEBUG | dusk] Loading Resource: kolin_walk_a.btk (Size: 256)
[DEBUG | dusk] Loading Resource: kolin_f_clup.btp (Size: 256)
[DEBUG | dusk] Loading Resource: kolin_f_kizuku.btp (Size: 160)
[DEBUG | dusk] Loading Resource: kolin_f_stone.btp (Size: 192)
[DEBUG | dusk] Loading Resource: kolin_f_walk_a.btp (Size: 96)
[DEBUG | dusk] Loading Resource: kolin_fh_wait_d.btp (Size: 96)
[DEBUG | dusk] Loading Resource: event_list.dat (Size: 19728)
[DEBUG | dusk] Loading Resource: besu_body_talk.bck (Size: 4288)
[DEBUG | dusk] Loading Resource: besu_body_wait.bck (Size: 2496)
[DEBUG | dusk] Loading Resource: besu_f_talk_c.bck (Size: 2016)
[DEBUG | dusk] Loading Resource: besu_f_yokeru.bck (Size: 1536)
[DEBUG | dusk] Loading Resource: besu_fh_bikkuri.bck (Size: 1536)
[DEBUG | dusk] Loading Resource: besu_mad.bck (Size: 4320)
[DEBUG | dusk] Loading Resource: besu_mad_wait.bck (Size: 2560)
[DEBUG | dusk] Loading Resource: besu_normal_step.bck (Size: 3072)
[DEBUG | dusk] Loading Resource: besu_normal_talk.bck (Size: 4416)
[DEBUG | dusk] Loading Resource: besu_normal_talk_b.bck (Size: 4064)
[DEBUG | dusk] Loading Resource: besu_normal_wait.bck (Size: 2496)
[DEBUG | dusk] Loading Resource: besu_step.bck (Size: 2976)
[DEBUG | dusk] Loading Resource: besu_wait_a.bck (Size: 2560)
[DEBUG | dusk] Loading Resource: besu_wait_c.bck (Size: 2080)
[DEBUG | dusk] Loading Resource: besu_yokeru.bck (Size: 3296)
[DEBUG | dusk] Loading Resource: besu.btk (Size: 256)
[DEBUG | dusk] Loading Resource: besu.btp (Size: 128)
[DEBUG | dusk] Loading Resource: besu_f_yokeru.btp (Size: 160)
[DEBUG | dusk] Loading Resource: besu_fh_bikkuri.btp (Size: 160)
[DEBUG | dusk] Loading Resource: besu_f_madtalk.bck (Size: 2144)
[DEBUG | dusk] Loading Resource: besu_f_talk_a.bck (Size: 2080)
[DEBUG | dusk] Loading Resource: besu_f_talk_b.bck (Size: 2400)
[DEBUG | dusk] Loading Resource: besu_f_wait_b.bck (Size: 1504)
[DEBUG | dusk] Loading Resource: besu_fh_madtalk.bck (Size: 1472)
[DEBUG | dusk] Loading Resource: besu_fh_talk_a.bck (Size: 1504)
[DEBUG | dusk] Loading Resource: besu_fh_talk_b.bck (Size: 1568)
[DEBUG | dusk] Loading Resource: besu_run.bck (Size: 4288)
[DEBUG | dusk] Loading Resource: besu_talk_a.bck (Size: 11136)
[DEBUG | dusk] Loading Resource: besu_talk_b.bck (Size: 6176)
[DEBUG | dusk] Loading Resource: besu_wait_b.bck (Size: 2656)
[DEBUG | dusk] Loading Resource: besu_f_madtalk.btp (Size: 288)
[DEBUG | dusk] Loading Resource: besu_f_talk_a.btp (Size: 288)
[DEBUG | dusk] Loading Resource: besu_f_talk_b.btp (Size: 288)
[DEBUG | dusk] Loading Resource: besu_f_wait_b.btp (Size: 96)
[DEBUG | dusk] Loading Resource: besu_fh_madtalk.btp (Size: 96)
[DEBUG | dusk] Loading Resource: besu_fh_talk_a.btp (Size: 96)
[DEBUG | dusk] Loading Resource: besu_fh_talk_b.btp (Size: 96)
[DEBUG | dusk] Loading Resource: event_list.dat (Size: 11492)
[DEBUG | dusk] Loading Resource: besu3_f_worry.bck (Size: 1952)
[DEBUG | dusk] Loading Resource: besu3_fh_worry.bck (Size: 1504)
[DEBUG | dusk] Loading Resource: besu_f_suprise.bck (Size: 2432)
[DEBUG | dusk] Loading Resource: besu_fh_surprise.bck (Size: 1600)
[DEBUG | dusk] Loading Resource: besu_surprise.bck (Size: 3520)
[DEBUG | dusk] Loading Resource: besu3.bmd (Size: 132032)
[DEBUG | dusk] Loading Resource: besu_surprise.btk (Size: 256)
[DEBUG | dusk] Loading Resource: besu3.btp (Size: 128)
[DEBUG | dusk] Loading Resource: besu3_f_surprise.btp (Size: 288)
[DEBUG | dusk] Loading Resource: besu3_f_worry.btp (Size: 288)
[DEBUG | dusk] Loading Resource: besu3_fh_surprise.btp (Size: 256)
[DEBUG | dusk] Loading Resource: besu3_fh_worry.btp (Size: 96)
[DEBUG | dusk] Loading Resource: event_list.dat (Size: 2776)
[DEBUG | dusk] Loading Resource: maro_f_talk_a.bck (Size: 1824)
[DEBUG | dusk] Loading Resource: maro_step.bck (Size: 3456)
[DEBUG | dusk] Loading Resource: maro_wait_a.bck (Size: 2624)
[DEBUG | dusk] Loading Resource: maro.bmd (Size: 106624)
[DEBUG | dusk] Loading Resource: maro.btk (Size: 256)
[DEBUG | dusk] Loading Resource: maro.btp (Size: 128)
[DEBUG | dusk] Loading Resource: maro_f_talk_a.btp (Size: 224)
[DEBUG | dusk] Loading Resource: maro_f_surprise.bck (Size: 1696)
[DEBUG | dusk] Loading Resource: maro_f_talk_b.bck (Size: 1696)
[DEBUG | dusk] Loading Resource: maro_f_talk_c.bck (Size: 1696)
[DEBUG | dusk] Loading Resource: maro_fh_surprise.bck (Size: 1536)
[DEBUG | dusk] Loading Resource: maro_run.bck (Size: 3968)
[DEBUG | dusk] Loading Resource: maro_stop.bck (Size: 3968)
[DEBUG | dusk] Loading Resource: maro_talk_a.bck (Size: 3200)
[DEBUG | dusk] Loading Resource: maro_talk_b.bck (Size: 5888)
[DEBUG | dusk] Loading Resource: maro_talk_c.bck (Size: 11296)
[DEBUG | dusk] Loading Resource: maro_talk_b.btk (Size: 256)
[DEBUG | dusk] Loading Resource: maro_talk_c.btk (Size: 256)
[DEBUG | dusk] Loading Resource: maro_f_surprise.btp (Size: 192)
[DEBUG | dusk] Loading Resource: maro_f_talk_b.btp (Size: 288)
[DEBUG | dusk] Loading Resource: maro_f_talk_c.btp (Size: 320)
[DEBUG | dusk] Loading Resource: maro_fh_surprise.btp (Size: 96)
[DEBUG | dusk] Loading Resource: event_list.dat (Size: 4392)
[DEBUG | dusk] Loading Resource: taro.bmd (Size: 117440)
[DEBUG | dusk] Loading Resource: taro_f_normal.btp (Size: 128)
[DEBUG | dusk] Loading Resource: taro_defense_a.bck (Size: 3328)
[DEBUG | dusk] Loading Resource: taro_f_close.bck (Size: 1792)
[DEBUG | dusk] Loading Resource: taro_f_normal.bck (Size: 2496)
[DEBUG | dusk] Loading Resource: taro_step.bck (Size: 2944)
[DEBUG | dusk] Loading Resource: taro_wait_a.bck (Size: 2912)
[DEBUG | dusk] Loading Resource: taro.btk (Size: 256)
[DEBUG | dusk] Loading Resource: taro_f_close.btp (Size: 160)
[DEBUG | dusk] Loading Resource: taro_chop_a.bck (Size: 9856)
[DEBUG | dusk] Loading Resource: taro_chop_b.bck (Size: 8480)
[DEBUG | dusk] Loading Resource: taro_f_panic.bck (Size: 2368)
[DEBUG | dusk] Loading Resource: taro_f_s_get.bck (Size: 2176)
[DEBUG | dusk] Loading Resource: taro_f_sad.bck (Size: 2112)
[DEBUG | dusk] Loading Resource: taro_f_shout.bck (Size: 1952)
[DEBUG | dusk] Loading Resource: taro_f_surprise.bck (Size: 1792)
[DEBUG | dusk] Loading Resource: taro_fh_panic.bck (Size: 1664)
[DEBUG | dusk] Loading Resource: taro_fh_sad.bck (Size: 1664)
[DEBUG | dusk] Loading Resource: taro_fh_surprise.bck (Size: 1696)
[DEBUG | dusk] Loading Resource: taro_run.bck (Size: 5152)
[DEBUG | dusk] Loading Resource: taro_s_chop_a.bck (Size: 13504)
[DEBUG | dusk] Loading Resource: taro_s_chop_b.bck (Size: 14592)
[DEBUG | dusk] Loading Resource: taro_s_get.bck (Size: 16864)
[DEBUG | dusk] Loading Resource: taro_s_run.bck (Size: 5184)
[DEBUG | dusk] Loading Resource: taro_s_wait.bck (Size: 3648)
[DEBUG | dusk] Loading Resource: taro_talk_a.bck (Size: 6496)
[DEBUG | dusk] Loading Resource: taro_talk_b.bck (Size: 3616)
[DEBUG | dusk] Loading Resource: taro_wait_b.bck (Size: 4640)
[DEBUG | dusk] Loading Resource: taro_wait_d.bck (Size: 3488)
[DEBUG | dusk] Loading Resource: taro_wait_e.bck (Size: 5408)
[DEBUG | dusk] Loading Resource: taro_wait_f.bck (Size: 2944)
[DEBUG | dusk] Loading Resource: taro_stick_a.bmd (Size: 14688)
[DEBUG | dusk] Loading Resource: taro_swb.bmd (Size: 21664)
[DEBUG | dusk] Loading Resource: taro_s_get.btk (Size: 512)
[DEBUG | dusk] Loading Resource: taro_talk_c.btk (Size: 384)
[DEBUG | dusk] Loading Resource: taro_talk_e.btk (Size: 256)
[DEBUG | dusk] Loading Resource: taro_tark_d.btk (Size: 448)
[DEBUG | dusk] Loading Resource: taro_f_panic.btp (Size: 288)
[DEBUG | dusk] Loading Resource: taro_f_s_get.btp (Size: 320)
[DEBUG | dusk] Loading Resource: taro_f_sad.btp (Size: 288)
[DEBUG | dusk] Loading Resource: taro_f_shout.btp (Size: 192)
[DEBUG | dusk] Loading Resource: taro_f_surprise.btp (Size: 160)
[DEBUG | dusk] Loading Resource: taro_fh_panic.btp (Size: 96)
[DEBUG | dusk] Loading Resource: taro_fh_sad.btp (Size: 96)
[DEBUG | dusk] Loading Resource: taro_fh_surprise.btp (Size: 224)
[DEBUG | dusk] Loading Resource: event_list.dat (Size: 66960)
[DEBUG | dusk] Loading Resource: taro_f_anger.bck (Size: 2208)
[DEBUG | dusk] Loading Resource: taro_f_smile.bck (Size: 2144)
[DEBUG | dusk] Loading Resource: taro_fh_anger.bck (Size: 1632)
[DEBUG | dusk] Loading Resource: taro_fh_smile.bck (Size: 1632)
[DEBUG | dusk] Loading Resource: taro_to_wait_c.bck (Size: 3744)
[DEBUG | dusk] Loading Resource: taro_victory_a.bck (Size: 6048)
[DEBUG | dusk] Loading Resource: taro_wait_c.bck (Size: 3008)
[DEBUG | dusk] Loading Resource: taro_f_anger.btp (Size: 288)
[DEBUG | dusk] Loading Resource: taro_f_smile.btp (Size: 288)
[DEBUG | dusk] Loading Resource: taro_fh_smile.btp (Size: 96)
[DEBUG | dusk] [DIAG] fpcSCtRq_phase_Load: procName=734 ret=4
[DEBUG | dusk] fpcSCtRq_phase_CreateProcess: procName=734
[DEBUG | dusk] fpcBs_Create: pid=353 profname=fpcNm_BG_OBJ_e (734) profile=0x7b6136e4d8 procSize=4344 unkSize=0
[DEBUG | dusk] fpcSCtRq_phase_CreateProcess: fpcBs_Create OK proc=0xb400007a191a5644
[DEBUG | dusk] fpcBs_Create: pid=358 profname=fpcNm_Tag_Attp_e (346) profile=0x7b61371d00 procSize=1632 unkSize=0
[DEBUG | dusk] [DIAG] fpcSCtRq_phase_Load: procName=734 ret=4
[DEBUG | dusk] fpcSCtRq_phase_CreateProcess: procName=734
[DEBUG | dusk] fpcBs_Create: pid=354 profname=fpcNm_BG_OBJ_e (734) profile=0x7b6136e4d8 procSize=4344 unkSize=0
[DEBUG | dusk] fpcSCtRq_phase_CreateProcess: fpcBs_Create OK proc=0xb400007a191a3eac
[DEBUG | dusk] fpcBs_Create: pid=360 profname=fpcNm_Tag_Attp_e (346) profile=0x7b61371d00 procSize=1632 unkSize=0
[DEBUG | dusk] [DIAG] fpcSCtRq_phase_Load: procName=734 ret=4
[DEBUG | dusk] fpcSCtRq_phase_CreateProcess: procName=734
[DEBUG | dusk] fpcBs_Create: pid=355 profname=fpcNm_BG_OBJ_e (734) profile=0x7b6136e4d8 procSize=4344 unkSize=0
[DEBUG | dusk] fpcSCtRq_phase_CreateProcess: fpcBs_Create OK proc=0xb400007a191a2714
[DEBUG | dusk] fpcBs_Create: pid=362 profname=fpcNm_Tag_Attp_e (346) profile=0x7b61371d00 procSize=1632 unkSize=0
[DEBUG | dusk] [DIAG] fpcSCtRq_phase_Load: procName=734 ret=4
[DEBUG | dusk] fpcSCtRq_phase_CreateProcess: procName=734
[DEBUG | dusk] fpcBs_Create: pid=356 profname=fpcNm_BG_OBJ_e (734) profile=0x7b6136e4d8 procSize=4344 unkSize=0
[DEBUG | dusk] fpcSCtRq_phase_CreateProcess: fpcBs_Create OK proc=0xb400007a191a0f7c
[INFO | dev.baxlek.zelda_on_epona] cutscene diagnostics: event='NO DATA' demoArc='Demo36_00' cutName='' demoStaffId=-1 room=0 layer=0 horseDemoMode=false titleScreen=false storyHoZeldaActive=false inScriptedCutscene=false alwaysHiddenCutscene=true showInCutscenesToggle=true hideSpawnedZelda=false hasSpawnedZelda=true
[DEBUG | dusk] Loading Resource: event_list.dat (Size: 11912)
[DEBUG | dusk] [DIAG] fpcSCtRq_phase_Load: procName=548 ret=4
[DEBUG | dusk] fpcSCtRq_phase_CreateProcess: procName=548
[DEBUG | dusk] fpcBs_Create: pid=363 profname=fpcNm_HOZELDA_e (548) profile=0x7b6137ee40 procSize=2368 unkSize=0
[DEBUG | dusk] fpcSCtRq_phase_CreateProcess: fpcBs_Create OK proc=0xb400007a191f3180
[DEBUG | dusk] Loading Resource: al_shb.bmd (Size: 15040)
[DEBUG | dusk] Loading Resource: zelh_aldieh.bck (Size: 6240)
[DEBUG | dusk] Loading Resource: zelh_arelordh.bck (Size: 9280)
[DEBUG | dusk] Loading Resource: zelh_ashooth.bck (Size: 5216)
[DEBUG | dusk] Loading Resource: zelh_atbh.bck (Size: 4064)
[DEBUG | dusk] Loading Resource: zelh_barelordh.bck (Size: 1216)
[DEBUG | dusk] Loading Resource: zelh_bashooth.bck (Size: 1952)
[DEBUG | dusk] Loading Resource: zelh_damh.bck (Size: 4864)
[DEBUG | dusk] Loading Resource: zelh_dashh.bck (Size: 6976)
[DEBUG | dusk] Loading Resource: zelh_dstarth.bck (Size: 7584)
[DEBUG | dusk] Loading Resource: zelh_egnd_wh.bck (Size: 6048)
[DEBUG | dusk] Loading Resource: zelh_egnd_whb.bck (Size: 5344)
[DEBUG | dusk] Loading Resource: zelh_jumph.bck (Size: 5600)
[DEBUG | dusk] Loading Resource: zelh_jumphed.bck (Size: 5568)
[DEBUG | dusk] Loading Resource: zelh_jumphst.bck (Size: 4896)
[DEBUG | dusk] Loading Resource: zelh_numbh.bck (Size: 4704)
[DEBUG | dusk] Loading Resource: zelh_standh.bck (Size: 10624)
[DEBUG | dusk] Loading Resource: zelh_standhwc.bck (Size: 14176)
[DEBUG | dusk] Loading Resource: zelh_stoph.bck (Size: 8064)
[DEBUG | dusk] Loading Resource: zelh_stoptostandh.bck (Size: 11648)
[DEBUG | dusk] Loading Resource: zelh_waitbh.bck (Size: 6656)
[DEBUG | dusk] Loading Resource: zelh_waitch.bck (Size: 5184)
[DEBUG | dusk] Loading Resource: zelh_waith.bck (Size: 5216)
[DEBUG | dusk] Loading Resource: o_zg_arow.bmd (Size: 9312)
[DEBUG | dusk] Loading Resource: o_zg_bow.bmd (Size: 17120)
[DEBUG | dusk] Loading Resource: zelh.bmd (Size: 240768)
[DEBUG | dusk] Loading Resource: zelh_fa.btk (Size: 352)
[DEBUG | dusk] Loading Resource: zelh_faldieh.btk (Size: 992)
[DEBUG | dusk] Loading Resource: zelh_fegnd_wh.btk (Size: 352)
[DEBUG | dusk] Loading Resource: zelh_fa.btp (Size: 128)
[DEBUG | dusk] Loading Resource: zelh_faldieh.btp (Size: 864)
[DEBUG | dusk] Loading Resource: zelh_fb.btp (Size: 128)
[DEBUG | dusk] Loading Resource: zelh_fc.btp (Size: 128)
[DEBUG | dusk] Loading Resource: zelh_fmaba01.btp (Size: 160)
[DEBUG | dusk] [DIAG] fpcSCtRq_phase_Load: procName=255 ret=4
[DEBUG | dusk] fpcSCtRq_phase_CreateProcess: procName=255
[DEBUG | dusk] fpcBs_Create: pid=364 profname=fpcNm_MIDNA_e (255) profile=0x7b61371698 procSize=3360 unkSize=0
[DEBUG | dusk] fpcSCtRq_phase_CreateProcess: fpcBs_Create OK proc=0xb400007a191f64ac
[DEBUG | dusk] Loading Resource: s_md_hands.bmd (Size: 19776)
[DEBUG | dusk] Loading Resource: s_md_mask.bmd (Size: 15424)
[DEBUG | dusk] Loading Resource: s_md_gokou.bmd (Size: 3008)
[DEBUG | dusk] Loading Resource: s_md.bmd (Size: 69984)
[DEBUG | dusk] Loading Resource: s_md_hair_hand.bmd (Size: 18944)
[DEBUG | dusk] Loading Resource: s_md_appear.brk (Size: 352)
[DEBUG | dusk] Loading Resource: s_md_gokou_appear.brk (Size: 256)
[DEBUG | dusk] Loading Resource: s_md_hair_hand_appear.brk (Size: 288)
[DEBUG | dusk] Loading Resource: s_md_mask_appear.brk (Size: 256)
[DEBUG | dusk] Loading Resource: s_md_hair_hand_moya.btk (Size: 544)
[DEBUG | dusk] Loading Resource: s_md_hands_moya.btk (Size: 608)
[DEBUG | dusk] Loading Resource: s_md_mask_moya.btk (Size: 320)
[DEBUG | dusk] Loading Resource: s_md_moya.btk (Size: 512)
[DEBUG | dusk] frameInterp: onTypeChange 41 -> 40 (event_type_id=40, leaving_event=false, entering_event=true)
[DEBUG | dusk] frameInterp: presentation sync not requested for ZEV event [CURRENT] (staff idx 25)
[INFO | dev.baxlek.zelda_on_epona] cutscene diagnostics: event='DEFAULT_START' demoArc='Demo36_00' cutName='' demoStaffId=-1 room=0 layer=0 horseDemoMode=true titleScreen=false storyHoZeldaActive=false inScriptedCutscene=true alwaysHiddenCutscene=true showInCutscenesToggle=true hideSpawnedZelda=true hasSpawnedZelda=true
[DEBUG | dusk] fapGm_Execute frame=600
[INFO | dev.baxlek.zelda_on_epona] cutscene diagnostics: event='NOT RUNNING' demoArc='Demo36_00' cutName='' demoStaffId=-1 room=0 layer=0 horseDemoMode=true titleScreen=false storyHoZeldaActive=false inScriptedCutscene=true alwaysHiddenCutscene=true showInCutscenesToggle=true hideSpawnedZelda=true hasSpawnedZelda=true
[INFO | dev.baxlek.zelda_on_epona] cutscene diagnostics: event='NO DATA' demoArc='Demo36_00' cutName='' demoStaffId=-1 room=0 layer=0 horseDemoMode=false titleScreen=false storyHoZeldaActive=false inScriptedCutscene=false alwaysHiddenCutscene=true showInCutscenesToggle=true hideSpawnedZelda=false hasSpawnedZelda=true
[DEBUG | dusk] frameInterp: presentation sync not requested for ZEV event [TALK] (staff idx 47)
[INFO | dev.baxlek.zelda_on_epona] cutscene diagnostics: event='DEFAULT_TALK' demoArc='Demo36_00' cutName='' demoStaffId=-1 room=0 layer=0 horseDemoMode=true titleScreen=false storyHoZeldaActive=false inScriptedCutscene=true alwaysHiddenCutscene=true showInCutscenesToggle=true hideSpawnedZelda=true hasSpawnedZelda=true
[INFO | dev.baxlek.zelda_on_epona] cutscene diagnostics: event='NO DATA' demoArc='Demo36_00' cutName='' demoStaffId=-1 room=0 layer=0 horseDemoMode=false titleScreen=false storyHoZeldaActive=false inScriptedCutscene=false alwaysHiddenCutscene=true showInCutscenesToggle=true hideSpawnedZelda=false hasSpawnedZelda=true
[DEBUG | dusk] frameInterp: onTypeChange 40 -> 41 (event_type_id=40, leaving_event=true, entering_event=false)
[DEBUG | dusk] fapGm_Execute frame=900
[DEBUG | dusk] fpcBs_Create: pid=366 profname=fpcNm_DEMO00_e (718) profile=0x7b61371470 procSize=11112 unkSize=0
[DEBUG | dusk] fpcBs_Create: pid=368 profname=fpcNm_DEMO00_e (718) profile=0x7b61371470 procSize=11112 unkSize=0
[DEBUG | dusk] fpcBs_Create: pid=370 profname=fpcNm_DEMO00_e (718) profile=0x7b61371470 procSize=11112 unkSize=0
[DEBUG | dusk] fpcBs_Create: pid=372 profname=fpcNm_DEMO00_e (718) profile=0x7b61371470 procSize=11112 unkSize=0
[DEBUG | dusk] frameInterp: onTypeChange 41 -> 40 (event_type_id=40, leaving_event=false, entering_event=true)
[DEBUG | dusk] frameInterp: presentation sync not requested for ZEV event [STBWAIT] (staff idx 48)
[INFO | dev.baxlek.zelda_on_epona] cutscene diagnostics: event='demo36_01' demoArc='Demo36_00' cutName='' demoStaffId=-1 room=0 layer=0 horseDemoMode=true titleScreen=false storyHoZeldaActive=false inScriptedCutscene=true alwaysHiddenCutscene=true showInCutscenesToggle=true hideSpawnedZelda=true hasSpawnedZelda=true
[DEBUG | dusk] fapGm_Execute frame=1200
[DEBUG | dusk] fapGm_Execute frame=1500
[DEBUG | dusk] fapGm_Execute frame=1800
[INFO | dev.baxlek.zelda_on_epona] cutscene diagnostics: event='NOT RUNNING' demoArc='Demo36_00' cutName='' demoStaffId=-1 room=0 layer=0 horseDemoMode=true titleScreen=false storyHoZeldaActive=false inScriptedCutscene=true alwaysHiddenCutscene=true showInCutscenesToggle=true hideSpawnedZelda=true hasSpawnedZelda=true
[INFO | dev.baxlek.zelda_on_epona] cutscene diagnostics: event='NO DATA' demoArc='Demo36_00' cutName='' demoStaffId=-1 room=0 layer=0 horseDemoMode=false titleScreen=false storyHoZeldaActive=false inScriptedCutscene=false alwaysHiddenCutscene=true showInCutscenesToggle=true hideSpawnedZelda=false hasSpawnedZelda=true
[DEBUG | dusk] frameInterp: onTypeChange 40 -> 162 (event_type_id=40, leaving_event=true, entering_event=false)
[DEBUG | dusk] fapGm_Execute frame=2100
[DEBUG | dusk] frameInterp: onTypeChange 162 -> 87 (event_type_id=40, leaving_event=false, entering_event=false)
[INFO | dev.baxlek.zelda_on_epona] cutscene diagnostics: event='NO DATA' demoArc='Demo36_00' cutName='' demoStaffId=-1 room=0 layer=0 horseDemoMode=true titleScreen=false storyHoZeldaActive=false inScriptedCutscene=true alwaysHiddenCutscene=true showInCutscenesToggle=true hideSpawnedZelda=true hasSpawnedZelda=true
[DEBUG | dusk] [DIAG] fpcSCtRq_phase_Load: procName=4 ret=4
[DEBUG | dusk] fpcSCtRq_phase_CreateProcess: procName=4
[DEBUG | dusk] fpcBs_Create: pid=373 profname=fpcNm_OVERLAP7_e (4) profile=0x7b6136abd8 procSize=384 unkSize=0
[DEBUG | dusk] fpcSCtRq_phase_CreateProcess: fpcBs_Create OK proc=0xb400007a19201398
[DEBUG | dusk] fpcNdRq_phase_Create: name=11 layer=0x7b6159e418
[DEBUG | dusk] fpcNdRq_phase_Create: creating_id=374 (error=4294967295)
[WARNING | dusk::mods::actor] Attempted to delete actor with ID (363) but it doesn't exist!
[DEBUG | dusk] [DIAG] fpcSCtRq_phase_Load: procName=11 ret=4
[DEBUG | dusk] fpcSCtRq_phase_CreateProcess: procName=11
[DEBUG | dusk] fpcBs_Create: pid=374 profname=fpcNm_PLAY_SCENE_e (11) profile=0x7b6136b268 procSize=912 unkSize=0
[DEBUG | dusk] fpcSCtRq_phase_CreateProcess: fpcBs_Create OK proc=0xb400007a19201af0
[DEBUG | dusk] Loading Resource: event_list.dat (Size: 106476)
[DEBUG | dusk] Loading Resource: camstyle.dat (Size: 43328)
[DEBUG | dusk] Loading Resource: camtype.dat (Size: 14560)
[DEBUG | dusk] fpcBs_Create: pid=379 profname=fpcNm_SUSPEND_e (783) profile=0x7b61371c48 procSize=1632 unkSize=0
[DEBUG | dusk] fopScnM_CreateReq: procName=18 fade=32767
[DEBUG | dusk] fopScnM_CreateReq: result=12 (error=4294967295)
[DEBUG | dusk] fpcBs_Create: pid=383 profname=fpcNm_KANKYO_e (19) profile=0x7b61365e60 procSize=440 unkSize=0
[DEBUG | dusk] fpcBs_Create: pid=385 profname=fpcNm_KYEFF_e (785) profile=0x7b61365eb0 procSize=440 unkSize=0
[DEBUG | dusk] fpcBs_Create: pid=387 profname=fpcNm_KYEFF2_e (786) profile=0x7b61365ef0 procSize=440 unkSize=0
[DEBUG | dusk] fpcBs_Create: pid=389 profname=fpcNm_ENVSE_e (21) profile=0x7b61364f20 procSize=456 unkSize=0
[DEBUG | dusk] fpcNdRq_phase_Create: name=18 layer=0xb400007a19201c48
[DEBUG | dusk] fpcNdRq_phase_Create: creating_id=392 (error=4294967295)
[DEBUG | dusk] [DIAG] fpcSCtRq_phase_Load: procName=781 ret=4
[DEBUG | dusk] fpcSCtRq_phase_CreateProcess: procName=781
[DEBUG | dusk] fpcBs_Create: pid=375 profname=fpcNm_CAMERA_e (781) profile=0x7b61364d68 procSize=4240 unkSize=0
[DEBUG | dusk] fpcSCtRq_phase_CreateProcess: fpcBs_Create OK proc=0xb400007a191fdf54
[DEBUG | dusk] [DIAG] fpcSCtRq_phase_Load: procName=686 ret=4
[DEBUG | dusk] fpcSCtRq_phase_CreateProcess: procName=686
[DEBUG | dusk] fpcBs_Create: pid=376 profname=fpcNm_KYTAG04_e (686) profile=0x7b6136ef28 procSize=1784 unkSize=0
[DEBUG | dusk] fpcSCtRq_phase_CreateProcess: fpcBs_Create OK proc=0xb400007a191fd83c
[DEBUG | dusk] [DIAG] fpcSCtRq_phase_Load: procName=25 ret=4
[DEBUG | dusk] fpcSCtRq_phase_CreateProcess: procName=25
[DEBUG | dusk] fpcBs_Create: pid=377 profname=fpcNm_Tag_Gstart_e (25) profile=0x7b61377860 procSize=1632 unkSize=0
[DEBUG | dusk] fpcSCtRq_phase_CreateProcess: fpcBs_Create OK proc=0xb400007a191faab4
[DEBUG | dusk] [DIAG] fpcSCtRq_phase_Load: procName=699 ret=4
[DEBUG | dusk] fpcSCtRq_phase_CreateProcess: procName=699
[DEBUG | dusk] fpcBs_Create: pid=380 profname=fpcNm_KYTAG17_e (699) profile=0x7b6136efe0 procSize=1632 unkSize=0
[DEBUG | dusk] fpcSCtRq_phase_CreateProcess: fpcBs_Create OK proc=0xb400007a191fa434
[DEBUG | dusk] [DIAG] fpcSCtRq_phase_Load: procName=238 ret=4
[DEBUG | dusk] fpcSCtRq_phase_CreateProcess: procName=238
[DEBUG | dusk] fpcBs_Create: pid=381 profname=fpcNm_HORSE_e (238) profile=0x7b6137ed10 procSize=8464 unkSize=0
[DEBUG | dusk] fpcSCtRq_phase_CreateProcess: fpcBs_Create OK proc=0xb400007a191f8304
[DEBUG | dusk] [DIAG] fpcSCtRq_phase_Load: procName=730 ret=4
[DEBUG | dusk] fpcSCtRq_phase_CreateProcess: procName=730
[DEBUG | dusk] fpcBs_Create: pid=390 profname=fpcNm_VRBOX_e (730) profile=0x7b61371078 procSize=1648 unkSize=0
[DEBUG | dusk] fpcSCtRq_phase_CreateProcess: fpcBs_Create OK proc=0xb400007a191f7c74
[DEBUG | dusk] [DIAG] fpcSCtRq_phase_Load: procName=731 ret=4
[DEBUG | dusk] fpcSCtRq_phase_CreateProcess: procName=731
[DEBUG | dusk] fpcBs_Create: pid=391 profname=fpcNm_VRBOX2_e (731) profile=0x7b61371130 procSize=1720 unkSize=0
[DEBUG | dusk] fpcSCtRq_phase_CreateProcess: fpcBs_Create OK proc=0xb400007a191f759c
[DEBUG | dusk] [DIAG] fpcSCtRq_phase_Load: procName=18 ret=4
[DEBUG | dusk] fpcSCtRq_phase_CreateProcess: procName=18
[DEBUG | dusk] fpcBs_Create: pid=392 profname=fpcNm_ROOM_SCENE_e (18) profile=0x7b6136b388 procSize=912 unkSize=0
[DEBUG | dusk] fpcSCtRq_phase_CreateProcess: fpcBs_Create OK proc=0xb400007a191f71ec
[DEBUG | dusk] Loading Resource: ef_portal.bmd (Size: 60192)
[DEBUG | dusk] Loading Resource: ef_portal_blue_app.brk (Size: 896)
[DEBUG | dusk] Loading Resource: ef_portal_blue_disapp.brk (Size: 896)
[DEBUG | dusk] Loading Resource: ef_portal_red_app.brk (Size: 896)
[DEBUG | dusk] Loading Resource: ef_portal_red_disapp.brk (Size: 896)
[DEBUG | dusk] Loading Resource: ef_portal.btk (Size: 1792)
[DEBUG | dusk] Loading Resource: hs_back_walk.bck (Size: 5536)
[DEBUG | dusk] Loading Resource: hs_back_walk_start.bck (Size: 6304)
[DEBUG | dusk] Loading Resource: hs_excitement.bck (Size: 11968)
[DEBUG | dusk] Loading Resource: hs_excitement_2.bck (Size: 14144)
[DEBUG | dusk] Loading Resource: hs_jump_end.bck (Size: 5344)
[DEBUG | dusk] Loading Resource: hs_jump_middle.bck (Size: 4640)
[DEBUG | dusk] Loading Resource: hs_jump_start.bck (Size: 4832)
[DEBUG | dusk] Loading Resource: hs_jump_start_clift.bck (Size: 5248)
[DEBUG | dusk] Loading Resource: hs_lash.bck (Size: 3200)
[DEBUG | dusk] Loading Resource: hs_neck_waitback_left.bck (Size: 2880)
[DEBUG | dusk] Loading Resource: hs_neck_waitback_right.bck (Size: 2848)
[DEBUG | dusk] Loading Resource: hs_run_dash.bck (Size: 7680)
[DEBUG | dusk] Loading Resource: hs_run_fast.bck (Size: 6688)
[DEBUG | dusk] Loading Resource: hs_run_slow.bck (Size: 7712)
[DEBUG | dusk] Loading Resource: hs_stand.bck (Size: 17984)
[DEBUG | dusk] Loading Resource: hs_stop_slow.bck (Size: 14208)
[DEBUG | dusk] Loading Resource: hs_stop_stand.bck (Size: 16352)
[DEBUG | dusk] Loading Resource: hs_turn_left.bck (Size: 9632)
[DEBUG | dusk] Loading Resource: hs_turn_left_start.bck (Size: 5248)
[DEBUG | dusk] Loading Resource: hs_turn_right.bck (Size: 9472)
[DEBUG | dusk] Loading Resource: hs_turn_right_start.bck (Size: 5344)
[DEBUG | dusk] Loading Resource: hs_wait_01.bck (Size: 4768)
[DEBUG | dusk] Loading Resource: hs_wait_01b.bck (Size: 4672)
[DEBUG | dusk] Loading Resource: hs_wait_01b_connect.bck (Size: 4672)
[DEBUG | dusk] Loading Resource: hs_wait_02.bck (Size: 8928)
[DEBUG | dusk] Loading Resource: hs_wait_03.bck (Size: 7552)
[DEBUG | dusk] Loading Resource: hs_wait_04.bck (Size: 12640)
[DEBUG | dusk] Loading Resource: hs_wait_05.bck (Size: 10528)
[DEBUG | dusk] Loading Resource: hs_walk_fast.bck (Size: 5792)
[DEBUG | dusk] Loading Resource: hs_walk_slow.bck (Size: 5600)
[DEBUG | dusk] Loading Resource: hs.bmd (Size: 131264)
[DEBUG | dusk] Loading Resource: hs_eye.btp (Size: 128)
[DEBUG | dusk] Loading Resource: tazuna.bti (Size: 160)
[DEBUG | dusk] Loading Resource: demo36_alink_cut08_fc_1_o.bck (Size: 512)
[DEBUG | dusk] Loading Resource: demo36_alink_cut09_bd_1_o.bck (Size: 26176)
[DEBUG | dusk] Loading Resource: demo36_alink_cut09_fc_1_o.bck (Size: 480)
[DEBUG | dusk] Loading Resource: demo36_alink_cut10_bd_1_o.bck (Size: 28896)
[DEBUG | dusk] Loading Resource: demo36_alink_cut10_fc_1_o.bck (Size: 2720)
[DEBUG | dusk] Loading Resource: demo36_alink_cut11_bd_1_o.bck (Size: 17568)
[DEBUG | dusk] Loading Resource: demo36_alink_cut11_fc_1_o.bck (Size: 480)
[DEBUG | dusk] Loading Resource: demo36_alink_cut13_bd_1_o.bck (Size: 15328)
[DEBUG | dusk] Loading Resource: demo36_alink_cut13_fc_1_o.bck (Size: 3008)
[DEBUG | dusk] Loading Resource: demo36_alink_cut14_bd_1_o.bck (Size: 47232)
[DEBUG | dusk] Loading Resource: demo36_alink_cut14_fc_1_o.bck (Size: 4320)
[DEBUG | dusk] Loading Resource: demo36_alink_cut15_bd_1_o.bck (Size: 24448)
[DEBUG | dusk] Loading Resource: demo36_alink_cut15_fc_1_o.bck (Size: 3264)
[DEBUG | dusk] Loading Resource: demo36_alink_cut03_fc_1_o.bck (Size: 1088)
[DEBUG | dusk] Loading Resource: demo36_horse_cut02_bd_1_o.bck (Size: 26912)
[DEBUG | dusk] Loading Resource: demo36_horse_cut04_bd_1_o.bck (Size: 31712)
[DEBUG | dusk] Loading Resource: demo36_horse_cut05_bd_1_o.bck (Size: 27872)
[DEBUG | dusk] Loading Resource: demo36_horse_cut06_bd_1_o.bck (Size: 31776)
[DEBUG | dusk] Loading Resource: demo36_horse_cut07_bd_1_o.bck (Size: 15200)
[DEBUG | dusk] Loading Resource: demo36_horse_cut09_bd_1_o.bck (Size: 19808)
[DEBUG | dusk] Loading Resource: demo36_horse_cut11_bd_1_o.bck (Size: 36224)
[DEBUG | dusk] Loading Resource: demo36_horse_cut12_bd_1_o.bck (Size: 11648)
[DEBUG | dusk] Loading Resource: demo36_horse_cut13_bd_1_o.bck (Size: 17376)
[DEBUG | dusk] Loading Resource: demo36_horse_cut14_bd_1_o.bck (Size: 50848)
[DEBUG | dusk] Loading Resource: demo36_horse_cut15_bd_1_o.bck (Size: 26112)
[DEBUG | dusk] Loading Resource: demo36_rdd01_cut04_bd_1_o.bck (Size: 22240)
[DEBUG | dusk] Loading Resource: demo36_rdd01_cut05_bd_1_o.bck (Size: 11808)
[DEBUG | dusk] Loading Resource: demo36_rdd02_cut04_bd_1_o.bck (Size: 19776)
[DEBUG | dusk] Loading Resource: demo36_rdd02_cut05_bd_1_o.bck (Size: 13536)
[DEBUG | dusk] Loading Resource: demo36_alink_cut03_bd_1_o.bck (Size: 4480)
[DEBUG | dusk] Loading Resource: demo36_alink_cut06_bd_1_o.bck (Size: 3072)
[DEBUG | dusk] Loading Resource: demo36_alink_cut06_fc_1_o.bck (Size: 512)
[DEBUG | dusk] Loading Resource: demo36_alink_cut08_bd_1_o.bck (Size: 3104)
[DEBUG | dusk] Loading Resource: demo36_alink_cut16_bd_1_o.bck (Size: 14656)
[DEBUG | dusk] Loading Resource: demo36_alink_cut16_fc_1_o.bck (Size: 480)
[DEBUG | dusk] Loading Resource: demo36_horse_cut16_bd_1_o.bck (Size: 18400)
[DEBUG | dusk] Loading Resource: demo00_link_cut00_hd_tmp.bck (Size: 1536)
[DEBUG | dusk] Loading Resource: demo36_alink_cut15_hd_1_o.bck (Size: 1536)
[DEBUG | dusk] Loading Resource: demo36_link_cut03_hd_1_o.bck (Size: 1696)
[DEBUG | dusk] Loading Resource: demo36_link_cut10_hd_1_o.bck (Size: 1952)
[DEBUG | dusk] Loading Resource: demo36_link_cut13_hd_1_o.bck (Size: 1504)
[DEBUG | dusk] Loading Resource: demo36_alink_cut06_fc_1_o.btk (Size: 352)
[DEBUG | dusk] Loading Resource: demo36_alink_cut08_fc_1_o.btk (Size: 352)
[DEBUG | dusk] Loading Resource: demo36_alink_cut09_fc_1_o.btk (Size: 320)
[DEBUG | dusk] Loading Resource: demo36_alink_cut10_fc_1_o.btk (Size: 640)
[DEBUG | dusk] Loading Resource: demo36_alink_cut11_fc_1_o.btk (Size: 320)
[DEBUG | dusk] Loading Resource: demo36_alink_cut13_fc_1_o.btk (Size: 480)
[DEBUG | dusk] Loading Resource: demo36_alink_cut14_fc_1_o.btk (Size: 320)
[DEBUG | dusk] Loading Resource: demo36_alink_cut15_fc_1_o.btk (Size: 544)
[DEBUG | dusk] Loading Resource: demo36_alink_cut03_fc_1_o.btk (Size: 480)
[DEBUG | dusk] Loading Resource: demo36_alink_cut16_fc_1_o.btk (Size: 320)
[DEBUG | dusk] Loading Resource: demo36_alink_cut06_fc_1_o.btp (Size: 512)
[DEBUG | dusk] Loading Resource: demo36_alink_cut08_fc_1_o.btp (Size: 288)
[DEBUG | dusk] Loading Resource: demo36_alink_cut09_fc_1_o.btp (Size: 320)
[DEBUG | dusk] Loading Resource: demo36_alink_cut10_fc_1_o.btp (Size: 384)
[DEBUG | dusk] Loading Resource: demo36_alink_cut11_fc_1_o.btp (Size: 576)
[DEBUG | dusk] Loading Resource: demo36_alink_cut13_fc_1_o.btp (Size: 288)
[DEBUG | dusk] Loading Resource: demo36_alink_cut14_fc_1_o.btp (Size: 512)
[DEBUG | dusk] Loading Resource: demo36_alink_cut15_fc_1_o.btp (Size: 416)
[DEBUG | dusk] Loading Resource: demo36_alink_cut03_fc_1_o.btp (Size: 320)
[DEBUG | dusk] Loading Resource: demo36_alink_cut16_fc_1_o.btp (Size: 704)
[DEBUG | dusk] Loading Resource: demo04_rd2_cut00_gp_1_o.bmd (Size: 78208)
[DEBUG | dusk] Loading Resource: demo36_01.stb (Size: 14680)
[DEBUG | dusk] Loading Resource: demo36_02.stb (Size: 1976)
[DEBUG | dusk] [DIAG] fpcSCtRq_phase_Load: procName=253 ret=4
[DEBUG | dusk] fpcSCtRq_phase_CreateProcess: procName=253
[DEBUG | dusk] fpcBs_Create: pid=393 profname=fpcNm_ALINK_e (253) profile=0x7b61361250 procSize=18784 unkSize=0
[DEBUG | dusk] fpcSCtRq_phase_CreateProcess: fpcBs_Create OK proc=0xb400007a191ea5e4
[DEBUG | dusk] [DIAG] fpcSCtRq_phase_Load: procName=790 ret=4
[DEBUG | dusk] fpcSCtRq_phase_CreateProcess: procName=790
[DEBUG | dusk] fpcBs_Create: pid=394 profname=fpcNm_METER2_e (790) profile=0x7b61368430 procSize=1504 unkSize=0
[DEBUG | dusk] fpcSCtRq_phase_CreateProcess: fpcBs_Create OK proc=0xb400007a191e9fe4
[DEBUG | dusk] [DIAG] fpcSCtRq_phase_Load: procName=732 ret=4
[DEBUG | dusk] fpcSCtRq_phase_CreateProcess: procName=732
[DEBUG | dusk] fpcBs_Create: pid=395 profname=fpcNm_BG_e (732) profile=0x7b6136e3f8 procSize=1904 unkSize=0
[DEBUG | dusk] fpcSCtRq_phase_CreateProcess: fpcBs_Create OK proc=0xb400007a191e9694
[DEBUG | dusk] [DIAG] fpcSCtRq_phase_Load: procName=696 ret=4
[DEBUG | dusk] fpcSCtRq_phase_CreateProcess: procName=696
[DEBUG | dusk] fpcBs_Create: pid=396 profname=fpcNm_KYTAG14_e (696) profile=0x7b61372e28 procSize=1640 unkSize=0
[DEBUG | dusk] fpcSCtRq_phase_CreateProcess: fpcBs_Create OK proc=0xb400007a191e900c
[DEBUG | dusk] [DIAG] fpcSCtRq_phase_Load: procName=696 ret=4
[DEBUG | dusk] fpcSCtRq_phase_CreateProcess: procName=696
[DEBUG | dusk] fpcBs_Create: pid=397 profname=fpcNm_KYTAG14_e (696) profile=0x7b61372e28 procSize=1640 unkSize=0
[DEBUG | dusk] fpcSCtRq_phase_CreateProcess: fpcBs_Create OK proc=0xb400007a191e8984
[DEBUG | dusk] [DIAG] fpcSCtRq_phase_Load: procName=784 ret=4
[DEBUG | dusk] fpcSCtRq_phase_CreateProcess: procName=784
[DEBUG | dusk] fpcBs_Create: pid=398 profname=fpcNm_GRASS_e (784) profile=0x7b61372ae8 procSize=1640 unkSize=0
[DEBUG | dusk] fpcSCtRq_phase_CreateProcess: fpcBs_Create OK proc=0xb400007a191e82fc
[DEBUG | dusk] [DIAG] fpcSCtRq_phase_Load: procName=784 ret=4
[DEBUG | dusk] fpcSCtRq_phase_CreateProcess: procName=784
[DEBUG | dusk] fpcBs_Create: pid=399 profname=fpcNm_GRASS_e (784) profile=0x7b61372ae8 procSize=1640 unkSize=0
[DEBUG | dusk] fpcSCtRq_phase_CreateProcess: fpcBs_Create OK proc=0xb400007a191e7c74
[DEBUG | dusk] [DIAG] fpcSCtRq_phase_Load: procName=784 ret=4
[DEBUG | dusk] fpcSCtRq_phase_CreateProcess: procName=784
[DEBUG | dusk] fpcBs_Create: pid=400 profname=fpcNm_GRASS_e (784) profile=0x7b61372ae8 procSize=1640 unkSize=0
[DEBUG | dusk] fpcSCtRq_phase_CreateProcess: fpcBs_Create OK proc=0xb400007a191e75ec
[DEBUG | dusk] [DIAG] fpcSCtRq_phase_Load: procName=784 ret=4
[DEBUG | dusk] fpcSCtRq_phase_CreateProcess: procName=784
[DEBUG | dusk] fpcBs_Create: pid=401 profname=fpcNm_GRASS_e (784) profile=0x7b61372ae8 procSize=1640 unkSize=0
[DEBUG | dusk] fpcSCtRq_phase_CreateProcess: fpcBs_Create OK proc=0xb400007a191e6f64
[DEBUG | dusk] [DIAG] fpcSCtRq_phase_Load: procName=784 ret=4
[DEBUG | dusk] fpcSCtRq_phase_CreateProcess: procName=784
[DEBUG | dusk] fpcBs_Create: pid=402 profname=fpcNm_GRASS_e (784) profile=0x7b61372ae8 procSize=1640 unkSize=0
[DEBUG | dusk] fpcSCtRq_phase_CreateProcess: fpcBs_Create OK proc=0xb400007a191e68dc
[DEBUG | dusk] [DIAG] fpcSCtRq_phase_Load: procName=784 ret=4
[DEBUG | dusk] fpcSCtRq_phase_CreateProcess: procName=784
[DEBUG | dusk] fpcBs_Create: pid=403 profname=fpcNm_GRASS_e (784) profile=0x7b61372ae8 procSize=1640 unkSize=0
[DEBUG | dusk] fpcSCtRq_phase_CreateProcess: fpcBs_Create OK proc=0xb400007a191e6254
[DEBUG | dusk] [DIAG] fpcSCtRq_phase_Load: procName=784 ret=4
[DEBUG | dusk] fpcSCtRq_phase_CreateProcess: procName=784
[DEBUG | dusk] fpcBs_Create: pid=404 profname=fpcNm_GRASS_e (784) profile=0x7b61372ae8 procSize=1640 unkSize=0
[DEBUG | dusk] fpcSCtRq_phase_CreateProcess: fpcBs_Create OK proc=0xb400007a191e5bcc
[DEBUG | dusk] [DIAG] fpcSCtRq_phase_Load: procName=784 ret=4
[DEBUG | dusk] fpcSCtRq_phase_CreateProcess: procName=784
[DEBUG | dusk] fpcBs_Create: pid=405 profname=fpcNm_GRASS_e (784) profile=0x7b61372ae8 procSize=1640 unkSize=0
[DEBUG | dusk] fpcSCtRq_phase_CreateProcess: fpcBs_Create OK proc=0xb400007a191e5544
[DEBUG | dusk] [DIAG] fpcSCtRq_phase_Load: procName=784 ret=4
[DEBUG | dusk] fpcSCtRq_phase_CreateProcess: procName=784
[DEBUG | dusk] fpcBs_Create: pid=406 profname=fpcNm_GRASS_e (784) profile=0x7b61372ae8 procSize=1640 unkSize=0
[DEBUG | dusk] fpcSCtRq_phase_CreateProcess: fpcBs_Create OK proc=0xb400007a191e4ebc
[DEBUG | dusk] [DIAG] fpcSCtRq_phase_Load: procName=784 ret=4
[DEBUG | dusk] fpcSCtRq_phase_CreateProcess: procName=784
[DEBUG | dusk] fpcBs_Create: pid=407 profname=fpcNm_GRASS_e (784) profile=0x7b61372ae8 procSize=1640 unkSize=0
[DEBUG | dusk] fpcSCtRq_phase_CreateProcess: fpcBs_Create OK proc=0xb400007a191e4834
[DEBUG | dusk] [DIAG] fpcSCtRq_phase_Load: procName=784 ret=4
[DEBUG | dusk] fpcSCtRq_phase_CreateProcess: procName=784
[DEBUG | dusk] fpcBs_Create: pid=408 profname=fpcNm_GRASS_e (784) profile=0x7b61372ae8 procSize=1640 unkSize=0
[DEBUG | dusk] fpcSCtRq_phase_CreateProcess: fpcBs_Create OK proc=0xb400007a191e41ac
[DEBUG | dusk] [DIAG] fpcSCtRq_phase_Load: procName=784 ret=4
[DEBUG | dusk] fpcSCtRq_phase_CreateProcess: procName=784
[DEBUG | dusk] fpcBs_Create: pid=409 profname=fpcNm_GRASS_e (784) profile=0x7b61372ae8 procSize=1640 unkSize=0
[DEBUG | dusk] fpcSCtRq_phase_CreateProcess: fpcBs_Create OK proc=0xb400007a191e3b24
[DEBUG | dusk] [DIAG] fpcSCtRq_phase_Load: procName=784 ret=4
[DEBUG | dusk] fpcSCtRq_phase_CreateProcess: procName=784
[DEBUG | dusk] fpcBs_Create: pid=410 profname=fpcNm_GRASS_e (784) profile=0x7b61372ae8 procSize=1640 unkSize=0
[DEBUG | dusk] fpcSCtRq_phase_CreateProcess: fpcBs_Create OK proc=0xb400007a191e349c
[DEBUG | dusk] [DIAG] fpcSCtRq_phase_Load: procName=784 ret=4
[DEBUG | dusk] fpcSCtRq_phase_CreateProcess: procName=784
[DEBUG | dusk] fpcBs_Create: pid=411 profname=fpcNm_GRASS_e (784) profile=0x7b61372ae8 procSize=1640 unkSize=0
[DEBUG | dusk] fpcSCtRq_phase_CreateProcess: fpcBs_Create OK proc=0xb400007a191e2e14
[DEBUG | dusk] [DIAG] fpcSCtRq_phase_Load: procName=784 ret=4
[DEBUG | dusk] fpcSCtRq_phase_CreateProcess: procName=784
[DEBUG | dusk] fpcBs_Create: pid=412 profname=fpcNm_GRASS_e (784) profile=0x7b61372ae8 procSize=1640 unkSize=0
[DEBUG | dusk] fpcSCtRq_phase_CreateProcess: fpcBs_Create OK proc=0xb400007a191e278c
[DEBUG | dusk] [DIAG] fpcSCtRq_phase_Load: procName=784 ret=4
[DEBUG | dusk] fpcSCtRq_phase_CreateProcess: procName=784
[DEBUG | dusk] fpcBs_Create: pid=413 profname=fpcNm_GRASS_e (784) profile=0x7b61372ae8 procSize=1640 unkSize=0
[DEBUG | dusk] fpcSCtRq_phase_CreateProcess: fpcBs_Create OK proc=0xb400007a191e2104
[DEBUG | dusk] [DIAG] fpcSCtRq_phase_Load: procName=784 ret=4
[DEBUG | dusk] fpcSCtRq_phase_CreateProcess: procName=784
[DEBUG | dusk] fpcBs_Create: pid=414 profname=fpcNm_GRASS_e (784) profile=0x7b61372ae8 procSize=1640 unkSize=0
[DEBUG | dusk] fpcSCtRq_phase_CreateProcess: fpcBs_Create OK proc=0xb400007a191e1a7c
[DEBUG | dusk] [DIAG] fpcSCtRq_phase_Load: procName=784 ret=4
[DEBUG | dusk] fpcSCtRq_phase_CreateProcess: procName=784
[DEBUG | dusk] fpcBs_Create: pid=415 profname=fpcNm_GRASS_e (784) profile=0x7b61372ae8 procSize=1640 unkSize=0
[DEBUG | dusk] fpcSCtRq_phase_CreateProcess: fpcBs_Create OK proc=0xb400007a191e13f4
[DEBUG | dusk] [DIAG] fpcSCtRq_phase_Load: procName=784 ret=4
[DEBUG | dusk] fpcSCtRq_phase_CreateProcess: procName=784
[DEBUG | dusk] fpcBs_Create: pid=416 profname=fpcNm_GRASS_e (784) profile=0x7b61372ae8 procSize=1640 unkSize=0
[DEBUG | dusk] fpcSCtRq_phase_CreateProcess: fpcBs_Create OK proc=0xb400007a191e0d6c
[DEBUG | dusk] [DIAG] fpcSCtRq_phase_Load: procName=784 ret=4
[DEBUG | dusk] fpcSCtRq_phase_CreateProcess: procName=784
[DEBUG | dusk] fpcBs_Create: pid=417 profname=fpcNm_GRASS_e (784) profile=0x7b61372ae8 procSize=1640 unkSize=0
[DEBUG | dusk] fpcSCtRq_phase_CreateProcess: fpcBs_Create OK proc=0xb400007a191e06e4
[DEBUG | dusk] [DIAG] fpcSCtRq_phase_Load: procName=784 ret=4
[DEBUG | dusk] fpcSCtRq_phase_CreateProcess: procName=784
[DEBUG | dusk] fpcBs_Create: pid=418 profname=fpcNm_GRASS_e (784) profile=0x7b61372ae8 procSize=1640 unkSize=0
[DEBUG | dusk] fpcSCtRq_phase_CreateProcess: fpcBs_Create OK proc=0xb400007a191e005c
[DEBUG | dusk] [DIAG] fpcSCtRq_phase_Load: procName=784 ret=4
[DEBUG | dusk] fpcSCtRq_phase_CreateProcess: procName=784
[DEBUG | dusk] fpcBs_Create: pid=419 profname=fpcNm_GRASS_e (784) profile=0x7b61372ae8 procSize=1640 unkSize=0
[DEBUG | dusk] fpcSCtRq_phase_CreateProcess: fpcBs_Create OK proc=0xb400007a191df9d4
[DEBUG | dusk] [DIAG] fpcSCtRq_phase_Load: procName=784 ret=4
[DEBUG | dusk] fpcSCtRq_phase_CreateProcess: procName=784
[DEBUG | dusk] fpcBs_Create: pid=420 profname=fpcNm_GRASS_e (784) profile=0x7b61372ae8 procSize=1640 unkSize=0
[DEBUG | dusk] fpcSCtRq_phase_CreateProcess: fpcBs_Create OK proc=0xb400007a191df34c
[DEBUG | dusk] [DIAG] fpcSCtRq_phase_Load: procName=696 ret=4
[DEBUG | dusk] fpcSCtRq_phase_CreateProcess: procName=696
[DEBUG | dusk] fpcBs_Create: pid=421 profname=fpcNm_KYTAG14_e (696) profile=0x7b61372e28 procSize=1640 unkSize=0
[DEBUG | dusk] fpcSCtRq_phase_CreateProcess: fpcBs_Create OK proc=0xb400007a191decc4
[DEBUG | dusk] [DIAG] fpcSCtRq_phase_Load: procName=696 ret=4
[DEBUG | dusk] fpcSCtRq_phase_CreateProcess: procName=696
[DEBUG | dusk] fpcBs_Create: pid=422 profname=fpcNm_KYTAG14_e (696) profile=0x7b61372e28 procSize=1640 unkSize=0
[DEBUG | dusk] fpcSCtRq_phase_CreateProcess: fpcBs_Create OK proc=0xb400007a191de63c
[DEBUG | dusk] [DIAG] fpcSCtRq_phase_Load: procName=561 ret=4
[DEBUG | dusk] fpcSCtRq_phase_CreateProcess: procName=561
[DEBUG | dusk] fpcBs_Create: pid=423 profname=fpcNm_ANDSW2_e (561) profile=0x7b61371e70 procSize=1632 unkSize=0
[DEBUG | dusk] fpcSCtRq_phase_CreateProcess: fpcBs_Create OK proc=0xb400007a191ddfbc
[DEBUG | dusk] [DIAG] fpcSCtRq_phase_Load: procName=784 ret=4
[DEBUG | dusk] fpcSCtRq_phase_CreateProcess: procName=784
[DEBUG | dusk] fpcBs_Create: pid=424 profname=fpcNm_GRASS_e (784) profile=0x7b61372ae8 procSize=1640 unkSize=0
[DEBUG | dusk] fpcSCtRq_phase_CreateProcess: fpcBs_Create OK proc=0xb400007a191dd934
[DEBUG | dusk] [DIAG] fpcSCtRq_phase_Load: procName=784 ret=4
[DEBUG | dusk] fpcSCtRq_phase_CreateProcess: procName=784
[DEBUG | dusk] fpcBs_Create: pid=425 profname=fpcNm_GRASS_e (784) profile=0x7b61372ae8 procSize=1640 unkSize=0
[DEBUG | dusk] fpcSCtRq_phase_CreateProcess: fpcBs_Create OK proc=0xb400007a191dd2ac
[DEBUG | dusk] [DIAG] fpcSCtRq_phase_Load: procName=784 ret=4
[DEBUG | dusk] fpcSCtRq_phase_CreateProcess: procName=784
[DEBUG | dusk] fpcBs_Create: pid=426 profname=fpcNm_GRASS_e (784) profile=0x7b61372ae8 procSize=1640 unkSize=0
[DEBUG | dusk] fpcSCtRq_phase_CreateProcess: fpcBs_Create OK proc=0xb400007a191dcc24
[DEBUG | dusk] [DIAG] fpcSCtRq_phase_Load: procName=784 ret=4
[DEBUG | dusk] fpcSCtRq_phase_CreateProcess: procName=784
[DEBUG | dusk] fpcBs_Create: pid=427 profname=fpcNm_GRASS_e (784) profile=0x7b61372ae8 procSize=1640 unkSize=0
[DEBUG | dusk] fpcSCtRq_phase_CreateProcess: fpcBs_Create OK proc=0xb400007a191dc59c
[DEBUG | dusk] [DIAG] fpcSCtRq_phase_Load: procName=561 ret=4
[DEBUG | dusk] fpcSCtRq_phase_CreateProcess: procName=561
[DEBUG | dusk] fpcBs_Create: pid=428 profname=fpcNm_ANDSW2_e (561) profile=0x7b61371e70 procSize=1632 unkSize=0
[DEBUG | dusk] fpcSCtRq_phase_CreateProcess: fpcBs_Create OK proc=0xb400007a191dbf1c
[DEBUG | dusk] [DIAG] fpcSCtRq_phase_Load: procName=733 ret=4
[DEBUG | dusk] fpcSCtRq_phase_CreateProcess: procName=733
[DEBUG | dusk] fpcBs_Create: pid=429 profname=fpcNm_SET_BG_OBJ_e (733) profile=0x7b6136ff08 procSize=1664 unkSize=0
[DEBUG | dusk] fpcSCtRq_phase_CreateProcess: fpcBs_Create OK proc=0xb400007a191db87c
[DEBUG | dusk] [DIAG] fpcSCtRq_phase_Load: procName=733 ret=4
[DEBUG | dusk] fpcSCtRq_phase_CreateProcess: procName=733
[DEBUG | dusk] fpcBs_Create: pid=430 profname=fpcNm_SET_BG_OBJ_e (733) profile=0x7b6136ff08 procSize=1664 unkSize=0
[DEBUG | dusk] fpcSCtRq_phase_CreateProcess: fpcBs_Create OK proc=0xb400007a191db1dc
[DEBUG | dusk] [DIAG] fpcSCtRq_phase_Load: procName=733 ret=4
[DEBUG | dusk] fpcSCtRq_phase_CreateProcess: procName=733
[DEBUG | dusk] fpcBs_Create: pid=431 profname=fpcNm_SET_BG_OBJ_e (733) profile=0x7b6136ff08 procSize=1664 unkSize=0
[DEBUG | dusk] fpcSCtRq_phase_CreateProcess: fpcBs_Create OK proc=0xb400007a191dab3c
[DEBUG | dusk] [DIAG] fpcSCtRq_phase_Load: procName=543 ret=4
[DEBUG | dusk] fpcSCtRq_phase_CreateProcess: procName=543
[DEBUG | dusk] fpcBs_Create: pid=432 profname=fpcNm_Obj_Drop_e (543) profile=0x7b613937e8 procSize=3616 unkSize=0
[DEBUG | dusk] fpcSCtRq_phase_CreateProcess: fpcBs_Create OK proc=0xb400007a191d9cfc
[DEBUG | dusk] [DIAG] fpcSCtRq_phase_Load: procName=543 ret=4
[DEBUG | dusk] fpcSCtRq_phase_CreateProcess: procName=543
[DEBUG | dusk] fpcBs_Create: pid=433 profname=fpcNm_Obj_Drop_e (543) profile=0x7b613937e8 procSize=3616 unkSize=0
[DEBUG | dusk] fpcSCtRq_phase_CreateProcess: fpcBs_Create OK proc=0xb400007a191d8ebc
[DEBUG | dusk] [DIAG] fpcSCtRq_phase_Load: procName=543 ret=4
[DEBUG | dusk] fpcSCtRq_phase_CreateProcess: procName=543
[DEBUG | dusk] fpcBs_Create: pid=434 profname=fpcNm_Obj_Drop_e (543) profile=0x7b613937e8 procSize=3616 unkSize=0
[DEBUG | dusk] fpcSCtRq_phase_CreateProcess: fpcBs_Create OK proc=0xb400007a191d74e4
[DEBUG | dusk] [DIAG] fpcSCtRq_phase_Load: procName=251 ret=4
[DEBUG | dusk] fpcSCtRq_phase_CreateProcess: procName=251
[DEBUG | dusk] fpcBs_Create: pid=435 profname=fpcNm_TBOX_e (251) profile=0x7b61370d80 procSize=3328 unkSize=0
[DEBUG | dusk] fpcSCtRq_phase_CreateProcess: fpcBs_Create OK proc=0xb400007a191d67c4
[DEBUG | dusk] [DIAG] fpcSCtRq_phase_Load: procName=251 ret=4
[DEBUG | dusk] fpcSCtRq_phase_CreateProcess: procName=251
[DEBUG | dusk] fpcBs_Create: pid=436 profname=fpcNm_TBOX_e (251) profile=0x7b61370d80 procSize=3328 unkSize=0
[DEBUG | dusk] fpcSCtRq_phase_CreateProcess: fpcBs_Create OK proc=0xb400007a191d5aa4
[DEBUG | dusk] [DIAG] fpcSCtRq_phase_Load: procName=780 ret=4
[DEBUG | dusk] fpcSCtRq_phase_CreateProcess: procName=780
[DEBUG | dusk] fpcBs_Create: pid=437 profname=fpcNm_SCENE_EXIT_e (780) profile=0x7b6136fe48 procSize=1680 unkSize=0
[DEBUG | dusk] fpcSCtRq_phase_CreateProcess: fpcBs_Create OK proc=0xb400007a191d880c
[DEBUG | dusk] [DIAG] fpcSCtRq_phase_Load: procName=780 ret=4
[DEBUG | dusk] fpcSCtRq_phase_CreateProcess: procName=780
[DEBUG | dusk] fpcBs_Create: pid=438 profname=fpcNm_SCENE_EXIT_e (780) profile=0x7b6136fe48 procSize=1680 unkSize=0
[DEBUG | dusk] fpcSCtRq_phase_CreateProcess: fpcBs_Create OK proc=0xb400007a191d53f4
[DEBUG | dusk] [DIAG] fpcSCtRq_phase_Load: procName=719 ret=4
[DEBUG | dusk] fpcSCtRq_phase_CreateProcess: procName=719
[DEBUG | dusk] fpcBs_Create: pid=439 profname=fpcNm_TAG_CAMERA_e (719) profile=0x7b61370260 procSize=1672 unkSize=0
[DEBUG | dusk] fpcSCtRq_phase_CreateProcess: fpcBs_Create OK proc=0xb400007a191d4d4c
[DEBUG | dusk] [DIAG] fpcSCtRq_phase_Load: procName=234 ret=4
[DEBUG | dusk] fpcSCtRq_phase_CreateProcess: procName=234
[DEBUG | dusk] fpcBs_Create: pid=440 profname=fpcNm_Tag_Hjump_e (234) profile=0x7b61377a30 procSize=1728 unkSize=0
[DEBUG | dusk] fpcSCtRq_phase_CreateProcess: fpcBs_Create OK proc=0xb400007a191d466c
[DEBUG | dusk] [DIAG] fpcSCtRq_phase_Load: procName=719 ret=4
[DEBUG | dusk] fpcSCtRq_phase_CreateProcess: procName=719
[DEBUG | dusk] fpcBs_Create: pid=441 profname=fpcNm_TAG_CAMERA_e (719) profile=0x7b61370260 procSize=1672 unkSize=0
[DEBUG | dusk] fpcSCtRq_phase_CreateProcess: fpcBs_Create OK proc=0xb400007a191d3fc4
[DEBUG | dusk] [DIAG] fpcSCtRq_phase_Load: procName=780 ret=4
[DEBUG | dusk] fpcSCtRq_phase_CreateProcess: procName=780
[DEBUG | dusk] fpcBs_Create: pid=442 profname=fpcNm_SCENE_EXIT_e (780) profile=0x7b6136fe48 procSize=1680 unkSize=0
[DEBUG | dusk] fpcSCtRq_phase_CreateProcess: fpcBs_Create OK proc=0xb400007a191d3914
[DEBUG | dusk] [DIAG] fpcSCtRq_phase_Load: procName=747 ret=4
[DEBUG | dusk] fpcSCtRq_phase_CreateProcess: procName=747
[DEBUG | dusk] fpcBs_Create: pid=443 profname=fpcNm_TAG_KMSG_e (747) profile=0x7b61370828 procSize=1768 unkSize=0
[DEBUG | dusk] fpcSCtRq_phase_CreateProcess: fpcBs_Create OK proc=0xb400007a191f4938
[DEBUG | dusk] [DIAG] fpcSCtRq_phase_Load: procName=747 ret=4
[DEBUG | dusk] fpcSCtRq_phase_CreateProcess: procName=747
[DEBUG | dusk] fpcBs_Create: pid=444 profname=fpcNm_TAG_KMSG_e (747) profile=0x7b61370828 procSize=1768 unkSize=0
[DEBUG | dusk] fpcSCtRq_phase_CreateProcess: fpcBs_Create OK proc=0xb400007a191d320c
[DEBUG | dusk] [DIAG] fpcSCtRq_phase_Load: procName=747 ret=4
[DEBUG | dusk] fpcSCtRq_phase_CreateProcess: procName=747
[DEBUG | dusk] fpcBs_Create: pid=445 profname=fpcNm_TAG_KMSG_e (747) profile=0x7b61370828 procSize=1768 unkSize=0
[DEBUG | dusk] fpcSCtRq_phase_CreateProcess: fpcBs_Create OK proc=0xb400007a191d2b04
[DEBUG | dusk] [DIAG] fpcSCtRq_phase_Load: procName=747 ret=4
[DEBUG | dusk] fpcSCtRq_phase_CreateProcess: procName=747
[DEBUG | dusk] fpcBs_Create: pid=446 profname=fpcNm_TAG_KMSG_e (747) profile=0x7b61370828 procSize=1768 unkSize=0
[DEBUG | dusk] fpcSCtRq_phase_CreateProcess: fpcBs_Create OK proc=0xb400007a191d23fc
[DEBUG | dusk] [DIAG] fpcSCtRq_phase_Load: procName=747 ret=4
[DEBUG | dusk] fpcSCtRq_phase_CreateProcess: procName=747
[DEBUG | dusk] fpcBs_Create: pid=447 profname=fpcNm_TAG_KMSG_e (747) profile=0x7b61370828 procSize=1768 unkSize=0
[DEBUG | dusk] fpcSCtRq_phase_CreateProcess: fpcBs_Create OK proc=0xb400007a191d1cf4
[DEBUG | dusk] [DIAG] fpcSCtRq_phase_Load: procName=747 ret=4
[DEBUG | dusk] fpcSCtRq_phase_CreateProcess: procName=747
[DEBUG | dusk] fpcBs_Create: pid=448 profname=fpcNm_TAG_KMSG_e (747) profile=0x7b61370828 procSize=1768 unkSize=0
[DEBUG | dusk] fpcSCtRq_phase_CreateProcess: fpcBs_Create OK proc=0xb400007a191d15ec
[DEBUG | dusk] [DIAG] fpcSCtRq_phase_Load: procName=747 ret=4
[DEBUG | dusk] fpcSCtRq_phase_CreateProcess: procName=747
[DEBUG | dusk] fpcBs_Create: pid=449 profname=fpcNm_TAG_KMSG_e (747) profile=0x7b61370828 procSize=1768 unkSize=0
[DEBUG | dusk] fpcSCtRq_phase_CreateProcess: fpcBs_Create OK proc=0xb400007a191f4230
[DEBUG | dusk] [DIAG] fpcSCtRq_phase_Load: procName=721 ret=4
[DEBUG | dusk] fpcSCtRq_phase_CreateProcess: procName=721
[DEBUG | dusk] fpcBs_Create: pid=450 profname=fpcNm_TAG_EVENT_e (721) profile=0x7b61370480 procSize=1640 unkSize=0
[DEBUG | dusk] fpcSCtRq_phase_CreateProcess: fpcBs_Create OK proc=0xb400007a191d0f64
[DEBUG | dusk] [DIAG] fpcSCtRq_phase_Load: procName=549 ret=4
[DEBUG | dusk] fpcSCtRq_phase_CreateProcess: procName=549
[DEBUG | dusk] fpcBs_Create: pid=451 profname=fpcNm_SWC00_e (549) profile=0x7b613774d0 procSize=1664 unkSize=0
[DEBUG | dusk] fpcSCtRq_phase_CreateProcess: fpcBs_Create OK proc=0xb400007a191d08c4
[DEBUG | dusk] [DIAG] fpcSCtRq_phase_Load: procName=549 ret=4
[DEBUG | dusk] fpcSCtRq_phase_CreateProcess: procName=549
[DEBUG | dusk] fpcBs_Create: pid=452 profname=fpcNm_SWC00_e (549) profile=0x7b613774d0 procSize=1664 unkSize=0
[DEBUG | dusk] fpcSCtRq_phase_CreateProcess: fpcBs_Create OK proc=0xb400007a191d0224
[DEBUG | dusk] [DIAG] fpcSCtRq_phase_Load: procName=549 ret=4
[DEBUG | dusk] fpcSCtRq_phase_CreateProcess: procName=549
[DEBUG | dusk] fpcBs_Create: pid=453 profname=fpcNm_SWC00_e (549) profile=0x7b613774d0 procSize=1664 unkSize=0
[DEBUG | dusk] fpcSCtRq_phase_CreateProcess: fpcBs_Create OK proc=0xb400007a191cfb84
[DEBUG | dusk] [DIAG] fpcSCtRq_phase_Load: procName=549 ret=4
[DEBUG | dusk] fpcSCtRq_phase_CreateProcess: procName=549
[DEBUG | dusk] fpcBs_Create: pid=454 profname=fpcNm_SWC00_e (549) profile=0x7b613774d0 procSize=1664 unkSize=0
[DEBUG | dusk] fpcSCtRq_phase_CreateProcess: fpcBs_Create OK proc=0xb400007a191cf4e4
[DEBUG | dusk] [DIAG] fpcSCtRq_phase_Load: procName=550 ret=4
[DEBUG | dusk] fpcSCtRq_phase_CreateProcess: procName=550
[DEBUG | dusk] fpcBs_Create: pid=455 profname=fpcNm_KNOB20_e (550) profile=0x7b6136e8a0 procSize=1888 unkSize=0
[DEBUG | dusk] fpcSCtRq_phase_CreateProcess: fpcBs_Create OK proc=0xb400007a191ced64
[DEBUG | dusk] [DIAG] fpcSCtRq_phase_Load: procName=550 ret=4
[DEBUG | dusk] fpcSCtRq_phase_CreateProcess: procName=550
[DEBUG | dusk] fpcBs_Create: pid=456 profname=fpcNm_KNOB20_e (550) profile=0x7b6136e8a0 procSize=1888 unkSize=0
[DEBUG | dusk] fpcSCtRq_phase_CreateProcess: fpcBs_Create OK proc=0xb400007a191ce5e4
[DEBUG | dusk] [DIAG] fpcSCtRq_phase_Load: procName=550 ret=4
[DEBUG | dusk] fpcSCtRq_phase_CreateProcess: procName=550
[DEBUG | dusk] fpcBs_Create: pid=457 profname=fpcNm_KNOB20_e (550) profile=0x7b6136e8a0 procSize=1888 unkSize=0
[DEBUG | dusk] fpcSCtRq_phase_CreateProcess: fpcBs_Create OK proc=0xb400007a191cde64
[DEBUG | dusk] [DIAG] fpcSCtRq_phase_Load: procName=550 ret=4
[DEBUG | dusk] fpcSCtRq_phase_CreateProcess: procName=550
[DEBUG | dusk] fpcBs_Create: pid=458 profname=fpcNm_KNOB20_e (550) profile=0x7b6136e8a0 procSize=1888 unkSize=0
[DEBUG | dusk] fpcSCtRq_phase_CreateProcess: fpcBs_Create OK proc=0xb400007a191cd6e4
[DEBUG | dusk] [DIAG] fpcSCtRq_phase_Load: procName=550 ret=4
[DEBUG | dusk] fpcSCtRq_phase_CreateProcess: procName=550
[DEBUG | dusk] fpcBs_Create: pid=459 profname=fpcNm_KNOB20_e (550) profile=0x7b6136e8a0 procSize=1888 unkSize=0
[DEBUG | dusk] fpcSCtRq_phase_CreateProcess: fpcBs_Create OK proc=0xb400007a191ccf64
[DEBUG | dusk] [DIAG] fpcSCtRq_phase_Load: procName=550 ret=4
[DEBUG | dusk] fpcSCtRq_phase_CreateProcess: procName=550
[DEBUG | dusk] fpcBs_Create: pid=460 profname=fpcNm_KNOB20_e (550) profile=0x7b6136e8a0 procSize=1888 unkSize=0
[DEBUG | dusk] fpcSCtRq_phase_CreateProcess: fpcBs_Create OK proc=0xb400007a191cc7e4
[DEBUG | dusk] [DIAG] fpcSCtRq_phase_Load: procName=550 ret=4
[DEBUG | dusk] fpcSCtRq_phase_CreateProcess: procName=550
[DEBUG | dusk] fpcBs_Create: pid=461 profname=fpcNm_KNOB20_e (550) profile=0x7b6136e8a0 procSize=1888 unkSize=0
[DEBUG | dusk] fpcSCtRq_phase_CreateProcess: fpcBs_Create OK proc=0xb400007a191cc064
[DEBUG | dusk] [DIAG] fpcSCtRq_phase_Load: procName=550 ret=4
[DEBUG | dusk] fpcSCtRq_phase_CreateProcess: procName=550
[DEBUG | dusk] fpcBs_Create: pid=462 profname=fpcNm_KNOB20_e (550) profile=0x7b6136e8a0 procSize=1888 unkSize=0
[DEBUG | dusk] fpcSCtRq_phase_CreateProcess: fpcBs_Create OK proc=0xb400007a191cb8e4
[DEBUG | dusk] [DIAG] fpcSCtRq_phase_Load: procName=550 ret=4
[DEBUG | dusk] fpcSCtRq_phase_CreateProcess: procName=550
[DEBUG | dusk] fpcBs_Create: pid=463 profname=fpcNm_KNOB20_e (550) profile=0x7b6136e8a0 procSize=1888 unkSize=0
[DEBUG | dusk] fpcSCtRq_phase_CreateProcess: fpcBs_Create OK proc=0xb400007a191cb164
[DEBUG | dusk] [DIAG] fpcSCtRq_phase_Load: procName=550 ret=4
[DEBUG | dusk] fpcSCtRq_phase_CreateProcess: procName=550
[DEBUG | dusk] fpcBs_Create: pid=464 profname=fpcNm_KNOB20_e (550) profile=0x7b6136e8a0 procSize=1888 unkSize=0
[DEBUG | dusk] fpcSCtRq_phase_CreateProcess: fpcBs_Create OK proc=0xb400007a191ca9e4
[DEBUG | dusk] [DIAG] fpcSCtRq_phase_Load: procName=550 ret=4
[DEBUG | dusk] fpcSCtRq_phase_CreateProcess: procName=550
[DEBUG | dusk] fpcBs_Create: pid=465 profname=fpcNm_KNOB20_e (550) profile=0x7b6136e8a0 procSize=1888 unkSize=0
[DEBUG | dusk] fpcSCtRq_phase_CreateProcess: fpcBs_Create OK proc=0xb400007a191ca264
[DEBUG | dusk] [DIAG] fpcSCtRq_phase_Load: procName=721 ret=4
[DEBUG | dusk] fpcSCtRq_phase_CreateProcess: procName=721
[DEBUG | dusk] fpcBs_Create: pid=466 profname=fpcNm_TAG_EVENT_e (721) profile=0x7b61370480 procSize=1640 unkSize=0
[DEBUG | dusk] fpcSCtRq_phase_CreateProcess: fpcBs_Create OK proc=0xb400007a191f3ba8
[DEBUG | dusk] [DIAG] fpcSCtRq_phase_Load: procName=708 ret=4
[DEBUG | dusk] fpcSCtRq_phase_CreateProcess: procName=708
[DEBUG | dusk] fpcBs_Create: pid=467 profname=fpcNm_Tag_Mstop_e (708) profile=0x7b61377de8 procSize=1768 unkSize=0
[DEBUG | dusk] fpcSCtRq_phase_CreateProcess: fpcBs_Create OK proc=0xb400007a191c9b5c
[DEBUG | dusk] [DIAG] fpcSCtRq_phase_Load: procName=708 ret=4
[DEBUG | dusk] fpcSCtRq_phase_CreateProcess: procName=708
[DEBUG | dusk] fpcBs_Create: pid=468 profname=fpcNm_Tag_Mstop_e (708) profile=0x7b61377de8 procSize=1768 unkSize=0
[DEBUG | dusk] fpcSCtRq_phase_CreateProcess: fpcBs_Create OK proc=0xb400007a191c9454
[DEBUG | dusk] [DIAG] fpcSCtRq_phase_Load: procName=705 ret=4
[DEBUG | dusk] fpcSCtRq_phase_CreateProcess: procName=705
[DEBUG | dusk] fpcBs_Create: pid=469 profname=fpcNm_Tag_Mhint_e (705) profile=0x7b61377d30 procSize=1768 unkSize=0
[DEBUG | dusk] fpcSCtRq_phase_CreateProcess: fpcBs_Create OK proc=0xb400007a191c8d4c
[DEBUG | dusk] [DIAG] fpcSCtRq_phase_Load: procName=708 ret=4
[DEBUG | dusk] fpcSCtRq_phase_CreateProcess: procName=708
[DEBUG | dusk] fpcBs_Create: pid=470 profname=fpcNm_Tag_Mstop_e (708) profile=0x7b61377de8 procSize=1768 unkSize=0
[DEBUG | dusk] fpcSCtRq_phase_CreateProcess: fpcBs_Create OK proc=0xb400007a191c8644
[DEBUG | dusk] [DIAG] fpcSCtRq_phase_Load: procName=708 ret=4
[DEBUG | dusk] fpcSCtRq_phase_CreateProcess: procName=708
[DEBUG | dusk] fpcBs_Create: pid=471 profname=fpcNm_Tag_Mstop_e (708) profile=0x7b61377de8 procSize=1768 unkSize=0
[DEBUG | dusk] fpcSCtRq_phase_CreateProcess: fpcBs_Create OK proc=0xb400007a191c7f3c
[DEBUG | dusk] [DIAG] fpcSCtRq_phase_Load: procName=708 ret=4
[DEBUG | dusk] fpcSCtRq_phase_CreateProcess: procName=708
[DEBUG | dusk] fpcBs_Create: pid=472 profname=fpcNm_Tag_Mstop_e (708) profile=0x7b61377de8 procSize=1768 unkSize=0
[DEBUG | dusk] fpcSCtRq_phase_CreateProcess: fpcBs_Create OK proc=0xb400007a191f273c
[DEBUG | dusk] [DIAG] fpcSCtRq_phase_Load: procName=549 ret=4
[DEBUG | dusk] fpcSCtRq_phase_CreateProcess: procName=549
[DEBUG | dusk] fpcBs_Create: pid=473 profname=fpcNm_SWC00_e (549) profile=0x7b613774d0 procSize=1664 unkSize=0
[DEBUG | dusk] fpcSCtRq_phase_CreateProcess: fpcBs_Create OK proc=0xb400007a191c789c
[DEBUG | dusk] [DIAG] fpcSCtRq_phase_Load: procName=682 ret=4
[DEBUG | dusk] fpcSCtRq_phase_CreateProcess: procName=682
[DEBUG | dusk] fpcBs_Create: pid=474 profname=fpcNm_KYTAG00_e (682) profile=0x7b6136ee70 procSize=1664 unkSize=0
[DEBUG | dusk] fpcSCtRq_phase_CreateProcess: fpcBs_Create OK proc=0xb400007a191c71fc
[DEBUG | dusk] [DIAG] fpcSCtRq_phase_Load: procName=682 ret=4
[DEBUG | dusk] fpcSCtRq_phase_CreateProcess: procName=682
[DEBUG | dusk] fpcBs_Create: pid=475 profname=fpcNm_KYTAG00_e (682) profile=0x7b6136ee70 procSize=1664 unkSize=0
[DEBUG | dusk] fpcSCtRq_phase_CreateProcess: fpcBs_Create OK proc=0xb400007a191c6b5c
[DEBUG | dusk] [DIAG] fpcSCtRq_phase_Load: procName=719 ret=4
[DEBUG | dusk] fpcSCtRq_phase_CreateProcess: procName=719
[DEBUG | dusk] fpcBs_Create: pid=476 profname=fpcNm_TAG_CAMERA_e (719) profile=0x7b61370260 procSize=1672 unkSize=0
[DEBUG | dusk] fpcSCtRq_phase_CreateProcess: fpcBs_Create OK proc=0xb400007a191c64b4
[DEBUG | dusk] [DIAG] fpcSCtRq_phase_Load: procName=708 ret=4
[DEBUG | dusk] fpcSCtRq_phase_CreateProcess: procName=708
[DEBUG | dusk] fpcBs_Create: pid=477 profname=fpcNm_Tag_Mstop_e (708) profile=0x7b61377de8 procSize=1768 unkSize=0
[DEBUG | dusk] fpcSCtRq_phase_CreateProcess: fpcBs_Create OK proc=0xb400007a191c5dac
[DEBUG | dusk] [DIAG] fpcSCtRq_phase_Load: procName=719 ret=4
[DEBUG | dusk] fpcSCtRq_phase_CreateProcess: procName=719
[DEBUG | dusk] fpcBs_Create: pid=478 profname=fpcNm_TAG_CAMERA_e (719) profile=0x7b61370260 procSize=1672 unkSize=0
[DEBUG | dusk] fpcSCtRq_phase_CreateProcess: fpcBs_Create OK proc=0xb400007a191f2094
[DEBUG | dusk] [DIAG] fpcSCtRq_phase_Load: procName=429 ret=4
[DEBUG | dusk] fpcSCtRq_phase_CreateProcess: procName=429
[DEBUG | dusk] fpcBs_Create: pid=479 profname=fpcNm_Tag_Spring_e (429) profile=0x7b61377ea0 procSize=1632 unkSize=0
[DEBUG | dusk] fpcSCtRq_phase_CreateProcess: fpcBs_Create OK proc=0xb400007a191c572c
[DEBUG | dusk] [DIAG] fpcSCtRq_phase_Load: procName=705 ret=4
[DEBUG | dusk] fpcSCtRq_phase_CreateProcess: procName=705
[DEBUG | dusk] fpcBs_Create: pid=480 profname=fpcNm_Tag_Mhint_e (705) profile=0x7b61377d30 procSize=1768 unkSize=0
[DEBUG | dusk] fpcSCtRq_phase_CreateProcess: fpcBs_Create OK proc=0xb400007a191c5024
[DEBUG | dusk] [DIAG] fpcSCtRq_phase_Load: procName=705 ret=4
[DEBUG | dusk] fpcSCtRq_phase_CreateProcess: procName=705
[DEBUG | dusk] fpcBs_Create: pid=481 profname=fpcNm_Tag_Mhint_e (705) profile=0x7b61377d30 procSize=1768 unkSize=0
[DEBUG | dusk] fpcSCtRq_phase_CreateProcess: fpcBs_Create OK proc=0xb400007a191c491c
[DEBUG | dusk] [DIAG] fpcSCtRq_phase_Load: procName=706 ret=4
[DEBUG | dusk] fpcSCtRq_phase_CreateProcess: procName=706
[DEBUG | dusk] fpcBs_Create: pid=482 profname=fpcNm_Tag_Mmsg_e (706) profile=0x7b613a76e8 procSize=1648 unkSize=0
[DEBUG | dusk] fpcSCtRq_phase_CreateProcess: fpcBs_Create OK proc=0xb400007a191c428c
[DEBUG | dusk] [DIAG] fpcSCtRq_phase_Load: procName=705 ret=4
[DEBUG | dusk] fpcSCtRq_phase_CreateProcess: procName=705
[DEBUG | dusk] fpcBs_Create: pid=483 profname=fpcNm_Tag_Mhint_e (705) profile=0x7b61377d30 procSize=1768 unkSize=0
[DEBUG | dusk] fpcSCtRq_phase_CreateProcess: fpcBs_Create OK proc=0xb400007a191c3b84
[DEBUG | dusk] [DIAG] fpcSCtRq_phase_Load: procName=706 ret=4
[DEBUG | dusk] fpcSCtRq_phase_CreateProcess: procName=706
[DEBUG | dusk] fpcBs_Create: pid=484 profname=fpcNm_Tag_Mmsg_e (706) profile=0x7b613a76e8 procSize=1648 unkSize=0
[DEBUG | dusk] fpcSCtRq_phase_CreateProcess: fpcBs_Create OK proc=0xb400007a191f1a04
[DEBUG | dusk] [DIAG] fpcSCtRq_phase_Load: procName=696 ret=4
[DEBUG | dusk] fpcSCtRq_phase_CreateProcess: procName=696
[DEBUG | dusk] fpcBs_Create: pid=485 profname=fpcNm_KYTAG14_e (696) profile=0x7b61372e28 procSize=1640 unkSize=0
[DEBUG | dusk] fpcSCtRq_phase_CreateProcess: fpcBs_Create OK proc=0xb400007a191c34fc
[DEBUG | dusk] [DIAG] fpcSCtRq_phase_Load: procName=82 ret=4
[DEBUG | dusk] fpcSCtRq_phase_CreateProcess: procName=82
[DEBUG | dusk] fpcBs_Create: pid=486 profname=fpcNm_Obj_Digholl_e (82) profile=0x7b613933a0 procSize=1640 unkSize=0
[DEBUG | dusk] fpcSCtRq_phase_CreateProcess: fpcBs_Create OK proc=0xb400007a191c2e74
[DEBUG | dusk] [DIAG] fpcSCtRq_phase_Load: procName=764 ret=4
[DEBUG | dusk] fpcSCtRq_phase_CreateProcess: procName=764
[DEBUG | dusk] fpcBs_Create: pid=487 profname=fpcNm_Obj_Carry_e (764) profile=0x7b6136f960 procSize=4768 unkSize=0
[DEBUG | dusk] fpcSCtRq_phase_CreateProcess: fpcBs_Create OK proc=0xb400007a191c1bb4
[DEBUG | dusk] [DIAG] fpcSCtRq_phase_Load: procName=764 ret=4
[DEBUG | dusk] fpcSCtRq_phase_CreateProcess: procName=764
[DEBUG | dusk] fpcBs_Create: pid=488 profname=fpcNm_Obj_Carry_e (764) profile=0x7b6136f960 procSize=4768 unkSize=0
[DEBUG | dusk] fpcSCtRq_phase_CreateProcess: fpcBs_Create OK proc=0xb400007a191c08f4
[DEBUG | dusk] [DIAG] fpcSCtRq_phase_Load: procName=764 ret=4
[DEBUG | dusk] fpcSCtRq_phase_CreateProcess: procName=764
[DEBUG | dusk] fpcBs_Create: pid=489 profname=fpcNm_Obj_Carry_e (764) profile=0x7b6136f960 procSize=4768 unkSize=0
[DEBUG | dusk] fpcSCtRq_phase_CreateProcess: fpcBs_Create OK proc=0xb400007a191bf634
[DEBUG | dusk] [DIAG] fpcSCtRq_phase_Load: procName=764 ret=4
[DEBUG | dusk] fpcSCtRq_phase_CreateProcess: procName=764
[DEBUG | dusk] fpcBs_Create: pid=490 profname=fpcNm_Obj_Carry_e (764) profile=0x7b6136f960 procSize=4768 unkSize=0
[DEBUG | dusk] fpcSCtRq_phase_CreateProcess: fpcBs_Create OK proc=0xb400007a191be374
[DEBUG | dusk] [DIAG] fpcSCtRq_phase_Load: procName=711 ret=4
[DEBUG | dusk] fpcSCtRq_phase_CreateProcess: procName=711
[DEBUG | dusk] fpcBs_Create: pid=491 profname=fpcNm_Tag_Wljump_e (711) profile=0x7b613a8950 procSize=1768 unkSize=0
[DEBUG | dusk] fpcSCtRq_phase_CreateProcess: fpcBs_Create OK proc=0xb400007a191bdc6c
[DEBUG | dusk] [DIAG] fpcSCtRq_phase_Load: procName=283 ret=4
[DEBUG | dusk] fpcSCtRq_phase_CreateProcess: procName=283
[DEBUG | dusk] fpcBs_Create: pid=492 profname=fpcNm_OBJ_KANBAN2_e (283) profile=0x7b61375c80 procSize=3488 unkSize=0
[DEBUG | dusk] fpcSCtRq_phase_CreateProcess: fpcBs_Create OK proc=0xb400007a191bceac
[DEBUG | dusk] [DIAG] fpcSCtRq_phase_Load: procName=283 ret=4
[DEBUG | dusk] fpcSCtRq_phase_CreateProcess: procName=283
[DEBUG | dusk] fpcBs_Create: pid=493 profname=fpcNm_OBJ_KANBAN2_e (283) profile=0x7b61375c80 procSize=3488 unkSize=0
[DEBUG | dusk] fpcSCtRq_phase_CreateProcess: fpcBs_Create OK proc=0xb400007a191bc0ec
[DEBUG | dusk] [DIAG] fpcSCtRq_phase_Load: procName=283 ret=4
[DEBUG | dusk] fpcSCtRq_phase_CreateProcess: procName=283
[DEBUG | dusk] fpcBs_Create: pid=494 profname=fpcNm_OBJ_KANBAN2_e (283) profile=0x7b61375c80 procSize=3488 unkSize=0
[DEBUG | dusk] fpcSCtRq_phase_CreateProcess: fpcBs_Create OK proc=0xb400007a191bb32c
[DEBUG | dusk] [DIAG] fpcSCtRq_phase_Load: procName=129 ret=4
[DEBUG | dusk] fpcSCtRq_phase_CreateProcess: procName=129
[DEBUG | dusk] fpcBs_Create: pid=495 profname=fpcNm_Obj_RiderGate_e (129) profile=0x7b6139ede0 procSize=3992 unkSize=0
[DEBUG | dusk] fpcSCtRq_phase_CreateProcess: fpcBs_Create OK proc=0xb400007a191ba374
[DEBUG | dusk] [DIAG] fpcSCtRq_phase_Load: procName=83 ret=4
[DEBUG | dusk] fpcSCtRq_phase_CreateProcess: procName=83
[DEBUG | dusk] fpcBs_Create: pid=496 profname=fpcNm_Obj_Digpl_e (83) profile=0x7b613757f8 procSize=1712 unkSize=0
[DEBUG | dusk] fpcSCtRq_phase_CreateProcess: fpcBs_Create OK proc=0xb400007a191b9ca4
[DEBUG | dusk] [DIAG] fpcSCtRq_phase_Load: procName=83 ret=4
[DEBUG | dusk] fpcSCtRq_phase_CreateProcess: procName=83
[DEBUG | dusk] fpcBs_Create: pid=497 profname=fpcNm_Obj_Digpl_e (83) profile=0x7b613757f8 procSize=1712 unkSize=0
[DEBUG | dusk] fpcSCtRq_phase_CreateProcess: fpcBs_Create OK proc=0xb400007a191b95d4
[DEBUG | dusk] [DIAG] fpcSCtRq_phase_Load: procName=83 ret=4
[DEBUG | dusk] fpcSCtRq_phase_CreateProcess: procName=83
[DEBUG | dusk] fpcBs_Create: pid=498 profname=fpcNm_Obj_Digpl_e (83) profile=0x7b613757f8 procSize=1712 unkSize=0
[DEBUG | dusk] fpcSCtRq_phase_CreateProcess: fpcBs_Create OK proc=0xb400007a191b8f04
[DEBUG | dusk] [DIAG] fpcSCtRq_phase_Load: procName=83 ret=4
[DEBUG | dusk] fpcSCtRq_phase_CreateProcess: procName=83
[DEBUG | dusk] fpcBs_Create: pid=499 profname=fpcNm_Obj_Digpl_e (83) profile=0x7b613757f8 procSize=1712 unkSize=0
[DEBUG | dusk] fpcSCtRq_phase_CreateProcess: fpcBs_Create OK proc=0xb400007a191b8834
[DEBUG | dusk] [DIAG] fpcSCtRq_phase_Load: procName=83 ret=4
[DEBUG | dusk] fpcSCtRq_phase_CreateProcess: procName=83
[DEBUG | dusk] fpcBs_Create: pid=500 profname=fpcNm_Obj_Digpl_e (83) profile=0x7b613757f8 procSize=1712 unkSize=0
[DEBUG | dusk] fpcSCtRq_phase_CreateProcess: fpcBs_Create OK proc=0xb400007a191b8164
[DEBUG | dusk] [DIAG] fpcSCtRq_phase_Load: procName=283 ret=4
[DEBUG | dusk] fpcSCtRq_phase_CreateProcess: procName=283
[DEBUG | dusk] fpcBs_Create: pid=501 profname=fpcNm_OBJ_KANBAN2_e (283) profile=0x7b61375c80 procSize=3488 unkSize=0
[DEBUG | dusk] fpcSCtRq_phase_CreateProcess: fpcBs_Create OK proc=0xb400007a191b73a4
[DEBUG | dusk] [DIAG] fpcSCtRq_phase_Load: procName=764 ret=4
[DEBUG | dusk] fpcSCtRq_phase_CreateProcess: procName=764
[DEBUG | dusk] fpcBs_Create: pid=502 profname=fpcNm_Obj_Carry_e (764) profile=0x7b6136f960 procSize=4768 unkSize=0
[DEBUG | dusk] fpcSCtRq_phase_CreateProcess: fpcBs_Create OK proc=0xb400007a191b60e4
[DEBUG | dusk] [DIAG] fpcSCtRq_phase_Load: procName=764 ret=4
[DEBUG | dusk] fpcSCtRq_phase_CreateProcess: procName=764
[DEBUG | dusk] fpcBs_Create: pid=503 profname=fpcNm_Obj_Carry_e (764) profile=0x7b6136f960 procSize=4768 unkSize=0
[DEBUG | dusk] fpcSCtRq_phase_CreateProcess: fpcBs_Create OK proc=0xb400007a191b4e24
[DEBUG | dusk] [DIAG] fpcSCtRq_phase_Load: procName=696 ret=4
[DEBUG | dusk] fpcSCtRq_phase_CreateProcess: procName=696
[DEBUG | dusk] fpcBs_Create: pid=504 profname=fpcNm_KYTAG14_e (696) profile=0x7b61372e28 procSize=1640 unkSize=0
[DEBUG | dusk] fpcSCtRq_phase_CreateProcess: fpcBs_Create OK proc=0xb400007a191b479c
[DEBUG | dusk] [DIAG] fpcSCtRq_phase_Load: procName=130 ret=4
[DEBUG | dusk] fpcSCtRq_phase_CreateProcess: procName=130
[DEBUG | dusk] fpcBs_Create: pid=505 profname=fpcNm_Obj_Onsen_e (130) profile=0x7b6139daf8 procSize=1736 unkSize=0
[DEBUG | dusk] fpcSCtRq_phase_CreateProcess: fpcBs_Create OK proc=0xb400007a191b40b4
[DEBUG | dusk] [DIAG] fpcSCtRq_phase_Load: procName=733 ret=4
[DEBUG | dusk] fpcSCtRq_phase_CreateProcess: procName=733
[DEBUG | dusk] fpcBs_Create: pid=506 profname=fpcNm_SET_BG_OBJ_e (733) profile=0x7b6136ff08 procSize=1664 unkSize=0
[DEBUG | dusk] fpcSCtRq_phase_CreateProcess: fpcBs_Create OK proc=0xb400007a191b3a14
[DEBUG | dusk] [DIAG] fpcSCtRq_phase_Load: procName=592 ret=4
[DEBUG | dusk] fpcSCtRq_phase_CreateProcess: procName=592
[DEBUG | dusk] fpcBs_Create: pid=507 profname=fpcNm_NPC_LEN_e (592) profile=0x7b61388150 procSize=5376 unkSize=0
[DEBUG | dusk] fpcSCtRq_phase_CreateProcess: fpcBs_Create OK proc=0xb400007a191b24f4
[DEBUG | dusk] [DIAG] fpcSCtRq_phase_Load: procName=593 ret=4
[DEBUG | dusk] fpcSCtRq_phase_CreateProcess: procName=593
[DEBUG | dusk] fpcBs_Create: pid=508 profname=fpcNm_NPC_LUD_e (593) profile=0x7b613885f8 procSize=5352 unkSize=0
[DEBUG | dusk] fpcSCtRq_phase_CreateProcess: fpcBs_Create OK proc=0xb400007a191b0fec
[DEBUG | dusk] [DIAG] fpcSCtRq_phase_Load: procName=605 ret=4
[DEBUG | dusk] fpcSCtRq_phase_CreateProcess: procName=605
[DEBUG | dusk] fpcBs_Create: pid=509 profname=fpcNm_NPC_KOLIN_e (605) profile=0x7b61374460 procSize=5432 unkSize=0
[DEBUG | dusk] fpcSCtRq_phase_CreateProcess: fpcBs_Create OK proc=0xb400007a191afa94
[DEBUG | dusk] [DIAG] fpcSCtRq_phase_Load: procName=581 ret=4
[DEBUG | dusk] fpcSCtRq_phase_CreateProcess: procName=581
[DEBUG | dusk] fpcBs_Create: pid=510 profname=fpcNm_NPC_BESU_e (581) profile=0x7b613734a8 procSize=5856 unkSize=0
[DEBUG | dusk] fpcSCtRq_phase_CreateProcess: fpcBs_Create OK proc=0xb400007a191ae394
[DEBUG | dusk] [DIAG] fpcSCtRq_phase_Load: procName=608 ret=4
[DEBUG | dusk] fpcSCtRq_phase_CreateProcess: procName=608
[DEBUG | dusk] fpcBs_Create: pid=511 profname=fpcNm_NPC_MARO_e (608) profile=0x7b61374a00 procSize=5800 unkSize=0
[DEBUG | dusk] fpcSCtRq_phase_CreateProcess: fpcBs_Create OK proc=0xb400007a191acccc
[DEBUG | dusk] [DIAG] fpcSCtRq_phase_Load: procName=622 ret=4
[DEBUG | dusk] fpcSCtRq_phase_CreateProcess: procName=622
[DEBUG | dusk] fpcBs_Create: pid=512 profname=fpcNm_NPC_TARO_e (622) profile=0x7b61375050 procSize=6104 unkSize=0
[DEBUG | dusk] fpcSCtRq_phase_CreateProcess: fpcBs_Create OK proc=0xb400007a191ab4d4
[DEBUG | dusk] [DIAG] fpcSCtRq_phase_Load: procName=592 ret=4
[DEBUG | dusk] fpcSCtRq_phase_CreateProcess: procName=592
[DEBUG | dusk] fpcBs_Create: pid=513 profname=fpcNm_NPC_LEN_e (592) profile=0x7b61388150 procSize=5376 unkSize=0
[DEBUG | dusk] fpcSCtRq_phase_CreateProcess: fpcBs_Create OK proc=0xb400007a191a9fb4
[DEBUG | dusk] [DIAG] fpcSCtRq_phase_Load: procName=696 ret=4
[DEBUG | dusk] fpcSCtRq_phase_CreateProcess: procName=696
[DEBUG | dusk] fpcBs_Create: pid=514 profname=fpcNm_KYTAG14_e (696) profile=0x7b61372e28 procSize=1640 unkSize=0
[DEBUG | dusk] fpcSCtRq_phase_CreateProcess: fpcBs_Create OK proc=0xb400007a191a992c
[DEBUG | dusk] [DIAG] fpcSCtRq_phase_Load: procName=711 ret=4
[DEBUG | dusk] fpcSCtRq_phase_CreateProcess: procName=711
[DEBUG | dusk] fpcBs_Create: pid=515 profname=fpcNm_Tag_Wljump_e (711) profile=0x7b613a8950 procSize=1768 unkSize=0
[DEBUG | dusk] fpcSCtRq_phase_CreateProcess: fpcBs_Create OK proc=0xb400007a191a9224
[DEBUG | dusk] [DIAG] fpcSCtRq_phase_Load: procName=83 ret=4
[DEBUG | dusk] fpcSCtRq_phase_CreateProcess: procName=83
[DEBUG | dusk] fpcBs_Create: pid=516 profname=fpcNm_Obj_Digpl_e (83) profile=0x7b613757f8 procSize=1712 unkSize=0
[DEBUG | dusk] fpcSCtRq_phase_CreateProcess: fpcBs_Create OK proc=0xb400007a191a8b54
[DEBUG | dusk] [DIAG] fpcSCtRq_phase_Load: procName=764 ret=4
[DEBUG | dusk] fpcSCtRq_phase_CreateProcess: procName=764
[DEBUG | dusk] fpcBs_Create: pid=517 profname=fpcNm_Obj_Carry_e (764) profile=0x7b6136f960 procSize=4768 unkSize=0
[DEBUG | dusk] fpcSCtRq_phase_CreateProcess: fpcBs_Create OK proc=0xb400007a191a7894
[DEBUG | dusk] [DIAG] fpcSCtRq_phase_Load: procName=764 ret=4
[DEBUG | dusk] fpcSCtRq_phase_CreateProcess: procName=764
[DEBUG | dusk] fpcBs_Create: pid=518 profname=fpcNm_Obj_Carry_e (764) profile=0x7b6136f960 procSize=4768 unkSize=0
[DEBUG | dusk] fpcSCtRq_phase_CreateProcess: fpcBs_Create OK proc=0xb400007a191a65d4
[DEBUG | dusk] [DIAG] fpcSCtRq_phase_Load: procName=788 ret=4
[DEBUG | dusk] fpcSCtRq_phase_CreateProcess: procName=788
[DEBUG | dusk] fpcBs_Create: pid=519 profname=fpcNm_MENUWINDOW_e (788) profile=0x7b61367e20 procSize=592 unkSize=0
[DEBUG | dusk] fpcSCtRq_phase_CreateProcess: fpcBs_Create OK proc=0xb400007a191ef394
[DEBUG | dusk] [DIAG] fpcSCtRq_phase_Load: procName=787 ret=4
[DEBUG | dusk] fpcSCtRq_phase_CreateProcess: procName=787
[DEBUG | dusk] fpcBs_Create: pid=520 profname=fpcNm_MSG_OBJECT_e (787) profile=0x7b61368a98 procSize=1512 unkSize=0
[DEBUG | dusk] fpcSCtRq_phase_CreateProcess: fpcBs_Create OK proc=0xb400007a191a5fcc
[DEBUG | dusk] Loading Resource: al_kantera.bmd (Size: 21024)
[DEBUG | dusk] Loading Resource: ef_ktglow.bmd (Size: 3040)
[DEBUG | dusk] Loading Resource: al.bmd (Size: 176288)
[DEBUG | dusk] Loading Resource: al_bootsh.bmd (Size: 22048)
[DEBUG | dusk] Loading Resource: al_face.bmd (Size: 72576)
[DEBUG | dusk] Loading Resource: al_hands.bmd (Size: 61056)
[DEBUG | dusk] Loading Resource: al_head.bmd (Size: 33851)
[DEBUG | dusk] Loading Resource: al_swb.bmd (Size: 23552)
[DEBUG | dusk] Loading Resource: ef_ktglow.btk (Size: 512)
[DEBUG | dusk] Loading Resource: model0.bmd (Size: 13312)
[DEBUG | dusk] Loading Resource: model1.bmd (Size: 10656)
[DEBUG | dusk] Loading Resource: model0.dzb (Size: 832)
[DEBUG | dusk] Loading Resource: spec.dat (Size: 148)
[DEBUG | dusk] Loading Resource: k_takaraa.bck (Size: 448)
[DEBUG | dusk] Loading Resource: k_takarab.bck (Size: 448)
[DEBUG | dusk] Loading Resource: k_takarab_slow.bck (Size: 448)
[DEBUG | dusk] Loading Resource: boxa.bmd (Size: 22912)
[DEBUG | dusk] Loading Resource: boxb.bmd (Size: 27232)
[DEBUG | dusk] Loading Resource: ef_boxb.bmd (Size: 13504)
[DEBUG | dusk] Loading Resource: k_tboxn.bmd (Size: 2048)
[DEBUG | dusk] Loading Resource: boxa.brk (Size: 416)
[DEBUG | dusk] Loading Resource: ef_boxb.brk (Size: 256)
[DEBUG | dusk] Loading Resource: boxa.btk (Size: 416)
[DEBUG | dusk] Loading Resource: boxac.dzb (Size: 640)
[DEBUG | dusk] Loading Resource: boxao.dzb (Size: 928)
[DEBUG | dusk] Loading Resource: boxbc.dzb (Size: 640)
[DEBUG | dusk] Loading Resource: boxbo.dzb (Size: 928)
[DEBUG | dusk] Loading Resource: fdoora.bck (Size: 352)
[DEBUG | dusk] Loading Resource: fdoorb.bck (Size: 320)
[DEBUG | dusk] Loading Resource: door-knobdummy.bmd (Size: 1792)
[DEBUG | dusk] Loading Resource: door-pushdoubledummy.bmd (Size: 2752)
[DEBUG | dusk] Loading Resource: door-knob.dzb (Size: 480)
[DEBUG | dusk] Loading Resource: door-pushdouble.dzb (Size: 480)
[DEBUG | dusk] Loading Resource: door-shutter.dzb (Size: 448)
[DEBUG | dusk] Loading Resource: door-shutterbig.dzb (Size: 768)
[DEBUG | dusk] Loading Resource: door-shutterboss.dzb (Size: 704)
[DEBUG | dusk] Loading Resource: door-shutterlv9.dzb (Size: 768)
[DEBUG | dusk] Loading Resource: j_hako_00.bmd (Size: 13312)
[DEBUG | dusk] Loading Resource: j_hako_00.dzb (Size: 608)
[DEBUG | dusk] Loading Resource: j_kanban00.bmd (Size: 11456)
[DEBUG | dusk] Loading Resource: j_kanban00_01.bmd (Size: 2336)
[DEBUG | dusk] Loading Resource: j_kanban00_02.bmd (Size: 2336)
[DEBUG | dusk] Loading Resource: j_kanban00_03.bmd (Size: 2304)
[DEBUG | dusk] Loading Resource: j_kanban00_04.bmd (Size: 2304)
[DEBUG | dusk] Loading Resource: j_kanban00_05.bmd (Size: 2304)
[DEBUG | dusk] Loading Resource: j_kanban00_06.bmd (Size: 2336)
[DEBUG | dusk] Loading Resource: j_kanban00_07.bmd (Size: 2336)
[DEBUG | dusk] Loading Resource: j_kanban00_08.bmd (Size: 2336)
[DEBUG | dusk] Loading Resource: j_kanban00_09.bmd (Size: 2400)
[DEBUG | dusk] Loading Resource: j_kanban00_10.bmd (Size: 2400)
[DEBUG | dusk] Loading Resource: j_kanban00_11.bmd (Size: 2368)
[DEBUG | dusk] Loading Resource: j_kanban00_12.bmd (Size: 2368)
[DEBUG | dusk] Loading Resource: j_kanban00_13.bmd (Size: 2368)
[DEBUG | dusk] Loading Resource: j_kanban00_14.bmd (Size: 2368)
[DEBUG | dusk] Loading Resource: j_kanban00_15.bmd (Size: 2368)
[DEBUG | dusk] Loading Resource: j_kanban00_16.bmd (Size: 2368)
[DEBUG | dusk] Loading Resource: j_kanban00_17.bmd (Size: 2400)
[DEBUG | dusk] Loading Resource: j_kanban00_18.bmd (Size: 2400)
[DEBUG | dusk] Loading Resource: m_ridergate.bmd (Size: 24544)
[DEBUG | dusk] Loading Resource: m_ridergate_hook.bmd (Size: 3648)
[DEBUG | dusk] Loading Resource: m_ridergate_key.bmd (Size: 3232)
[DEBUG | dusk] Loading Resource: m_ridergate.dzb (Size: 672)
[DEBUG | dusk] Loading Resource: event_list.dat (Size: 2020)
[DEBUG | dusk] Loading Resource: h_kakaonsen.bmd (Size: 3488)
[DEBUG | dusk] Loading Resource: h_kakaonsenb.bmd (Size: 3616)
[DEBUG | dusk] Loading Resource: h_kakaonsenb.btk (Size: 320)
[DEBUG | dusk] Loading Resource: h_kakaonsen.dzb (Size: 1280)
[DEBUG | dusk] Loading Resource: model0.bmd (Size: 20864)
[DEBUG | dusk] Loading Resource: model0.dzb (Size: 9344)
[DEBUG | dusk] Loading Resource: spec.dat (Size: 8)
[DEBUG | dusk] Loading Resource: len_f_talk_a.bck (Size: 2848)
[DEBUG | dusk] Loading Resource: len_step.bck (Size: 3744)
[DEBUG | dusk] Loading Resource: len_wait_a.bck (Size: 3616)
[DEBUG | dusk] Loading Resource: len.bmd (Size: 140032)
[DEBUG | dusk] Loading Resource: len.btk (Size: 256)
[DEBUG | dusk] Loading Resource: len.btp (Size: 128)
[DEBUG | dusk] Loading Resource: len_dislike_a.bck (Size: 3744)
[DEBUG | dusk] Loading Resource: len_dislike_b.bck (Size: 3552)
[DEBUG | dusk] Loading Resource: len_evade_a.bck (Size: 5216)
[DEBUG | dusk] Loading Resource: len_evade_b.bck (Size: 3840)
[DEBUG | dusk] Loading Resource: len_evade_c.bck (Size: 3808)
[DEBUG | dusk] Loading Resource: len_f_dislike_a.bck (Size: 3776)
[DEBUG | dusk] Loading Resource: len_f_dislike_b.bck (Size: 2976)
[DEBUG | dusk] Loading Resource: len_f_evade_a.bck (Size: 3104)
[DEBUG | dusk] Loading Resource: len_f_talk_b.bck (Size: 3040)
[DEBUG | dusk] Loading Resource: len_f_talk_c.bck (Size: 3136)
[DEBUG | dusk] Loading Resource: len_f_talk_d.bck (Size: 3168)
[DEBUG | dusk] Loading Resource: len_f_wait_bc_connect.bck (Size: 2752)
[DEBUG | dusk] Loading Resource: len_f_wait_c.bck (Size: 3680)
[DEBUG | dusk] Loading Resource: len_f_wait_d.bck (Size: 2400)
[DEBUG | dusk] Loading Resource: len_f_wait_e.bck (Size: 2688)
[DEBUG | dusk] Loading Resource: len_fh_dislike_b.bck (Size: 2592)
[DEBUG | dusk] Loading Resource: len_fh_evade_b.bck (Size: 2368)
[DEBUG | dusk] Loading Resource: len_fh_talk_c.bck (Size: 2368)
[DEBUG | dusk] Loading Resource: len_fh_talk_d.bck (Size: 2368)
[DEBUG | dusk] Loading Resource: len_fh_wait_c.bck (Size: 2368)
[DEBUG | dusk] Loading Resource: len_fh_wait_d.bck (Size: 2368)
[DEBUG | dusk] Loading Resource: len_talk_a.bck (Size: 5920)
[DEBUG | dusk] Loading Resource: len_talk_c.bck (Size: 7744)
[DEBUG | dusk] Loading Resource: len_wait_b.bck (Size: 4096)
[DEBUG | dusk] Loading Resource: len_wait_bc_connect.bck (Size: 4064)
[DEBUG | dusk] Loading Resource: len_wait_c.bck (Size: 4192)
[DEBUG | dusk] Loading Resource: len_wait_d.bck (Size: 3840)
[DEBUG | dusk] Loading Resource: len_wait_e.bck (Size: 3968)
[DEBUG | dusk] Loading Resource: len_walk_a.bck (Size: 5440)
[DEBUG | dusk] Loading Resource: len_f_dislike_a.btk (Size: 480)
[DEBUG | dusk] Loading Resource: len_f_dislike_b.btk (Size: 640)
[DEBUG | dusk] Loading Resource: len_fh_dislike_b.btk (Size: 288)
[DEBUG | dusk] Loading Resource: len_f_dislike_a.btp (Size: 288)
[DEBUG | dusk] Loading Resource: len_f_dislike_b.btp (Size: 288)
[DEBUG | dusk] Loading Resource: len_f_evade_a.btp (Size: 288)
[DEBUG | dusk] Loading Resource: len_f_talk_c.btp (Size: 288)
[DEBUG | dusk] Loading Resource: len_f_talk_d.btp (Size: 288)
[DEBUG | dusk] Loading Resource: len_f_wait_c.btp (Size: 288)
[DEBUG | dusk] Loading Resource: len_fh_talk_c.btp (Size: 96)
[DEBUG | dusk] Loading Resource: len_fh_talk_d.btp (Size: 96)
[DEBUG | dusk] Loading Resource: len_fh_wait_c.btp (Size: 96)
[DEBUG | dusk] Loading Resource: event_list.dat (Size: 7916)
[DEBUG | dusk] Loading Resource: lud_f_talk_a.bck (Size: 2688)
[DEBUG | dusk] Loading Resource: lud_step.bck (Size: 3104)
[DEBUG | dusk] Loading Resource: lud_wait_a.bck (Size: 3520)
[DEBUG | dusk] Loading Resource: lud.bmd (Size: 141984)
[DEBUG | dusk] Loading Resource: lud.btk (Size: 256)
[DEBUG | dusk] Loading Resource: lud.btp (Size: 128)
[DEBUG | dusk] Loading Resource: lud_f_fear_a.bck (Size: 2688)
[DEBUG | dusk] Loading Resource: lud_fear_a.bck (Size: 12000)
[DEBUG | dusk] Loading Resource: lud_talk_a.bck (Size: 5760)
[DEBUG | dusk] Loading Resource: lud_talk_b.bck (Size: 4544)
[DEBUG | dusk] Loading Resource: lud_f_fear_a.btp (Size: 288)
[DEBUG | dusk] Loading Resource: kolin_f_talk_a.bck (Size: 2368)
[DEBUG | dusk] Loading Resource: kolin_step.bck (Size: 3680)
[DEBUG | dusk] Loading Resource: kolin_wait_a.bck (Size: 2784)
[DEBUG | dusk] Loading Resource: kolin.bmd (Size: 118848)
[DEBUG | dusk] Loading Resource: kolin.btk (Size: 256)
[DEBUG | dusk] Loading Resource: kolin.btp (Size: 128)
[DEBUG | dusk] Loading Resource: kolin_f_talk_a.btp (Size: 288)
[DEBUG | dusk] Loading Resource: kolin_clup.bck (Size: 10016)
[DEBUG | dusk] Loading Resource: kolin_f_clup.bck (Size: 2752)
[DEBUG | dusk] Loading Resource: kolin_f_happy_talk.bck (Size: 2080)
[DEBUG | dusk] Loading Resource: kolin_f_kizuku.bck (Size: 2368)
[DEBUG | dusk] Loading Resource: kolin_f_normal_talk.bck (Size: 3232)
[DEBUG | dusk] Loading Resource: kolin_f_stone.bck (Size: 1984)
[DEBUG | dusk] Loading Resource: kolin_f_walk_a.bck (Size: 1792)
[DEBUG | dusk] Loading Resource: kolin_fh_kizuku.bck (Size: 1760)
[DEBUG | dusk] Loading Resource: kolin_fh_normal_talk.bck (Size: 1792)
[DEBUG | dusk] Loading Resource: kolin_fh_wait_d.bck (Size: 1792)
[DEBUG | dusk] Loading Resource: kolin_haihai.bck (Size: 4928)
[DEBUG | dusk] Loading Resource: kolin_happy_talk.bck (Size: 3168)
[DEBUG | dusk] Loading Resource: kolin_happy_wait.bck (Size: 2432)
[DEBUG | dusk] Loading Resource: kolin_normal_talk.bck (Size: 5632)
[DEBUG | dusk] Loading Resource: kolin_nozoku.bck (Size: 6560)
[DEBUG | dusk] Loading Resource: kolin_run.bck (Size: 5312)
[DEBUG | dusk] Loading Resource: kolin_stone.bck (Size: 5472)
[DEBUG | dusk] Loading Resource: kolin_talk_a.bck (Size: 4608)
[DEBUG | dusk] Loading Resource: kolin_turn.bck (Size: 4864)
[DEBUG | dusk] Loading Resource: kolin_wait_b.bck (Size: 4896)
[DEBUG | dusk] Loading Resource: kolin_wait_c.bck (Size: 2720)
[DEBUG | dusk] Loading Resource: kolin_wait_d.bck (Size: 3104)
[DEBUG | dusk] Loading Resource: kolin_walk_a.bck (Size: 5632)
[DEBUG | dusk] Loading Resource: kolin_walk_b.bck (Size: 4288)
[DEBUG | dusk] Loading Resource: kolin_clup.btk (Size: 288)
[DEBUG | dusk] Loading Resource: kolin_nozoku.btk (Size: 256)
[DEBUG | dusk] Loading Resource: kolin_stone.btk (Size: 288)
[DEBUG | dusk] Loading Resource: kolin_walk_a.btk (Size: 256)
[DEBUG | dusk] Loading Resource: kolin_f_clup.btp (Size: 256)
[DEBUG | dusk] Loading Resource: kolin_f_kizuku.btp (Size: 160)
[DEBUG | dusk] Loading Resource: kolin_f_stone.btp (Size: 192)
[DEBUG | dusk] Loading Resource: kolin_f_walk_a.btp (Size: 96)
[DEBUG | dusk] Loading Resource: kolin_fh_wait_d.btp (Size: 96)
[DEBUG | dusk] Loading Resource: event_list.dat (Size: 19728)
[DEBUG | dusk] Loading Resource: besu_body_talk.bck (Size: 4288)
[DEBUG | dusk] Loading Resource: besu_body_wait.bck (Size: 2496)
[DEBUG | dusk] Loading Resource: besu_f_talk_c.bck (Size: 2016)
[DEBUG | dusk] Loading Resource: besu_f_yokeru.bck (Size: 1536)
[DEBUG | dusk] Loading Resource: besu_fh_bikkuri.bck (Size: 1536)
[DEBUG | dusk] Loading Resource: besu_mad.bck (Size: 4320)
[DEBUG | dusk] Loading Resource: besu_mad_wait.bck (Size: 2560)
[DEBUG | dusk] Loading Resource: besu_normal_step.bck (Size: 3072)
[DEBUG | dusk] Loading Resource: besu_normal_talk.bck (Size: 4416)
[DEBUG | dusk] Loading Resource: besu_normal_talk_b.bck (Size: 4064)
[DEBUG | dusk] Loading Resource: besu_normal_wait.bck (Size: 2496)
[DEBUG | dusk] Loading Resource: besu_step.bck (Size: 2976)
[DEBUG | dusk] Loading Resource: besu_wait_a.bck (Size: 2560)
[DEBUG | dusk] Loading Resource: besu_wait_c.bck (Size: 2080)
[DEBUG | dusk] Loading Resource: besu_yokeru.bck (Size: 3296)
[DEBUG | dusk] Loading Resource: besu.btk (Size: 256)
[DEBUG | dusk] Loading Resource: besu.btp (Size: 128)
[DEBUG | dusk] Loading Resource: besu_f_yokeru.btp (Size: 160)
[DEBUG | dusk] Loading Resource: besu_fh_bikkuri.btp (Size: 160)
[DEBUG | dusk] Loading Resource: besu_f_madtalk.bck (Size: 2144)
[DEBUG | dusk] Loading Resource: besu_f_talk_a.bck (Size: 2080)
[DEBUG | dusk] Loading Resource: besu_f_talk_b.bck (Size: 2400)
[DEBUG | dusk] Loading Resource: besu_f_wait_b.bck (Size: 1504)
[DEBUG | dusk] Loading Resource: besu_fh_madtalk.bck (Size: 1472)
[DEBUG | dusk] Loading Resource: besu_fh_talk_a.bck (Size: 1504)
[DEBUG | dusk] Loading Resource: besu_fh_talk_b.bck (Size: 1568)
[DEBUG | dusk] Loading Resource: besu_run.bck (Size: 4288)
[DEBUG | dusk] Loading Resource: besu_talk_a.bck (Size: 11136)
[DEBUG | dusk] Loading Resource: besu_talk_b.bck (Size: 6176)
[DEBUG | dusk] Loading Resource: besu_wait_b.bck (Size: 2656)
[DEBUG | dusk] Loading Resource: besu_f_madtalk.btp (Size: 288)
[DEBUG | dusk] Loading Resource: besu_f_talk_a.btp (Size: 288)
[DEBUG | dusk] Loading Resource: besu_f_talk_b.btp (Size: 288)
[DEBUG | dusk] Loading Resource: besu_f_wait_b.btp (Size: 96)
[DEBUG | dusk] Loading Resource: besu_fh_madtalk.btp (Size: 96)
[DEBUG | dusk] Loading Resource: besu_fh_talk_a.btp (Size: 96)
[DEBUG | dusk] Loading Resource: besu_fh_talk_b.btp (Size: 96)
[DEBUG | dusk] Loading Resource: event_list.dat (Size: 11492)
[DEBUG | dusk] Loading Resource: besu3_f_worry.bck (Size: 1952)
[DEBUG | dusk] Loading Resource: besu3_fh_worry.bck (Size: 1504)
[DEBUG | dusk] Loading Resource: besu_f_suprise.bck (Size: 2432)
[DEBUG | dusk] Loading Resource: besu_fh_surprise.bck (Size: 1600)
[DEBUG | dusk] Loading Resource: besu_surprise.bck (Size: 3520)
[DEBUG | dusk] Loading Resource: besu3.bmd (Size: 132032)
[DEBUG | dusk] Loading Resource: besu_surprise.btk (Size: 256)
[DEBUG | dusk] Loading Resource: besu3.btp (Size: 128)
[DEBUG | dusk] Loading Resource: besu3_f_surprise.btp (Size: 288)
[DEBUG | dusk] Loading Resource: besu3_f_worry.btp (Size: 288)
[DEBUG | dusk] Loading Resource: besu3_fh_surprise.btp (Size: 256)
[DEBUG | dusk] Loading Resource: besu3_fh_worry.btp (Size: 96)
[DEBUG | dusk] Loading Resource: event_list.dat (Size: 2776)
[DEBUG | dusk] Loading Resource: maro_f_talk_a.bck (Size: 1824)
[DEBUG | dusk] Loading Resource: maro_step.bck (Size: 3456)
[DEBUG | dusk] Loading Resource: maro_wait_a.bck (Size: 2624)
[DEBUG | dusk] Loading Resource: maro.bmd (Size: 106624)
[DEBUG | dusk] Loading Resource: maro.btk (Size: 256)
[DEBUG | dusk] Loading Resource: maro.btp (Size: 128)
[DEBUG | dusk] Loading Resource: maro_f_talk_a.btp (Size: 224)
[DEBUG | dusk] Loading Resource: maro_f_surprise.bck (Size: 1696)
[DEBUG | dusk] Loading Resource: maro_f_talk_b.bck (Size: 1696)
[DEBUG | dusk] Loading Resource: maro_f_talk_c.bck (Size: 1696)
[DEBUG | dusk] Loading Resource: maro_fh_surprise.bck (Size: 1536)
[DEBUG | dusk] Loading Resource: maro_run.bck (Size: 3968)
[DEBUG | dusk] Loading Resource: maro_stop.bck (Size: 3968)
[DEBUG | dusk] Loading Resource: maro_talk_a.bck (Size: 3200)
[DEBUG | dusk] Loading Resource: maro_talk_b.bck (Size: 5888)
[DEBUG | dusk] Loading Resource: maro_talk_c.bck (Size: 11296)
[DEBUG | dusk] Loading Resource: maro_talk_b.btk (Size: 256)
[DEBUG | dusk] Loading Resource: maro_talk_c.btk (Size: 256)
[DEBUG | dusk] Loading Resource: maro_f_surprise.btp (Size: 192)
[DEBUG | dusk] Loading Resource: maro_f_talk_b.btp (Size: 288)
[DEBUG | dusk] Loading Resource: maro_f_talk_c.btp (Size: 320)
[DEBUG | dusk] Loading Resource: maro_fh_surprise.btp (Size: 96)
[DEBUG | dusk] Loading Resource: event_list.dat (Size: 4392)
[DEBUG | dusk] Loading Resource: taro.bmd (Size: 117440)
[DEBUG | dusk] Loading Resource: taro_f_normal.btp (Size: 128)
[DEBUG | dusk] Loading Resource: taro_defense_a.bck (Size: 3328)
[DEBUG | dusk] Loading Resource: taro_f_close.bck (Size: 1792)
[DEBUG | dusk] Loading Resource: taro_f_normal.bck (Size: 2496)
[DEBUG | dusk] Loading Resource: taro_step.bck (Size: 2944)
[DEBUG | dusk] Loading Resource: taro_wait_a.bck (Size: 2912)
[DEBUG | dusk] Loading Resource: taro.btk (Size: 256)
[DEBUG | dusk] Loading Resource: taro_f_close.btp (Size: 160)
[DEBUG | dusk] Loading Resource: taro_chop_a.bck (Size: 9856)
[DEBUG | dusk] Loading Resource: taro_chop_b.bck (Size: 8480)
[DEBUG | dusk] Loading Resource: taro_f_panic.bck (Size: 2368)
[DEBUG | dusk] Loading Resource: taro_f_s_get.bck (Size: 2176)
[DEBUG | dusk] Loading Resource: taro_f_sad.bck (Size: 2112)
[DEBUG | dusk] Loading Resource: taro_f_shout.bck (Size: 1952)
[DEBUG | dusk] Loading Resource: taro_f_surprise.bck (Size: 1792)
[DEBUG | dusk] Loading Resource: taro_fh_panic.bck (Size: 1664)
[DEBUG | dusk] Loading Resource: taro_fh_sad.bck (Size: 1664)
[DEBUG | dusk] Loading Resource: taro_fh_surprise.bck (Size: 1696)
[DEBUG | dusk] Loading Resource: taro_run.bck (Size: 5152)
[DEBUG | dusk] Loading Resource: taro_s_chop_a.bck (Size: 13504)
[DEBUG | dusk] Loading Resource: taro_s_chop_b.bck (Size: 14592)
[DEBUG | dusk] Loading Resource: taro_s_get.bck (Size: 16864)
[DEBUG | dusk] Loading Resource: taro_s_run.bck (Size: 5184)
[DEBUG | dusk] Loading Resource: taro_s_wait.bck (Size: 3648)
[DEBUG | dusk] Loading Resource: taro_talk_a.bck (Size: 6496)
[DEBUG | dusk] Loading Resource: taro_talk_b.bck (Size: 3616)
[DEBUG | dusk] Loading Resource: taro_wait_b.bck (Size: 4640)
[DEBUG | dusk] Loading Resource: taro_wait_d.bck (Size: 3488)
[DEBUG | dusk] Loading Resource: taro_wait_e.bck (Size: 5408)
[DEBUG | dusk] Loading Resource: taro_wait_f.bck (Size: 2944)
[DEBUG | dusk] Loading Resource: taro_stick_a.bmd (Size: 14688)
[DEBUG | dusk] Loading Resource: taro_swb.bmd (Size: 21664)
[DEBUG | dusk] Loading Resource: taro_s_get.btk (Size: 512)
[DEBUG | dusk] Loading Resource: taro_talk_c.btk (Size: 384)
[DEBUG | dusk] Loading Resource: taro_talk_e.btk (Size: 256)
[DEBUG | dusk] Loading Resource: taro_tark_d.btk (Size: 448)
[DEBUG | dusk] Loading Resource: taro_f_panic.btp (Size: 288)
[DEBUG | dusk] Loading Resource: taro_f_s_get.btp (Size: 320)
[DEBUG | dusk] Loading Resource: taro_f_sad.btp (Size: 288)
[DEBUG | dusk] Loading Resource: taro_f_shout.btp (Size: 192)
[DEBUG | dusk] Loading Resource: taro_f_surprise.btp (Size: 160)
[DEBUG | dusk] Loading Resource: taro_fh_panic.btp (Size: 96)
[DEBUG | dusk] Loading Resource: taro_fh_sad.btp (Size: 96)
[DEBUG | dusk] Loading Resource: taro_fh_surprise.btp (Size: 224)
[DEBUG | dusk] Loading Resource: event_list.dat (Size: 66960)
[DEBUG | dusk] Loading Resource: taro_f_anger.bck (Size: 2208)
[DEBUG | dusk] Loading Resource: taro_f_smile.bck (Size: 2144)
[DEBUG | dusk] Loading Resource: taro_fh_anger.bck (Size: 1632)
[DEBUG | dusk] Loading Resource: taro_fh_smile.bck (Size: 1632)
[DEBUG | dusk] Loading Resource: taro_to_wait_c.bck (Size: 3744)
[DEBUG | dusk] Loading Resource: taro_victory_a.bck (Size: 6048)
[DEBUG | dusk] Loading Resource: taro_wait_c.bck (Size: 3008)
[DEBUG | dusk] Loading Resource: taro_f_anger.btp (Size: 288)
[DEBUG | dusk] Loading Resource: taro_f_smile.btp (Size: 288)
[DEBUG | dusk] Loading Resource: taro_fh_smile.btp (Size: 96)
[DEBUG | dusk] [DIAG] fpcSCtRq_phase_Load: procName=734 ret=4
[DEBUG | dusk] fpcSCtRq_phase_CreateProcess: procName=734
[DEBUG | dusk] fpcBs_Create: pid=521 profname=fpcNm_BG_OBJ_e (734) profile=0x7b6136e4d8 procSize=4344 unkSize=0
[DEBUG | dusk] fpcSCtRq_phase_CreateProcess: fpcBs_Create OK proc=0xb400007a191a4eb4
[DEBUG | dusk] fpcBs_Create: pid=526 profname=fpcNm_Tag_Attp_e (346) profile=0x7b61371d00 procSize=1632 unkSize=0
[DEBUG | dusk] [DIAG] fpcSCtRq_phase_Load: procName=734 ret=4
[DEBUG | dusk] fpcSCtRq_phase_CreateProcess: procName=734
[DEBUG | dusk] fpcBs_Create: pid=522 profname=fpcNm_BG_OBJ_e (734) profile=0x7b6136e4d8 procSize=4344 unkSize=0
[DEBUG | dusk] fpcSCtRq_phase_CreateProcess: fpcBs_Create OK proc=0xb400007a191a371c
[DEBUG | dusk] fpcBs_Create: pid=528 profname=fpcNm_Tag_Attp_e (346) profile=0x7b61371d00 procSize=1632 unkSize=0
[DEBUG | dusk] [DIAG] fpcSCtRq_phase_Load: procName=734 ret=4
[DEBUG | dusk] fpcSCtRq_phase_CreateProcess: procName=734
[DEBUG | dusk] fpcBs_Create: pid=523 profname=fpcNm_BG_OBJ_e (734) profile=0x7b6136e4d8 procSize=4344 unkSize=0
[DEBUG | dusk] fpcSCtRq_phase_CreateProcess: fpcBs_Create OK proc=0xb400007a191a1f84
[DEBUG | dusk] fpcBs_Create: pid=530 profname=fpcNm_Tag_Attp_e (346) profile=0x7b61371d00 procSize=1632 unkSize=0
[DEBUG | dusk] [DIAG] fpcSCtRq_phase_Load: procName=734 ret=4
[DEBUG | dusk] fpcSCtRq_phase_CreateProcess: procName=734
[DEBUG | dusk] fpcBs_Create: pid=524 profname=fpcNm_BG_OBJ_e (734) profile=0x7b6136e4d8 procSize=4344 unkSize=0
[DEBUG | dusk] fpcSCtRq_phase_CreateProcess: fpcBs_Create OK proc=0xb400007a191a07ec
[INFO | dev.baxlek.zelda_on_epona] cutscene diagnostics: event='NO DATA' demoArc='Demo36_00' cutName='' demoStaffId=-1 room=0 layer=0 horseDemoMode=false titleScreen=false storyHoZeldaActive=false inScriptedCutscene=false alwaysHiddenCutscene=true showInCutscenesToggle=true hideSpawnedZelda=false hasSpawnedZelda=true
[DEBUG | dusk] Loading Resource: event_list.dat (Size: 11912)
[DEBUG | dusk] [DIAG] fpcSCtRq_phase_Load: procName=548 ret=4
[DEBUG | dusk] fpcSCtRq_phase_CreateProcess: procName=548
[DEBUG | dusk] fpcBs_Create: pid=531 profname=fpcNm_HOZELDA_e (548) profile=0x7b6137ee40 procSize=2368 unkSize=0
[DEBUG | dusk] fpcSCtRq_phase_CreateProcess: fpcBs_Create OK proc=0xb400007a191f31c8
[DEBUG | dusk] Loading Resource: al_shb.bmd (Size: 15040)
[DEBUG | dusk] Loading Resource: zelh_aldieh.bck (Size: 6240)
[DEBUG | dusk] Loading Resource: zelh_arelordh.bck (Size: 9280)
[DEBUG | dusk] Loading Resource: zelh_ashooth.bck (Size: 5216)
[DEBUG | dusk] Loading Resource: zelh_atbh.bck (Size: 4064)
[DEBUG | dusk] Loading Resource: zelh_barelordh.bck (Size: 1216)
[DEBUG | dusk] Loading Resource: zelh_bashooth.bck (Size: 1952)
[DEBUG | dusk] Loading Resource: zelh_damh.bck (Size: 4864)
[DEBUG | dusk] Loading Resource: zelh_dashh.bck (Size: 6976)
[DEBUG | dusk] Loading Resource: zelh_dstarth.bck (Size: 7584)
[DEBUG | dusk] Loading Resource: zelh_egnd_wh.bck (Size: 6048)
[DEBUG | dusk] Loading Resource: zelh_egnd_whb.bck (Size: 5344)
[DEBUG | dusk] Loading Resource: zelh_jumph.bck (Size: 5600)
[DEBUG | dusk] Loading Resource: zelh_jumphed.bck (Size: 5568)
[DEBUG | dusk] Loading Resource: zelh_jumphst.bck (Size: 4896)
[DEBUG | dusk] Loading Resource: zelh_numbh.bck (Size: 4704)
[DEBUG | dusk] Loading Resource: zelh_standh.bck (Size: 10624)
[DEBUG | dusk] Loading Resource: zelh_standhwc.bck (Size: 14176)
[DEBUG | dusk] Loading Resource: zelh_stoph.bck (Size: 8064)
[DEBUG | dusk] Loading Resource: zelh_stoptostandh.bck (Size: 11648)
[DEBUG | dusk] Loading Resource: zelh_waitbh.bck (Size: 6656)
[DEBUG | dusk] Loading Resource: zelh_waitch.bck (Size: 5184)
[DEBUG | dusk] Loading Resource: zelh_waith.bck (Size: 5216)
[DEBUG | dusk] Loading Resource: o_zg_arow.bmd (Size: 9312)
[DEBUG | dusk] Loading Resource: o_zg_bow.bmd (Size: 17120)
[DEBUG | dusk] Loading Resource: zelh.bmd (Size: 240768)
[DEBUG | dusk] Loading Resource: zelh_fa.btk (Size: 352)
[DEBUG | dusk] Loading Resource: zelh_faldieh.btk (Size: 992)
[DEBUG | dusk] Loading Resource: zelh_fegnd_wh.btk (Size: 352)
[DEBUG | dusk] Loading Resource: zelh_fa.btp (Size: 128)
[DEBUG | dusk] Loading Resource: zelh_faldieh.btp (Size: 864)
[DEBUG | dusk] Loading Resource: zelh_fb.btp (Size: 128)
[DEBUG | dusk] Loading Resource: zelh_fc.btp (Size: 128)
[DEBUG | dusk] Loading Resource: zelh_fmaba01.btp (Size: 160)
[DEBUG | dusk] [DIAG] fpcSCtRq_phase_Load: procName=255 ret=4
[DEBUG | dusk] fpcSCtRq_phase_CreateProcess: procName=255
[DEBUG | dusk] fpcBs_Create: pid=532 profname=fpcNm_MIDNA_e (255) profile=0x7b61371698 procSize=3360 unkSize=0
[DEBUG | dusk] fpcSCtRq_phase_CreateProcess: fpcBs_Create OK proc=0xb400007a191f64ac
[DEBUG | dusk] Loading Resource: s_md_hands.bmd (Size: 19776)
[DEBUG | dusk] Loading Resource: s_md_mask.bmd (Size: 15424)
[DEBUG | dusk] Loading Resource: s_md_gokou.bmd (Size: 3008)
[DEBUG | dusk] Loading Resource: s_md.bmd (Size: 69984)
[DEBUG | dusk] Loading Resource: s_md_hair_hand.bmd (Size: 18944)
[DEBUG | dusk] Loading Resource: s_md_appear.brk (Size: 352)
[DEBUG | dusk] Loading Resource: s_md_gokou_appear.brk (Size: 256)
[DEBUG | dusk] Loading Resource: s_md_hair_hand_appear.brk (Size: 288)
[DEBUG | dusk] Loading Resource: s_md_mask_appear.brk (Size: 256)
[DEBUG | dusk] Loading Resource: s_md_hair_hand_moya.btk (Size: 544)
[DEBUG | dusk] Loading Resource: s_md_hands_moya.btk (Size: 608)
[DEBUG | dusk] Loading Resource: s_md_mask_moya.btk (Size: 320)
[DEBUG | dusk] Loading Resource: s_md_moya.btk (Size: 512)
[DEBUG | dusk] fpcBs_Create: pid=534 profname=fpcNm_DEMO00_e (718) profile=0x7b61371470 procSize=11112 unkSize=0
[DEBUG | dusk] frameInterp: onTypeChange 41 -> 40 (event_type_id=40, leaving_event=false, entering_event=true)
[DEBUG | dusk] frameInterp: presentation sync not requested for ZEV event [STBWAIT] (staff idx 52)
[INFO | dev.baxlek.zelda_on_epona] cutscene diagnostics: event='demo36_02' demoArc='Demo36_00' cutName='' demoStaffId=-1 room=0 layer=0 horseDemoMode=true titleScreen=false storyHoZeldaActive=false inScriptedCutscene=true alwaysHiddenCutscene=true showInCutscenesToggle=true hideSpawnedZelda=true hasSpawnedZelda=true
[DEBUG | dusk] fapGm_Execute frame=2400
[INFO | dev.baxlek.zelda_on_epona] cutscene diagnostics: event='NOT RUNNING' demoArc='Demo36_00' cutName='' demoStaffId=-1 room=0 layer=0 horseDemoMode=true titleScreen=false storyHoZeldaActive=false inScriptedCutscene=true alwaysHiddenCutscene=true showInCutscenesToggle=true hideSpawnedZelda=true hasSpawnedZelda=true
[INFO | dev.baxlek.zelda_on_epona] cutscene diagnostics: event='NO DATA' demoArc='Demo36_00' cutName='' demoStaffId=-1 room=0 layer=0 horseDemoMode=false titleScreen=false storyHoZeldaActive=false inScriptedCutscene=false alwaysHiddenCutscene=true showInCutscenesToggle=true hideSpawnedZelda=false hasSpawnedZelda=true
[DEBUG | dusk] frameInterp: onTypeChange 40 -> 87 (event_type_id=40, leaving_event=true, entering_event=false)
[DEBUG | dusk] frameInterp: onTypeChange 87 -> 40 (event_type_id=40, leaving_event=false, entering_event=true)
[INFO | dev.baxlek.zelda_on_epona] cutscene diagnostics: event='MHINT_TALK' demoArc='Demo36_00' cutName='' demoStaffId=-1 room=0 layer=0 horseDemoMode=true titleScreen=false storyHoZeldaActive=false inScriptedCutscene=true alwaysHiddenCutscene=true showInCutscenesToggle=true hideSpawnedZelda=true hasSpawnedZelda=true
[DEBUG | dusk] frameInterp: presentation sync not requested for ZEV event [WAIT] (staff idx 152)
[DEBUG | dusk] frameInterp: presentation sync not requested for ZEV event [HINTTALK] (staff idx 152)
[DEBUG | dusk] frameInterp: presentation sync not requested for ZEV event [WAIT] (staff idx 152)
[DEBUG | dusk] fapGm_Execute frame=2700
[DEBUG | dusk] fapGm_Execute frame=3000
[DEBUG | dusk] fapGm_Execute frame=3300
[DEBUG | dusk] fapGm_Execute frame=3600
[WARNING | aurora] Surface present failed
[INFO | aurora] Skipping present; window not presentable
[INFO | dev.baxlek.zelda_on_epona] cutscene diagnostics: event='NO DATA' demoArc='Demo36_00' cutName='' demoStaffId=-1 room=0 layer=0 horseDemoMode=false titleScreen=false storyHoZeldaActive=false inScriptedCutscene=false alwaysHiddenCutscene=true showInCutscenesToggle=true hideSpawnedZelda=false hasSpawnedZelda=true
[DEBUG | dusk] frameInterp: onTypeChange 40 -> 87 (event_type_id=40, leaving_event=true, entering_event=false)
[DEBUG | dusk] fapGm_Execute frame=3900
[INFO | dev.baxlek.zelda_on_epona] cutscene diagnostics: event='NO DATA' demoArc='Demo36_00' cutName='' demoStaffId=-1 room=0 layer=0 horseDemoMode=true titleScreen=false storyHoZeldaActive=false inScriptedCutscene=true alwaysHiddenCutscene=true showInCutscenesToggle=true hideSpawnedZelda=true hasSpawnedZelda=true
[DEBUG | dusk] [DIAG] fpcSCtRq_phase_Load: procName=2 ret=4
[DEBUG | dusk] fpcSCtRq_phase_CreateProcess: procName=2
[DEBUG | dusk] fpcBs_Create: pid=535 profname=fpcNm_OVERLAP3_e (2) profile=0x7b6136ad98 procSize=464 unkSize=0
[DEBUG | dusk] fpcSCtRq_phase_CreateProcess: fpcBs_Create OK proc=0xb400007a19200954
[DEBUG | dusk] fpcNdRq_phase_Create: name=11 layer=0x7b6159e418
[DEBUG | dusk] fpcNdRq_phase_Create: creating_id=536 (error=4294967295)
[WARNING | dusk::mods::actor] Attempted to delete actor with ID (531) but it doesn't exist!
[DEBUG | dusk] [DIAG] fpcSCtRq_phase_Load: procName=11 ret=4
[DEBUG | dusk] fpcSCtRq_phase_CreateProcess: procName=11
[DEBUG | dusk] fpcBs_Create: pid=536 profname=fpcNm_PLAY_SCENE_e (11) profile=0x7b6136b268 procSize=912 unkSize=0
[DEBUG | dusk] fpcSCtRq_phase_CreateProcess: fpcBs_Create OK proc=0xb400007a19201bd0
[DEBUG | dusk] Loading Resource: vrbox_kasumim.bmd (Size: 2272)
[DEBUG | dusk] Loading Resource: vrbox_kumo.bmd (Size: 69664)
[DEBUG | dusk] Loading Resource: vrbox_sora.bmd (Size: 6624)
[DEBUG | dusk] Loading Resource: vrbox_sun.bmd (Size: 12032)
[DEBUG | dusk] Loading Resource: door-knob_00.bmd (Size: 7712)
[DEBUG | dusk] Loading Resource: vrbox_sun.btk (Size: 320)
[DEBUG | dusk] Loading Resource: colordata_tbl.dat (Size: 800)
[DEBUG | dusk] Loading Resource: pol_arg.dat (Size: 128)
[DEBUG | dusk] Loading Resource: pol_effcol.dat (Size: 128)
[DEBUG | dusk] Loading Resource: pol_effcol2.dat (Size: 128)
[DEBUG | dusk] Loading Resource: pol_efftbl.dat (Size: 128)
[DEBUG | dusk] Loading Resource: pol_efftbl2.dat (Size: 128)
[DEBUG | dusk] Loading Resource: pol_sound.dat (Size: 128)
[DEBUG | dusk] Loading Resource: stage.dzs (Size: 27200)
[DEBUG | dusk] Loading Resource: event_list.dat (Size: 4700)
[DEBUG | dusk] Loading Resource: iria_nioi.stb (Size: 3056)
[DEBUG | dusk] Loading Resource: iria_pouch01.stb (Size: 1032)
[DEBUG | dusk] Loading Resource: cloudtx_01.bti (Size: 4128)
[DEBUG | dusk] Loading Resource: cloudtx_02.bti (Size: 4128)
[DEBUG | dusk] Loading Resource: cloudtx_03.bti (Size: 4128)
[DEBUG | dusk] Loading Resource: f_moon.bti (Size: 8224)
[DEBUG | dusk] Loading Resource: f_moon_a.bti (Size: 2080)
[DEBUG | dusk] Loading Resource: f_moon_a_a00.bti (Size: 64)
[DEBUG | dusk] Loading Resource: f_moon_a_a01.bti (Size: 544)
[DEBUG | dusk] Loading Resource: f_moon_a_a02.bti (Size: 544)
[DEBUG | dusk] Loading Resource: f_moon_a_a03.bti (Size: 544)
[DEBUG | dusk] Loading Resource: i_enkei.bti (Size: 8224)
[DEBUG | dusk] Loading Resource: i_iwakabe_a.bti (Size: 86048)
[DEBUG | dusk] Loading Resource: i_iwayama.bti (Size: 43040)
[DEBUG | dusk] Loading Resource: i_koyojyu4.bti (Size: 10784)
[DEBUG | dusk] Loading Resource: i_kumo.bti (Size: 10784)
[DEBUG | dusk] Loading Resource: i_kusa_a.bti (Size: 43680)
[DEBUG | dusk] Loading Resource: i_tuchimichi_a_nuki.bti (Size: 10784)
[DEBUG | dusk] Loading Resource: event_list.dat (Size: 106476)
[DEBUG | dusk] Loading Resource: camstyle.dat (Size: 43328)
[DEBUG | dusk] Loading Resource: camtype.dat (Size: 14560)
[DEBUG | dusk] fpcBs_Create: pid=558 profname=fpcNm_SUSPEND_e (783) profile=0x7b61371c48 procSize=1632 unkSize=0
[DEBUG | dusk] fpcBs_Create: pid=560 profname=fpcNm_SUSPEND_e (783) profile=0x7b61371c48 procSize=1632 unkSize=0
[DEBUG | dusk] fopScnM_CreateReq: procName=18 fade=32767
[DEBUG | dusk] fopScnM_CreateReq: result=14 (error=4294967295)
[DEBUG | dusk] fopScnM_CreateReq: procName=18 fade=32767
[DEBUG | dusk] fopScnM_CreateReq: result=15 (error=4294967295)
[DEBUG | dusk] fopScnM_CreateReq: procName=18 fade=32767
[DEBUG | dusk] fopScnM_CreateReq: result=16 (error=4294967295)
[DEBUG | dusk] fpcBs_Create: pid=567 profname=fpcNm_KANKYO_e (19) profile=0x7b61365e60 procSize=440 unkSize=0
[DEBUG | dusk] fpcBs_Create: pid=569 profname=fpcNm_KYEFF_e (785) profile=0x7b61365eb0 procSize=440 unkSize=0
[DEBUG | dusk] fpcBs_Create: pid=571 profname=fpcNm_KYEFF2_e (786) profile=0x7b61365ef0 procSize=440 unkSize=0
[DEBUG | dusk] fpcBs_Create: pid=573 profname=fpcNm_ENVSE_e (21) profile=0x7b61364f20 procSize=456 unkSize=0
[DEBUG | dusk] fpcNdRq_phase_Create: name=18 layer=0xb400007a19201d28
[DEBUG | dusk] fpcNdRq_phase_Create: creating_id=576 (error=4294967295)
[DEBUG | dusk] fpcNdRq_phase_Create: name=18 layer=0xb400007a19201d28
[DEBUG | dusk] fpcNdRq_phase_Create: creating_id=577 (error=4294967295)
[DEBUG | dusk] fpcNdRq_phase_Create: name=18 layer=0xb400007a19201d28
[DEBUG | dusk] fpcNdRq_phase_Create: creating_id=578 (error=4294967295)
[DEBUG | dusk] [DIAG] fpcSCtRq_phase_Load: procName=781 ret=4
[DEBUG | dusk] fpcSCtRq_phase_CreateProcess: procName=781
[DEBUG | dusk] fpcBs_Create: pid=537 profname=fpcNm_CAMERA_e (781) profile=0x7b61364d68 procSize=4240 unkSize=0
[DEBUG | dusk] fpcSCtRq_phase_CreateProcess: fpcBs_Create OK proc=0xb400007a191fbd34
[DEBUG | dusk] [DIAG] fpcSCtRq_phase_Load: procName=686 ret=4
[DEBUG | dusk] fpcSCtRq_phase_CreateProcess: procName=686
[DEBUG | dusk] fpcBs_Create: pid=538 profname=fpcNm_KYTAG04_e (686) profile=0x7b6136ef28 procSize=1784 unkSize=0
[DEBUG | dusk] fpcSCtRq_phase_CreateProcess: fpcBs_Create OK proc=0xb400007a191fb61c
[DEBUG | dusk] [DIAG] fpcSCtRq_phase_Load: procName=559 ret=4
[DEBUG | dusk] fpcSCtRq_phase_CreateProcess: procName=559
[DEBUG | dusk] fpcBs_Create: pid=539 profname=fpcNm_Tag_Restart_e (559) profile=0x7b613a8048 procSize=1680 unkSize=0
[DEBUG | dusk] fpcSCtRq_phase_CreateProcess: fpcBs_Create OK proc=0xb400007a191faa84
[DEBUG | dusk] [DIAG] fpcSCtRq_phase_Load: procName=559 ret=4
[DEBUG | dusk] fpcSCtRq_phase_CreateProcess: procName=559
[DEBUG | dusk] fpcBs_Create: pid=540 profname=fpcNm_Tag_Restart_e (559) profile=0x7b613a8048 procSize=1680 unkSize=0
[DEBUG | dusk] fpcSCtRq_phase_CreateProcess: fpcBs_Create OK proc=0xb400007a191fa3d4
[DEBUG | dusk] [DIAG] fpcSCtRq_phase_Load: procName=559 ret=4
[DEBUG | dusk] fpcSCtRq_phase_CreateProcess: procName=559
[DEBUG | dusk] fpcBs_Create: pid=541 profname=fpcNm_Tag_Restart_e (559) profile=0x7b613a8048 procSize=1680 unkSize=0
[DEBUG | dusk] fpcSCtRq_phase_CreateProcess: fpcBs_Create OK proc=0xb400007a191f9d24
[DEBUG | dusk] [DIAG] fpcSCtRq_phase_Load: procName=559 ret=4
[DEBUG | dusk] fpcSCtRq_phase_CreateProcess: procName=559
[DEBUG | dusk] fpcBs_Create: pid=542 profname=fpcNm_Tag_Restart_e (559) profile=0x7b613a8048 procSize=1680 unkSize=0
[DEBUG | dusk] fpcSCtRq_phase_CreateProcess: fpcBs_Create OK proc=0xb400007a191f9674
[DEBUG | dusk] [DIAG] fpcSCtRq_phase_Load: procName=559 ret=4
[DEBUG | dusk] fpcSCtRq_phase_CreateProcess: procName=559
[DEBUG | dusk] fpcBs_Create: pid=543 profname=fpcNm_Tag_Restart_e (559) profile=0x7b613a8048 procSize=1680 unkSize=0
[DEBUG | dusk] fpcSCtRq_phase_CreateProcess: fpcBs_Create OK proc=0xb400007a191f8fc4
[DEBUG | dusk] [DIAG] fpcSCtRq_phase_Load: procName=559 ret=4
[DEBUG | dusk] fpcSCtRq_phase_CreateProcess: procName=559
[DEBUG | dusk] fpcBs_Create: pid=544 profname=fpcNm_Tag_Restart_e (559) profile=0x7b613a8048 procSize=1680 unkSize=0
[DEBUG | dusk] fpcSCtRq_phase_CreateProcess: fpcBs_Create OK proc=0xb400007a191f8914
[DEBUG | dusk] [DIAG] fpcSCtRq_phase_Load: procName=559 ret=4
[DEBUG | dusk] fpcSCtRq_phase_CreateProcess: procName=559
[DEBUG | dusk] fpcBs_Create: pid=545 profname=fpcNm_Tag_Restart_e (559) profile=0x7b613a8048 procSize=1680 unkSize=0
[DEBUG | dusk] fpcSCtRq_phase_CreateProcess: fpcBs_Create OK proc=0xb400007a192010fc
[DEBUG | dusk] [DIAG] fpcSCtRq_phase_Load: procName=559 ret=4
[DEBUG | dusk] fpcSCtRq_phase_CreateProcess: procName=559
[DEBUG | dusk] fpcBs_Create: pid=546 profname=fpcNm_Tag_Restart_e (559) profile=0x7b613a8048 procSize=1680 unkSize=0
[DEBUG | dusk] fpcSCtRq_phase_CreateProcess: fpcBs_Create OK proc=0xb400007a191f8264
[DEBUG | dusk] [DIAG] fpcSCtRq_phase_Load: procName=559 ret=4
[DEBUG | dusk] fpcSCtRq_phase_CreateProcess: procName=559
[DEBUG | dusk] fpcBs_Create: pid=547 profname=fpcNm_Tag_Restart_e (559) profile=0x7b613a8048 procSize=1680 unkSize=0
[DEBUG | dusk] fpcSCtRq_phase_CreateProcess: fpcBs_Create OK proc=0xb400007a191f7bb4
[DEBUG | dusk] [DIAG] fpcSCtRq_phase_Load: procName=559 ret=4
[DEBUG | dusk] fpcSCtRq_phase_CreateProcess: procName=559
[DEBUG | dusk] fpcBs_Create: pid=548 profname=fpcNm_Tag_Restart_e (559) profile=0x7b613a8048 procSize=1680 unkSize=0
[DEBUG | dusk] fpcSCtRq_phase_CreateProcess: fpcBs_Create OK proc=0xb400007a191f7504
[DEBUG | dusk] [DIAG] fpcSCtRq_phase_Load: procName=559 ret=4
[DEBUG | dusk] fpcSCtRq_phase_CreateProcess: procName=559
[DEBUG | dusk] fpcBs_Create: pid=549 profname=fpcNm_Tag_Restart_e (559) profile=0x7b613a8048 procSize=1680 unkSize=0
[DEBUG | dusk] fpcSCtRq_phase_CreateProcess: fpcBs_Create OK proc=0xb400007a191f6e54
[DEBUG | dusk] [DIAG] fpcSCtRq_phase_Load: procName=559 ret=4
[DEBUG | dusk] fpcSCtRq_phase_CreateProcess: procName=559
[DEBUG | dusk] fpcBs_Create: pid=550 profname=fpcNm_Tag_Restart_e (559) profile=0x7b613a8048 procSize=1680 unkSize=0
[DEBUG | dusk] fpcSCtRq_phase_CreateProcess: fpcBs_Create OK proc=0xb400007a191f67a4
[DEBUG | dusk] [DIAG] fpcSCtRq_phase_Load: procName=559 ret=4
[DEBUG | dusk] fpcSCtRq_phase_CreateProcess: procName=559
[DEBUG | dusk] fpcBs_Create: pid=551 profname=fpcNm_Tag_Restart_e (559) profile=0x7b613a8048 procSize=1680 unkSize=0
[DEBUG | dusk] fpcSCtRq_phase_CreateProcess: fpcBs_Create OK proc=0xb400007a191f60f4
[DEBUG | dusk] [DIAG] fpcSCtRq_phase_Load: procName=559 ret=4
[DEBUG | dusk] fpcSCtRq_phase_CreateProcess: procName=559
[DEBUG | dusk] fpcBs_Create: pid=552 profname=fpcNm_Tag_Restart_e (559) profile=0x7b613a8048 procSize=1680 unkSize=0
[DEBUG | dusk] fpcSCtRq_phase_CreateProcess: fpcBs_Create OK proc=0xb400007a191f5a44
[DEBUG | dusk] [DIAG] fpcSCtRq_phase_Load: procName=559 ret=4
[DEBUG | dusk] fpcSCtRq_phase_CreateProcess: procName=559
[DEBUG | dusk] fpcBs_Create: pid=553 profname=fpcNm_Tag_Restart_e (559) profile=0x7b613a8048 procSize=1680 unkSize=0
[DEBUG | dusk] fpcSCtRq_phase_CreateProcess: fpcBs_Create OK proc=0xb400007a191f5394
[DEBUG | dusk] [DIAG] fpcSCtRq_phase_Load: procName=559 ret=4
[DEBUG | dusk] fpcSCtRq_phase_CreateProcess: procName=559
[DEBUG | dusk] fpcBs_Create: pid=554 profname=fpcNm_Tag_Restart_e (559) profile=0x7b613a8048 procSize=1680 unkSize=0
[DEBUG | dusk] fpcSCtRq_phase_CreateProcess: fpcBs_Create OK proc=0xb400007a191ff764
[DEBUG | dusk] [DIAG] fpcSCtRq_phase_Load: procName=559 ret=4
[DEBUG | dusk] fpcSCtRq_phase_CreateProcess: procName=559
[DEBUG | dusk] fpcBs_Create: pid=555 profname=fpcNm_Tag_Restart_e (559) profile=0x7b613a8048 procSize=1680 unkSize=0
[DEBUG | dusk] fpcSCtRq_phase_CreateProcess: fpcBs_Create OK proc=0xb400007a191f4ce4
[DEBUG | dusk] [DIAG] fpcSCtRq_phase_Load: procName=688 ret=4
[DEBUG | dusk] fpcSCtRq_phase_CreateProcess: procName=688
[DEBUG | dusk] fpcBs_Create: pid=556 profname=fpcNm_KYTAG06_e (688) profile=0x7b6137f328 procSize=1688 unkSize=0
[DEBUG | dusk] fpcSCtRq_phase_CreateProcess: fpcBs_Create OK proc=0xb400007a191f462c
[DEBUG | dusk] [DIAG] fpcSCtRq_phase_Load: procName=238 ret=4
[DEBUG | dusk] fpcSCtRq_phase_CreateProcess: procName=238
[DEBUG | dusk] fpcBs_Create: pid=561 profname=fpcNm_HORSE_e (238) profile=0x7b6137ed10 procSize=8464 unkSize=0
[DEBUG | dusk] fpcSCtRq_phase_CreateProcess: fpcBs_Create OK proc=0xb400007a191f24fc
[DEBUG | dusk] [DIAG] fpcSCtRq_phase_Load: procName=693 ret=4
[DEBUG | dusk] fpcSCtRq_phase_CreateProcess: procName=693
[DEBUG | dusk] fpcBs_Create: pid=562 profname=fpcNm_KYTAG11_e (693) profile=0x7b61372d70 procSize=1640 unkSize=0
[DEBUG | dusk] fpcSCtRq_phase_CreateProcess: fpcBs_Create OK proc=0xb400007a191f1e74
[DEBUG | dusk] [DIAG] fpcSCtRq_phase_Load: procName=693 ret=4
[DEBUG | dusk] fpcSCtRq_phase_CreateProcess: procName=693
[DEBUG | dusk] fpcBs_Create: pid=563 profname=fpcNm_KYTAG11_e (693) profile=0x7b61372d70 procSize=1640 unkSize=0
[DEBUG | dusk] fpcSCtRq_phase_CreateProcess: fpcBs_Create OK proc=0xb400007a191f17ec
[DEBUG | dusk] [DIAG] fpcSCtRq_phase_Load: procName=699 ret=4
[DEBUG | dusk] fpcSCtRq_phase_CreateProcess: procName=699
[DEBUG | dusk] fpcBs_Create: pid=564 profname=fpcNm_KYTAG17_e (699) profile=0x7b6136efe0 procSize=1632 unkSize=0
[DEBUG | dusk] fpcSCtRq_phase_CreateProcess: fpcBs_Create OK proc=0xb400007a191eeaf0
[DEBUG | dusk] [DIAG] fpcSCtRq_phase_Load: procName=691 ret=4
[DEBUG | dusk] fpcSCtRq_phase_CreateProcess: procName=691
[DEBUG | dusk] fpcBs_Create: pid=565 profname=fpcNm_KYTAG09_e (691) profile=0x7b6137f550 procSize=1776 unkSize=0
[DEBUG | dusk] fpcSCtRq_phase_CreateProcess: fpcBs_Create OK proc=0xb400007a191ee3e0
[DEBUG | dusk] [DIAG] fpcSCtRq_phase_Load: procName=730 ret=4
[DEBUG | dusk] fpcSCtRq_phase_CreateProcess: procName=730
[DEBUG | dusk] fpcBs_Create: pid=574 profname=fpcNm_VRBOX_e (730) profile=0x7b61371078 procSize=1648 unkSize=0
[DEBUG | dusk] fpcSCtRq_phase_CreateProcess: fpcBs_Create OK proc=0xb400007a191edd50
[DEBUG | dusk] [DIAG] fpcSCtRq_phase_Load: procName=731 ret=4
[DEBUG | dusk] fpcSCtRq_phase_CreateProcess: procName=731
[DEBUG | dusk] fpcBs_Create: pid=575 profname=fpcNm_VRBOX2_e (731) profile=0x7b61371130 procSize=1720 unkSize=0
[DEBUG | dusk] fpcSCtRq_phase_CreateProcess: fpcBs_Create OK proc=0xb400007a191ed678
[DEBUG | dusk] [DIAG] fpcSCtRq_phase_Load: procName=18 ret=4
[DEBUG | dusk] fpcSCtRq_phase_CreateProcess: procName=18
[DEBUG | dusk] fpcBs_Create: pid=576 profname=fpcNm_ROOM_SCENE_e (18) profile=0x7b6136b388 procSize=912 unkSize=0
[DEBUG | dusk] fpcSCtRq_phase_CreateProcess: fpcBs_Create OK proc=0xb400007a191ff3b4
[DEBUG | dusk] [DIAG] fpcSCtRq_phase_Load: procName=18 ret=4
[DEBUG | dusk] fpcSCtRq_phase_CreateProcess: procName=18
[DEBUG | dusk] fpcBs_Create: pid=577 profname=fpcNm_ROOM_SCENE_e (18) profile=0x7b6136b388 procSize=912 unkSize=0
[DEBUG | dusk] fpcSCtRq_phase_CreateProcess: fpcBs_Create OK proc=0xb400007a191f143c
[DEBUG | dusk] [DIAG] fpcSCtRq_phase_Load: procName=18 ret=4
[DEBUG | dusk] fpcSCtRq_phase_CreateProcess: procName=18
[DEBUG | dusk] fpcBs_Create: pid=578 profname=fpcNm_ROOM_SCENE_e (18) profile=0x7b6136b388 procSize=912 unkSize=0
[DEBUG | dusk] fpcSCtRq_phase_CreateProcess: fpcBs_Create OK proc=0xb400007a191ed2c8
[DEBUG | dusk] Loading Resource: ef_portal.bmd (Size: 60192)
[DEBUG | dusk] Loading Resource: ef_portal_blue_app.brk (Size: 896)
[DEBUG | dusk] Loading Resource: ef_portal_blue_disapp.brk (Size: 896)
[DEBUG | dusk] Loading Resource: ef_portal_red_app.brk (Size: 896)
[DEBUG | dusk] Loading Resource: ef_portal_red_disapp.brk (Size: 896)
[DEBUG | dusk] Loading Resource: ef_portal.btk (Size: 1792)
[DEBUG | dusk] Loading Resource: hs_back_walk.bck (Size: 5536)
[DEBUG | dusk] Loading Resource: hs_back_walk_start.bck (Size: 6304)
[DEBUG | dusk] Loading Resource: hs_excitement.bck (Size: 11968)
[DEBUG | dusk] Loading Resource: hs_excitement_2.bck (Size: 14144)
[DEBUG | dusk] Loading Resource: hs_jump_end.bck (Size: 5344)
[DEBUG | dusk] Loading Resource: hs_jump_middle.bck (Size: 4640)
[DEBUG | dusk] Loading Resource: hs_jump_start.bck (Size: 4832)
[DEBUG | dusk] Loading Resource: hs_jump_start_clift.bck (Size: 5248)
[DEBUG | dusk] Loading Resource: hs_lash.bck (Size: 3200)
[DEBUG | dusk] Loading Resource: hs_neck_waitback_left.bck (Size: 2880)
[DEBUG | dusk] Loading Resource: hs_neck_waitback_right.bck (Size: 2848)
[DEBUG | dusk] Loading Resource: hs_run_dash.bck (Size: 7680)
[DEBUG | dusk] Loading Resource: hs_run_fast.bck (Size: 6688)
[DEBUG | dusk] Loading Resource: hs_run_slow.bck (Size: 7712)
[DEBUG | dusk] Loading Resource: hs_stand.bck (Size: 17984)
[DEBUG | dusk] Loading Resource: hs_stop_slow.bck (Size: 14208)
[DEBUG | dusk] Loading Resource: hs_stop_stand.bck (Size: 16352)
[DEBUG | dusk] Loading Resource: hs_turn_left.bck (Size: 9632)
[DEBUG | dusk] Loading Resource: hs_turn_left_start.bck (Size: 5248)
[DEBUG | dusk] Loading Resource: hs_turn_right.bck (Size: 9472)
[DEBUG | dusk] Loading Resource: hs_turn_right_start.bck (Size: 5344)
[DEBUG | dusk] Loading Resource: hs_wait_01.bck (Size: 4768)
[DEBUG | dusk] Loading Resource: hs_wait_01b.bck (Size: 4672)
[DEBUG | dusk] Loading Resource: hs_wait_01b_connect.bck (Size: 4672)
[DEBUG | dusk] Loading Resource: hs_wait_02.bck (Size: 8928)
[DEBUG | dusk] Loading Resource: hs_wait_03.bck (Size: 7552)
[DEBUG | dusk] Loading Resource: hs_wait_04.bck (Size: 12640)
[DEBUG | dusk] Loading Resource: hs_wait_05.bck (Size: 10528)
[DEBUG | dusk] Loading Resource: hs_walk_fast.bck (Size: 5792)
[DEBUG | dusk] Loading Resource: hs_walk_slow.bck (Size: 5600)
[DEBUG | dusk] Loading Resource: hs.bmd (Size: 131264)
[DEBUG | dusk] Loading Resource: hs_eye.btp (Size: 128)
[DEBUG | dusk] Loading Resource: tazuna.bti (Size: 160)
[DEBUG | dusk] Loading Resource: m_twfilm2.bmd (Size: 35136)
[DEBUG | dusk] Loading Resource: m_twfilm3.bmd (Size: 45376)
[DEBUG | dusk] Loading Resource: m_twfilmcastle.bmd (Size: 13216)
[DEBUG | dusk] Loading Resource: m_twfilm2.btk (Size: 832)
[DEBUG | dusk] Loading Resource: m_twfilm3.btk (Size: 832)
[DEBUG | dusk] Loading Resource: m_twfilmcastle.btk (Size: 672)
[DEBUG | dusk] Loading Resource: model.bmd (Size: 759296)
[DEBUG | dusk] Loading Resource: model4.bmd (Size: 8512)
[DEBUG | dusk] Loading Resource: model4.btk (Size: 320)
[DEBUG | dusk] Loading Resource: room.dzr (Size: 13568)
[DEBUG | dusk] Loading Resource: event_list.dat (Size: 4344)
[DEBUG | dusk] Loading Resource: r03_gate.stb (Size: 1472)
[DEBUG | dusk] Loading Resource: room.kcl (Size: 446114)
[DEBUG | dusk] Loading Resource: room.plc (Size: 416)
[DEBUG | dusk] Loading Resource: model.bmd (Size: 60992)
[DEBUG | dusk] Loading Resource: room.dzr (Size: 2144)
[DEBUG | dusk] Loading Resource: event_list.dat (Size: 12352)
[DEBUG | dusk] Loading Resource: r02_sword.stb (Size: 3320)
[DEBUG | dusk] Loading Resource: room.kcl (Size: 23742)
[DEBUG | dusk] Loading Resource: room.plc (Size: 64)
[DEBUG | dusk] Loading Resource: model.bmd (Size: 20832)
[DEBUG | dusk] Loading Resource: room.dzr (Size: 768)
[DEBUG | dusk] Loading Resource: room.kcl (Size: 19250)
[DEBUG | dusk] Loading Resource: room.plc (Size: 64)
[DEBUG | dusk] [DIAG] fpcSCtRq_phase_Load: procName=253 ret=4
[DEBUG | dusk] fpcSCtRq_phase_CreateProcess: procName=253
[DEBUG | dusk] fpcBs_Create: pid=579 profname=fpcNm_ALINK_e (253) profile=0x7b61361250 procSize=18784 unkSize=0
[DEBUG | dusk] fpcSCtRq_phase_CreateProcess: fpcBs_Create OK proc=0xb400007a191e12a4
[DEBUG | dusk] [DIAG] fpcSCtRq_phase_Load: procName=790 ret=4
[DEBUG | dusk] fpcSCtRq_phase_CreateProcess: procName=790
[DEBUG | dusk] fpcBs_Create: pid=580 profname=fpcNm_METER2_e (790) profile=0x7b61368430 procSize=1504 unkSize=0
[DEBUG | dusk] fpcSCtRq_phase_CreateProcess: fpcBs_Create OK proc=0xb400007a191e0ca4
[DEBUG | dusk] [DIAG] fpcSCtRq_phase_Load: procName=732 ret=4
[DEBUG | dusk] fpcSCtRq_phase_CreateProcess: procName=732
[DEBUG | dusk] fpcBs_Create: pid=581 profname=fpcNm_BG_e (732) profile=0x7b6136e3f8 procSize=1904 unkSize=0
[DEBUG | dusk] fpcSCtRq_phase_CreateProcess: fpcBs_Create OK proc=0xb400007a191e0354
[DEBUG | dusk] [DIAG] fpcSCtRq_phase_Load: procName=82 ret=4
[DEBUG | dusk] fpcSCtRq_phase_CreateProcess: procName=82
[DEBUG | dusk] fpcBs_Create: pid=582 profname=fpcNm_Obj_Digholl_e (82) profile=0x7b613933a0 procSize=1640 unkSize=0
[DEBUG | dusk] fpcSCtRq_phase_CreateProcess: fpcBs_Create OK proc=0xb400007a191dfccc
[DEBUG | dusk] [DIAG] fpcSCtRq_phase_Load: procName=686 ret=4
[DEBUG | dusk] fpcSCtRq_phase_CreateProcess: procName=686
[DEBUG | dusk] fpcBs_Create: pid=583 profname=fpcNm_KYTAG04_e (686) profile=0x7b6136ef28 procSize=1784 unkSize=0
[DEBUG | dusk] fpcSCtRq_phase_CreateProcess: fpcBs_Create OK proc=0xb400007a191df5b4
[DEBUG | dusk] [DIAG] fpcSCtRq_phase_Load: procName=129 ret=4
[DEBUG | dusk] fpcSCtRq_phase_CreateProcess: procName=129
[DEBUG | dusk] fpcBs_Create: pid=584 profname=fpcNm_Obj_RiderGate_e (129) profile=0x7b6139ede0 procSize=3992 unkSize=0
[DEBUG | dusk] fpcSCtRq_phase_CreateProcess: fpcBs_Create OK proc=0xb400007a191de5fc
[DEBUG | dusk] [DIAG] fpcSCtRq_phase_Load: procName=227 ret=4
[DEBUG | dusk] fpcSCtRq_phase_CreateProcess: procName=227
[DEBUG | dusk] fpcBs_Create: pid=585 profname=fpcNm_Obj_KKanban_e (227) profile=0x7b613976d0 procSize=2288 unkSize=0
[DEBUG | dusk] fpcSCtRq_phase_CreateProcess: fpcBs_Create OK proc=0xb400007a191ddcec
[DEBUG | dusk] [DIAG] fpcSCtRq_phase_Load: procName=218 ret=4
[DEBUG | dusk] fpcSCtRq_phase_CreateProcess: procName=218
[DEBUG | dusk] fpcBs_Create: pid=586 profname=fpcNm_Obj_KakarikoBrg_e (218) profile=0x7b613a4520 procSize=2096 unkSize=0
[DEBUG | dusk] fpcSCtRq_phase_CreateProcess: fpcBs_Create OK proc=0xb400007a191dd49c
[DEBUG | dusk] [DIAG] fpcSCtRq_phase_Load: procName=83 ret=4
[DEBUG | dusk] fpcSCtRq_phase_CreateProcess: procName=83
[DEBUG | dusk] fpcBs_Create: pid=587 profname=fpcNm_Obj_Digpl_e (83) profile=0x7b613757f8 procSize=1712 unkSize=0
[DEBUG | dusk] fpcSCtRq_phase_CreateProcess: fpcBs_Create OK proc=0xb400007a191dcdcc
[DEBUG | dusk] [DIAG] fpcSCtRq_phase_Load: procName=187 ret=4
[DEBUG | dusk] fpcSCtRq_phase_CreateProcess: procName=187
[DEBUG | dusk] fpcBs_Create: pid=588 profname=fpcNm_CSTAF_e (187) profile=0x7b613720f8 procSize=3824 unkSize=0
[DEBUG | dusk] fpcSCtRq_phase_CreateProcess: fpcBs_Create OK proc=0xb400007a191dbebc
[DEBUG | dusk] [DIAG] fpcSCtRq_phase_Load: procName=784 ret=4
[DEBUG | dusk] fpcSCtRq_phase_CreateProcess: procName=784
[DEBUG | dusk] fpcBs_Create: pid=589 profname=fpcNm_GRASS_e (784) profile=0x7b61372ae8 procSize=1640 unkSize=0
[DEBUG | dusk] fpcSCtRq_phase_CreateProcess: fpcBs_Create OK proc=0xb400007a191db834
[DEBUG | dusk] [DIAG] fpcSCtRq_phase_Load: procName=784 ret=4
[DEBUG | dusk] fpcSCtRq_phase_CreateProcess: procName=784
[DEBUG | dusk] fpcBs_Create: pid=590 profname=fpcNm_GRASS_e (784) profile=0x7b61372ae8 procSize=1640 unkSize=0
[DEBUG | dusk] fpcSCtRq_phase_CreateProcess: fpcBs_Create OK proc=0xb400007a191db1ac
[DEBUG | dusk] [DIAG] fpcSCtRq_phase_Load: procName=784 ret=4
[DEBUG | dusk] fpcSCtRq_phase_CreateProcess: procName=784
[DEBUG | dusk] fpcBs_Create: pid=591 profname=fpcNm_GRASS_e (784) profile=0x7b61372ae8 procSize=1640 unkSize=0
[DEBUG | dusk] fpcSCtRq_phase_CreateProcess: fpcBs_Create OK proc=0xb400007a191dab24
[DEBUG | dusk] [DIAG] fpcSCtRq_phase_Load: procName=784 ret=4
[DEBUG | dusk] fpcSCtRq_phase_CreateProcess: procName=784
[DEBUG | dusk] fpcBs_Create: pid=592 profname=fpcNm_GRASS_e (784) profile=0x7b61372ae8 procSize=1640 unkSize=0
[DEBUG | dusk] fpcSCtRq_phase_CreateProcess: fpcBs_Create OK proc=0xb400007a191da49c
[DEBUG | dusk] [DIAG] fpcSCtRq_phase_Load: procName=784 ret=4
[DEBUG | dusk] fpcSCtRq_phase_CreateProcess: procName=784
[DEBUG | dusk] fpcBs_Create: pid=593 profname=fpcNm_GRASS_e (784) profile=0x7b61372ae8 procSize=1640 unkSize=0
[DEBUG | dusk] fpcSCtRq_phase_CreateProcess: fpcBs_Create OK proc=0xb400007a191d9e14
[DEBUG | dusk] [DIAG] fpcSCtRq_phase_Load: procName=784 ret=4
[DEBUG | dusk] fpcSCtRq_phase_CreateProcess: procName=784
[DEBUG | dusk] fpcBs_Create: pid=594 profname=fpcNm_GRASS_e (784) profile=0x7b61372ae8 procSize=1640 unkSize=0
[DEBUG | dusk] fpcSCtRq_phase_CreateProcess: fpcBs_Create OK proc=0xb400007a191d978c
[DEBUG | dusk] [DIAG] fpcSCtRq_phase_Load: procName=784 ret=4
[DEBUG | dusk] fpcSCtRq_phase_CreateProcess: procName=784
[DEBUG | dusk] fpcBs_Create: pid=595 profname=fpcNm_GRASS_e (784) profile=0x7b61372ae8 procSize=1640 unkSize=0
[DEBUG | dusk] fpcSCtRq_phase_CreateProcess: fpcBs_Create OK proc=0xb400007a191d9104
[DEBUG | dusk] [DIAG] fpcSCtRq_phase_Load: procName=784 ret=4
[DEBUG | dusk] fpcSCtRq_phase_CreateProcess: procName=784
[DEBUG | dusk] fpcBs_Create: pid=596 profname=fpcNm_GRASS_e (784) profile=0x7b61372ae8 procSize=1640 unkSize=0
[DEBUG | dusk] fpcSCtRq_phase_CreateProcess: fpcBs_Create OK proc=0xb400007a191d8a7c
[DEBUG | dusk] [DIAG] fpcSCtRq_phase_Load: procName=784 ret=4
[DEBUG | dusk] fpcSCtRq_phase_CreateProcess: procName=784
[DEBUG | dusk] fpcBs_Create: pid=597 profname=fpcNm_GRASS_e (784) profile=0x7b61372ae8 procSize=1640 unkSize=0
[DEBUG | dusk] fpcSCtRq_phase_CreateProcess: fpcBs_Create OK proc=0xb400007a191d83f4
[DEBUG | dusk] [DIAG] fpcSCtRq_phase_Load: procName=733 ret=4
[DEBUG | dusk] fpcSCtRq_phase_CreateProcess: procName=733
[DEBUG | dusk] fpcBs_Create: pid=598 profname=fpcNm_SET_BG_OBJ_e (733) profile=0x7b6136ff08 procSize=1664 unkSize=0
[DEBUG | dusk] fpcSCtRq_phase_CreateProcess: fpcBs_Create OK proc=0xb400007a191d7c84
[DEBUG | dusk] [DIAG] fpcSCtRq_phase_Load: procName=430 ret=4
[DEBUG | dusk] fpcSCtRq_phase_CreateProcess: procName=430
[DEBUG | dusk] fpcBs_Create: pid=599 profname=fpcNm_Tag_Statue_e (430) profile=0x7b61377fe0 procSize=1736 unkSize=0
[DEBUG | dusk] fpcSCtRq_phase_CreateProcess: fpcBs_Create OK proc=0xb400007a191d759c
[DEBUG | dusk] [DIAG] fpcSCtRq_phase_Load: procName=539 ret=4
[DEBUG | dusk] fpcSCtRq_phase_CreateProcess: procName=539
[DEBUG | dusk] fpcBs_Create: pid=600 profname=fpcNm_Obj_LifeContainer_e (539) profile=0x7b61371970 procSize=3336 unkSize=0
[DEBUG | dusk] fpcSCtRq_phase_CreateProcess: fpcBs_Create OK proc=0xb400007a191d6874
[DEBUG | dusk] [DIAG] fpcSCtRq_phase_Load: procName=733 ret=4
[DEBUG | dusk] fpcSCtRq_phase_CreateProcess: procName=733
[DEBUG | dusk] fpcBs_Create: pid=601 profname=fpcNm_SET_BG_OBJ_e (733) profile=0x7b6136ff08 procSize=1664 unkSize=0
[DEBUG | dusk] fpcSCtRq_phase_CreateProcess: fpcBs_Create OK proc=0xb400007a191d61d4
[DEBUG | dusk] [DIAG] fpcSCtRq_phase_Load: procName=733 ret=4
[DEBUG | dusk] fpcSCtRq_phase_CreateProcess: procName=733
[DEBUG | dusk] fpcBs_Create: pid=602 profname=fpcNm_SET_BG_OBJ_e (733) profile=0x7b6136ff08 procSize=1664 unkSize=0
[DEBUG | dusk] fpcSCtRq_phase_CreateProcess: fpcBs_Create OK proc=0xb400007a191d5b34
[DEBUG | dusk] [DIAG] fpcSCtRq_phase_Load: procName=536 ret=4
[DEBUG | dusk] fpcSCtRq_phase_CreateProcess: procName=536
[DEBUG | dusk] fpcBs_Create: pid=603 profname=fpcNm_ITEM_e (536) profile=0x7b61364848 procSize=3272 unkSize=0
[DEBUG | dusk] fpcSCtRq_phase_CreateProcess: fpcBs_Create OK proc=0xb400007a191d4e4c
[DEBUG | dusk] [DIAG] fpcSCtRq_phase_Load: procName=536 ret=4
[DEBUG | dusk] fpcSCtRq_phase_CreateProcess: procName=536
[DEBUG | dusk] fpcBs_Create: pid=604 profname=fpcNm_ITEM_e (536) profile=0x7b61364848 procSize=3272 unkSize=0
[DEBUG | dusk] fpcSCtRq_phase_CreateProcess: fpcBs_Create OK proc=0xb400007a191d4164
[DEBUG | dusk] [DIAG] fpcSCtRq_phase_Load: procName=536 ret=4
[DEBUG | dusk] fpcSCtRq_phase_CreateProcess: procName=536
[DEBUG | dusk] fpcBs_Create: pid=605 profname=fpcNm_ITEM_e (536) profile=0x7b61364848 procSize=3272 unkSize=0
[DEBUG | dusk] fpcSCtRq_phase_CreateProcess: fpcBs_Create OK proc=0xb400007a191d347c
[DEBUG | dusk] [DIAG] fpcSCtRq_phase_Load: procName=536 ret=4
[DEBUG | dusk] fpcSCtRq_phase_CreateProcess: procName=536
[DEBUG | dusk] fpcBs_Create: pid=606 profname=fpcNm_ITEM_e (536) profile=0x7b61364848 procSize=3272 unkSize=0
[DEBUG | dusk] fpcSCtRq_phase_CreateProcess: fpcBs_Create OK proc=0xb400007a191d2794
[DEBUG | dusk] [DIAG] fpcSCtRq_phase_Load: procName=536 ret=4
[DEBUG | dusk] fpcSCtRq_phase_CreateProcess: procName=536
[DEBUG | dusk] fpcBs_Create: pid=607 profname=fpcNm_ITEM_e (536) profile=0x7b61364848 procSize=3272 unkSize=0
[DEBUG | dusk] fpcSCtRq_phase_CreateProcess: fpcBs_Create OK proc=0xb400007a191d1aac
[DEBUG | dusk] [DIAG] fpcSCtRq_phase_Load: procName=536 ret=4
[DEBUG | dusk] fpcSCtRq_phase_CreateProcess: procName=536
[DEBUG | dusk] fpcBs_Create: pid=608 profname=fpcNm_ITEM_e (536) profile=0x7b61364848 procSize=3272 unkSize=0
[DEBUG | dusk] fpcSCtRq_phase_CreateProcess: fpcBs_Create OK proc=0xb400007a191d0dc4
[DEBUG | dusk] [DIAG] fpcSCtRq_phase_Load: procName=536 ret=4
[DEBUG | dusk] fpcSCtRq_phase_CreateProcess: procName=536
[DEBUG | dusk] fpcBs_Create: pid=609 profname=fpcNm_ITEM_e (536) profile=0x7b61364848 procSize=3272 unkSize=0
[DEBUG | dusk] fpcSCtRq_phase_CreateProcess: fpcBs_Create OK proc=0xb400007a191d00dc
[DEBUG | dusk] [DIAG] fpcSCtRq_phase_Load: procName=536 ret=4
[DEBUG | dusk] fpcSCtRq_phase_CreateProcess: procName=536
[DEBUG | dusk] fpcBs_Create: pid=610 profname=fpcNm_ITEM_e (536) profile=0x7b61364848 procSize=3272 unkSize=0
[DEBUG | dusk] fpcSCtRq_phase_CreateProcess: fpcBs_Create OK proc=0xb400007a191cf3f4
[DEBUG | dusk] [DIAG] fpcSCtRq_phase_Load: procName=536 ret=4
[DEBUG | dusk] fpcSCtRq_phase_CreateProcess: procName=536
[DEBUG | dusk] fpcBs_Create: pid=611 profname=fpcNm_ITEM_e (536) profile=0x7b61364848 procSize=3272 unkSize=0
[DEBUG | dusk] fpcSCtRq_phase_CreateProcess: fpcBs_Create OK proc=0xb400007a191ce70c
[DEBUG | dusk] [DIAG] fpcSCtRq_phase_Load: procName=251 ret=4
[DEBUG | dusk] fpcSCtRq_phase_CreateProcess: procName=251
[DEBUG | dusk] fpcBs_Create: pid=612 profname=fpcNm_TBOX_e (251) profile=0x7b61370d80 procSize=3328 unkSize=0
[DEBUG | dusk] fpcSCtRq_phase_CreateProcess: fpcBs_Create OK proc=0xb400007a191cd9ec
[DEBUG | dusk] [DIAG] fpcSCtRq_phase_Load: procName=251 ret=4
[DEBUG | dusk] fpcSCtRq_phase_CreateProcess: procName=251
[DEBUG | dusk] fpcBs_Create: pid=613 profname=fpcNm_TBOX_e (251) profile=0x7b61370d80 procSize=3328 unkSize=0
[DEBUG | dusk] fpcSCtRq_phase_CreateProcess: fpcBs_Create OK proc=0xb400007a191ccccc
[DEBUG | dusk] [DIAG] fpcSCtRq_phase_Load: procName=780 ret=4
[DEBUG | dusk] fpcSCtRq_phase_CreateProcess: procName=780
[DEBUG | dusk] fpcBs_Create: pid=614 profname=fpcNm_SCENE_EXIT_e (780) profile=0x7b6136fe48 procSize=1680 unkSize=0
[DEBUG | dusk] fpcSCtRq_phase_CreateProcess: fpcBs_Create OK proc=0xb400007a191ecc18
[DEBUG | dusk] [DIAG] fpcSCtRq_phase_Load: procName=780 ret=4
[DEBUG | dusk] fpcSCtRq_phase_CreateProcess: procName=780
[DEBUG | dusk] fpcBs_Create: pid=615 profname=fpcNm_SCENE_EXIT_e (780) profile=0x7b6136fe48 procSize=1680 unkSize=0
[DEBUG | dusk] fpcSCtRq_phase_CreateProcess: fpcBs_Create OK proc=0xb400007a191cc61c
[DEBUG | dusk] [DIAG] fpcSCtRq_phase_Load: procName=26 ret=4
[DEBUG | dusk] fpcSCtRq_phase_CreateProcess: procName=26
[DEBUG | dusk] fpcBs_Create: pid=616 profname=fpcNm_NO_CHG_ROOM_e (26) profile=0x7b61361d40 procSize=1728 unkSize=0
[DEBUG | dusk] fpcSCtRq_phase_CreateProcess: fpcBs_Create OK proc=0xb400007a191cbf3c
[DEBUG | dusk] [DIAG] fpcSCtRq_phase_Load: procName=780 ret=4
[DEBUG | dusk] fpcSCtRq_phase_CreateProcess: procName=780
[DEBUG | dusk] fpcBs_Create: pid=617 profname=fpcNm_SCENE_EXIT_e (780) profile=0x7b6136fe48 procSize=1680 unkSize=0
[DEBUG | dusk] fpcSCtRq_phase_CreateProcess: fpcBs_Create OK proc=0xb400007a191cb88c
[DEBUG | dusk] [DIAG] fpcSCtRq_phase_Load: procName=549 ret=4
[DEBUG | dusk] fpcSCtRq_phase_CreateProcess: procName=549
[DEBUG | dusk] fpcBs_Create: pid=618 profname=fpcNm_SWC00_e (549) profile=0x7b613774d0 procSize=1664 unkSize=0
[DEBUG | dusk] fpcSCtRq_phase_CreateProcess: fpcBs_Create OK proc=0xb400007a191cb1ec
[DEBUG | dusk] [DIAG] fpcSCtRq_phase_Load: procName=426 ret=4
[DEBUG | dusk] fpcSCtRq_phase_CreateProcess: procName=426
[DEBUG | dusk] fpcBs_Create: pid=619 profname=fpcNm_Tag_AttackItem_e (426) profile=0x7b61377730 procSize=2200 unkSize=0
[DEBUG | dusk] fpcSCtRq_phase_CreateProcess: fpcBs_Create OK proc=0xb400007a191ca934
[DEBUG | dusk] [DIAG] fpcSCtRq_phase_Load: procName=426 ret=4
[DEBUG | dusk] fpcSCtRq_phase_CreateProcess: procName=426
[DEBUG | dusk] fpcBs_Create: pid=620 profname=fpcNm_Tag_AttackItem_e (426) profile=0x7b61377730 procSize=2200 unkSize=0
[DEBUG | dusk] fpcSCtRq_phase_CreateProcess: fpcBs_Create OK proc=0xb400007a191ca07c
[DEBUG | dusk] [DIAG] fpcSCtRq_phase_Load: procName=234 ret=4
[DEBUG | dusk] fpcSCtRq_phase_CreateProcess: procName=234
[DEBUG | dusk] fpcBs_Create: pid=621 profname=fpcNm_Tag_Hjump_e (234) profile=0x7b61377a30 procSize=1728 unkSize=0
[DEBUG | dusk] fpcSCtRq_phase_CreateProcess: fpcBs_Create OK proc=0xb400007a191ec114
[DEBUG | dusk] [DIAG] fpcSCtRq_phase_Load: procName=549 ret=4
[DEBUG | dusk] fpcSCtRq_phase_CreateProcess: procName=549
[DEBUG | dusk] fpcBs_Create: pid=622 profname=fpcNm_SWC00_e (549) profile=0x7b613774d0 procSize=1664 unkSize=0
[DEBUG | dusk] fpcSCtRq_phase_CreateProcess: fpcBs_Create OK proc=0xb400007a191c99dc
[DEBUG | dusk] [DIAG] fpcSCtRq_phase_Load: procName=549 ret=4
[DEBUG | dusk] fpcSCtRq_phase_CreateProcess: procName=549
[DEBUG | dusk] fpcBs_Create: pid=623 profname=fpcNm_SWC00_e (549) profile=0x7b613774d0 procSize=1664 unkSize=0
[DEBUG | dusk] fpcSCtRq_phase_CreateProcess: fpcBs_Create OK proc=0xb400007a191c933c
[DEBUG | dusk] [DIAG] fpcSCtRq_phase_Load: procName=745 ret=4
[DEBUG | dusk] fpcSCtRq_phase_CreateProcess: procName=745
[DEBUG | dusk] fpcBs_Create: pid=624 profname=fpcNm_TAG_EVTAREA_e (745) profile=0x7b61370600 procSize=1632 unkSize=0
[DEBUG | dusk] fpcSCtRq_phase_CreateProcess: fpcBs_Create OK proc=0xb400007a191c8cbc
[DEBUG | dusk] [DIAG] fpcSCtRq_phase_Load: procName=688 ret=4
[DEBUG | dusk] fpcSCtRq_phase_CreateProcess: procName=688
[DEBUG | dusk] fpcBs_Create: pid=625 profname=fpcNm_KYTAG06_e (688) profile=0x7b6137f328 procSize=1688 unkSize=0
[DEBUG | dusk] fpcSCtRq_phase_CreateProcess: fpcBs_Create OK proc=0xb400007a191c8604
[DEBUG | dusk] [DIAG] fpcSCtRq_phase_Load: procName=99 ret=4
[DEBUG | dusk] fpcSCtRq_phase_CreateProcess: procName=99
[DEBUG | dusk] fpcBs_Create: pid=626 profname=fpcNm_Obj_Cboard_e (99) profile=0x7b61375700 procSize=1752 unkSize=0
[DEBUG | dusk] fpcSCtRq_phase_CreateProcess: fpcBs_Create OK proc=0xb400007a191eba1c
[DEBUG | dusk] [DIAG] fpcSCtRq_phase_Load: procName=784 ret=4
[DEBUG | dusk] fpcSCtRq_phase_CreateProcess: procName=784
[DEBUG | dusk] fpcBs_Create: pid=627 profname=fpcNm_GRASS_e (784) profile=0x7b61372ae8 procSize=1640 unkSize=0
[DEBUG | dusk] fpcSCtRq_phase_CreateProcess: fpcBs_Create OK proc=0xb400007a191c7f7c
[DEBUG | dusk] [DIAG] fpcSCtRq_phase_Load: procName=784 ret=4
[DEBUG | dusk] fpcSCtRq_phase_CreateProcess: procName=784
[DEBUG | dusk] fpcBs_Create: pid=628 profname=fpcNm_GRASS_e (784) profile=0x7b61372ae8 procSize=1640 unkSize=0
[DEBUG | dusk] fpcSCtRq_phase_CreateProcess: fpcBs_Create OK proc=0xb400007a191c78f4
[DEBUG | dusk] [DIAG] fpcSCtRq_phase_Load: procName=784 ret=4
[DEBUG | dusk] fpcSCtRq_phase_CreateProcess: procName=784
[DEBUG | dusk] fpcBs_Create: pid=629 profname=fpcNm_GRASS_e (784) profile=0x7b61372ae8 procSize=1640 unkSize=0
[DEBUG | dusk] fpcSCtRq_phase_CreateProcess: fpcBs_Create OK proc=0xb400007a191c726c
[DEBUG | dusk] [DIAG] fpcSCtRq_phase_Load: procName=784 ret=4
[DEBUG | dusk] fpcSCtRq_phase_CreateProcess: procName=784
[DEBUG | dusk] fpcBs_Create: pid=630 profname=fpcNm_GRASS_e (784) profile=0x7b61372ae8 procSize=1640 unkSize=0
[DEBUG | dusk] fpcSCtRq_phase_CreateProcess: fpcBs_Create OK proc=0xb400007a191c6be4
[DEBUG | dusk] [DIAG] fpcSCtRq_phase_Load: procName=324 ret=4
[DEBUG | dusk] fpcSCtRq_phase_CreateProcess: procName=324
[DEBUG | dusk] fpcBs_Create: pid=631 profname=fpcNm_Obj_Dan_e (324) profile=0x7b613932d0 procSize=3584 unkSize=0
[DEBUG | dusk] fpcSCtRq_phase_CreateProcess: fpcBs_Create OK proc=0xb400007a191c5dc4
[DEBUG | dusk] [DIAG] fpcSCtRq_phase_Load: procName=83 ret=4
[DEBUG | dusk] fpcSCtRq_phase_CreateProcess: procName=83
[DEBUG | dusk] fpcBs_Create: pid=632 profname=fpcNm_Obj_Digpl_e (83) profile=0x7b613757f8 procSize=1712 unkSize=0
[DEBUG | dusk] fpcSCtRq_phase_CreateProcess: fpcBs_Create OK proc=0xb400007a191c56f4
[DEBUG | dusk] [DIAG] fpcSCtRq_phase_Load: procName=333 ret=4
[DEBUG | dusk] fpcSCtRq_phase_CreateProcess: procName=333
[DEBUG | dusk] fpcBs_Create: pid=633 profname=fpcNm_Obj_Yobikusa_e (333) profile=0x7b613770c8 procSize=2360 unkSize=0
[DEBUG | dusk] fpcSCtRq_phase_CreateProcess: fpcBs_Create OK proc=0xb400007a191c4d9c
[DEBUG | dusk] [DIAG] fpcSCtRq_phase_Load: procName=333 ret=4
[DEBUG | dusk] fpcSCtRq_phase_CreateProcess: procName=333
[DEBUG | dusk] fpcBs_Create: pid=634 profname=fpcNm_Obj_Yobikusa_e (333) profile=0x7b613770c8 procSize=2360 unkSize=0
[DEBUG | dusk] fpcSCtRq_phase_CreateProcess: fpcBs_Create OK proc=0xb400007a191c4444
[DEBUG | dusk] [DIAG] fpcSCtRq_phase_Load: procName=333 ret=4
[DEBUG | dusk] fpcSCtRq_phase_CreateProcess: procName=333
[DEBUG | dusk] fpcBs_Create: pid=635 profname=fpcNm_Obj_Yobikusa_e (333) profile=0x7b613770c8 procSize=2360 unkSize=0
[DEBUG | dusk] fpcSCtRq_phase_CreateProcess: fpcBs_Create OK proc=0xb400007a191c3aec
[DEBUG | dusk] [DIAG] fpcSCtRq_phase_Load: procName=696 ret=4
[DEBUG | dusk] fpcSCtRq_phase_CreateProcess: procName=696
[DEBUG | dusk] fpcBs_Create: pid=636 profname=fpcNm_KYTAG14_e (696) profile=0x7b61372e28 procSize=1640 unkSize=0
[DEBUG | dusk] fpcSCtRq_phase_CreateProcess: fpcBs_Create OK proc=0xb400007a191c3464
[DEBUG | dusk] [DIAG] fpcSCtRq_phase_Load: procName=496 ret=4
[DEBUG | dusk] fpcSCtRq_phase_CreateProcess: procName=496
[DEBUG | dusk] fpcBs_Create: pid=637 profname=fpcNm_E_KR_e (496) profile=0x7b6137c050 procSize=5144 unkSize=0
[DEBUG | dusk] fpcSCtRq_phase_CreateProcess: fpcBs_Create OK proc=0xb400007a191c202c
[DEBUG | dusk] [DIAG] fpcSCtRq_phase_Load: procName=496 ret=4
[DEBUG | dusk] fpcSCtRq_phase_CreateProcess: procName=496
[DEBUG | dusk] fpcBs_Create: pid=638 profname=fpcNm_E_KR_e (496) profile=0x7b6137c050 procSize=5144 unkSize=0
[DEBUG | dusk] fpcSCtRq_phase_CreateProcess: fpcBs_Create OK proc=0xb400007a191c0bf4
[DEBUG | dusk] [DIAG] fpcSCtRq_phase_Load: procName=496 ret=4
[DEBUG | dusk] fpcSCtRq_phase_CreateProcess: procName=496
[DEBUG | dusk] fpcBs_Create: pid=639 profname=fpcNm_E_KR_e (496) profile=0x7b6137c050 procSize=5144 unkSize=0
[DEBUG | dusk] fpcSCtRq_phase_CreateProcess: fpcBs_Create OK proc=0xb400007a191bf7bc
[DEBUG | dusk] [DIAG] fpcSCtRq_phase_Load: procName=451 ret=4
[DEBUG | dusk] fpcSCtRq_phase_CreateProcess: procName=451
[DEBUG | dusk] fpcBs_Create: pid=640 profname=fpcNm_E_CR_e (451) profile=0x7b6137aae0 procSize=3560 unkSize=0
[DEBUG | dusk] fpcSCtRq_phase_CreateProcess: fpcBs_Create OK proc=0xb400007a191be9b4
[DEBUG | dusk] [DIAG] fpcSCtRq_phase_Load: procName=451 ret=4
[DEBUG | dusk] fpcSCtRq_phase_CreateProcess: procName=451
[DEBUG | dusk] fpcBs_Create: pid=641 profname=fpcNm_E_CR_e (451) profile=0x7b6137aae0 procSize=3560 unkSize=0
[DEBUG | dusk] fpcSCtRq_phase_CreateProcess: fpcBs_Create OK proc=0xb400007a191bdbac
[DEBUG | dusk] [DIAG] fpcSCtRq_phase_Load: procName=696 ret=4
[DEBUG | dusk] fpcSCtRq_phase_CreateProcess: procName=696
[DEBUG | dusk] fpcBs_Create: pid=642 profname=fpcNm_KYTAG14_e (696) profile=0x7b61372e28 procSize=1640 unkSize=0
[DEBUG | dusk] fpcSCtRq_phase_CreateProcess: fpcBs_Create OK proc=0xb400007a191bd524
[DEBUG | dusk] [DIAG] fpcSCtRq_phase_Load: procName=451 ret=4
[DEBUG | dusk] fpcSCtRq_phase_CreateProcess: procName=451
[DEBUG | dusk] fpcBs_Create: pid=643 profname=fpcNm_E_CR_e (451) profile=0x7b6137aae0 procSize=3560 unkSize=0
[DEBUG | dusk] fpcSCtRq_phase_CreateProcess: fpcBs_Create OK proc=0xb400007a191bc71c
[DEBUG | dusk] [DIAG] fpcSCtRq_phase_Load: procName=510 ret=4
[DEBUG | dusk] fpcSCtRq_phase_CreateProcess: procName=510
[DEBUG | dusk] fpcBs_Create: pid=644 profname=fpcNm_E_OC_e (510) profile=0x7b6137c730 procSize=5040 unkSize=0
[DEBUG | dusk] fpcSCtRq_phase_CreateProcess: fpcBs_Create OK proc=0xb400007a191bb34c
[DEBUG | dusk] [DIAG] fpcSCtRq_phase_Load: procName=510 ret=4
[DEBUG | dusk] fpcSCtRq_phase_CreateProcess: procName=510
[DEBUG | dusk] fpcBs_Create: pid=645 profname=fpcNm_E_OC_e (510) profile=0x7b6137c730 procSize=5040 unkSize=0
[DEBUG | dusk] fpcSCtRq_phase_CreateProcess: fpcBs_Create OK proc=0xb400007a191b9f7c
[DEBUG | dusk] [DIAG] fpcSCtRq_phase_Load: procName=657 ret=4
[DEBUG | dusk] fpcSCtRq_phase_CreateProcess: procName=657
[DEBUG | dusk] fpcBs_Create: pid=646 profname=fpcNm_NPC_POST_e (657) profile=0x7b6138a170 procSize=5424 unkSize=0
[DEBUG | dusk] fpcSCtRq_phase_CreateProcess: fpcBs_Create OK proc=0xb400007a191b8a2c
[DEBUG | dusk] [DIAG] fpcSCtRq_phase_Load: procName=696 ret=4
[DEBUG | dusk] fpcSCtRq_phase_CreateProcess: procName=696
[DEBUG | dusk] fpcBs_Create: pid=647 profname=fpcNm_KYTAG14_e (696) profile=0x7b61372e28 procSize=1640 unkSize=0
[DEBUG | dusk] fpcSCtRq_phase_CreateProcess: fpcBs_Create OK proc=0xb400007a191b83a4
[DEBUG | dusk] [DIAG] fpcSCtRq_phase_Load: procName=496 ret=4
[DEBUG | dusk] fpcSCtRq_phase_CreateProcess: procName=496
[DEBUG | dusk] fpcBs_Create: pid=648 profname=fpcNm_E_KR_e (496) profile=0x7b6137c050 procSize=5144 unkSize=0
[DEBUG | dusk] fpcSCtRq_phase_CreateProcess: fpcBs_Create OK proc=0xb400007a191b6f6c
[DEBUG | dusk] [DIAG] fpcSCtRq_phase_Load: procName=510 ret=4
[DEBUG | dusk] fpcSCtRq_phase_CreateProcess: procName=510
[DEBUG | dusk] fpcBs_Create: pid=649 profname=fpcNm_E_OC_e (510) profile=0x7b6137c730 procSize=5040 unkSize=0
[DEBUG | dusk] fpcSCtRq_phase_CreateProcess: fpcBs_Create OK proc=0xb400007a191b5b9c
[DEBUG | dusk] [DIAG] fpcSCtRq_phase_Load: procName=451 ret=4
[DEBUG | dusk] fpcSCtRq_phase_CreateProcess: procName=451
[DEBUG | dusk] fpcBs_Create: pid=650 profname=fpcNm_E_CR_e (451) profile=0x7b6137aae0 procSize=3560 unkSize=0
[DEBUG | dusk] fpcSCtRq_phase_CreateProcess: fpcBs_Create OK proc=0xb400007a191b4d94
[DEBUG | dusk] [DIAG] fpcSCtRq_phase_Load: procName=451 ret=4
[DEBUG | dusk] fpcSCtRq_phase_CreateProcess: procName=451
[DEBUG | dusk] fpcBs_Create: pid=651 profname=fpcNm_E_CR_e (451) profile=0x7b6137aae0 procSize=3560 unkSize=0
[DEBUG | dusk] fpcSCtRq_phase_CreateProcess: fpcBs_Create OK proc=0xb400007a191b3f8c
[DEBUG | dusk] [DIAG] fpcSCtRq_phase_Load: procName=451 ret=4
[DEBUG | dusk] fpcSCtRq_phase_CreateProcess: procName=451
[DEBUG | dusk] fpcBs_Create: pid=652 profname=fpcNm_E_CR_e (451) profile=0x7b6137aae0 procSize=3560 unkSize=0
[DEBUG | dusk] fpcSCtRq_phase_CreateProcess: fpcBs_Create OK proc=0xb400007a191b3184
[DEBUG | dusk] [DIAG] fpcSCtRq_phase_Load: procName=451 ret=4
[DEBUG | dusk] fpcSCtRq_phase_CreateProcess: procName=451
[DEBUG | dusk] fpcBs_Create: pid=653 profname=fpcNm_E_CR_e (451) profile=0x7b6137aae0 procSize=3560 unkSize=0
[DEBUG | dusk] fpcSCtRq_phase_CreateProcess: fpcBs_Create OK proc=0xb400007a191b237c
[DEBUG | dusk] [DIAG] fpcSCtRq_phase_Load: procName=83 ret=4
[DEBUG | dusk] fpcSCtRq_phase_CreateProcess: procName=83
[DEBUG | dusk] fpcBs_Create: pid=654 profname=fpcNm_Obj_Digpl_e (83) profile=0x7b613757f8 procSize=1712 unkSize=0
[DEBUG | dusk] fpcSCtRq_phase_CreateProcess: fpcBs_Create OK proc=0xb400007a191b1cac
[DEBUG | dusk] [DIAG] fpcSCtRq_phase_Load: procName=83 ret=4
[DEBUG | dusk] fpcSCtRq_phase_CreateProcess: procName=83
[DEBUG | dusk] fpcBs_Create: pid=655 profname=fpcNm_Obj_Digpl_e (83) profile=0x7b613757f8 procSize=1712 unkSize=0
[DEBUG | dusk] fpcSCtRq_phase_CreateProcess: fpcBs_Create OK proc=0xb400007a191b15dc
[DEBUG | dusk] [DIAG] fpcSCtRq_phase_Load: procName=83 ret=4
[DEBUG | dusk] fpcSCtRq_phase_CreateProcess: procName=83
[DEBUG | dusk] fpcBs_Create: pid=656 profname=fpcNm_Obj_Digpl_e (83) profile=0x7b613757f8 procSize=1712 unkSize=0
[DEBUG | dusk] fpcSCtRq_phase_CreateProcess: fpcBs_Create OK proc=0xb400007a191b0f0c
[DEBUG | dusk] [DIAG] fpcSCtRq_phase_Load: procName=83 ret=4
[DEBUG | dusk] fpcSCtRq_phase_CreateProcess: procName=83
[DEBUG | dusk] fpcBs_Create: pid=657 profname=fpcNm_Obj_Digpl_e (83) profile=0x7b613757f8 procSize=1712 unkSize=0
[DEBUG | dusk] fpcSCtRq_phase_CreateProcess: fpcBs_Create OK proc=0xb400007a191b083c
[DEBUG | dusk] [DIAG] fpcSCtRq_phase_Load: procName=83 ret=4
[DEBUG | dusk] fpcSCtRq_phase_CreateProcess: procName=83
[DEBUG | dusk] fpcBs_Create: pid=658 profname=fpcNm_Obj_Digpl_e (83) profile=0x7b613757f8 procSize=1712 unkSize=0
[DEBUG | dusk] fpcSCtRq_phase_CreateProcess: fpcBs_Create OK proc=0xb400007a191b016c
[DEBUG | dusk] [DIAG] fpcSCtRq_phase_Load: procName=83 ret=4
[DEBUG | dusk] fpcSCtRq_phase_CreateProcess: procName=83
[DEBUG | dusk] fpcBs_Create: pid=659 profname=fpcNm_Obj_Digpl_e (83) profile=0x7b613757f8 procSize=1712 unkSize=0
[DEBUG | dusk] fpcSCtRq_phase_CreateProcess: fpcBs_Create OK proc=0xb400007a191afa9c
[DEBUG | dusk] [DIAG] fpcSCtRq_phase_Load: procName=784 ret=4
[DEBUG | dusk] fpcSCtRq_phase_CreateProcess: procName=784
[DEBUG | dusk] fpcBs_Create: pid=660 profname=fpcNm_GRASS_e (784) profile=0x7b61372ae8 procSize=1640 unkSize=0
[DEBUG | dusk] fpcSCtRq_phase_CreateProcess: fpcBs_Create OK proc=0xb400007a191e928c
[DEBUG | dusk] [DIAG] fpcSCtRq_phase_Load: procName=784 ret=4
[DEBUG | dusk] fpcSCtRq_phase_CreateProcess: procName=784
[DEBUG | dusk] fpcBs_Create: pid=661 profname=fpcNm_GRASS_e (784) profile=0x7b61372ae8 procSize=1640 unkSize=0
[DEBUG | dusk] fpcSCtRq_phase_CreateProcess: fpcBs_Create OK proc=0xb400007a191af414
[DEBUG | dusk] [DIAG] fpcSCtRq_phase_Load: procName=784 ret=4
[DEBUG | dusk] fpcSCtRq_phase_CreateProcess: procName=784
[DEBUG | dusk] fpcBs_Create: pid=662 profname=fpcNm_GRASS_e (784) profile=0x7b61372ae8 procSize=1640 unkSize=0
[DEBUG | dusk] fpcSCtRq_phase_CreateProcess: fpcBs_Create OK proc=0xb400007a191aed8c
[DEBUG | dusk] [DIAG] fpcSCtRq_phase_Load: procName=784 ret=4
[DEBUG | dusk] fpcSCtRq_phase_CreateProcess: procName=784
[DEBUG | dusk] fpcBs_Create: pid=663 profname=fpcNm_GRASS_e (784) profile=0x7b61372ae8 procSize=1640 unkSize=0
[DEBUG | dusk] fpcSCtRq_phase_CreateProcess: fpcBs_Create OK proc=0xb400007a191ae704
[DEBUG | dusk] [DIAG] fpcSCtRq_phase_Load: procName=784 ret=4
[DEBUG | dusk] fpcSCtRq_phase_CreateProcess: procName=784
[DEBUG | dusk] fpcBs_Create: pid=664 profname=fpcNm_GRASS_e (784) profile=0x7b61372ae8 procSize=1640 unkSize=0
[DEBUG | dusk] fpcSCtRq_phase_CreateProcess: fpcBs_Create OK proc=0xb400007a191ae07c
[DEBUG | dusk] [DIAG] fpcSCtRq_phase_Load: procName=784 ret=4
[DEBUG | dusk] fpcSCtRq_phase_CreateProcess: procName=784
[DEBUG | dusk] fpcBs_Create: pid=665 profname=fpcNm_GRASS_e (784) profile=0x7b61372ae8 procSize=1640 unkSize=0
[DEBUG | dusk] fpcSCtRq_phase_CreateProcess: fpcBs_Create OK proc=0xb400007a191ad9f4
[DEBUG | dusk] [DIAG] fpcSCtRq_phase_Load: procName=784 ret=4
[DEBUG | dusk] fpcSCtRq_phase_CreateProcess: procName=784
[DEBUG | dusk] fpcBs_Create: pid=666 profname=fpcNm_GRASS_e (784) profile=0x7b61372ae8 procSize=1640 unkSize=0
[DEBUG | dusk] fpcSCtRq_phase_CreateProcess: fpcBs_Create OK proc=0xb400007a191ad36c
[DEBUG | dusk] [DIAG] fpcSCtRq_phase_Load: procName=784 ret=4
[DEBUG | dusk] fpcSCtRq_phase_CreateProcess: procName=784
[DEBUG | dusk] fpcBs_Create: pid=667 profname=fpcNm_GRASS_e (784) profile=0x7b61372ae8 procSize=1640 unkSize=0
[DEBUG | dusk] fpcSCtRq_phase_CreateProcess: fpcBs_Create OK proc=0xb400007a191acce4
[DEBUG | dusk] [DIAG] fpcSCtRq_phase_Load: procName=498 ret=4
[DEBUG | dusk] fpcSCtRq_phase_CreateProcess: procName=498
[DEBUG | dusk] fpcBs_Create: pid=668 profname=fpcNm_E_GE_e (498) profile=0x7b6137b500 procSize=4008 unkSize=0
[DEBUG | dusk] fpcSCtRq_phase_CreateProcess: fpcBs_Create OK proc=0xb400007a191abd1c
[DEBUG | dusk] [DIAG] fpcSCtRq_phase_Load: procName=498 ret=4
[DEBUG | dusk] fpcSCtRq_phase_CreateProcess: procName=498
[DEBUG | dusk] fpcBs_Create: pid=669 profname=fpcNm_E_GE_e (498) profile=0x7b6137b500 procSize=4008 unkSize=0
[DEBUG | dusk] fpcSCtRq_phase_CreateProcess: fpcBs_Create OK proc=0xb400007a191aad54
[DEBUG | dusk] [DIAG] fpcSCtRq_phase_Load: procName=498 ret=4
[DEBUG | dusk] fpcSCtRq_phase_CreateProcess: procName=498
[DEBUG | dusk] fpcBs_Create: pid=670 profname=fpcNm_E_GE_e (498) profile=0x7b6137b500 procSize=4008 unkSize=0
[DEBUG | dusk] fpcSCtRq_phase_CreateProcess: fpcBs_Create OK proc=0xb400007a191a9d8c
[DEBUG | dusk] [DIAG] fpcSCtRq_phase_Load: procName=498 ret=4
[DEBUG | dusk] fpcSCtRq_phase_CreateProcess: procName=498
[DEBUG | dusk] fpcBs_Create: pid=671 profname=fpcNm_E_GE_e (498) profile=0x7b6137b500 procSize=4008 unkSize=0
[DEBUG | dusk] fpcSCtRq_phase_CreateProcess: fpcBs_Create OK proc=0xb400007a191a8dc4
[DEBUG | dusk] [DIAG] fpcSCtRq_phase_Load: procName=498 ret=4
[DEBUG | dusk] fpcSCtRq_phase_CreateProcess: procName=498
[DEBUG | dusk] fpcBs_Create: pid=672 profname=fpcNm_E_GE_e (498) profile=0x7b6137b500 procSize=4008 unkSize=0
[DEBUG | dusk] fpcSCtRq_phase_CreateProcess: fpcBs_Create OK proc=0xb400007a191a7dfc
[DEBUG | dusk] [DIAG] fpcSCtRq_phase_Load: procName=498 ret=4
[DEBUG | dusk] fpcSCtRq_phase_CreateProcess: procName=498
[DEBUG | dusk] fpcBs_Create: pid=673 profname=fpcNm_E_GE_e (498) profile=0x7b6137b500 procSize=4008 unkSize=0
[DEBUG | dusk] fpcSCtRq_phase_CreateProcess: fpcBs_Create OK proc=0xb400007a191a6e34
[DEBUG | dusk] [DIAG] fpcSCtRq_phase_Load: procName=498 ret=4
[DEBUG | dusk] fpcSCtRq_phase_CreateProcess: procName=498
[DEBUG | dusk] fpcBs_Create: pid=674 profname=fpcNm_E_GE_e (498) profile=0x7b6137b500 procSize=4008 unkSize=0
[DEBUG | dusk] fpcSCtRq_phase_CreateProcess: fpcBs_Create OK proc=0xb400007a191a5e6c
[DEBUG | dusk] [DIAG] fpcSCtRq_phase_Load: procName=498 ret=4
[DEBUG | dusk] fpcSCtRq_phase_CreateProcess: procName=498
[DEBUG | dusk] fpcBs_Create: pid=675 profname=fpcNm_E_GE_e (498) profile=0x7b6137b500 procSize=4008 unkSize=0
[DEBUG | dusk] fpcSCtRq_phase_CreateProcess: fpcBs_Create OK proc=0xb400007a191a4ea4
[DEBUG | dusk] [DIAG] fpcSCtRq_phase_Load: procName=499 ret=4
[DEBUG | dusk] fpcSCtRq_phase_CreateProcess: procName=499
[DEBUG | dusk] fpcBs_Create: pid=676 profname=fpcNm_Tag_WatchGe_e (499) profile=0x7b613a8788 procSize=1632 unkSize=0
[DEBUG | dusk] fpcSCtRq_phase_CreateProcess: fpcBs_Create OK proc=0xb400007a191a4824
[DEBUG | dusk] [DIAG] fpcSCtRq_phase_Load: procName=536 ret=4
[DEBUG | dusk] fpcSCtRq_phase_CreateProcess: procName=536
[DEBUG | dusk] fpcBs_Create: pid=677 profname=fpcNm_ITEM_e (536) profile=0x7b61364848 procSize=3272 unkSize=0
[DEBUG | dusk] fpcSCtRq_phase_CreateProcess: fpcBs_Create OK proc=0xb400007a191a3b3c
[DEBUG | dusk] [DIAG] fpcSCtRq_phase_Load: procName=536 ret=4
[DEBUG | dusk] fpcSCtRq_phase_CreateProcess: procName=536
[DEBUG | dusk] fpcBs_Create: pid=678 profname=fpcNm_ITEM_e (536) profile=0x7b61364848 procSize=3272 unkSize=0
[DEBUG | dusk] fpcSCtRq_phase_CreateProcess: fpcBs_Create OK proc=0xb400007a191a2e54
[DEBUG | dusk] [DIAG] fpcSCtRq_phase_Load: procName=536 ret=4
[DEBUG | dusk] fpcSCtRq_phase_CreateProcess: procName=536
[DEBUG | dusk] fpcBs_Create: pid=679 profname=fpcNm_ITEM_e (536) profile=0x7b61364848 procSize=3272 unkSize=0
[DEBUG | dusk] fpcSCtRq_phase_CreateProcess: fpcBs_Create OK proc=0xb400007a191a216c
[DEBUG | dusk] [DIAG] fpcSCtRq_phase_Load: procName=536 ret=4
[DEBUG | dusk] fpcSCtRq_phase_CreateProcess: procName=536
[DEBUG | dusk] fpcBs_Create: pid=680 profname=fpcNm_ITEM_e (536) profile=0x7b61364848 procSize=3272 unkSize=0
[DEBUG | dusk] fpcSCtRq_phase_CreateProcess: fpcBs_Create OK proc=0xb400007a191a1484
[DEBUG | dusk] [DIAG] fpcSCtRq_phase_Load: procName=536 ret=4
[DEBUG | dusk] fpcSCtRq_phase_CreateProcess: procName=536
[DEBUG | dusk] fpcBs_Create: pid=681 profname=fpcNm_ITEM_e (536) profile=0x7b61364848 procSize=3272 unkSize=0
[DEBUG | dusk] fpcSCtRq_phase_CreateProcess: fpcBs_Create OK proc=0xb400007a191a079c
[DEBUG | dusk] [DIAG] fpcSCtRq_phase_Load: procName=536 ret=4
[DEBUG | dusk] fpcSCtRq_phase_CreateProcess: procName=536
[DEBUG | dusk] fpcBs_Create: pid=682 profname=fpcNm_ITEM_e (536) profile=0x7b61364848 procSize=3272 unkSize=0
[DEBUG | dusk] fpcSCtRq_phase_CreateProcess: fpcBs_Create OK proc=0xb400007a1919fab4
[DEBUG | dusk] [DIAG] fpcSCtRq_phase_Load: procName=536 ret=4
[DEBUG | dusk] fpcSCtRq_phase_CreateProcess: procName=536
[DEBUG | dusk] fpcBs_Create: pid=683 profname=fpcNm_ITEM_e (536) profile=0x7b61364848 procSize=3272 unkSize=0
[DEBUG | dusk] fpcSCtRq_phase_CreateProcess: fpcBs_Create OK proc=0xb400007a1919edcc
[DEBUG | dusk] [DIAG] fpcSCtRq_phase_Load: procName=536 ret=4
[DEBUG | dusk] fpcSCtRq_phase_CreateProcess: procName=536
[DEBUG | dusk] fpcBs_Create: pid=684 profname=fpcNm_ITEM_e (536) profile=0x7b61364848 procSize=3272 unkSize=0
[DEBUG | dusk] fpcSCtRq_phase_CreateProcess: fpcBs_Create OK proc=0xb400007a1919e0e4
[DEBUG | dusk] [DIAG] fpcSCtRq_phase_Load: procName=536 ret=4
[DEBUG | dusk] fpcSCtRq_phase_CreateProcess: procName=536
[DEBUG | dusk] fpcBs_Create: pid=685 profname=fpcNm_ITEM_e (536) profile=0x7b61364848 procSize=3272 unkSize=0
[DEBUG | dusk] fpcSCtRq_phase_CreateProcess: fpcBs_Create OK proc=0xb400007a1919d3fc
[DEBUG | dusk] [DIAG] fpcSCtRq_phase_Load: procName=324 ret=4
[DEBUG | dusk] fpcSCtRq_phase_CreateProcess: procName=324
[DEBUG | dusk] fpcBs_Create: pid=686 profname=fpcNm_Obj_Dan_e (324) profile=0x7b613932d0 procSize=3584 unkSize=0
[DEBUG | dusk] fpcSCtRq_phase_CreateProcess: fpcBs_Create OK proc=0xb400007a1919c5dc
[DEBUG | dusk] [DIAG] fpcSCtRq_phase_Load: procName=784 ret=4
[DEBUG | dusk] fpcSCtRq_phase_CreateProcess: procName=784
[DEBUG | dusk] fpcBs_Create: pid=687 profname=fpcNm_GRASS_e (784) profile=0x7b61372ae8 procSize=1640 unkSize=0
[DEBUG | dusk] fpcSCtRq_phase_CreateProcess: fpcBs_Create OK proc=0xb400007a191e78c4
[DEBUG | dusk] [DIAG] fpcSCtRq_phase_Load: procName=784 ret=4
[DEBUG | dusk] fpcSCtRq_phase_CreateProcess: procName=784
[DEBUG | dusk] fpcBs_Create: pid=688 profname=fpcNm_GRASS_e (784) profile=0x7b61372ae8 procSize=1640 unkSize=0
[DEBUG | dusk] fpcSCtRq_phase_CreateProcess: fpcBs_Create OK proc=0xb400007a1919bf54
[DEBUG | dusk] [DIAG] fpcSCtRq_phase_Load: procName=732 ret=4
[DEBUG | dusk] fpcSCtRq_phase_CreateProcess: procName=732
[DEBUG | dusk] fpcBs_Create: pid=689 profname=fpcNm_BG_e (732) profile=0x7b6136e3f8 procSize=1904 unkSize=0
[DEBUG | dusk] fpcSCtRq_phase_CreateProcess: fpcBs_Create OK proc=0xb400007a1919b7c4
[DEBUG | dusk] [DIAG] fpcSCtRq_phase_Load: procName=26 ret=4
[DEBUG | dusk] fpcSCtRq_phase_CreateProcess: procName=26
[DEBUG | dusk] fpcBs_Create: pid=690 profname=fpcNm_NO_CHG_ROOM_e (26) profile=0x7b61361d40 procSize=1728 unkSize=0
[DEBUG | dusk] fpcSCtRq_phase_CreateProcess: fpcBs_Create OK proc=0xb400007a1919b0e4
[DEBUG | dusk] [DIAG] fpcSCtRq_phase_Load: procName=719 ret=4
[DEBUG | dusk] fpcSCtRq_phase_CreateProcess: procName=719
[DEBUG | dusk] fpcBs_Create: pid=691 profname=fpcNm_TAG_CAMERA_e (719) profile=0x7b61370260 procSize=1672 unkSize=0
[DEBUG | dusk] fpcSCtRq_phase_CreateProcess: fpcBs_Create OK proc=0xb400007a1919aa3c
[DEBUG | dusk] [DIAG] fpcSCtRq_phase_Load: procName=99 ret=4
[DEBUG | dusk] fpcSCtRq_phase_CreateProcess: procName=99
[DEBUG | dusk] fpcBs_Create: pid=692 profname=fpcNm_Obj_Cboard_e (99) profile=0x7b61375700 procSize=1752 unkSize=0
[DEBUG | dusk] fpcSCtRq_phase_CreateProcess: fpcBs_Create OK proc=0xb400007a1919a344
[DEBUG | dusk] [DIAG] fpcSCtRq_phase_Load: procName=99 ret=4
[DEBUG | dusk] fpcSCtRq_phase_CreateProcess: procName=99
[DEBUG | dusk] fpcBs_Create: pid=693 profname=fpcNm_Obj_Cboard_e (99) profile=0x7b61375700 procSize=1752 unkSize=0
[DEBUG | dusk] fpcSCtRq_phase_CreateProcess: fpcBs_Create OK proc=0xb400007a19199c4c
[DEBUG | dusk] [DIAG] fpcSCtRq_phase_Load: procName=510 ret=4
[DEBUG | dusk] fpcSCtRq_phase_CreateProcess: procName=510
[DEBUG | dusk] fpcBs_Create: pid=694 profname=fpcNm_E_OC_e (510) profile=0x7b6137c730 procSize=5040 unkSize=0
[DEBUG | dusk] fpcSCtRq_phase_CreateProcess: fpcBs_Create OK proc=0xb400007a1919887c
[DEBUG | dusk] [DIAG] fpcSCtRq_phase_Load: procName=784 ret=4
[DEBUG | dusk] fpcSCtRq_phase_CreateProcess: procName=784
[DEBUG | dusk] fpcBs_Create: pid=695 profname=fpcNm_GRASS_e (784) profile=0x7b61372ae8 procSize=1640 unkSize=0
[DEBUG | dusk] fpcSCtRq_phase_CreateProcess: fpcBs_Create OK proc=0xb400007a191981f4
[DEBUG | dusk] [DIAG] fpcSCtRq_phase_Load: procName=784 ret=4
[DEBUG | dusk] fpcSCtRq_phase_CreateProcess: procName=784
[DEBUG | dusk] fpcBs_Create: pid=696 profname=fpcNm_GRASS_e (784) profile=0x7b61372ae8 procSize=1640 unkSize=0
[DEBUG | dusk] fpcSCtRq_phase_CreateProcess: fpcBs_Create OK proc=0xb400007a19197b6c
[DEBUG | dusk] [DIAG] fpcSCtRq_phase_Load: procName=784 ret=4
[DEBUG | dusk] fpcSCtRq_phase_CreateProcess: procName=784
[DEBUG | dusk] fpcBs_Create: pid=697 profname=fpcNm_GRASS_e (784) profile=0x7b61372ae8 procSize=1640 unkSize=0
[DEBUG | dusk] fpcSCtRq_phase_CreateProcess: fpcBs_Create OK proc=0xb400007a191974e4
[DEBUG | dusk] [DIAG] fpcSCtRq_phase_Load: procName=784 ret=4
[DEBUG | dusk] fpcSCtRq_phase_CreateProcess: procName=784
[DEBUG | dusk] fpcBs_Create: pid=698 profname=fpcNm_GRASS_e (784) profile=0x7b61372ae8 procSize=1640 unkSize=0
[DEBUG | dusk] fpcSCtRq_phase_CreateProcess: fpcBs_Create OK proc=0xb400007a19196e5c
[DEBUG | dusk] [DIAG] fpcSCtRq_phase_Load: procName=732 ret=4
[DEBUG | dusk] fpcSCtRq_phase_CreateProcess: procName=732
[DEBUG | dusk] fpcBs_Create: pid=699 profname=fpcNm_BG_e (732) profile=0x7b6136e3f8 procSize=1904 unkSize=0
[DEBUG | dusk] fpcSCtRq_phase_CreateProcess: fpcBs_Create OK proc=0xb400007a191966cc
[DEBUG | dusk] [DIAG] fpcSCtRq_phase_Load: procName=26 ret=4
[DEBUG | dusk] fpcSCtRq_phase_CreateProcess: procName=26
[DEBUG | dusk] fpcBs_Create: pid=700 profname=fpcNm_NO_CHG_ROOM_e (26) profile=0x7b61361d40 procSize=1728 unkSize=0
[DEBUG | dusk] fpcSCtRq_phase_CreateProcess: fpcBs_Create OK proc=0xb400007a19195fec
[DEBUG | dusk] [DIAG] fpcSCtRq_phase_Load: procName=719 ret=4
[DEBUG | dusk] fpcSCtRq_phase_CreateProcess: procName=719
[DEBUG | dusk] fpcBs_Create: pid=701 profname=fpcNm_TAG_CAMERA_e (719) profile=0x7b61370260 procSize=1672 unkSize=0
[DEBUG | dusk] fpcSCtRq_phase_CreateProcess: fpcBs_Create OK proc=0xb400007a19195944
[DEBUG | dusk] [DIAG] fpcSCtRq_phase_Load: procName=99 ret=4
[DEBUG | dusk] fpcSCtRq_phase_CreateProcess: procName=99
[DEBUG | dusk] fpcBs_Create: pid=702 profname=fpcNm_Obj_Cboard_e (99) profile=0x7b61375700 procSize=1752 unkSize=0
[DEBUG | dusk] fpcSCtRq_phase_CreateProcess: fpcBs_Create OK proc=0xb400007a1919524c
[DEBUG | dusk] [DIAG] fpcSCtRq_phase_Load: procName=99 ret=4
[DEBUG | dusk] fpcSCtRq_phase_CreateProcess: procName=99
[DEBUG | dusk] fpcBs_Create: pid=703 profname=fpcNm_Obj_Cboard_e (99) profile=0x7b61375700 procSize=1752 unkSize=0
[DEBUG | dusk] fpcSCtRq_phase_CreateProcess: fpcBs_Create OK proc=0xb400007a19194b54
[DEBUG | dusk] [DIAG] fpcSCtRq_phase_Load: procName=733 ret=4
[DEBUG | dusk] fpcSCtRq_phase_CreateProcess: procName=733
[DEBUG | dusk] fpcBs_Create: pid=704 profname=fpcNm_SET_BG_OBJ_e (733) profile=0x7b6136ff08 procSize=1664 unkSize=0
[DEBUG | dusk] fpcSCtRq_phase_CreateProcess: fpcBs_Create OK proc=0xb400007a191944b4
[DEBUG | dusk] [DIAG] fpcSCtRq_phase_Load: procName=733 ret=4
[DEBUG | dusk] fpcSCtRq_phase_CreateProcess: procName=733
[DEBUG | dusk] fpcBs_Create: pid=705 profname=fpcNm_SET_BG_OBJ_e (733) profile=0x7b6136ff08 procSize=1664 unkSize=0
[DEBUG | dusk] fpcSCtRq_phase_CreateProcess: fpcBs_Create OK proc=0xb400007a19193e14
[DEBUG | dusk] [DIAG] fpcSCtRq_phase_Load: procName=788 ret=4
[DEBUG | dusk] fpcSCtRq_phase_CreateProcess: procName=788
[DEBUG | dusk] fpcBs_Create: pid=706 profname=fpcNm_MENUWINDOW_e (788) profile=0x7b61367e20 procSize=592 unkSize=0
[DEBUG | dusk] fpcSCtRq_phase_CreateProcess: fpcBs_Create OK proc=0xb400007a191e7654
[DEBUG | dusk] [DIAG] fpcSCtRq_phase_Load: procName=787 ret=4
[DEBUG | dusk] fpcSCtRq_phase_CreateProcess: procName=787
[DEBUG | dusk] fpcBs_Create: pid=707 profname=fpcNm_MSG_OBJECT_e (787) profile=0x7b61368a98 procSize=1512 unkSize=0
[DEBUG | dusk] fpcSCtRq_phase_CreateProcess: fpcBs_Create OK proc=0xb400007a1919380c
[DEBUG | dusk] Loading Resource: al_kantera.bmd (Size: 21024)
[DEBUG | dusk] Loading Resource: ef_ktglow.bmd (Size: 3040)
[DEBUG | dusk] Loading Resource: al.bmd (Size: 176288)
[DEBUG | dusk] Loading Resource: al_bootsh.bmd (Size: 22048)
[DEBUG | dusk] Loading Resource: al_face.bmd (Size: 72576)
[DEBUG | dusk] Loading Resource: al_hands.bmd (Size: 61056)
[DEBUG | dusk] Loading Resource: al_head.bmd (Size: 33851)
[DEBUG | dusk] Loading Resource: al_swb.bmd (Size: 23552)
[DEBUG | dusk] Loading Resource: ef_ktglow.btk (Size: 512)
[DEBUG | dusk] Loading Resource: m_ridergate.bmd (Size: 24544)
[DEBUG | dusk] Loading Resource: m_ridergate_hook.bmd (Size: 3648)
[DEBUG | dusk] Loading Resource: m_ridergate_key.bmd (Size: 3232)
[DEBUG | dusk] Loading Resource: m_ridergate.dzb (Size: 672)
[DEBUG | dusk] Loading Resource: event_list.dat (Size: 2020)
[DEBUG | dusk] Loading Resource: h_kakarikokanban.bmd (Size: 22272)
[DEBUG | dusk] Loading Resource: h_kakarikokanban.dzb (Size: 1664)
[DEBUG | dusk] Loading Resource: event_list.dat (Size: 10884)
[DEBUG | dusk] Loading Resource: cs_f_b_fall.bck (Size: 448)
[DEBUG | dusk] Loading Resource: cs_f_b_swing_reaction.bck (Size: 416)
[DEBUG | dusk] Loading Resource: cs_f_b_walk.bck (Size: 544)
[DEBUG | dusk] Loading Resource: cs_f_b.bmd (Size: 66176)
[DEBUG | dusk] Loading Resource: cs_f_cover.bmd (Size: 30112)
[DEBUG | dusk] Loading Resource: cs_f_b_start.brk (Size: 352)
[DEBUG | dusk] Loading Resource: cs_f_b_stop.brk (Size: 320)
[DEBUG | dusk] Loading Resource: cs_f_cover_vanish.brk (Size: 544)
[DEBUG | dusk] Loading Resource: cs_f_b_start.btk (Size: 512)
[DEBUG | dusk] Loading Resource: cs_f_cover_vanish.btk (Size: 896)
[DEBUG | dusk] Loading Resource: cs_f_b.dzb (Size: 544)
[DEBUG | dusk] Loading Resource: model0.bmd (Size: 12864)
[DEBUG | dusk] Loading Resource: model1.bmd (Size: 10656)
[DEBUG | dusk] Loading Resource: model0.dzb (Size: 832)
[DEBUG | dusk] Loading Resource: spec.dat (Size: 148)
[DEBUG | dusk] Loading Resource: event_list.dat (Size: 4400)
[DEBUG | dusk] Loading Resource: k_takaraa.bck (Size: 448)
[DEBUG | dusk] Loading Resource: k_takarab.bck (Size: 448)
[DEBUG | dusk] Loading Resource: k_takarab_slow.bck (Size: 448)
[DEBUG | dusk] Loading Resource: boxa.bmd (Size: 22912)
[DEBUG | dusk] Loading Resource: boxb.bmd (Size: 27232)
[DEBUG | dusk] Loading Resource: ef_boxb.bmd (Size: 13504)
[DEBUG | dusk] Loading Resource: k_tboxn.bmd (Size: 2048)
[DEBUG | dusk] Loading Resource: boxa.brk (Size: 416)
[DEBUG | dusk] Loading Resource: ef_boxb.brk (Size: 256)
[DEBUG | dusk] Loading Resource: boxa.btk (Size: 416)
[DEBUG | dusk] Loading Resource: boxac.dzb (Size: 640)
[DEBUG | dusk] Loading Resource: boxao.dzb (Size: 928)
[DEBUG | dusk] Loading Resource: boxbc.dzb (Size: 640)
[DEBUG | dusk] Loading Resource: boxbo.dzb (Size: 928)
[DEBUG | dusk] Loading Resource: clearb00.dzb (Size: 352)
[DEBUG | dusk] Loading Resource: clearb01.dzb (Size: 352)
[DEBUG | dusk] Loading Resource: clearb02.dzb (Size: 352)
[DEBUG | dusk] Loading Resource: clearb03.dzb (Size: 352)
[DEBUG | dusk] Loading Resource: clearb04.dzb (Size: 352)
[DEBUG | dusk] Loading Resource: dan_wait_a.bck (Size: 576)
[DEBUG | dusk] Loading Resource: dan_wait_b.bck (Size: 1536)
[DEBUG | dusk] Loading Resource: dan_walk.bck (Size: 1120)
[DEBUG | dusk] Loading Resource: dan.bmd (Size: 9024)
[DEBUG | dusk] Loading Resource: dan_m.brk (Size: 320)
[DEBUG | dusk] Loading Resource: dan_o.brk (Size: 320)
[DEBUG | dusk] Loading Resource: dan_m.btk (Size: 352)
[DEBUG | dusk] Loading Resource: dan_o.btk (Size: 352)
[DEBUG | dusk] Loading Resource: al_umakusa.bmd (Size: 5984)
[DEBUG | dusk] Loading Resource: j_umakusa.bmd (Size: 13152)
[DEBUG | dusk] Loading Resource: j_umakusa_c.bmd (Size: 9536)
[DEBUG | dusk] Loading Resource: kr_attack.bck (Size: 8384)
[DEBUG | dusk] Loading Resource: kr_chance.bck (Size: 4672)
[DEBUG | dusk] Loading Resource: kr_damage.bck (Size: 2304)
[DEBUG | dusk] Loading Resource: kr_find.bck (Size: 3744)
[DEBUG | dusk] Loading Resource: kr_fly.bck (Size: 7552)
[DEBUG | dusk] Loading Resource: kr_fly_attack.bck (Size: 8928)
[DEBUG | dusk] Loading Resource: kr_fly_attack_glide.bck (Size: 6016)
[DEBUG | dusk] Loading Resource: kr_fly_brake.bck (Size: 5120)
[DEBUG | dusk] Loading Resource: kr_fly_carry.bck (Size: 4864)
[DEBUG | dusk] Loading Resource: kr_fly_glide.bck (Size: 6400)
[DEBUG | dusk] Loading Resource: kr_fly_glide_carry.bck (Size: 4512)
[DEBUG | dusk] Loading Resource: kr_fly_land.bck (Size: 6112)
[DEBUG | dusk] Loading Resource: kr_guard.bck (Size: 6528)
[DEBUG | dusk] Loading Resource: kr_hovering.bck (Size: 6208)
[DEBUG | dusk] Loading Resource: kr_hovering_carry.bck (Size: 5440)
[DEBUG | dusk] Loading Resource: kr_land.bck (Size: 8608)
[DEBUG | dusk] Loading Resource: kr_lookaround.bck (Size: 4160)
[DEBUG | dusk] Loading Resource: kr_wait.bck (Size: 3232)
[DEBUG | dusk] Loading Resource: kr.bmd (Size: 37440)
[DEBUG | dusk] Loading Resource: cr_chance.bck (Size: 2048)
[DEBUG | dusk] Loading Resource: cr_chance_wait.bck (Size: 2528)
[DEBUG | dusk] Loading Resource: cr_damage.bck (Size: 1504)
[DEBUG | dusk] Loading Resource: cr_die1.bck (Size: 864)
[DEBUG | dusk] Loading Resource: cr_die2.bck (Size: 864)
[DEBUG | dusk] Loading Resource: cr_run.bck (Size: 1920)
[DEBUG | dusk] Loading Resource: ce.bmd (Size: 3264)
[DEBUG | dusk] Loading Resource: cr.bmd (Size: 24704)
[DEBUG | dusk] Loading Resource: oc.bmd (Size: 39520)
[DEBUG | dusk] Loading Resource: oc_wepon.bmd (Size: 3648)
[DEBUG | dusk] Loading Resource: post_f_happy.bck (Size: 4384)
[DEBUG | dusk] Loading Resource: post_f_talk_a.bck (Size: 3616)
[DEBUG | dusk] Loading Resource: post_fh_happy.bck (Size: 1952)
[DEBUG | dusk] Loading Resource: post_flag_step.bck (Size: 384)
[DEBUG | dusk] Loading Resource: post_flag_wait_a.bck (Size: 448)
[DEBUG | dusk] Loading Resource: post_step.bck (Size: 3680)
[DEBUG | dusk] Loading Resource: post_wait_a.bck (Size: 3488)
[DEBUG | dusk] Loading Resource: post.bmd (Size: 126528)
[DEBUG | dusk] Loading Resource: post_flag.bmd (Size: 12544)
[DEBUG | dusk] Loading Resource: post_letter.bmd (Size: 10464)
[DEBUG | dusk] Loading Resource: post.btk (Size: 256)
[DEBUG | dusk] Loading Resource: post.btp (Size: 128)
[DEBUG | dusk] Loading Resource: post_f_happy.btp (Size: 288)
[DEBUG | dusk] Loading Resource: post_f_talk_a.btp (Size: 288)
[DEBUG | dusk] Loading Resource: post_fh_happy.btp (Size: 96)
[DEBUG | dusk] Loading Resource: post_bye.bck (Size: 4544)
[DEBUG | dusk] Loading Resource: post_bye_wait.bck (Size: 3232)
[DEBUG | dusk] Loading Resource: post_explain.bck (Size: 8032)
[DEBUG | dusk] Loading Resource: post_f_bye.bck (Size: 3904)
[DEBUG | dusk] Loading Resource: post_f_explain.bck (Size: 3648)
[DEBUG | dusk] Loading Resource: post_f_hand.bck (Size: 3360)
[DEBUG | dusk] Loading Resource: post_f_hello.bck (Size: 3264)
[DEBUG | dusk] Loading Resource: post_f_regret.bck (Size: 3264)
[DEBUG | dusk] Loading Resource: post_fh_regret.bck (Size: 1952)
[DEBUG | dusk] Loading Resource: post_flag_explain.bck (Size: 672)
[DEBUG | dusk] Loading Resource: post_flag_hand.bck (Size: 576)
[DEBUG | dusk] Loading Resource: post_flag_hand_wait.bck (Size: 448)
[DEBUG | dusk] Loading Resource: post_flag_hello.bck (Size: 384)
[DEBUG | dusk] Loading Resource: post_flag_regret.bck (Size: 608)
[DEBUG | dusk] Loading Resource: post_flag_run.bck (Size: 768)
[DEBUG | dusk] Loading Resource: post_hand.bck (Size: 6912)
[DEBUG | dusk] Loading Resource: post_hand_wait.bck (Size: 3168)
[DEBUG | dusk] Loading Resource: post_hello.bck (Size: 5760)
[DEBUG | dusk] Loading Resource: post_regret.bck (Size: 7456)
[DEBUG | dusk] Loading Resource: post_run.bck (Size: 8512)
[DEBUG | dusk] Loading Resource: post_hand.btk (Size: 448)
[DEBUG | dusk] Loading Resource: post_run.btk (Size: 256)
[DEBUG | dusk] Loading Resource: post_f_bye.btp (Size: 288)
[DEBUG | dusk] Loading Resource: post_f_explain.btp (Size: 288)
[DEBUG | dusk] Loading Resource: post_f_hand.btp (Size: 288)
[DEBUG | dusk] Loading Resource: post_f_hello.btp (Size: 288)
[DEBUG | dusk] Loading Resource: post_f_regret.btp (Size: 288)
[DEBUG | dusk] Loading Resource: post_fh_regret.btp (Size: 96)
[DEBUG | dusk] Loading Resource: post_run.btp (Size: 192)
[DEBUG | dusk] Loading Resource: event_list.dat (Size: 17784)
[DEBUG | dusk] Loading Resource: oc2.bmd (Size: 39520)
[DEBUG | dusk] Loading Resource: oc2_wepon.bmd (Size: 7456)
[DEBUG | dusk] Loading Resource: oc_angry_a.bck (Size: 10368)
[DEBUG | dusk] Loading Resource: oc_angry_b.bck (Size: 10720)
[DEBUG | dusk] Loading Resource: oc_attack_b.bck (Size: 9536)
[DEBUG | dusk] Loading Resource: oc_attack_c.bck (Size: 8416)
[DEBUG | dusk] Loading Resource: oc_cry.bck (Size: 5312)
[DEBUG | dusk] Loading Resource: oc_damage.bck (Size: 5728)
[DEBUG | dusk] Loading Resource: oc_damage_l.bck (Size: 6368)
[DEBUG | dusk] Loading Resource: oc_damage_r.bck (Size: 6912)
[DEBUG | dusk] Loading Resource: oc_dash.bck (Size: 5920)
[DEBUG | dusk] Loading Resource: oc_drowned.bck (Size: 13184)
[DEBUG | dusk] Loading Resource: oc_find.bck (Size: 2912)
[DEBUG | dusk] Loading Resource: oc_finish.bck (Size: 6080)
[DEBUG | dusk] Loading Resource: oc_gale.bck (Size: 11040)
[DEBUG | dusk] Loading Resource: oc_jump_a.bck (Size: 5952)
[DEBUG | dusk] Loading Resource: oc_jump_b.bck (Size: 3392)
[DEBUG | dusk] Loading Resource: oc_jump_c.bck (Size: 7680)
[DEBUG | dusk] Loading Resource: oc_leap_a.bck (Size: 3808)
[DEBUG | dusk] Loading Resource: oc_leap_b.bck (Size: 6944)
[DEBUG | dusk] Loading Resource: oc_leap_spin.bck (Size: 1984)
[DEBUG | dusk] Loading Resource: oc_serch.bck (Size: 4576)
[DEBUG | dusk] Loading Resource: oc_stand.bck (Size: 7712)
[DEBUG | dusk] Loading Resource: oc_stand_wait.bck (Size: 4352)
[DEBUG | dusk] Loading Resource: oc_talk.bck (Size: 3776)
[DEBUG | dusk] Loading Resource: oc_talk_b.bck (Size: 4416)
[DEBUG | dusk] Loading Resource: oc_wait.bck (Size: 3840)
[DEBUG | dusk] Loading Resource: oc_wait_st.bck (Size: 4960)
[DEBUG | dusk] Loading Resource: oc_walk.bck (Size: 4800)
[DEBUG | dusk] Loading Resource: oc_walk_st.bck (Size: 5920)
[DEBUG | dusk] Loading Resource: ge_caw.bck (Size: 2176)
[DEBUG | dusk] Loading Resource: ge_caw_tree.bck (Size: 1344)
[DEBUG | dusk] Loading Resource: ge_descent.bck (Size: 1632)
[DEBUG | dusk] Loading Resource: ge_fly.bck (Size: 1600)
[DEBUG | dusk] Loading Resource: ge_fly_away.bck (Size: 1760)
[DEBUG | dusk] Loading Resource: ge_fura2.bck (Size: 1856)
[DEBUG | dusk] Loading Resource: ge_glide.bck (Size: 1344)
[DEBUG | dusk] Loading Resource: ge_landing.bck (Size: 1952)
[DEBUG | dusk] Loading Resource: ge_stay.bck (Size: 1184)
[DEBUG | dusk] Loading Resource: ge_model.bmd (Size: 20320)
[DEBUG | dusk] [DIAG] fpcSCtRq_phase_Load: procName=734 ret=4
[DEBUG | dusk] fpcSCtRq_phase_CreateProcess: procName=734
[DEBUG | dusk] fpcBs_Create: pid=708 profname=fpcNm_BG_OBJ_e (734) profile=0x7b6136e4d8 procSize=4344 unkSize=0
[DEBUG | dusk] fpcSCtRq_phase_CreateProcess: fpcBs_Create OK proc=0xb400007a191926f4
[DEBUG | dusk] fpcBs_Create: pid=714 profname=fpcNm_Tag_Attp_e (346) profile=0x7b61371d00 procSize=1632 unkSize=0
[DEBUG | dusk] [DIAG] fpcSCtRq_phase_Load: procName=734 ret=4
[DEBUG | dusk] fpcSCtRq_phase_CreateProcess: procName=734
[DEBUG | dusk] fpcBs_Create: pid=709 profname=fpcNm_BG_OBJ_e (734) profile=0x7b6136e4d8 procSize=4344 unkSize=0
[DEBUG | dusk] fpcSCtRq_phase_CreateProcess: fpcBs_Create OK proc=0xb400007a191915dc
[DEBUG | dusk] fpcBs_Create: pid=716 profname=fpcNm_Tag_Attp_e (346) profile=0x7b61371d00 procSize=1632 unkSize=0
[DEBUG | dusk] [DIAG] fpcSCtRq_phase_Load: procName=734 ret=4
[DEBUG | dusk] fpcSCtRq_phase_CreateProcess: procName=734
[DEBUG | dusk] fpcBs_Create: pid=710 profname=fpcNm_BG_OBJ_e (734) profile=0x7b6136e4d8 procSize=4344 unkSize=0
[DEBUG | dusk] fpcSCtRq_phase_CreateProcess: fpcBs_Create OK proc=0xb400007a191904c4
[DEBUG | dusk] fpcBs_Create: pid=718 profname=fpcNm_Tag_Attp_e (346) profile=0x7b61371d00 procSize=1632 unkSize=0
[DEBUG | dusk] [DIAG] fpcSCtRq_phase_Load: procName=734 ret=4
[DEBUG | dusk] fpcSCtRq_phase_CreateProcess: procName=734
[DEBUG | dusk] fpcBs_Create: pid=711 profname=fpcNm_BG_OBJ_e (734) profile=0x7b6136e4d8 procSize=4344 unkSize=0
[DEBUG | dusk] fpcSCtRq_phase_CreateProcess: fpcBs_Create OK proc=0xb400007a1918f3ac
[DEBUG | dusk] fpcBs_Create: pid=720 profname=fpcNm_Tag_Attp_e (346) profile=0x7b61371d00 procSize=1632 unkSize=0
[DEBUG | dusk] [DIAG] fpcSCtRq_phase_Load: procName=734 ret=4
[DEBUG | dusk] fpcSCtRq_phase_CreateProcess: procName=734
[DEBUG | dusk] fpcBs_Create: pid=712 profname=fpcNm_BG_OBJ_e (734) profile=0x7b6136e4d8 procSize=4344 unkSize=0
[DEBUG | dusk] fpcSCtRq_phase_CreateProcess: fpcBs_Create OK proc=0xb400007a1918e294
[DEBUG | dusk] fpcBs_Create: pid=722 profname=fpcNm_Tag_Attp_e (346) profile=0x7b61371d00 procSize=1632 unkSize=0
[INFO | dev.baxlek.zelda_on_epona] cutscene diagnostics: event='NO DATA' demoArc='' cutName='' demoStaffId=-1 room=3 layer=0 horseDemoMode=false titleScreen=false storyHoZeldaActive=false inScriptedCutscene=false alwaysHiddenCutscene=false showInCutscenesToggle=true hideSpawnedZelda=false hasSpawnedZelda=true
[DEBUG | dusk] Loading Resource: ni_kakarikobridge.bck (Size: 640)
[DEBUG | dusk] Loading Resource: ef_portal.bmd (Size: 60192)
[DEBUG | dusk] Loading Resource: ni_kakarikobridge.bmd (Size: 70528)
[DEBUG | dusk] Loading Resource: ef_portal_blue_app.brk (Size: 896)
[DEBUG | dusk] Loading Resource: ef_portal_blue_disapp.brk (Size: 896)
[DEBUG | dusk] Loading Resource: ef_portal.btk (Size: 1792)
[DEBUG | dusk] Loading Resource: ni_kakarikobridge.btk (Size: 352)
[DEBUG | dusk] Loading Resource: ni_kakarikobridge.dzb (Size: 11808)
[DEBUG | dusk] Loading Resource: cs_f_spell.bmd (Size: 9792)
[DEBUG | dusk] Loading Resource: cs_f_spell_word_on_off.brk (Size: 224)
[DEBUG | dusk] Loading Resource: cs_f_spell_word.btk (Size: 544)
[DEBUG | dusk] Loading Resource: event_list.dat (Size: 4400)
[DEBUG | dusk] [DIAG] fpcSCtRq_phase_Load: procName=548 ret=4
[DEBUG | dusk] fpcSCtRq_phase_CreateProcess: procName=548
[DEBUG | dusk] fpcBs_Create: pid=723 profname=fpcNm_HOZELDA_e (548) profile=0x7b6137ee40 procSize=2368 unkSize=0
[DEBUG | dusk] fpcSCtRq_phase_CreateProcess: fpcBs_Create OK proc=0xb400007a191fea54
[DEBUG | dusk] Loading Resource: al_shb.bmd (Size: 15040)
[DEBUG | dusk] Loading Resource: zelh_aldieh.bck (Size: 6240)
[DEBUG | dusk] Loading Resource: zelh_arelordh.bck (Size: 9280)
[DEBUG | dusk] Loading Resource: zelh_ashooth.bck (Size: 5216)
[DEBUG | dusk] Loading Resource: zelh_atbh.bck (Size: 4064)
[DEBUG | dusk] Loading Resource: zelh_barelordh.bck (Size: 1216)
[DEBUG | dusk] Loading Resource: zelh_bashooth.bck (Size: 1952)
[DEBUG | dusk] Loading Resource: zelh_damh.bck (Size: 4864)
[DEBUG | dusk] Loading Resource: zelh_dashh.bck (Size: 6976)
[DEBUG | dusk] Loading Resource: zelh_dstarth.bck (Size: 7584)
[DEBUG | dusk] Loading Resource: zelh_egnd_wh.bck (Size: 6048)
[DEBUG | dusk] Loading Resource: zelh_egnd_whb.bck (Size: 5344)
[DEBUG | dusk] Loading Resource: zelh_jumph.bck (Size: 5600)
[DEBUG | dusk] Loading Resource: zelh_jumphed.bck (Size: 5568)
[DEBUG | dusk] Loading Resource: zelh_jumphst.bck (Size: 4896)
[DEBUG | dusk] Loading Resource: zelh_numbh.bck (Size: 4704)
[DEBUG | dusk] Loading Resource: zelh_standh.bck (Size: 10624)
[DEBUG | dusk] Loading Resource: zelh_standhwc.bck (Size: 14176)
[DEBUG | dusk] Loading Resource: zelh_stoph.bck (Size: 8064)
[DEBUG | dusk] Loading Resource: zelh_stoptostandh.bck (Size: 11648)
[DEBUG | dusk] Loading Resource: zelh_waitbh.bck (Size: 6656)
[DEBUG | dusk] Loading Resource: zelh_waitch.bck (Size: 5184)
[DEBUG | dusk] Loading Resource: zelh_waith.bck (Size: 5216)
[DEBUG | dusk] Loading Resource: o_zg_arow.bmd (Size: 9312)
[DEBUG | dusk] Loading Resource: o_zg_bow.bmd (Size: 17120)
[DEBUG | dusk] Loading Resource: zelh.bmd (Size: 240768)
[DEBUG | dusk] Loading Resource: zelh_fa.btk (Size: 352)
[DEBUG | dusk] Loading Resource: zelh_faldieh.btk (Size: 992)
[DEBUG | dusk] Loading Resource: zelh_fegnd_wh.btk (Size: 352)
[DEBUG | dusk] Loading Resource: zelh_fa.btp (Size: 128)
[DEBUG | dusk] Loading Resource: zelh_faldieh.btp (Size: 864)
[DEBUG | dusk] Loading Resource: zelh_fb.btp (Size: 128)
[DEBUG | dusk] Loading Resource: zelh_fc.btp (Size: 128)
[DEBUG | dusk] Loading Resource: zelh_fmaba01.btp (Size: 160)
[INFO | dev.baxlek.zelda_on_epona] cutscene diagnostics: event='NO DATA' demoArc='' cutName='' demoStaffId=-1 room=3 layer=0 horseDemoMode=true titleScreen=false storyHoZeldaActive=false inScriptedCutscene=true alwaysHiddenCutscene=false showInCutscenesToggle=true hideSpawnedZelda=false hasSpawnedZelda=true
[DEBUG | dusk] [DIAG] fpcSCtRq_phase_Load: procName=255 ret=4
[DEBUG | dusk] fpcSCtRq_phase_CreateProcess: procName=255
[DEBUG | dusk] fpcBs_Create: pid=724 profname=fpcNm_MIDNA_e (255) profile=0x7b61371698 procSize=3360 unkSize=0
[DEBUG | dusk] fpcSCtRq_phase_CreateProcess: fpcBs_Create OK proc=0xb400007a191e5d30
[DEBUG | dusk] Loading Resource: s_md_hands.bmd (Size: 19776)
[DEBUG | dusk] Loading Resource: s_md_mask.bmd (Size: 15424)
[DEBUG | dusk] Loading Resource: s_md_gokou.bmd (Size: 3008)
[DEBUG | dusk] Loading Resource: s_md.bmd (Size: 69984)
[DEBUG | dusk] Loading Resource: s_md_hair_hand.bmd (Size: 18944)
[DEBUG | dusk] Loading Resource: s_md_appear.brk (Size: 352)
[DEBUG | dusk] Loading Resource: s_md_gokou_appear.brk (Size: 256)
[DEBUG | dusk] Loading Resource: s_md_hair_hand_appear.brk (Size: 288)
[DEBUG | dusk] Loading Resource: s_md_mask_appear.brk (Size: 256)
[DEBUG | dusk] Loading Resource: s_md_hair_hand_moya.btk (Size: 544)
[DEBUG | dusk] Loading Resource: s_md_hands_moya.btk (Size: 608)
[DEBUG | dusk] Loading Resource: s_md_mask_moya.btk (Size: 320)
[DEBUG | dusk] Loading Resource: s_md_moya.btk (Size: 512)
[DEBUG | dusk] frameInterp: onTypeChange 41 -> 40 (event_type_id=40, leaving_event=false, entering_event=true)
[DEBUG | dusk] frameInterp: presentation sync not requested for ZEV event [CURRENT] (staff idx 25)
[INFO | dev.baxlek.zelda_on_epona] cutscene diagnostics: event='DEFAULT_START' demoArc='' cutName='' demoStaffId=-1 room=3 layer=0 horseDemoMode=true titleScreen=false storyHoZeldaActive=false inScriptedCutscene=true alwaysHiddenCutscene=false showInCutscenesToggle=true hideSpawnedZelda=false hasSpawnedZelda=true
[INFO | dev.baxlek.zelda_on_epona] cutscene diagnostics: event='NOT RUNNING' demoArc='' cutName='' demoStaffId=-1 room=3 layer=0 horseDemoMode=true titleScreen=false storyHoZeldaActive=false inScriptedCutscene=true alwaysHiddenCutscene=false showInCutscenesToggle=true hideSpawnedZelda=false hasSpawnedZelda=true
[INFO | dev.baxlek.zelda_on_epona] cutscene diagnostics: event='NO DATA' demoArc='' cutName='' demoStaffId=-1 room=3 layer=0 horseDemoMode=false titleScreen=false storyHoZeldaActive=false inScriptedCutscene=false alwaysHiddenCutscene=false showInCutscenesToggle=true hideSpawnedZelda=false hasSpawnedZelda=true
[DEBUG | dusk] frameInterp: onTypeChange 40 -> 87 (event_type_id=40, leaving_event=true, entering_event=false)
[DEBUG | dusk] frameInterp: onTypeChange 87 -> 41 (event_type_id=40, leaving_event=false, entering_event=false)
[DEBUG | dusk] fapGm_Execute frame=4200
[DEBUG | dusk] [DIAG] fpcSCtRq_phase_Load: procName=2 ret=4
[DEBUG | dusk] fpcSCtRq_phase_CreateProcess: procName=2
[DEBUG | dusk] fpcBs_Create: pid=725 profname=fpcNm_OVERLAP3_e (2) profile=0x7b6136ad98 procSize=464 unkSize=0
[DEBUG | dusk] fpcSCtRq_phase_CreateProcess: fpcBs_Create OK proc=0xb400007a19200f0c
[INFO | dev.baxlek.zelda_on_epona] cutscene diagnostics: event='NO DATA' demoArc='' cutName='' demoStaffId=-1 room=3 layer=0 horseDemoMode=true titleScreen=false storyHoZeldaActive=false inScriptedCutscene=true alwaysHiddenCutscene=false showInCutscenesToggle=true hideSpawnedZelda=false hasSpawnedZelda=true
[DEBUG | dusk] fpcNdRq_phase_Create: name=11 layer=0x7b6159e418
[DEBUG | dusk] fpcNdRq_phase_Create: creating_id=726 (error=4294967295)
[WARNING | dusk::mods::actor] Attempted to delete actor with ID (723) but it doesn't exist!
[DEBUG | dusk] [DIAG] fpcSCtRq_phase_Load: procName=11 ret=4
[DEBUG | dusk] fpcSCtRq_phase_CreateProcess: procName=11
[DEBUG | dusk] fpcBs_Create: pid=726 profname=fpcNm_PLAY_SCENE_e (11) profile=0x7b6136b268 procSize=912 unkSize=0
[DEBUG | dusk] fpcSCtRq_phase_CreateProcess: fpcBs_Create OK proc=0xb400007a19201bd0
[DEBUG | dusk] Loading Resource: vrbox_kasumim.bmd (Size: 2272)
[DEBUG | dusk] Loading Resource: vrbox_kumo.bmd (Size: 69664)
[DEBUG | dusk] Loading Resource: vrbox_sora.bmd (Size: 6624)
[DEBUG | dusk] Loading Resource: vrbox_sun.bmd (Size: 12032)
[DEBUG | dusk] Loading Resource: door-knob_00.bmd (Size: 10400)
[DEBUG | dusk] Loading Resource: door-knob_01.bmd (Size: 7904)
[DEBUG | dusk] Loading Resource: door-knob_02.bmd (Size: 9408)
[DEBUG | dusk] Loading Resource: vrbox_sun.btk (Size: 320)
[DEBUG | dusk] Loading Resource: colordata_tbl.dat (Size: 800)
[DEBUG | dusk] Loading Resource: pol_arg.dat (Size: 128)
[DEBUG | dusk] Loading Resource: pol_effcol.dat (Size: 128)
[DEBUG | dusk] Loading Resource: pol_effcol2.dat (Size: 128)
[DEBUG | dusk] Loading Resource: pol_efftbl.dat (Size: 128)
[DEBUG | dusk] Loading Resource: pol_efftbl2.dat (Size: 128)
[DEBUG | dusk] Loading Resource: pol_sound.dat (Size: 128)
[DEBUG | dusk] Loading Resource: stage.dzs (Size: 5088)
[DEBUG | dusk] Loading Resource: cloudtx_01.bti (Size: 4128)
[DEBUG | dusk] Loading Resource: cloudtx_02.bti (Size: 4128)
[DEBUG | dusk] Loading Resource: cloudtx_03.bti (Size: 4128)
[DEBUG | dusk] Loading Resource: f_moon.bti (Size: 8224)
[DEBUG | dusk] Loading Resource: f_moon_a.bti (Size: 2080)
[DEBUG | dusk] Loading Resource: f_moon_a_a00.bti (Size: 64)
[DEBUG | dusk] Loading Resource: f_moon_a_a01.bti (Size: 544)
[DEBUG | dusk] Loading Resource: f_moon_a_a02.bti (Size: 544)
[DEBUG | dusk] Loading Resource: f_moon_a_a03.bti (Size: 544)
[DEBUG | dusk] Loading Resource: event_list.dat (Size: 106476)
[DEBUG | dusk] Loading Resource: camstyle.dat (Size: 43328)
[DEBUG | dusk] Loading Resource: camtype.dat (Size: 14560)
[DEBUG | dusk] fpcBs_Create: pid=731 profname=fpcNm_SUSPEND_e (783) profile=0x7b61371c48 procSize=1632 unkSize=0
[DEBUG | dusk] fopScnM_CreateReq: procName=18 fade=32767
[DEBUG | dusk] fopScnM_CreateReq: result=18 (error=4294967295)
[DEBUG | dusk] fpcBs_Create: pid=735 profname=fpcNm_KANKYO_e (19) profile=0x7b61365e60 procSize=440 unkSize=0
[DEBUG | dusk] fpcBs_Create: pid=737 profname=fpcNm_KYEFF_e (785) profile=0x7b61365eb0 procSize=440 unkSize=0
[DEBUG | dusk] fpcBs_Create: pid=739 profname=fpcNm_KYEFF2_e (786) profile=0x7b61365ef0 procSize=440 unkSize=0
[DEBUG | dusk] fpcBs_Create: pid=741 profname=fpcNm_ENVSE_e (21) profile=0x7b61364f20 procSize=456 unkSize=0
[DEBUG | dusk] fpcNdRq_phase_Create: name=18 layer=0xb400007a19201d28
[DEBUG | dusk] fpcNdRq_phase_Create: creating_id=744 (error=4294967295)
[DEBUG | dusk] [DIAG] fpcSCtRq_phase_Load: procName=781 ret=4
[DEBUG | dusk] fpcSCtRq_phase_CreateProcess: procName=781
[DEBUG | dusk] fpcBs_Create: pid=727 profname=fpcNm_CAMERA_e (781) profile=0x7b61364d68 procSize=4240 unkSize=0
[DEBUG | dusk] fpcSCtRq_phase_CreateProcess: fpcBs_Create OK proc=0xb400007a191fde74
[DEBUG | dusk] [DIAG] fpcSCtRq_phase_Load: procName=686 ret=4
[DEBUG | dusk] fpcSCtRq_phase_CreateProcess: procName=686
[DEBUG | dusk] fpcBs_Create: pid=728 profname=fpcNm_KYTAG04_e (686) profile=0x7b6136ef28 procSize=1784 unkSize=0
[DEBUG | dusk] fpcSCtRq_phase_CreateProcess: fpcBs_Create OK proc=0xb400007a191fd75c
[DEBUG | dusk] [DIAG] fpcSCtRq_phase_Load: procName=25 ret=4
[DEBUG | dusk] fpcSCtRq_phase_CreateProcess: procName=25
[DEBUG | dusk] fpcBs_Create: pid=729 profname=fpcNm_Tag_Gstart_e (25) profile=0x7b61377860 procSize=1632 unkSize=0
[DEBUG | dusk] fpcSCtRq_phase_CreateProcess: fpcBs_Create OK proc=0xb400007a191faab4
[DEBUG | dusk] [DIAG] fpcSCtRq_phase_Load: procName=699 ret=4
[DEBUG | dusk] fpcSCtRq_phase_CreateProcess: procName=699
[DEBUG | dusk] fpcBs_Create: pid=732 profname=fpcNm_KYTAG17_e (699) profile=0x7b6136efe0 procSize=1632 unkSize=0
[DEBUG | dusk] fpcSCtRq_phase_CreateProcess: fpcBs_Create OK proc=0xb400007a191fa434
[DEBUG | dusk] [DIAG] fpcSCtRq_phase_Load: procName=238 ret=4
[DEBUG | dusk] fpcSCtRq_phase_CreateProcess: procName=238
[DEBUG | dusk] fpcBs_Create: pid=733 profname=fpcNm_HORSE_e (238) profile=0x7b6137ed10 procSize=8464 unkSize=0
[DEBUG | dusk] fpcSCtRq_phase_CreateProcess: fpcBs_Create OK proc=0xb400007a191f8304
[DEBUG | dusk] [DIAG] fpcSCtRq_phase_Load: procName=730 ret=4
[DEBUG | dusk] fpcSCtRq_phase_CreateProcess: procName=730
[DEBUG | dusk] fpcBs_Create: pid=742 profname=fpcNm_VRBOX_e (730) profile=0x7b61371078 procSize=1648 unkSize=0
[DEBUG | dusk] fpcSCtRq_phase_CreateProcess: fpcBs_Create OK proc=0xb400007a191f7c74
[DEBUG | dusk] [DIAG] fpcSCtRq_phase_Load: procName=731 ret=4
[DEBUG | dusk] fpcSCtRq_phase_CreateProcess: procName=731
[DEBUG | dusk] fpcBs_Create: pid=743 profname=fpcNm_VRBOX2_e (731) profile=0x7b61371130 procSize=1720 unkSize=0
[DEBUG | dusk] fpcSCtRq_phase_CreateProcess: fpcBs_Create OK proc=0xb400007a191f759c
[DEBUG | dusk] [DIAG] fpcSCtRq_phase_Load: procName=18 ret=4
[DEBUG | dusk] fpcSCtRq_phase_CreateProcess: procName=18
[DEBUG | dusk] fpcBs_Create: pid=744 profname=fpcNm_ROOM_SCENE_e (18) profile=0x7b6136b388 procSize=912 unkSize=0
[DEBUG | dusk] fpcSCtRq_phase_CreateProcess: fpcBs_Create OK proc=0xb400007a191f71ec
[DEBUG | dusk] Loading Resource: ef_portal.bmd (Size: 60192)
[DEBUG | dusk] Loading Resource: ef_portal_blue_app.brk (Size: 896)
[DEBUG | dusk] Loading Resource: ef_portal_blue_disapp.brk (Size: 896)
[DEBUG | dusk] Loading Resource: ef_portal_red_app.brk (Size: 896)
[DEBUG | dusk] Loading Resource: ef_portal_red_disapp.brk (Size: 896)
[DEBUG | dusk] Loading Resource: ef_portal.btk (Size: 1792)
[DEBUG | dusk] Loading Resource: hs_back_walk.bck (Size: 5536)
[DEBUG | dusk] Loading Resource: hs_back_walk_start.bck (Size: 6304)
[DEBUG | dusk] Loading Resource: hs_excitement.bck (Size: 11968)
[DEBUG | dusk] Loading Resource: hs_excitement_2.bck (Size: 14144)
[DEBUG | dusk] Loading Resource: hs_jump_end.bck (Size: 5344)
[DEBUG | dusk] Loading Resource: hs_jump_middle.bck (Size: 4640)
[DEBUG | dusk] Loading Resource: hs_jump_start.bck (Size: 4832)
[DEBUG | dusk] Loading Resource: hs_jump_start_clift.bck (Size: 5248)
[DEBUG | dusk] Loading Resource: hs_lash.bck (Size: 3200)
[DEBUG | dusk] Loading Resource: hs_neck_waitback_left.bck (Size: 2880)
[DEBUG | dusk] Loading Resource: hs_neck_waitback_right.bck (Size: 2848)
[DEBUG | dusk] Loading Resource: hs_run_dash.bck (Size: 7680)
[DEBUG | dusk] Loading Resource: hs_run_fast.bck (Size: 6688)
[DEBUG | dusk] Loading Resource: hs_run_slow.bck (Size: 7712)
[DEBUG | dusk] Loading Resource: hs_stand.bck (Size: 17984)
[DEBUG | dusk] Loading Resource: hs_stop_slow.bck (Size: 14208)
[DEBUG | dusk] Loading Resource: hs_stop_stand.bck (Size: 16352)
[DEBUG | dusk] Loading Resource: hs_turn_left.bck (Size: 9632)
[DEBUG | dusk] Loading Resource: hs_turn_left_start.bck (Size: 5248)
[DEBUG | dusk] Loading Resource: hs_turn_right.bck (Size: 9472)
[DEBUG | dusk] Loading Resource: hs_turn_right_start.bck (Size: 5344)
[DEBUG | dusk] Loading Resource: hs_wait_01.bck (Size: 4768)
[DEBUG | dusk] Loading Resource: hs_wait_01b.bck (Size: 4672)
[DEBUG | dusk] Loading Resource: hs_wait_01b_connect.bck (Size: 4672)
[DEBUG | dusk] Loading Resource: hs_wait_02.bck (Size: 8928)
[DEBUG | dusk] Loading Resource: hs_wait_03.bck (Size: 7552)
[DEBUG | dusk] Loading Resource: hs_wait_04.bck (Size: 12640)
[DEBUG | dusk] Loading Resource: hs_wait_05.bck (Size: 10528)
[DEBUG | dusk] Loading Resource: hs_walk_fast.bck (Size: 5792)
[DEBUG | dusk] Loading Resource: hs_walk_slow.bck (Size: 5600)
[DEBUG | dusk] Loading Resource: hs.bmd (Size: 131264)
[DEBUG | dusk] Loading Resource: hs_eye.btp (Size: 128)
[DEBUG | dusk] Loading Resource: tazuna.bti (Size: 160)
[DEBUG | dusk] Loading Resource: model.bmd (Size: 1232640)
[DEBUG | dusk] Loading Resource: model1.bmd (Size: 5824)
[DEBUG | dusk] Loading Resource: model2.bmd (Size: 18752)
[DEBUG | dusk] Loading Resource: model3.bmd (Size: 13312)
[DEBUG | dusk] Loading Resource: model4.bmd (Size: 7488)
[DEBUG | dusk] Loading Resource: model5.bmd (Size: 82816)
[DEBUG | dusk] Loading Resource: model.btk (Size: 864)
[DEBUG | dusk] Loading Resource: model1.btk (Size: 320)
[DEBUG | dusk] Loading Resource: model2.btk (Size: 352)
[DEBUG | dusk] Loading Resource: model4.btk (Size: 320)
[DEBUG | dusk] Loading Resource: room.dzr (Size: 41024)
[DEBUG | dusk] Loading Resource: bomb_barn.stb (Size: 2528)
[DEBUG | dusk] Loading Resource: event_list.dat (Size: 24740)
[DEBUG | dusk] Loading Resource: kakariko.stb (Size: 1588)
[DEBUG | dusk] Loading Resource: light_soul.stb (Size: 1328)
[DEBUG | dusk] Loading Resource: r00_jmup.stb (Size: 604)
[DEBUG | dusk] Loading Resource: r00_jmup2.stb (Size: 672)
[DEBUG | dusk] Loading Resource: room.kcl (Size: 808478)
[DEBUG | dusk] Loading Resource: room.plc (Size: 1696)
[DEBUG | dusk] Loading Resource: demo36_alink_cut08_fc_1_o.bck (Size: 512)
[DEBUG | dusk] Loading Resource: demo36_alink_cut09_bd_1_o.bck (Size: 26176)
[DEBUG | dusk] Loading Resource: demo36_alink_cut09_fc_1_o.bck (Size: 480)
[DEBUG | dusk] Loading Resource: demo36_alink_cut10_bd_1_o.bck (Size: 28896)
[DEBUG | dusk] Loading Resource: demo36_alink_cut10_fc_1_o.bck (Size: 2720)
[DEBUG | dusk] Loading Resource: demo36_alink_cut11_bd_1_o.bck (Size: 17568)
[DEBUG | dusk] Loading Resource: demo36_alink_cut11_fc_1_o.bck (Size: 480)
[DEBUG | dusk] Loading Resource: demo36_alink_cut13_bd_1_o.bck (Size: 15328)
[DEBUG | dusk] Loading Resource: demo36_alink_cut13_fc_1_o.bck (Size: 3008)
[DEBUG | dusk] Loading Resource: demo36_alink_cut14_bd_1_o.bck (Size: 47232)
[DEBUG | dusk] Loading Resource: demo36_alink_cut14_fc_1_o.bck (Size: 4320)
[DEBUG | dusk] Loading Resource: demo36_alink_cut15_bd_1_o.bck (Size: 24448)
[DEBUG | dusk] Loading Resource: demo36_alink_cut15_fc_1_o.bck (Size: 3264)
[DEBUG | dusk] Loading Resource: demo36_alink_cut03_fc_1_o.bck (Size: 1088)
[DEBUG | dusk] Loading Resource: demo36_horse_cut02_bd_1_o.bck (Size: 26912)
[DEBUG | dusk] Loading Resource: demo36_horse_cut04_bd_1_o.bck (Size: 31712)
[DEBUG | dusk] Loading Resource: demo36_horse_cut05_bd_1_o.bck (Size: 27872)
[DEBUG | dusk] Loading Resource: demo36_horse_cut06_bd_1_o.bck (Size: 31776)
[DEBUG | dusk] Loading Resource: demo36_horse_cut07_bd_1_o.bck (Size: 15200)
[DEBUG | dusk] Loading Resource: demo36_horse_cut09_bd_1_o.bck (Size: 19808)
[DEBUG | dusk] Loading Resource: demo36_horse_cut11_bd_1_o.bck (Size: 36224)
[DEBUG | dusk] Loading Resource: demo36_horse_cut12_bd_1_o.bck (Size: 11648)
[DEBUG | dusk] Loading Resource: demo36_horse_cut13_bd_1_o.bck (Size: 17376)
[DEBUG | dusk] Loading Resource: demo36_horse_cut14_bd_1_o.bck (Size: 50848)
[DEBUG | dusk] Loading Resource: demo36_horse_cut15_bd_1_o.bck (Size: 26112)
[DEBUG | dusk] Loading Resource: demo36_rdd01_cut04_bd_1_o.bck (Size: 22240)
[DEBUG | dusk] Loading Resource: demo36_rdd01_cut05_bd_1_o.bck (Size: 11808)
[DEBUG | dusk] Loading Resource: demo36_rdd02_cut04_bd_1_o.bck (Size: 19776)
[DEBUG | dusk] Loading Resource: demo36_rdd02_cut05_bd_1_o.bck (Size: 13536)
[DEBUG | dusk] Loading Resource: demo36_alink_cut03_bd_1_o.bck (Size: 4480)
[DEBUG | dusk] Loading Resource: demo36_alink_cut06_bd_1_o.bck (Size: 3072)
[DEBUG | dusk] Loading Resource: demo36_alink_cut06_fc_1_o.bck (Size: 512)
[DEBUG | dusk] Loading Resource: demo36_alink_cut08_bd_1_o.bck (Size: 3104)
[DEBUG | dusk] Loading Resource: demo36_alink_cut16_bd_1_o.bck (Size: 14656)
[DEBUG | dusk] Loading Resource: demo36_alink_cut16_fc_1_o.bck (Size: 480)
[DEBUG | dusk] Loading Resource: demo36_horse_cut16_bd_1_o.bck (Size: 18400)
[DEBUG | dusk] Loading Resource: demo00_link_cut00_hd_tmp.bck (Size: 1536)
[DEBUG | dusk] Loading Resource: demo36_alink_cut15_hd_1_o.bck (Size: 1536)
[DEBUG | dusk] Loading Resource: demo36_link_cut03_hd_1_o.bck (Size: 1696)
[DEBUG | dusk] Loading Resource: demo36_link_cut10_hd_1_o.bck (Size: 1952)
[DEBUG | dusk] Loading Resource: demo36_link_cut13_hd_1_o.bck (Size: 1504)
[DEBUG | dusk] Loading Resource: demo36_alink_cut06_fc_1_o.btk (Size: 352)
[DEBUG | dusk] Loading Resource: demo36_alink_cut08_fc_1_o.btk (Size: 352)
[DEBUG | dusk] Loading Resource: demo36_alink_cut09_fc_1_o.btk (Size: 320)
[DEBUG | dusk] Loading Resource: demo36_alink_cut10_fc_1_o.btk (Size: 640)
[DEBUG | dusk] Loading Resource: demo36_alink_cut11_fc_1_o.btk (Size: 320)
[DEBUG | dusk] Loading Resource: demo36_alink_cut13_fc_1_o.btk (Size: 480)
[DEBUG | dusk] Loading Resource: demo36_alink_cut14_fc_1_o.btk (Size: 320)
[DEBUG | dusk] Loading Resource: demo36_alink_cut15_fc_1_o.btk (Size: 544)
[DEBUG | dusk] Loading Resource: demo36_alink_cut03_fc_1_o.btk (Size: 480)
[DEBUG | dusk] Loading Resource: demo36_alink_cut16_fc_1_o.btk (Size: 320)
[DEBUG | dusk] Loading Resource: demo36_alink_cut06_fc_1_o.btp (Size: 512)
[DEBUG | dusk] Loading Resource: demo36_alink_cut08_fc_1_o.btp (Size: 288)
[DEBUG | dusk] Loading Resource: demo36_alink_cut09_fc_1_o.btp (Size: 320)
[DEBUG | dusk] Loading Resource: demo36_alink_cut10_fc_1_o.btp (Size: 384)
[DEBUG | dusk] Loading Resource: demo36_alink_cut11_fc_1_o.btp (Size: 576)
[DEBUG | dusk] Loading Resource: demo36_alink_cut13_fc_1_o.btp (Size: 288)
[DEBUG | dusk] Loading Resource: demo36_alink_cut14_fc_1_o.btp (Size: 512)
[DEBUG | dusk] Loading Resource: demo36_alink_cut15_fc_1_o.btp (Size: 416)
[DEBUG | dusk] Loading Resource: demo36_alink_cut03_fc_1_o.btp (Size: 320)
[DEBUG | dusk] Loading Resource: demo36_alink_cut16_fc_1_o.btp (Size: 704)
[DEBUG | dusk] Loading Resource: demo04_rd2_cut00_gp_1_o.bmd (Size: 78208)
[DEBUG | dusk] Loading Resource: demo36_01.stb (Size: 14680)
[DEBUG | dusk] Loading Resource: demo36_02.stb (Size: 1976)
[DEBUG | dusk] [DIAG] fpcSCtRq_phase_Load: procName=253 ret=4
[DEBUG | dusk] fpcSCtRq_phase_CreateProcess: procName=253
[DEBUG | dusk] fpcBs_Create: pid=745 profname=fpcNm_ALINK_e (253) profile=0x7b61361250 procSize=18784 unkSize=0
[DEBUG | dusk] fpcSCtRq_phase_CreateProcess: fpcBs_Create OK proc=0xb400007a191ea0e8
[DEBUG | dusk] [DIAG] fpcSCtRq_phase_Load: procName=790 ret=4
[DEBUG | dusk] fpcSCtRq_phase_CreateProcess: procName=790
[DEBUG | dusk] fpcBs_Create: pid=746 profname=fpcNm_METER2_e (790) profile=0x7b61368430 procSize=1504 unkSize=0
[DEBUG | dusk] fpcSCtRq_phase_CreateProcess: fpcBs_Create OK proc=0xb400007a191e9ae8
[DEBUG | dusk] [DIAG] fpcSCtRq_phase_Load: procName=732 ret=4
[DEBUG | dusk] fpcSCtRq_phase_CreateProcess: procName=732
[DEBUG | dusk] fpcBs_Create: pid=747 profname=fpcNm_BG_e (732) profile=0x7b6136e3f8 procSize=1904 unkSize=0
[DEBUG | dusk] fpcSCtRq_phase_CreateProcess: fpcBs_Create OK proc=0xb400007a191e9198
[DEBUG | dusk] [DIAG] fpcSCtRq_phase_Load: procName=696 ret=4
[DEBUG | dusk] fpcSCtRq_phase_CreateProcess: procName=696
[DEBUG | dusk] fpcBs_Create: pid=748 profname=fpcNm_KYTAG14_e (696) profile=0x7b61372e28 procSize=1640 unkSize=0
[DEBUG | dusk] fpcSCtRq_phase_CreateProcess: fpcBs_Create OK proc=0xb400007a191e8b10
[DEBUG | dusk] [DIAG] fpcSCtRq_phase_Load: procName=696 ret=4
[DEBUG | dusk] fpcSCtRq_phase_CreateProcess: procName=696
[DEBUG | dusk] fpcBs_Create: pid=749 profname=fpcNm_KYTAG14_e (696) profile=0x7b61372e28 procSize=1640 unkSize=0
[DEBUG | dusk] fpcSCtRq_phase_CreateProcess: fpcBs_Create OK proc=0xb400007a191e8488
[DEBUG | dusk] [DIAG] fpcSCtRq_phase_Load: procName=784 ret=4
[DEBUG | dusk] fpcSCtRq_phase_CreateProcess: procName=784
[DEBUG | dusk] fpcBs_Create: pid=750 profname=fpcNm_GRASS_e (784) profile=0x7b61372ae8 procSize=1640 unkSize=0
[DEBUG | dusk] fpcSCtRq_phase_CreateProcess: fpcBs_Create OK proc=0xb400007a191e7e00
[DEBUG | dusk] [DIAG] fpcSCtRq_phase_Load: procName=784 ret=4
[DEBUG | dusk] fpcSCtRq_phase_CreateProcess: procName=784
[DEBUG | dusk] fpcBs_Create: pid=751 profname=fpcNm_GRASS_e (784) profile=0x7b61372ae8 procSize=1640 unkSize=0
[DEBUG | dusk] fpcSCtRq_phase_CreateProcess: fpcBs_Create OK proc=0xb400007a191e7778
[DEBUG | dusk] [DIAG] fpcSCtRq_phase_Load: procName=784 ret=4
[DEBUG | dusk] fpcSCtRq_phase_CreateProcess: procName=784
[DEBUG | dusk] fpcBs_Create: pid=752 profname=fpcNm_GRASS_e (784) profile=0x7b61372ae8 procSize=1640 unkSize=0
[DEBUG | dusk] fpcSCtRq_phase_CreateProcess: fpcBs_Create OK proc=0xb400007a191e70f0
[DEBUG | dusk] [DIAG] fpcSCtRq_phase_Load: procName=784 ret=4
[DEBUG | dusk] fpcSCtRq_phase_CreateProcess: procName=784
[DEBUG | dusk] fpcBs_Create: pid=753 profname=fpcNm_GRASS_e (784) profile=0x7b61372ae8 procSize=1640 unkSize=0
[DEBUG | dusk] fpcSCtRq_phase_CreateProcess: fpcBs_Create OK proc=0xb400007a191e6a68
[DEBUG | dusk] [DIAG] fpcSCtRq_phase_Load: procName=784 ret=4
[DEBUG | dusk] fpcSCtRq_phase_CreateProcess: procName=784
[DEBUG | dusk] fpcBs_Create: pid=754 profname=fpcNm_GRASS_e (784) profile=0x7b61372ae8 procSize=1640 unkSize=0
[DEBUG | dusk] fpcSCtRq_phase_CreateProcess: fpcBs_Create OK proc=0xb400007a191e63e0
[DEBUG | dusk] [DIAG] fpcSCtRq_phase_Load: procName=784 ret=4
[DEBUG | dusk] fpcSCtRq_phase_CreateProcess: procName=784
[DEBUG | dusk] fpcBs_Create: pid=755 profname=fpcNm_GRASS_e (784) profile=0x7b61372ae8 procSize=1640 unkSize=0
[DEBUG | dusk] fpcSCtRq_phase_CreateProcess: fpcBs_Create OK proc=0xb400007a191e5d58
[DEBUG | dusk] [DIAG] fpcSCtRq_phase_Load: procName=784 ret=4
[DEBUG | dusk] fpcSCtRq_phase_CreateProcess: procName=784
[DEBUG | dusk] fpcBs_Create: pid=756 profname=fpcNm_GRASS_e (784) profile=0x7b61372ae8 procSize=1640 unkSize=0
[DEBUG | dusk] fpcSCtRq_phase_CreateProcess: fpcBs_Create OK proc=0xb400007a191e56d0
[DEBUG | dusk] [DIAG] fpcSCtRq_phase_Load: procName=784 ret=4
[DEBUG | dusk] fpcSCtRq_phase_CreateProcess: procName=784
[DEBUG | dusk] fpcBs_Create: pid=757 profname=fpcNm_GRASS_e (784) profile=0x7b61372ae8 procSize=1640 unkSize=0
[DEBUG | dusk] fpcSCtRq_phase_CreateProcess: fpcBs_Create OK proc=0xb400007a191e5048
[DEBUG | dusk] [DIAG] fpcSCtRq_phase_Load: procName=784 ret=4
[DEBUG | dusk] fpcSCtRq_phase_CreateProcess: procName=784
[DEBUG | dusk] fpcBs_Create: pid=758 profname=fpcNm_GRASS_e (784) profile=0x7b61372ae8 procSize=1640 unkSize=0
[DEBUG | dusk] fpcSCtRq_phase_CreateProcess: fpcBs_Create OK proc=0xb400007a191e49c0
[DEBUG | dusk] [DIAG] fpcSCtRq_phase_Load: procName=784 ret=4
[DEBUG | dusk] fpcSCtRq_phase_CreateProcess: procName=784
[DEBUG | dusk] fpcBs_Create: pid=759 profname=fpcNm_GRASS_e (784) profile=0x7b61372ae8 procSize=1640 unkSize=0
[DEBUG | dusk] fpcSCtRq_phase_CreateProcess: fpcBs_Create OK proc=0xb400007a191e4338
[DEBUG | dusk] [DIAG] fpcSCtRq_phase_Load: procName=784 ret=4
[DEBUG | dusk] fpcSCtRq_phase_CreateProcess: procName=784
[DEBUG | dusk] fpcBs_Create: pid=760 profname=fpcNm_GRASS_e (784) profile=0x7b61372ae8 procSize=1640 unkSize=0
[DEBUG | dusk] fpcSCtRq_phase_CreateProcess: fpcBs_Create OK proc=0xb400007a191e3cb0
[DEBUG | dusk] [DIAG] fpcSCtRq_phase_Load: procName=784 ret=4
[DEBUG | dusk] fpcSCtRq_phase_CreateProcess: procName=784
[DEBUG | dusk] fpcBs_Create: pid=761 profname=fpcNm_GRASS_e (784) profile=0x7b61372ae8 procSize=1640 unkSize=0
[DEBUG | dusk] fpcSCtRq_phase_CreateProcess: fpcBs_Create OK proc=0xb400007a191e3628
[DEBUG | dusk] [DIAG] fpcSCtRq_phase_Load: procName=784 ret=4
[DEBUG | dusk] fpcSCtRq_phase_CreateProcess: procName=784
[DEBUG | dusk] fpcBs_Create: pid=762 profname=fpcNm_GRASS_e (784) profile=0x7b61372ae8 procSize=1640 unkSize=0
[DEBUG | dusk] fpcSCtRq_phase_CreateProcess: fpcBs_Create OK proc=0xb400007a191e2fa0
[DEBUG | dusk] [DIAG] fpcSCtRq_phase_Load: procName=784 ret=4
[DEBUG | dusk] fpcSCtRq_phase_CreateProcess: procName=784
[DEBUG | dusk] fpcBs_Create: pid=763 profname=fpcNm_GRASS_e (784) profile=0x7b61372ae8 procSize=1640 unkSize=0
[DEBUG | dusk] fpcSCtRq_phase_CreateProcess: fpcBs_Create OK proc=0xb400007a191e2918
[DEBUG | dusk] [DIAG] fpcSCtRq_phase_Load: procName=784 ret=4
[DEBUG | dusk] fpcSCtRq_phase_CreateProcess: procName=784
[DEBUG | dusk] fpcBs_Create: pid=764 profname=fpcNm_GRASS_e (784) profile=0x7b61372ae8 procSize=1640 unkSize=0
[DEBUG | dusk] fpcSCtRq_phase_CreateProcess: fpcBs_Create OK proc=0xb400007a191e2290
[DEBUG | dusk] [DIAG] fpcSCtRq_phase_Load: procName=784 ret=4
[DEBUG | dusk] fpcSCtRq_phase_CreateProcess: procName=784
[DEBUG | dusk] fpcBs_Create: pid=765 profname=fpcNm_GRASS_e (784) profile=0x7b61372ae8 procSize=1640 unkSize=0
[DEBUG | dusk] fpcSCtRq_phase_CreateProcess: fpcBs_Create OK proc=0xb400007a191e1c08
[DEBUG | dusk] [DIAG] fpcSCtRq_phase_Load: procName=784 ret=4
[DEBUG | dusk] fpcSCtRq_phase_CreateProcess: procName=784
[DEBUG | dusk] fpcBs_Create: pid=766 profname=fpcNm_GRASS_e (784) profile=0x7b61372ae8 procSize=1640 unkSize=0
[DEBUG | dusk] fpcSCtRq_phase_CreateProcess: fpcBs_Create OK proc=0xb400007a191f6b64
[DEBUG | dusk] [DIAG] fpcSCtRq_phase_Load: procName=784 ret=4
[DEBUG | dusk] fpcSCtRq_phase_CreateProcess: procName=784
[DEBUG | dusk] fpcBs_Create: pid=767 profname=fpcNm_GRASS_e (784) profile=0x7b61372ae8 procSize=1640 unkSize=0
[DEBUG | dusk] fpcSCtRq_phase_CreateProcess: fpcBs_Create OK proc=0xb400007a191e1580
[DEBUG | dusk] [DIAG] fpcSCtRq_phase_Load: procName=784 ret=4
[DEBUG | dusk] fpcSCtRq_phase_CreateProcess: procName=784
[DEBUG | dusk] fpcBs_Create: pid=768 profname=fpcNm_GRASS_e (784) profile=0x7b61372ae8 procSize=1640 unkSize=0
[DEBUG | dusk] fpcSCtRq_phase_CreateProcess: fpcBs_Create OK proc=0xb400007a191e0ef8
[DEBUG | dusk] [DIAG] fpcSCtRq_phase_Load: procName=784 ret=4
[DEBUG | dusk] fpcSCtRq_phase_CreateProcess: procName=784
[DEBUG | dusk] fpcBs_Create: pid=769 profname=fpcNm_GRASS_e (784) profile=0x7b61372ae8 procSize=1640 unkSize=0
[DEBUG | dusk] fpcSCtRq_phase_CreateProcess: fpcBs_Create OK proc=0xb400007a191e0870
[DEBUG | dusk] [DIAG] fpcSCtRq_phase_Load: procName=784 ret=4
[DEBUG | dusk] fpcSCtRq_phase_CreateProcess: procName=784
[DEBUG | dusk] fpcBs_Create: pid=770 profname=fpcNm_GRASS_e (784) profile=0x7b61372ae8 procSize=1640 unkSize=0
[DEBUG | dusk] fpcSCtRq_phase_CreateProcess: fpcBs_Create OK proc=0xb400007a191e01e8
[DEBUG | dusk] [DIAG] fpcSCtRq_phase_Load: procName=784 ret=4
[DEBUG | dusk] fpcSCtRq_phase_CreateProcess: procName=784
[DEBUG | dusk] fpcBs_Create: pid=771 profname=fpcNm_GRASS_e (784) profile=0x7b61372ae8 procSize=1640 unkSize=0
[DEBUG | dusk] fpcSCtRq_phase_CreateProcess: fpcBs_Create OK proc=0xb400007a191dfb60
[DEBUG | dusk] [DIAG] fpcSCtRq_phase_Load: procName=784 ret=4
[DEBUG | dusk] fpcSCtRq_phase_CreateProcess: procName=784
[DEBUG | dusk] fpcBs_Create: pid=772 profname=fpcNm_GRASS_e (784) profile=0x7b61372ae8 procSize=1640 unkSize=0
[DEBUG | dusk] fpcSCtRq_phase_CreateProcess: fpcBs_Create OK proc=0xb400007a191df4d8
[DEBUG | dusk] [DIAG] fpcSCtRq_phase_Load: procName=696 ret=4
[DEBUG | dusk] fpcSCtRq_phase_CreateProcess: procName=696
[DEBUG | dusk] fpcBs_Create: pid=773 profname=fpcNm_KYTAG14_e (696) profile=0x7b61372e28 procSize=1640 unkSize=0
[DEBUG | dusk] fpcSCtRq_phase_CreateProcess: fpcBs_Create OK proc=0xb400007a191dee50
[DEBUG | dusk] [DIAG] fpcSCtRq_phase_Load: procName=696 ret=4
[DEBUG | dusk] fpcSCtRq_phase_CreateProcess: procName=696
[DEBUG | dusk] fpcBs_Create: pid=774 profname=fpcNm_KYTAG14_e (696) profile=0x7b61372e28 procSize=1640 unkSize=0
[DEBUG | dusk] fpcSCtRq_phase_CreateProcess: fpcBs_Create OK proc=0xb400007a191de7c8
[DEBUG | dusk] [DIAG] fpcSCtRq_phase_Load: procName=561 ret=4
[DEBUG | dusk] fpcSCtRq_phase_CreateProcess: procName=561
[DEBUG | dusk] fpcBs_Create: pid=775 profname=fpcNm_ANDSW2_e (561) profile=0x7b61371e70 procSize=1632 unkSize=0
[DEBUG | dusk] fpcSCtRq_phase_CreateProcess: fpcBs_Create OK proc=0xb400007a191de148
[DEBUG | dusk] [DIAG] fpcSCtRq_phase_Load: procName=784 ret=4
[DEBUG | dusk] fpcSCtRq_phase_CreateProcess: procName=784
[DEBUG | dusk] fpcBs_Create: pid=776 profname=fpcNm_GRASS_e (784) profile=0x7b61372ae8 procSize=1640 unkSize=0
[DEBUG | dusk] fpcSCtRq_phase_CreateProcess: fpcBs_Create OK proc=0xb400007a191ddac0
[DEBUG | dusk] [DIAG] fpcSCtRq_phase_Load: procName=784 ret=4
[DEBUG | dusk] fpcSCtRq_phase_CreateProcess: procName=784
[DEBUG | dusk] fpcBs_Create: pid=777 profname=fpcNm_GRASS_e (784) profile=0x7b61372ae8 procSize=1640 unkSize=0
[DEBUG | dusk] fpcSCtRq_phase_CreateProcess: fpcBs_Create OK proc=0xb400007a191dd438
[DEBUG | dusk] [DIAG] fpcSCtRq_phase_Load: procName=784 ret=4
[DEBUG | dusk] fpcSCtRq_phase_CreateProcess: procName=784
[DEBUG | dusk] fpcBs_Create: pid=778 profname=fpcNm_GRASS_e (784) profile=0x7b61372ae8 procSize=1640 unkSize=0
[DEBUG | dusk] fpcSCtRq_phase_CreateProcess: fpcBs_Create OK proc=0xb400007a191dcdb0
[DEBUG | dusk] [DIAG] fpcSCtRq_phase_Load: procName=784 ret=4
[DEBUG | dusk] fpcSCtRq_phase_CreateProcess: procName=784
[DEBUG | dusk] fpcBs_Create: pid=779 profname=fpcNm_GRASS_e (784) profile=0x7b61372ae8 procSize=1640 unkSize=0
[DEBUG | dusk] fpcSCtRq_phase_CreateProcess: fpcBs_Create OK proc=0xb400007a191dc728
[DEBUG | dusk] [DIAG] fpcSCtRq_phase_Load: procName=561 ret=4
[DEBUG | dusk] fpcSCtRq_phase_CreateProcess: procName=561
[DEBUG | dusk] fpcBs_Create: pid=780 profname=fpcNm_ANDSW2_e (561) profile=0x7b61371e70 procSize=1632 unkSize=0
[DEBUG | dusk] fpcSCtRq_phase_CreateProcess: fpcBs_Create OK proc=0xb400007a191dc0a8
[DEBUG | dusk] [DIAG] fpcSCtRq_phase_Load: procName=733 ret=4
[DEBUG | dusk] fpcSCtRq_phase_CreateProcess: procName=733
[DEBUG | dusk] fpcBs_Create: pid=781 profname=fpcNm_SET_BG_OBJ_e (733) profile=0x7b6136ff08 procSize=1664 unkSize=0
[DEBUG | dusk] fpcSCtRq_phase_CreateProcess: fpcBs_Create OK proc=0xb400007a191dba08
[DEBUG | dusk] [DIAG] fpcSCtRq_phase_Load: procName=733 ret=4
[DEBUG | dusk] fpcSCtRq_phase_CreateProcess: procName=733
[DEBUG | dusk] fpcBs_Create: pid=782 profname=fpcNm_SET_BG_OBJ_e (733) profile=0x7b6136ff08 procSize=1664 unkSize=0
[DEBUG | dusk] fpcSCtRq_phase_CreateProcess: fpcBs_Create OK proc=0xb400007a191db368
[DEBUG | dusk] [DIAG] fpcSCtRq_phase_Load: procName=733 ret=4
[DEBUG | dusk] fpcSCtRq_phase_CreateProcess: procName=733
[DEBUG | dusk] fpcBs_Create: pid=783 profname=fpcNm_SET_BG_OBJ_e (733) profile=0x7b6136ff08 procSize=1664 unkSize=0
[DEBUG | dusk] fpcSCtRq_phase_CreateProcess: fpcBs_Create OK proc=0xb400007a191dacc8
[DEBUG | dusk] [DIAG] fpcSCtRq_phase_Load: procName=543 ret=4
[DEBUG | dusk] fpcSCtRq_phase_CreateProcess: procName=543
[DEBUG | dusk] fpcBs_Create: pid=784 profname=fpcNm_Obj_Drop_e (543) profile=0x7b613937e8 procSize=3616 unkSize=0
[DEBUG | dusk] fpcSCtRq_phase_CreateProcess: fpcBs_Create OK proc=0xb400007a191d9e88
[DEBUG | dusk] [DIAG] fpcSCtRq_phase_Load: procName=543 ret=4
[DEBUG | dusk] fpcSCtRq_phase_CreateProcess: procName=543
[DEBUG | dusk] fpcBs_Create: pid=785 profname=fpcNm_Obj_Drop_e (543) profile=0x7b613937e8 procSize=3616 unkSize=0
[DEBUG | dusk] fpcSCtRq_phase_CreateProcess: fpcBs_Create OK proc=0xb400007a191d9048
[DEBUG | dusk] [DIAG] fpcSCtRq_phase_Load: procName=543 ret=4
[DEBUG | dusk] fpcSCtRq_phase_CreateProcess: procName=543
[DEBUG | dusk] fpcBs_Create: pid=786 profname=fpcNm_Obj_Drop_e (543) profile=0x7b613937e8 procSize=3616 unkSize=0
[DEBUG | dusk] fpcSCtRq_phase_CreateProcess: fpcBs_Create OK proc=0xb400007a191d74e4
[DEBUG | dusk] [DIAG] fpcSCtRq_phase_Load: procName=251 ret=4
[DEBUG | dusk] fpcSCtRq_phase_CreateProcess: procName=251
[DEBUG | dusk] fpcBs_Create: pid=787 profname=fpcNm_TBOX_e (251) profile=0x7b61370d80 procSize=3328 unkSize=0
[DEBUG | dusk] fpcSCtRq_phase_CreateProcess: fpcBs_Create OK proc=0xb400007a191d67c4
[DEBUG | dusk] [DIAG] fpcSCtRq_phase_Load: procName=251 ret=4
[DEBUG | dusk] fpcSCtRq_phase_CreateProcess: procName=251
[DEBUG | dusk] fpcBs_Create: pid=788 profname=fpcNm_TBOX_e (251) profile=0x7b61370d80 procSize=3328 unkSize=0
[DEBUG | dusk] fpcSCtRq_phase_CreateProcess: fpcBs_Create OK proc=0xb400007a191d5aa4
[DEBUG | dusk] [DIAG] fpcSCtRq_phase_Load: procName=780 ret=4
[DEBUG | dusk] fpcSCtRq_phase_CreateProcess: procName=780
[DEBUG | dusk] fpcBs_Create: pid=789 profname=fpcNm_SCENE_EXIT_e (780) profile=0x7b6136fe48 procSize=1680 unkSize=0
[DEBUG | dusk] fpcSCtRq_phase_CreateProcess: fpcBs_Create OK proc=0xb400007a191d8998
[DEBUG | dusk] [DIAG] fpcSCtRq_phase_Load: procName=780 ret=4
[DEBUG | dusk] fpcSCtRq_phase_CreateProcess: procName=780
[DEBUG | dusk] fpcBs_Create: pid=790 profname=fpcNm_SCENE_EXIT_e (780) profile=0x7b6136fe48 procSize=1680 unkSize=0
[DEBUG | dusk] fpcSCtRq_phase_CreateProcess: fpcBs_Create OK proc=0xb400007a191d53f4
[DEBUG | dusk] [DIAG] fpcSCtRq_phase_Load: procName=719 ret=4
[DEBUG | dusk] fpcSCtRq_phase_CreateProcess: procName=719
[DEBUG | dusk] fpcBs_Create: pid=791 profname=fpcNm_TAG_CAMERA_e (719) profile=0x7b61370260 procSize=1672 unkSize=0
[DEBUG | dusk] fpcSCtRq_phase_CreateProcess: fpcBs_Create OK proc=0xb400007a191d4d4c
[DEBUG | dusk] [DIAG] fpcSCtRq_phase_Load: procName=234 ret=4
[DEBUG | dusk] fpcSCtRq_phase_CreateProcess: procName=234
[DEBUG | dusk] fpcBs_Create: pid=792 profname=fpcNm_Tag_Hjump_e (234) profile=0x7b61377a30 procSize=1728 unkSize=0
[DEBUG | dusk] fpcSCtRq_phase_CreateProcess: fpcBs_Create OK proc=0xb400007a191d466c
[DEBUG | dusk] [DIAG] fpcSCtRq_phase_Load: procName=719 ret=4
[DEBUG | dusk] fpcSCtRq_phase_CreateProcess: procName=719
[DEBUG | dusk] fpcBs_Create: pid=793 profname=fpcNm_TAG_CAMERA_e (719) profile=0x7b61370260 procSize=1672 unkSize=0
[DEBUG | dusk] fpcSCtRq_phase_CreateProcess: fpcBs_Create OK proc=0xb400007a191d3fc4
[DEBUG | dusk] [DIAG] fpcSCtRq_phase_Load: procName=780 ret=4
[DEBUG | dusk] fpcSCtRq_phase_CreateProcess: procName=780
[DEBUG | dusk] fpcBs_Create: pid=794 profname=fpcNm_SCENE_EXIT_e (780) profile=0x7b6136fe48 procSize=1680 unkSize=0
[DEBUG | dusk] fpcSCtRq_phase_CreateProcess: fpcBs_Create OK proc=0xb400007a191d3914
[DEBUG | dusk] [DIAG] fpcSCtRq_phase_Load: procName=747 ret=4
[DEBUG | dusk] fpcSCtRq_phase_CreateProcess: procName=747
[DEBUG | dusk] fpcBs_Create: pid=795 profname=fpcNm_TAG_KMSG_e (747) profile=0x7b61370828 procSize=1768 unkSize=0
[DEBUG | dusk] fpcSCtRq_phase_CreateProcess: fpcBs_Create OK proc=0xb400007a191f48f0
[DEBUG | dusk] [DIAG] fpcSCtRq_phase_Load: procName=747 ret=4
[DEBUG | dusk] fpcSCtRq_phase_CreateProcess: procName=747
[DEBUG | dusk] fpcBs_Create: pid=796 profname=fpcNm_TAG_KMSG_e (747) profile=0x7b61370828 procSize=1768 unkSize=0
[DEBUG | dusk] fpcSCtRq_phase_CreateProcess: fpcBs_Create OK proc=0xb400007a191d320c
[DEBUG | dusk] [DIAG] fpcSCtRq_phase_Load: procName=747 ret=4
[DEBUG | dusk] fpcSCtRq_phase_CreateProcess: procName=747
[DEBUG | dusk] fpcBs_Create: pid=797 profname=fpcNm_TAG_KMSG_e (747) profile=0x7b61370828 procSize=1768 unkSize=0
[DEBUG | dusk] fpcSCtRq_phase_CreateProcess: fpcBs_Create OK proc=0xb400007a191d2b04
[DEBUG | dusk] [DIAG] fpcSCtRq_phase_Load: procName=747 ret=4
[DEBUG | dusk] fpcSCtRq_phase_CreateProcess: procName=747
[DEBUG | dusk] fpcBs_Create: pid=798 profname=fpcNm_TAG_KMSG_e (747) profile=0x7b61370828 procSize=1768 unkSize=0
[DEBUG | dusk] fpcSCtRq_phase_CreateProcess: fpcBs_Create OK proc=0xb400007a191d23fc
[DEBUG | dusk] [DIAG] fpcSCtRq_phase_Load: procName=747 ret=4
[DEBUG | dusk] fpcSCtRq_phase_CreateProcess: procName=747
[DEBUG | dusk] fpcBs_Create: pid=799 profname=fpcNm_TAG_KMSG_e (747) profile=0x7b61370828 procSize=1768 unkSize=0
[DEBUG | dusk] fpcSCtRq_phase_CreateProcess: fpcBs_Create OK proc=0xb400007a191d1cf4
[DEBUG | dusk] [DIAG] fpcSCtRq_phase_Load: procName=747 ret=4
[DEBUG | dusk] fpcSCtRq_phase_CreateProcess: procName=747
[DEBUG | dusk] fpcBs_Create: pid=800 profname=fpcNm_TAG_KMSG_e (747) profile=0x7b61370828 procSize=1768 unkSize=0
[DEBUG | dusk] fpcSCtRq_phase_CreateProcess: fpcBs_Create OK proc=0xb400007a191d15ec
[DEBUG | dusk] [DIAG] fpcSCtRq_phase_Load: procName=747 ret=4
[DEBUG | dusk] fpcSCtRq_phase_CreateProcess: procName=747
[DEBUG | dusk] fpcBs_Create: pid=801 profname=fpcNm_TAG_KMSG_e (747) profile=0x7b61370828 procSize=1768 unkSize=0
[DEBUG | dusk] fpcSCtRq_phase_CreateProcess: fpcBs_Create OK proc=0xb400007a191f41e8
[DEBUG | dusk] [DIAG] fpcSCtRq_phase_Load: procName=721 ret=4
[DEBUG | dusk] fpcSCtRq_phase_CreateProcess: procName=721
[DEBUG | dusk] fpcBs_Create: pid=802 profname=fpcNm_TAG_EVENT_e (721) profile=0x7b61370480 procSize=1640 unkSize=0
[DEBUG | dusk] fpcSCtRq_phase_CreateProcess: fpcBs_Create OK proc=0xb400007a191d0f64
[DEBUG | dusk] [DIAG] fpcSCtRq_phase_Load: procName=549 ret=4
[DEBUG | dusk] fpcSCtRq_phase_CreateProcess: procName=549
[DEBUG | dusk] fpcBs_Create: pid=803 profname=fpcNm_SWC00_e (549) profile=0x7b613774d0 procSize=1664 unkSize=0
[DEBUG | dusk] fpcSCtRq_phase_CreateProcess: fpcBs_Create OK proc=0xb400007a191d08c4
[DEBUG | dusk] [DIAG] fpcSCtRq_phase_Load: procName=549 ret=4
[DEBUG | dusk] fpcSCtRq_phase_CreateProcess: procName=549
[DEBUG | dusk] fpcBs_Create: pid=804 profname=fpcNm_SWC00_e (549) profile=0x7b613774d0 procSize=1664 unkSize=0
[DEBUG | dusk] fpcSCtRq_phase_CreateProcess: fpcBs_Create OK proc=0xb400007a191d0224
[DEBUG | dusk] [DIAG] fpcSCtRq_phase_Load: procName=549 ret=4
[DEBUG | dusk] fpcSCtRq_phase_CreateProcess: procName=549
[DEBUG | dusk] fpcBs_Create: pid=805 profname=fpcNm_SWC00_e (549) profile=0x7b613774d0 procSize=1664 unkSize=0
[DEBUG | dusk] fpcSCtRq_phase_CreateProcess: fpcBs_Create OK proc=0xb400007a191cfb84
[DEBUG | dusk] [DIAG] fpcSCtRq_phase_Load: procName=549 ret=4
[DEBUG | dusk] fpcSCtRq_phase_CreateProcess: procName=549
[DEBUG | dusk] fpcBs_Create: pid=806 profname=fpcNm_SWC00_e (549) profile=0x7b613774d0 procSize=1664 unkSize=0
[DEBUG | dusk] fpcSCtRq_phase_CreateProcess: fpcBs_Create OK proc=0xb400007a191cf4e4
[DEBUG | dusk] [DIAG] fpcSCtRq_phase_Load: procName=550 ret=4
[DEBUG | dusk] fpcSCtRq_phase_CreateProcess: procName=550
[DEBUG | dusk] fpcBs_Create: pid=807 profname=fpcNm_KNOB20_e (550) profile=0x7b6136e8a0 procSize=1888 unkSize=0
[DEBUG | dusk] fpcSCtRq_phase_CreateProcess: fpcBs_Create OK proc=0xb400007a191ced64
[DEBUG | dusk] [DIAG] fpcSCtRq_phase_Load: procName=550 ret=4
[DEBUG | dusk] fpcSCtRq_phase_CreateProcess: procName=550
[DEBUG | dusk] fpcBs_Create: pid=808 profname=fpcNm_KNOB20_e (550) profile=0x7b6136e8a0 procSize=1888 unkSize=0
[DEBUG | dusk] fpcSCtRq_phase_CreateProcess: fpcBs_Create OK proc=0xb400007a191ce5e4
[DEBUG | dusk] [DIAG] fpcSCtRq_phase_Load: procName=550 ret=4
[DEBUG | dusk] fpcSCtRq_phase_CreateProcess: procName=550
[DEBUG | dusk] fpcBs_Create: pid=809 profname=fpcNm_KNOB20_e (550) profile=0x7b6136e8a0 procSize=1888 unkSize=0
[DEBUG | dusk] fpcSCtRq_phase_CreateProcess: fpcBs_Create OK proc=0xb400007a191cde64
[DEBUG | dusk] [DIAG] fpcSCtRq_phase_Load: procName=550 ret=4
[DEBUG | dusk] fpcSCtRq_phase_CreateProcess: procName=550
[DEBUG | dusk] fpcBs_Create: pid=810 profname=fpcNm_KNOB20_e (550) profile=0x7b6136e8a0 procSize=1888 unkSize=0
[DEBUG | dusk] fpcSCtRq_phase_CreateProcess: fpcBs_Create OK proc=0xb400007a191cd6e4
[DEBUG | dusk] [DIAG] fpcSCtRq_phase_Load: procName=550 ret=4
[DEBUG | dusk] fpcSCtRq_phase_CreateProcess: procName=550
[DEBUG | dusk] fpcBs_Create: pid=811 profname=fpcNm_KNOB20_e (550) profile=0x7b6136e8a0 procSize=1888 unkSize=0
[DEBUG | dusk] fpcSCtRq_phase_CreateProcess: fpcBs_Create OK proc=0xb400007a191ccf64
[DEBUG | dusk] [DIAG] fpcSCtRq_phase_Load: procName=550 ret=4
[DEBUG | dusk] fpcSCtRq_phase_CreateProcess: procName=550
[DEBUG | dusk] fpcBs_Create: pid=812 profname=fpcNm_KNOB20_e (550) profile=0x7b6136e8a0 procSize=1888 unkSize=0
[DEBUG | dusk] fpcSCtRq_phase_CreateProcess: fpcBs_Create OK proc=0xb400007a191cc7e4
[DEBUG | dusk] [DIAG] fpcSCtRq_phase_Load: procName=550 ret=4
[DEBUG | dusk] fpcSCtRq_phase_CreateProcess: procName=550
[DEBUG | dusk] fpcBs_Create: pid=813 profname=fpcNm_KNOB20_e (550) profile=0x7b6136e8a0 procSize=1888 unkSize=0
[DEBUG | dusk] fpcSCtRq_phase_CreateProcess: fpcBs_Create OK proc=0xb400007a191cc064
[DEBUG | dusk] [DIAG] fpcSCtRq_phase_Load: procName=550 ret=4
[DEBUG | dusk] fpcSCtRq_phase_CreateProcess: procName=550
[DEBUG | dusk] fpcBs_Create: pid=814 profname=fpcNm_KNOB20_e (550) profile=0x7b6136e8a0 procSize=1888 unkSize=0
[DEBUG | dusk] fpcSCtRq_phase_CreateProcess: fpcBs_Create OK proc=0xb400007a191cb8e4
[DEBUG | dusk] [DIAG] fpcSCtRq_phase_Load: procName=550 ret=4
[DEBUG | dusk] fpcSCtRq_phase_CreateProcess: procName=550
[DEBUG | dusk] fpcBs_Create: pid=815 profname=fpcNm_KNOB20_e (550) profile=0x7b6136e8a0 procSize=1888 unkSize=0
[DEBUG | dusk] fpcSCtRq_phase_CreateProcess: fpcBs_Create OK proc=0xb400007a191cb164
[DEBUG | dusk] [DIAG] fpcSCtRq_phase_Load: procName=550 ret=4
[DEBUG | dusk] fpcSCtRq_phase_CreateProcess: procName=550
[DEBUG | dusk] fpcBs_Create: pid=816 profname=fpcNm_KNOB20_e (550) profile=0x7b6136e8a0 procSize=1888 unkSize=0
[DEBUG | dusk] fpcSCtRq_phase_CreateProcess: fpcBs_Create OK proc=0xb400007a191ca9e4
[DEBUG | dusk] Loading Resource: fdoora.bck (Size: 352)
[DEBUG | dusk] Loading Resource: fdoorb.bck (Size: 320)
[DEBUG | dusk] Loading Resource: door-knobdummy.bmd (Size: 1792)
[DEBUG | dusk] Loading Resource: door-pushdoubledummy.bmd (Size: 2752)
[DEBUG | dusk] Loading Resource: door-knob.dzb (Size: 480)
[DEBUG | dusk] Loading Resource: door-pushdouble.dzb (Size: 480)
[DEBUG | dusk] Loading Resource: door-shutter.dzb (Size: 448)
[DEBUG | dusk] Loading Resource: door-shutterbig.dzb (Size: 768)
[DEBUG | dusk] Loading Resource: door-shutterboss.dzb (Size: 704)
[DEBUG | dusk] Loading Resource: door-shutterlv9.dzb (Size: 768)
[DEBUG | dusk] [DIAG] fpcSCtRq_phase_Load: procName=550 ret=4
[DEBUG | dusk] fpcSCtRq_phase_CreateProcess: procName=550
[DEBUG | dusk] fpcBs_Create: pid=817 profname=fpcNm_KNOB20_e (550) profile=0x7b6136e8a0 procSize=1888 unkSize=0
[DEBUG | dusk] fpcSCtRq_phase_CreateProcess: fpcBs_Create OK proc=0xb400007a191ca264
[DEBUG | dusk] [DIAG] fpcSCtRq_phase_Load: procName=721 ret=4
[DEBUG | dusk] fpcSCtRq_phase_CreateProcess: procName=721
[DEBUG | dusk] fpcBs_Create: pid=818 profname=fpcNm_TAG_EVENT_e (721) profile=0x7b61370480 procSize=1640 unkSize=0
[DEBUG | dusk] fpcSCtRq_phase_CreateProcess: fpcBs_Create OK proc=0xb400007a191f3b60
[DEBUG | dusk] [DIAG] fpcSCtRq_phase_Load: procName=708 ret=4
[DEBUG | dusk] fpcSCtRq_phase_CreateProcess: procName=708
[DEBUG | dusk] fpcBs_Create: pid=819 profname=fpcNm_Tag_Mstop_e (708) profile=0x7b61377de8 procSize=1768 unkSize=0
[DEBUG | dusk] fpcSCtRq_phase_CreateProcess: fpcBs_Create OK proc=0xb400007a191c9b5c
[DEBUG | dusk] [DIAG] fpcSCtRq_phase_Load: procName=708 ret=4
[DEBUG | dusk] fpcSCtRq_phase_CreateProcess: procName=708
[DEBUG | dusk] fpcBs_Create: pid=820 profname=fpcNm_Tag_Mstop_e (708) profile=0x7b61377de8 procSize=1768 unkSize=0
[DEBUG | dusk] fpcSCtRq_phase_CreateProcess: fpcBs_Create OK proc=0xb400007a191c9454
[DEBUG | dusk] [DIAG] fpcSCtRq_phase_Load: procName=705 ret=4
[DEBUG | dusk] fpcSCtRq_phase_CreateProcess: procName=705
[DEBUG | dusk] fpcBs_Create: pid=821 profname=fpcNm_Tag_Mhint_e (705) profile=0x7b61377d30 procSize=1768 unkSize=0
[DEBUG | dusk] fpcSCtRq_phase_CreateProcess: fpcBs_Create OK proc=0xb400007a191c8d4c
[DEBUG | dusk] [DIAG] fpcSCtRq_phase_Load: procName=708 ret=4
[DEBUG | dusk] fpcSCtRq_phase_CreateProcess: procName=708
[DEBUG | dusk] fpcBs_Create: pid=822 profname=fpcNm_Tag_Mstop_e (708) profile=0x7b61377de8 procSize=1768 unkSize=0
[DEBUG | dusk] fpcSCtRq_phase_CreateProcess: fpcBs_Create OK proc=0xb400007a191c8644
[DEBUG | dusk] [DIAG] fpcSCtRq_phase_Load: procName=708 ret=4
[DEBUG | dusk] fpcSCtRq_phase_CreateProcess: procName=708
[DEBUG | dusk] fpcBs_Create: pid=823 profname=fpcNm_Tag_Mstop_e (708) profile=0x7b61377de8 procSize=1768 unkSize=0
[DEBUG | dusk] fpcSCtRq_phase_CreateProcess: fpcBs_Create OK proc=0xb400007a191c7f3c
[DEBUG | dusk] [DIAG] fpcSCtRq_phase_Load: procName=708 ret=4
[DEBUG | dusk] fpcSCtRq_phase_CreateProcess: procName=708
[DEBUG | dusk] fpcBs_Create: pid=824 profname=fpcNm_Tag_Mstop_e (708) profile=0x7b61377de8 procSize=1768 unkSize=0
[DEBUG | dusk] fpcSCtRq_phase_CreateProcess: fpcBs_Create OK proc=0xb400007a191c7834
[DEBUG | dusk] [DIAG] fpcSCtRq_phase_Load: procName=549 ret=4
[DEBUG | dusk] fpcSCtRq_phase_CreateProcess: procName=549
[DEBUG | dusk] fpcBs_Create: pid=825 profname=fpcNm_SWC00_e (549) profile=0x7b613774d0 procSize=1664 unkSize=0
[DEBUG | dusk] fpcSCtRq_phase_CreateProcess: fpcBs_Create OK proc=0xb400007a191f2710
[DEBUG | dusk] [DIAG] fpcSCtRq_phase_Load: procName=682 ret=4
[DEBUG | dusk] fpcSCtRq_phase_CreateProcess: procName=682
[DEBUG | dusk] fpcBs_Create: pid=826 profname=fpcNm_KYTAG00_e (682) profile=0x7b6136ee70 procSize=1664 unkSize=0
[DEBUG | dusk] fpcSCtRq_phase_CreateProcess: fpcBs_Create OK proc=0xb400007a191c7194
[DEBUG | dusk] [DIAG] fpcSCtRq_phase_Load: procName=682 ret=4
[DEBUG | dusk] fpcSCtRq_phase_CreateProcess: procName=682
[DEBUG | dusk] fpcBs_Create: pid=827 profname=fpcNm_KYTAG00_e (682) profile=0x7b6136ee70 procSize=1664 unkSize=0
[DEBUG | dusk] fpcSCtRq_phase_CreateProcess: fpcBs_Create OK proc=0xb400007a191c6af4
[DEBUG | dusk] [DIAG] fpcSCtRq_phase_Load: procName=719 ret=4
[DEBUG | dusk] fpcSCtRq_phase_CreateProcess: procName=719
[DEBUG | dusk] fpcBs_Create: pid=828 profname=fpcNm_TAG_CAMERA_e (719) profile=0x7b61370260 procSize=1672 unkSize=0
[DEBUG | dusk] fpcSCtRq_phase_CreateProcess: fpcBs_Create OK proc=0xb400007a191c644c
[DEBUG | dusk] [DIAG] fpcSCtRq_phase_Load: procName=708 ret=4
[DEBUG | dusk] fpcSCtRq_phase_CreateProcess: procName=708
[DEBUG | dusk] fpcBs_Create: pid=829 profname=fpcNm_Tag_Mstop_e (708) profile=0x7b61377de8 procSize=1768 unkSize=0
[DEBUG | dusk] fpcSCtRq_phase_CreateProcess: fpcBs_Create OK proc=0xb400007a191c5d44
[DEBUG | dusk] [DIAG] fpcSCtRq_phase_Load: procName=719 ret=4
[DEBUG | dusk] fpcSCtRq_phase_CreateProcess: procName=719
[DEBUG | dusk] fpcBs_Create: pid=830 profname=fpcNm_TAG_CAMERA_e (719) profile=0x7b61370260 procSize=1672 unkSize=0
[DEBUG | dusk] fpcSCtRq_phase_CreateProcess: fpcBs_Create OK proc=0xb400007a191f2068
[DEBUG | dusk] [DIAG] fpcSCtRq_phase_Load: procName=429 ret=4
[DEBUG | dusk] fpcSCtRq_phase_CreateProcess: procName=429
[DEBUG | dusk] fpcBs_Create: pid=831 profname=fpcNm_Tag_Spring_e (429) profile=0x7b61377ea0 procSize=1632 unkSize=0
[DEBUG | dusk] fpcSCtRq_phase_CreateProcess: fpcBs_Create OK proc=0xb400007a191c56c4
[DEBUG | dusk] [DIAG] fpcSCtRq_phase_Load: procName=705 ret=4
[DEBUG | dusk] fpcSCtRq_phase_CreateProcess: procName=705
[DEBUG | dusk] fpcBs_Create: pid=832 profname=fpcNm_Tag_Mhint_e (705) profile=0x7b61377d30 procSize=1768 unkSize=0
[DEBUG | dusk] fpcSCtRq_phase_CreateProcess: fpcBs_Create OK proc=0xb400007a191c4fbc
[DEBUG | dusk] [DIAG] fpcSCtRq_phase_Load: procName=705 ret=4
[DEBUG | dusk] fpcSCtRq_phase_CreateProcess: procName=705
[DEBUG | dusk] fpcBs_Create: pid=833 profname=fpcNm_Tag_Mhint_e (705) profile=0x7b61377d30 procSize=1768 unkSize=0
[DEBUG | dusk] fpcSCtRq_phase_CreateProcess: fpcBs_Create OK proc=0xb400007a191c48b4
[DEBUG | dusk] [DIAG] fpcSCtRq_phase_Load: procName=706 ret=4
[DEBUG | dusk] fpcSCtRq_phase_CreateProcess: procName=706
[DEBUG | dusk] fpcBs_Create: pid=834 profname=fpcNm_Tag_Mmsg_e (706) profile=0x7b613a76e8 procSize=1648 unkSize=0
[DEBUG | dusk] fpcSCtRq_phase_CreateProcess: fpcBs_Create OK proc=0xb400007a191c4224
[DEBUG | dusk] [DIAG] fpcSCtRq_phase_Load: procName=705 ret=4
[DEBUG | dusk] fpcSCtRq_phase_CreateProcess: procName=705
[DEBUG | dusk] fpcBs_Create: pid=835 profname=fpcNm_Tag_Mhint_e (705) profile=0x7b61377d30 procSize=1768 unkSize=0
[DEBUG | dusk] fpcSCtRq_phase_CreateProcess: fpcBs_Create OK proc=0xb400007a191c3b1c
[DEBUG | dusk] [DIAG] fpcSCtRq_phase_Load: procName=706 ret=4
[DEBUG | dusk] fpcSCtRq_phase_CreateProcess: procName=706
[DEBUG | dusk] fpcBs_Create: pid=836 profname=fpcNm_Tag_Mmsg_e (706) profile=0x7b613a76e8 procSize=1648 unkSize=0
[DEBUG | dusk] fpcSCtRq_phase_CreateProcess: fpcBs_Create OK proc=0xb400007a191f19d8
[DEBUG | dusk] [DIAG] fpcSCtRq_phase_Load: procName=696 ret=4
[DEBUG | dusk] fpcSCtRq_phase_CreateProcess: procName=696
[DEBUG | dusk] fpcBs_Create: pid=837 profname=fpcNm_KYTAG14_e (696) profile=0x7b61372e28 procSize=1640 unkSize=0
[DEBUG | dusk] fpcSCtRq_phase_CreateProcess: fpcBs_Create OK proc=0xb400007a191c3494
[DEBUG | dusk] [DIAG] fpcSCtRq_phase_Load: procName=82 ret=4
[DEBUG | dusk] fpcSCtRq_phase_CreateProcess: procName=82
[DEBUG | dusk] fpcBs_Create: pid=838 profname=fpcNm_Obj_Digholl_e (82) profile=0x7b613933a0 procSize=1640 unkSize=0
[DEBUG | dusk] fpcSCtRq_phase_CreateProcess: fpcBs_Create OK proc=0xb400007a191c2e0c
[DEBUG | dusk] [DIAG] fpcSCtRq_phase_Load: procName=764 ret=4
[DEBUG | dusk] fpcSCtRq_phase_CreateProcess: procName=764
[DEBUG | dusk] fpcBs_Create: pid=839 profname=fpcNm_Obj_Carry_e (764) profile=0x7b6136f960 procSize=4768 unkSize=0
[DEBUG | dusk] fpcSCtRq_phase_CreateProcess: fpcBs_Create OK proc=0xb400007a191c1b4c
[DEBUG | dusk] [DIAG] fpcSCtRq_phase_Load: procName=764 ret=4
[DEBUG | dusk] fpcSCtRq_phase_CreateProcess: procName=764
[DEBUG | dusk] fpcBs_Create: pid=840 profname=fpcNm_Obj_Carry_e (764) profile=0x7b6136f960 procSize=4768 unkSize=0
[DEBUG | dusk] fpcSCtRq_phase_CreateProcess: fpcBs_Create OK proc=0xb400007a191c088c
[DEBUG | dusk] [DIAG] fpcSCtRq_phase_Load: procName=764 ret=4
[DEBUG | dusk] fpcSCtRq_phase_CreateProcess: procName=764
[DEBUG | dusk] fpcBs_Create: pid=841 profname=fpcNm_Obj_Carry_e (764) profile=0x7b6136f960 procSize=4768 unkSize=0
[DEBUG | dusk] fpcSCtRq_phase_CreateProcess: fpcBs_Create OK proc=0xb400007a191bf5cc
[DEBUG | dusk] [DIAG] fpcSCtRq_phase_Load: procName=764 ret=4
[DEBUG | dusk] fpcSCtRq_phase_CreateProcess: procName=764
[DEBUG | dusk] fpcBs_Create: pid=842 profname=fpcNm_Obj_Carry_e (764) profile=0x7b6136f960 procSize=4768 unkSize=0
[DEBUG | dusk] fpcSCtRq_phase_CreateProcess: fpcBs_Create OK proc=0xb400007a191be30c
[DEBUG | dusk] [DIAG] fpcSCtRq_phase_Load: procName=711 ret=4
[DEBUG | dusk] fpcSCtRq_phase_CreateProcess: procName=711
[DEBUG | dusk] fpcBs_Create: pid=843 profname=fpcNm_Tag_Wljump_e (711) profile=0x7b613a8950 procSize=1768 unkSize=0
[DEBUG | dusk] fpcSCtRq_phase_CreateProcess: fpcBs_Create OK proc=0xb400007a191bdc04
[DEBUG | dusk] [DIAG] fpcSCtRq_phase_Load: procName=283 ret=4
[DEBUG | dusk] fpcSCtRq_phase_CreateProcess: procName=283
[DEBUG | dusk] fpcBs_Create: pid=844 profname=fpcNm_OBJ_KANBAN2_e (283) profile=0x7b61375c80 procSize=3488 unkSize=0
[DEBUG | dusk] fpcSCtRq_phase_CreateProcess: fpcBs_Create OK proc=0xb400007a191bce44
[DEBUG | dusk] [DIAG] fpcSCtRq_phase_Load: procName=283 ret=4
[DEBUG | dusk] fpcSCtRq_phase_CreateProcess: procName=283
[DEBUG | dusk] fpcBs_Create: pid=845 profname=fpcNm_OBJ_KANBAN2_e (283) profile=0x7b61375c80 procSize=3488 unkSize=0
[DEBUG | dusk] fpcSCtRq_phase_CreateProcess: fpcBs_Create OK proc=0xb400007a191bc084
[DEBUG | dusk] [DIAG] fpcSCtRq_phase_Load: procName=283 ret=4
[DEBUG | dusk] fpcSCtRq_phase_CreateProcess: procName=283
[DEBUG | dusk] fpcBs_Create: pid=846 profname=fpcNm_OBJ_KANBAN2_e (283) profile=0x7b61375c80 procSize=3488 unkSize=0
[DEBUG | dusk] fpcSCtRq_phase_CreateProcess: fpcBs_Create OK proc=0xb400007a191bb2c4
[DEBUG | dusk] [DIAG] fpcSCtRq_phase_Load: procName=129 ret=4
[DEBUG | dusk] fpcSCtRq_phase_CreateProcess: procName=129
[DEBUG | dusk] fpcBs_Create: pid=847 profname=fpcNm_Obj_RiderGate_e (129) profile=0x7b6139ede0 procSize=3992 unkSize=0
[DEBUG | dusk] fpcSCtRq_phase_CreateProcess: fpcBs_Create OK proc=0xb400007a191ba30c
[DEBUG | dusk] [DIAG] fpcSCtRq_phase_Load: procName=83 ret=4
[DEBUG | dusk] fpcSCtRq_phase_CreateProcess: procName=83
[DEBUG | dusk] fpcBs_Create: pid=848 profname=fpcNm_Obj_Digpl_e (83) profile=0x7b613757f8 procSize=1712 unkSize=0
[DEBUG | dusk] fpcSCtRq_phase_CreateProcess: fpcBs_Create OK proc=0xb400007a191b9c3c
[DEBUG | dusk] [DIAG] fpcSCtRq_phase_Load: procName=83 ret=4
[DEBUG | dusk] fpcSCtRq_phase_CreateProcess: procName=83
[DEBUG | dusk] fpcBs_Create: pid=849 profname=fpcNm_Obj_Digpl_e (83) profile=0x7b613757f8 procSize=1712 unkSize=0
[DEBUG | dusk] fpcSCtRq_phase_CreateProcess: fpcBs_Create OK proc=0xb400007a191b956c
[DEBUG | dusk] [DIAG] fpcSCtRq_phase_Load: procName=83 ret=4
[DEBUG | dusk] fpcSCtRq_phase_CreateProcess: procName=83
[DEBUG | dusk] fpcBs_Create: pid=850 profname=fpcNm_Obj_Digpl_e (83) profile=0x7b613757f8 procSize=1712 unkSize=0
[DEBUG | dusk] fpcSCtRq_phase_CreateProcess: fpcBs_Create OK proc=0xb400007a191b8e9c
[DEBUG | dusk] [DIAG] fpcSCtRq_phase_Load: procName=83 ret=4
[DEBUG | dusk] fpcSCtRq_phase_CreateProcess: procName=83
[DEBUG | dusk] fpcBs_Create: pid=851 profname=fpcNm_Obj_Digpl_e (83) profile=0x7b613757f8 procSize=1712 unkSize=0
[DEBUG | dusk] fpcSCtRq_phase_CreateProcess: fpcBs_Create OK proc=0xb400007a191b87cc
[DEBUG | dusk] [DIAG] fpcSCtRq_phase_Load: procName=83 ret=4
[DEBUG | dusk] fpcSCtRq_phase_CreateProcess: procName=83
[DEBUG | dusk] fpcBs_Create: pid=852 profname=fpcNm_Obj_Digpl_e (83) profile=0x7b613757f8 procSize=1712 unkSize=0
[DEBUG | dusk] fpcSCtRq_phase_CreateProcess: fpcBs_Create OK proc=0xb400007a191b80fc
[DEBUG | dusk] [DIAG] fpcSCtRq_phase_Load: procName=283 ret=4
[DEBUG | dusk] fpcSCtRq_phase_CreateProcess: procName=283
[DEBUG | dusk] fpcBs_Create: pid=853 profname=fpcNm_OBJ_KANBAN2_e (283) profile=0x7b61375c80 procSize=3488 unkSize=0
[DEBUG | dusk] fpcSCtRq_phase_CreateProcess: fpcBs_Create OK proc=0xb400007a191b733c
[DEBUG | dusk] [DIAG] fpcSCtRq_phase_Load: procName=764 ret=4
[DEBUG | dusk] fpcSCtRq_phase_CreateProcess: procName=764
[DEBUG | dusk] fpcBs_Create: pid=854 profname=fpcNm_Obj_Carry_e (764) profile=0x7b6136f960 procSize=4768 unkSize=0
[DEBUG | dusk] fpcSCtRq_phase_CreateProcess: fpcBs_Create OK proc=0xb400007a191b607c
[DEBUG | dusk] Loading Resource: j_hako_00.bmd (Size: 13312)
[DEBUG | dusk] Loading Resource: j_hako_00.dzb (Size: 608)
[DEBUG | dusk] [DIAG] fpcSCtRq_phase_Load: procName=764 ret=4
[DEBUG | dusk] fpcSCtRq_phase_CreateProcess: procName=764
[DEBUG | dusk] fpcBs_Create: pid=855 profname=fpcNm_Obj_Carry_e (764) profile=0x7b6136f960 procSize=4768 unkSize=0
[DEBUG | dusk] fpcSCtRq_phase_CreateProcess: fpcBs_Create OK proc=0xb400007a191b4dbc
[DEBUG | dusk] [DIAG] fpcSCtRq_phase_Load: procName=696 ret=4
[DEBUG | dusk] fpcSCtRq_phase_CreateProcess: procName=696
[DEBUG | dusk] fpcBs_Create: pid=856 profname=fpcNm_KYTAG14_e (696) profile=0x7b61372e28 procSize=1640 unkSize=0
[DEBUG | dusk] fpcSCtRq_phase_CreateProcess: fpcBs_Create OK proc=0xb400007a191b4734
[DEBUG | dusk] [DIAG] fpcSCtRq_phase_Load: procName=130 ret=4
[DEBUG | dusk] fpcSCtRq_phase_CreateProcess: procName=130
[DEBUG | dusk] fpcBs_Create: pid=857 profname=fpcNm_Obj_Onsen_e (130) profile=0x7b6139daf8 procSize=1736 unkSize=0
[DEBUG | dusk] fpcSCtRq_phase_CreateProcess: fpcBs_Create OK proc=0xb400007a191b404c
[DEBUG | dusk] [DIAG] fpcSCtRq_phase_Load: procName=733 ret=4
[DEBUG | dusk] fpcSCtRq_phase_CreateProcess: procName=733
[DEBUG | dusk] fpcBs_Create: pid=858 profname=fpcNm_SET_BG_OBJ_e (733) profile=0x7b6136ff08 procSize=1664 unkSize=0
[DEBUG | dusk] fpcSCtRq_phase_CreateProcess: fpcBs_Create OK proc=0xb400007a191b39ac
[DEBUG | dusk] [DIAG] fpcSCtRq_phase_Load: procName=592 ret=4
[DEBUG | dusk] fpcSCtRq_phase_CreateProcess: procName=592
[DEBUG | dusk] fpcBs_Create: pid=859 profname=fpcNm_NPC_LEN_e (592) profile=0x7b61388150 procSize=5376 unkSize=0
[DEBUG | dusk] fpcSCtRq_phase_CreateProcess: fpcBs_Create OK proc=0xb400007a191b248c
[DEBUG | dusk] [DIAG] fpcSCtRq_phase_Load: procName=593 ret=4
[DEBUG | dusk] fpcSCtRq_phase_CreateProcess: procName=593
[DEBUG | dusk] fpcBs_Create: pid=860 profname=fpcNm_NPC_LUD_e (593) profile=0x7b613885f8 procSize=5352 unkSize=0
[DEBUG | dusk] fpcSCtRq_phase_CreateProcess: fpcBs_Create OK proc=0xb400007a191b0f84
[DEBUG | dusk] [DIAG] fpcSCtRq_phase_Load: procName=605 ret=4
[DEBUG | dusk] fpcSCtRq_phase_CreateProcess: procName=605
[DEBUG | dusk] fpcBs_Create: pid=861 profname=fpcNm_NPC_KOLIN_e (605) profile=0x7b61374460 procSize=5432 unkSize=0
[DEBUG | dusk] fpcSCtRq_phase_CreateProcess: fpcBs_Create OK proc=0xb400007a191afa2c
[DEBUG | dusk] [DIAG] fpcSCtRq_phase_Load: procName=581 ret=4
[DEBUG | dusk] fpcSCtRq_phase_CreateProcess: procName=581
[DEBUG | dusk] fpcBs_Create: pid=862 profname=fpcNm_NPC_BESU_e (581) profile=0x7b613734a8 procSize=5856 unkSize=0
[DEBUG | dusk] fpcSCtRq_phase_CreateProcess: fpcBs_Create OK proc=0xb400007a191ae32c
[DEBUG | dusk] [DIAG] fpcSCtRq_phase_Load: procName=608 ret=4
[DEBUG | dusk] fpcSCtRq_phase_CreateProcess: procName=608
[DEBUG | dusk] fpcBs_Create: pid=863 profname=fpcNm_NPC_MARO_e (608) profile=0x7b61374a00 procSize=5800 unkSize=0
[DEBUG | dusk] fpcSCtRq_phase_CreateProcess: fpcBs_Create OK proc=0xb400007a191acc64
[DEBUG | dusk] [DIAG] fpcSCtRq_phase_Load: procName=622 ret=4
[DEBUG | dusk] fpcSCtRq_phase_CreateProcess: procName=622
[DEBUG | dusk] fpcBs_Create: pid=864 profname=fpcNm_NPC_TARO_e (622) profile=0x7b61375050 procSize=6104 unkSize=0
[DEBUG | dusk] fpcSCtRq_phase_CreateProcess: fpcBs_Create OK proc=0xb400007a191ab46c
[DEBUG | dusk] [DIAG] fpcSCtRq_phase_Load: procName=592 ret=4
[DEBUG | dusk] fpcSCtRq_phase_CreateProcess: procName=592
[DEBUG | dusk] fpcBs_Create: pid=865 profname=fpcNm_NPC_LEN_e (592) profile=0x7b61388150 procSize=5376 unkSize=0
[DEBUG | dusk] fpcSCtRq_phase_CreateProcess: fpcBs_Create OK proc=0xb400007a191a9f4c
[DEBUG | dusk] [DIAG] fpcSCtRq_phase_Load: procName=696 ret=4
[DEBUG | dusk] fpcSCtRq_phase_CreateProcess: procName=696
[DEBUG | dusk] fpcBs_Create: pid=866 profname=fpcNm_KYTAG14_e (696) profile=0x7b61372e28 procSize=1640 unkSize=0
[DEBUG | dusk] fpcSCtRq_phase_CreateProcess: fpcBs_Create OK proc=0xb400007a191a98c4
[DEBUG | dusk] [DIAG] fpcSCtRq_phase_Load: procName=711 ret=4
[DEBUG | dusk] fpcSCtRq_phase_CreateProcess: procName=711
[DEBUG | dusk] fpcBs_Create: pid=867 profname=fpcNm_Tag_Wljump_e (711) profile=0x7b613a8950 procSize=1768 unkSize=0
[DEBUG | dusk] fpcSCtRq_phase_CreateProcess: fpcBs_Create OK proc=0xb400007a191a91bc
[DEBUG | dusk] [DIAG] fpcSCtRq_phase_Load: procName=83 ret=4
[DEBUG | dusk] fpcSCtRq_phase_CreateProcess: procName=83
[DEBUG | dusk] fpcBs_Create: pid=868 profname=fpcNm_Obj_Digpl_e (83) profile=0x7b613757f8 procSize=1712 unkSize=0
[DEBUG | dusk] fpcSCtRq_phase_CreateProcess: fpcBs_Create OK proc=0xb400007a191a8aec
[DEBUG | dusk] [DIAG] fpcSCtRq_phase_Load: procName=764 ret=4
[DEBUG | dusk] fpcSCtRq_phase_CreateProcess: procName=764
[DEBUG | dusk] fpcBs_Create: pid=869 profname=fpcNm_Obj_Carry_e (764) profile=0x7b6136f960 procSize=4768 unkSize=0
[DEBUG | dusk] fpcSCtRq_phase_CreateProcess: fpcBs_Create OK proc=0xb400007a191a782c
[DEBUG | dusk] [DIAG] fpcSCtRq_phase_Load: procName=764 ret=4
[DEBUG | dusk] fpcSCtRq_phase_CreateProcess: procName=764
[DEBUG | dusk] fpcBs_Create: pid=870 profname=fpcNm_Obj_Carry_e (764) profile=0x7b6136f960 procSize=4768 unkSize=0
[DEBUG | dusk] fpcSCtRq_phase_CreateProcess: fpcBs_Create OK proc=0xb400007a191a656c
[DEBUG | dusk] [DIAG] fpcSCtRq_phase_Load: procName=333 ret=4
[DEBUG | dusk] fpcSCtRq_phase_CreateProcess: procName=333
[DEBUG | dusk] fpcBs_Create: pid=871 profname=fpcNm_Obj_Yobikusa_e (333) profile=0x7b613770c8 procSize=2360 unkSize=0
[DEBUG | dusk] fpcSCtRq_phase_CreateProcess: fpcBs_Create OK proc=0xb400007a191a5c14
[DEBUG | dusk] [DIAG] fpcSCtRq_phase_Load: procName=333 ret=4
[DEBUG | dusk] fpcSCtRq_phase_CreateProcess: procName=333
[DEBUG | dusk] fpcBs_Create: pid=872 profname=fpcNm_Obj_Yobikusa_e (333) profile=0x7b613770c8 procSize=2360 unkSize=0
[DEBUG | dusk] fpcSCtRq_phase_CreateProcess: fpcBs_Create OK proc=0xb400007a191a52bc
[DEBUG | dusk] [DIAG] fpcSCtRq_phase_Load: procName=333 ret=4
[DEBUG | dusk] fpcSCtRq_phase_CreateProcess: procName=333
[DEBUG | dusk] fpcBs_Create: pid=873 profname=fpcNm_Obj_Yobikusa_e (333) profile=0x7b613770c8 procSize=2360 unkSize=0
[DEBUG | dusk] fpcSCtRq_phase_CreateProcess: fpcBs_Create OK proc=0xb400007a191a4964
[DEBUG | dusk] [DIAG] fpcSCtRq_phase_Load: procName=333 ret=4
[DEBUG | dusk] fpcSCtRq_phase_CreateProcess: procName=333
[DEBUG | dusk] fpcBs_Create: pid=874 profname=fpcNm_Obj_Yobikusa_e (333) profile=0x7b613770c8 procSize=2360 unkSize=0
[DEBUG | dusk] fpcSCtRq_phase_CreateProcess: fpcBs_Create OK proc=0xb400007a191a400c
[DEBUG | dusk] [DIAG] fpcSCtRq_phase_Load: procName=788 ret=4
[DEBUG | dusk] fpcSCtRq_phase_CreateProcess: procName=788
[DEBUG | dusk] fpcBs_Create: pid=875 profname=fpcNm_MENUWINDOW_e (788) profile=0x7b61367e20 procSize=592 unkSize=0
[DEBUG | dusk] fpcSCtRq_phase_CreateProcess: fpcBs_Create OK proc=0xb400007a191ef34c
[DEBUG | dusk] [DIAG] fpcSCtRq_phase_Load: procName=787 ret=4
[DEBUG | dusk] fpcSCtRq_phase_CreateProcess: procName=787
[DEBUG | dusk] fpcBs_Create: pid=876 profname=fpcNm_MSG_OBJECT_e (787) profile=0x7b61368a98 procSize=1512 unkSize=0
[DEBUG | dusk] fpcSCtRq_phase_CreateProcess: fpcBs_Create OK proc=0xb400007a191a3a04
[DEBUG | dusk] Loading Resource: al_kantera.bmd (Size: 21024)
[DEBUG | dusk] Loading Resource: ef_ktglow.bmd (Size: 3040)
[DEBUG | dusk] Loading Resource: al.bmd (Size: 176288)
[DEBUG | dusk] Loading Resource: al_bootsh.bmd (Size: 22048)
[DEBUG | dusk] Loading Resource: al_face.bmd (Size: 72576)
[DEBUG | dusk] Loading Resource: al_hands.bmd (Size: 61056)
[DEBUG | dusk] Loading Resource: al_head.bmd (Size: 33851)
[DEBUG | dusk] Loading Resource: al_swb.bmd (Size: 23552)
[DEBUG | dusk] Loading Resource: ef_ktglow.btk (Size: 512)
[DEBUG | dusk] Loading Resource: model0.bmd (Size: 13312)
[DEBUG | dusk] Loading Resource: model1.bmd (Size: 10656)
[DEBUG | dusk] Loading Resource: model0.dzb (Size: 832)
[DEBUG | dusk] Loading Resource: spec.dat (Size: 148)
[DEBUG | dusk] Loading Resource: k_takaraa.bck (Size: 448)
[DEBUG | dusk] Loading Resource: k_takarab.bck (Size: 448)
[DEBUG | dusk] Loading Resource: k_takarab_slow.bck (Size: 448)
[DEBUG | dusk] Loading Resource: boxa.bmd (Size: 22912)
[DEBUG | dusk] Loading Resource: boxb.bmd (Size: 27232)
[DEBUG | dusk] Loading Resource: ef_boxb.bmd (Size: 13504)
[DEBUG | dusk] Loading Resource: k_tboxn.bmd (Size: 2048)
[DEBUG | dusk] Loading Resource: boxa.brk (Size: 416)
[DEBUG | dusk] Loading Resource: ef_boxb.brk (Size: 256)
[DEBUG | dusk] Loading Resource: boxa.btk (Size: 416)
[DEBUG | dusk] Loading Resource: boxac.dzb (Size: 640)
[DEBUG | dusk] Loading Resource: boxao.dzb (Size: 928)
[DEBUG | dusk] Loading Resource: boxbc.dzb (Size: 640)
[DEBUG | dusk] Loading Resource: boxbo.dzb (Size: 928)
[DEBUG | dusk] Loading Resource: event_list.dat (Size: 11912)
[DEBUG | dusk] Loading Resource: j_kanban00.bmd (Size: 11456)
[DEBUG | dusk] Loading Resource: j_kanban00_01.bmd (Size: 2336)
[DEBUG | dusk] Loading Resource: j_kanban00_02.bmd (Size: 2336)
[DEBUG | dusk] Loading Resource: j_kanban00_03.bmd (Size: 2304)
[DEBUG | dusk] Loading Resource: j_kanban00_04.bmd (Size: 2304)
[DEBUG | dusk] Loading Resource: j_kanban00_05.bmd (Size: 2304)
[DEBUG | dusk] Loading Resource: j_kanban00_06.bmd (Size: 2336)
[DEBUG | dusk] Loading Resource: j_kanban00_07.bmd (Size: 2336)
[DEBUG | dusk] Loading Resource: j_kanban00_08.bmd (Size: 2336)
[DEBUG | dusk] Loading Resource: j_kanban00_09.bmd (Size: 2400)
[DEBUG | dusk] Loading Resource: j_kanban00_10.bmd (Size: 2400)
[DEBUG | dusk] Loading Resource: j_kanban00_11.bmd (Size: 2368)
[DEBUG | dusk] Loading Resource: j_kanban00_12.bmd (Size: 2368)
[DEBUG | dusk] Loading Resource: j_kanban00_13.bmd (Size: 2368)
[DEBUG | dusk] Loading Resource: j_kanban00_14.bmd (Size: 2368)
[DEBUG | dusk] Loading Resource: j_kanban00_15.bmd (Size: 2368)
[DEBUG | dusk] Loading Resource: j_kanban00_16.bmd (Size: 2368)
[DEBUG | dusk] Loading Resource: j_kanban00_17.bmd (Size: 2400)
[DEBUG | dusk] Loading Resource: j_kanban00_18.bmd (Size: 2400)
[DEBUG | dusk] Loading Resource: m_ridergate.bmd (Size: 24544)
[DEBUG | dusk] Loading Resource: m_ridergate_hook.bmd (Size: 3648)
[DEBUG | dusk] Loading Resource: m_ridergate_key.bmd (Size: 3232)
[DEBUG | dusk] Loading Resource: m_ridergate.dzb (Size: 672)
[DEBUG | dusk] Loading Resource: event_list.dat (Size: 2020)
[DEBUG | dusk] Loading Resource: h_kakaonsen.bmd (Size: 3488)
[DEBUG | dusk] Loading Resource: h_kakaonsenb.bmd (Size: 3616)
[DEBUG | dusk] Loading Resource: h_kakaonsenb.btk (Size: 320)
[DEBUG | dusk] Loading Resource: h_kakaonsen.dzb (Size: 1280)
[DEBUG | dusk] Loading Resource: model0.bmd (Size: 20864)
[DEBUG | dusk] Loading Resource: model0.dzb (Size: 9344)
[DEBUG | dusk] Loading Resource: spec.dat (Size: 8)
[DEBUG | dusk] Loading Resource: len_f_talk_a.bck (Size: 2848)
[DEBUG | dusk] Loading Resource: len_step.bck (Size: 3744)
[DEBUG | dusk] Loading Resource: len_wait_a.bck (Size: 3616)
[DEBUG | dusk] Loading Resource: len.bmd (Size: 140032)
[DEBUG | dusk] Loading Resource: len.btk (Size: 256)
[DEBUG | dusk] Loading Resource: len.btp (Size: 128)
[DEBUG | dusk] Loading Resource: len_dislike_a.bck (Size: 3744)
[DEBUG | dusk] Loading Resource: len_dislike_b.bck (Size: 3552)
[DEBUG | dusk] Loading Resource: len_evade_a.bck (Size: 5216)
[DEBUG | dusk] Loading Resource: len_evade_b.bck (Size: 3840)
[DEBUG | dusk] Loading Resource: len_evade_c.bck (Size: 3808)
[DEBUG | dusk] Loading Resource: len_f_dislike_a.bck (Size: 3776)
[DEBUG | dusk] Loading Resource: len_f_dislike_b.bck (Size: 2976)
[DEBUG | dusk] Loading Resource: len_f_evade_a.bck (Size: 3104)
[DEBUG | dusk] Loading Resource: len_f_talk_b.bck (Size: 3040)
[DEBUG | dusk] Loading Resource: len_f_talk_c.bck (Size: 3136)
[DEBUG | dusk] Loading Resource: len_f_talk_d.bck (Size: 3168)
[DEBUG | dusk] Loading Resource: len_f_wait_bc_connect.bck (Size: 2752)
[DEBUG | dusk] Loading Resource: len_f_wait_c.bck (Size: 3680)
[DEBUG | dusk] Loading Resource: len_f_wait_d.bck (Size: 2400)
[DEBUG | dusk] Loading Resource: len_f_wait_e.bck (Size: 2688)
[DEBUG | dusk] Loading Resource: len_fh_dislike_b.bck (Size: 2592)
[DEBUG | dusk] Loading Resource: len_fh_evade_b.bck (Size: 2368)
[DEBUG | dusk] Loading Resource: len_fh_talk_c.bck (Size: 2368)
[DEBUG | dusk] Loading Resource: len_fh_talk_d.bck (Size: 2368)
[DEBUG | dusk] Loading Resource: len_fh_wait_c.bck (Size: 2368)
[DEBUG | dusk] Loading Resource: len_fh_wait_d.bck (Size: 2368)
[DEBUG | dusk] Loading Resource: len_talk_a.bck (Size: 5920)
[DEBUG | dusk] Loading Resource: len_talk_c.bck (Size: 7744)
[DEBUG | dusk] Loading Resource: len_wait_b.bck (Size: 4096)
[DEBUG | dusk] Loading Resource: len_wait_bc_connect.bck (Size: 4064)
[DEBUG | dusk] Loading Resource: len_wait_c.bck (Size: 4192)
[DEBUG | dusk] Loading Resource: len_wait_d.bck (Size: 3840)
[DEBUG | dusk] Loading Resource: len_wait_e.bck (Size: 3968)
[DEBUG | dusk] Loading Resource: len_walk_a.bck (Size: 5440)
[DEBUG | dusk] Loading Resource: len_f_dislike_a.btk (Size: 480)
[DEBUG | dusk] Loading Resource: len_f_dislike_b.btk (Size: 640)
[DEBUG | dusk] Loading Resource: len_fh_dislike_b.btk (Size: 288)
[DEBUG | dusk] Loading Resource: len_f_dislike_a.btp (Size: 288)
[DEBUG | dusk] Loading Resource: len_f_dislike_b.btp (Size: 288)
[DEBUG | dusk] Loading Resource: len_f_evade_a.btp (Size: 288)
[DEBUG | dusk] Loading Resource: len_f_talk_c.btp (Size: 288)
[DEBUG | dusk] Loading Resource: len_f_talk_d.btp (Size: 288)
[DEBUG | dusk] Loading Resource: len_f_wait_c.btp (Size: 288)
[DEBUG | dusk] Loading Resource: len_fh_talk_c.btp (Size: 96)
[DEBUG | dusk] Loading Resource: len_fh_talk_d.btp (Size: 96)
[DEBUG | dusk] Loading Resource: len_fh_wait_c.btp (Size: 96)
[DEBUG | dusk] Loading Resource: event_list.dat (Size: 7916)
[DEBUG | dusk] Loading Resource: lud_f_talk_a.bck (Size: 2688)
[DEBUG | dusk] Loading Resource: lud_step.bck (Size: 3104)
[DEBUG | dusk] Loading Resource: lud_wait_a.bck (Size: 3520)
[DEBUG | dusk] Loading Resource: lud.bmd (Size: 141984)
[DEBUG | dusk] Loading Resource: lud.btk (Size: 256)
[DEBUG | dusk] Loading Resource: lud.btp (Size: 128)
[DEBUG | dusk] Loading Resource: lud_f_fear_a.bck (Size: 2688)
[DEBUG | dusk] Loading Resource: lud_fear_a.bck (Size: 12000)
[DEBUG | dusk] Loading Resource: lud_talk_a.bck (Size: 5760)
[DEBUG | dusk] Loading Resource: lud_talk_b.bck (Size: 4544)
[DEBUG | dusk] Loading Resource: lud_f_fear_a.btp (Size: 288)
[DEBUG | dusk] Loading Resource: kolin_f_talk_a.bck (Size: 2368)
[DEBUG | dusk] Loading Resource: kolin_step.bck (Size: 3680)
[DEBUG | dusk] Loading Resource: kolin_wait_a.bck (Size: 2784)
[DEBUG | dusk] Loading Resource: kolin.bmd (Size: 118848)
[DEBUG | dusk] Loading Resource: kolin.btk (Size: 256)
[DEBUG | dusk] Loading Resource: kolin.btp (Size: 128)
[DEBUG | dusk] Loading Resource: kolin_f_talk_a.btp (Size: 288)
[DEBUG | dusk] Loading Resource: kolin_clup.bck (Size: 10016)
[DEBUG | dusk] Loading Resource: kolin_f_clup.bck (Size: 2752)
[DEBUG | dusk] Loading Resource: kolin_f_happy_talk.bck (Size: 2080)
[DEBUG | dusk] Loading Resource: kolin_f_kizuku.bck (Size: 2368)
[DEBUG | dusk] Loading Resource: kolin_f_normal_talk.bck (Size: 3232)
[DEBUG | dusk] Loading Resource: kolin_f_stone.bck (Size: 1984)
[DEBUG | dusk] Loading Resource: kolin_f_walk_a.bck (Size: 1792)
[DEBUG | dusk] Loading Resource: kolin_fh_kizuku.bck (Size: 1760)
[DEBUG | dusk] Loading Resource: kolin_fh_normal_talk.bck (Size: 1792)
[DEBUG | dusk] Loading Resource: kolin_fh_wait_d.bck (Size: 1792)
[DEBUG | dusk] Loading Resource: kolin_haihai.bck (Size: 4928)
[DEBUG | dusk] Loading Resource: kolin_happy_talk.bck (Size: 3168)
[DEBUG | dusk] Loading Resource: kolin_happy_wait.bck (Size: 2432)
[DEBUG | dusk] Loading Resource: kolin_normal_talk.bck (Size: 5632)
[DEBUG | dusk] Loading Resource: kolin_nozoku.bck (Size: 6560)
[DEBUG | dusk] Loading Resource: kolin_run.bck (Size: 5312)
[DEBUG | dusk] Loading Resource: kolin_stone.bck (Size: 5472)
[DEBUG | dusk] Loading Resource: kolin_talk_a.bck (Size: 4608)
[DEBUG | dusk] Loading Resource: kolin_turn.bck (Size: 4864)
[DEBUG | dusk] Loading Resource: kolin_wait_b.bck (Size: 4896)
[DEBUG | dusk] Loading Resource: kolin_wait_c.bck (Size: 2720)
[DEBUG | dusk] Loading Resource: kolin_wait_d.bck (Size: 3104)
[DEBUG | dusk] Loading Resource: kolin_walk_a.bck (Size: 5632)
[DEBUG | dusk] Loading Resource: kolin_walk_b.bck (Size: 4288)
[DEBUG | dusk] Loading Resource: kolin_clup.btk (Size: 288)
[DEBUG | dusk] Loading Resource: kolin_nozoku.btk (Size: 256)
[DEBUG | dusk] Loading Resource: kolin_stone.btk (Size: 288)
[DEBUG | dusk] Loading Resource: kolin_walk_a.btk (Size: 256)
[DEBUG | dusk] Loading Resource: kolin_f_clup.btp (Size: 256)
[DEBUG | dusk] Loading Resource: kolin_f_kizuku.btp (Size: 160)
[DEBUG | dusk] Loading Resource: kolin_f_stone.btp (Size: 192)
[DEBUG | dusk] Loading Resource: kolin_f_walk_a.btp (Size: 96)
[DEBUG | dusk] Loading Resource: kolin_fh_wait_d.btp (Size: 96)
[DEBUG | dusk] Loading Resource: event_list.dat (Size: 19728)
[DEBUG | dusk] Loading Resource: besu_body_talk.bck (Size: 4288)
[DEBUG | dusk] Loading Resource: besu_body_wait.bck (Size: 2496)
[DEBUG | dusk] Loading Resource: besu_f_talk_c.bck (Size: 2016)
[DEBUG | dusk] Loading Resource: besu_f_yokeru.bck (Size: 1536)
[DEBUG | dusk] Loading Resource: besu_fh_bikkuri.bck (Size: 1536)
[DEBUG | dusk] Loading Resource: besu_mad.bck (Size: 4320)
[DEBUG | dusk] Loading Resource: besu_mad_wait.bck (Size: 2560)
[DEBUG | dusk] Loading Resource: besu_normal_step.bck (Size: 3072)
[DEBUG | dusk] Loading Resource: besu_normal_talk.bck (Size: 4416)
[DEBUG | dusk] Loading Resource: besu_normal_talk_b.bck (Size: 4064)
[DEBUG | dusk] Loading Resource: besu_normal_wait.bck (Size: 2496)
[DEBUG | dusk] Loading Resource: besu_step.bck (Size: 2976)
[DEBUG | dusk] Loading Resource: besu_wait_a.bck (Size: 2560)
[DEBUG | dusk] Loading Resource: besu_wait_c.bck (Size: 2080)
[DEBUG | dusk] Loading Resource: besu_yokeru.bck (Size: 3296)
[DEBUG | dusk] Loading Resource: besu.btk (Size: 256)
[DEBUG | dusk] Loading Resource: besu.btp (Size: 128)
[DEBUG | dusk] Loading Resource: besu_f_yokeru.btp (Size: 160)
[DEBUG | dusk] Loading Resource: besu_fh_bikkuri.btp (Size: 160)
[DEBUG | dusk] Loading Resource: besu_f_madtalk.bck (Size: 2144)
[DEBUG | dusk] Loading Resource: besu_f_talk_a.bck (Size: 2080)
[DEBUG | dusk] Loading Resource: besu_f_talk_b.bck (Size: 2400)
[DEBUG | dusk] Loading Resource: besu_f_wait_b.bck (Size: 1504)
[DEBUG | dusk] Loading Resource: besu_fh_madtalk.bck (Size: 1472)
[DEBUG | dusk] Loading Resource: besu_fh_talk_a.bck (Size: 1504)
[DEBUG | dusk] Loading Resource: besu_fh_talk_b.bck (Size: 1568)
[DEBUG | dusk] Loading Resource: besu_run.bck (Size: 4288)
[DEBUG | dusk] Loading Resource: besu_talk_a.bck (Size: 11136)
[DEBUG | dusk] Loading Resource: besu_talk_b.bck (Size: 6176)
[DEBUG | dusk] Loading Resource: besu_wait_b.bck (Size: 2656)
[DEBUG | dusk] Loading Resource: besu_f_madtalk.btp (Size: 288)
[DEBUG | dusk] Loading Resource: besu_f_talk_a.btp (Size: 288)
[DEBUG | dusk] Loading Resource: besu_f_talk_b.btp (Size: 288)
[DEBUG | dusk] Loading Resource: besu_f_wait_b.btp (Size: 96)
[DEBUG | dusk] Loading Resource: besu_fh_madtalk.btp (Size: 96)
[DEBUG | dusk] Loading Resource: besu_fh_talk_a.btp (Size: 96)
[DEBUG | dusk] Loading Resource: besu_fh_talk_b.btp (Size: 96)
[DEBUG | dusk] Loading Resource: event_list.dat (Size: 11492)
[DEBUG | dusk] Loading Resource: besu3_f_worry.bck (Size: 1952)
[DEBUG | dusk] Loading Resource: besu3_fh_worry.bck (Size: 1504)
[DEBUG | dusk] Loading Resource: besu_f_suprise.bck (Size: 2432)
[DEBUG | dusk] Loading Resource: besu_fh_surprise.bck (Size: 1600)
[DEBUG | dusk] Loading Resource: besu_surprise.bck (Size: 3520)
[DEBUG | dusk] Loading Resource: besu3.bmd (Size: 132032)
[DEBUG | dusk] Loading Resource: besu_surprise.btk (Size: 256)
[DEBUG | dusk] Loading Resource: besu3.btp (Size: 128)
[DEBUG | dusk] Loading Resource: besu3_f_surprise.btp (Size: 288)
[DEBUG | dusk] Loading Resource: besu3_f_worry.btp (Size: 288)
[DEBUG | dusk] Loading Resource: besu3_fh_surprise.btp (Size: 256)
[DEBUG | dusk] Loading Resource: besu3_fh_worry.btp (Size: 96)
[DEBUG | dusk] Loading Resource: event_list.dat (Size: 2776)
[DEBUG | dusk] Loading Resource: maro_f_talk_a.bck (Size: 1824)
[DEBUG | dusk] Loading Resource: maro_step.bck (Size: 3456)
[DEBUG | dusk] Loading Resource: maro_wait_a.bck (Size: 2624)
[DEBUG | dusk] Loading Resource: maro.bmd (Size: 106624)
[DEBUG | dusk] Loading Resource: maro.btk (Size: 256)
[DEBUG | dusk] Loading Resource: maro.btp (Size: 128)
[DEBUG | dusk] Loading Resource: maro_f_talk_a.btp (Size: 224)
[DEBUG | dusk] Loading Resource: maro_f_surprise.bck (Size: 1696)
[DEBUG | dusk] Loading Resource: maro_f_talk_b.bck (Size: 1696)
[DEBUG | dusk] Loading Resource: maro_f_talk_c.bck (Size: 1696)
[DEBUG | dusk] Loading Resource: maro_fh_surprise.bck (Size: 1536)
[DEBUG | dusk] Loading Resource: maro_run.bck (Size: 3968)
[DEBUG | dusk] Loading Resource: maro_stop.bck (Size: 3968)
[DEBUG | dusk] Loading Resource: maro_talk_a.bck (Size: 3200)
[DEBUG | dusk] Loading Resource: maro_talk_b.bck (Size: 5888)
[DEBUG | dusk] Loading Resource: maro_talk_c.bck (Size: 11296)
[DEBUG | dusk] Loading Resource: maro_talk_b.btk (Size: 256)
[DEBUG | dusk] Loading Resource: maro_talk_c.btk (Size: 256)
[DEBUG | dusk] Loading Resource: maro_f_surprise.btp (Size: 192)
[DEBUG | dusk] Loading Resource: maro_f_talk_b.btp (Size: 288)
[DEBUG | dusk] Loading Resource: maro_f_talk_c.btp (Size: 320)
[DEBUG | dusk] Loading Resource: maro_fh_surprise.btp (Size: 96)
[DEBUG | dusk] Loading Resource: event_list.dat (Size: 4392)
[DEBUG | dusk] Loading Resource: taro.bmd (Size: 117440)
[DEBUG | dusk] Loading Resource: taro_f_normal.btp (Size: 128)
[DEBUG | dusk] Loading Resource: taro_defense_a.bck (Size: 3328)
[DEBUG | dusk] Loading Resource: taro_f_close.bck (Size: 1792)
[DEBUG | dusk] Loading Resource: taro_f_normal.bck (Size: 2496)
[DEBUG | dusk] Loading Resource: taro_step.bck (Size: 2944)
[DEBUG | dusk] Loading Resource: taro_wait_a.bck (Size: 2912)
[DEBUG | dusk] Loading Resource: taro.btk (Size: 256)
[DEBUG | dusk] Loading Resource: taro_f_close.btp (Size: 160)
[DEBUG | dusk] Loading Resource: taro_chop_a.bck (Size: 9856)
[DEBUG | dusk] Loading Resource: taro_chop_b.bck (Size: 8480)
[DEBUG | dusk] Loading Resource: taro_f_panic.bck (Size: 2368)
[DEBUG | dusk] Loading Resource: taro_f_s_get.bck (Size: 2176)
[DEBUG | dusk] Loading Resource: taro_f_sad.bck (Size: 2112)
[DEBUG | dusk] Loading Resource: taro_f_shout.bck (Size: 1952)
[DEBUG | dusk] Loading Resource: taro_f_surprise.bck (Size: 1792)
[DEBUG | dusk] Loading Resource: taro_fh_panic.bck (Size: 1664)
[DEBUG | dusk] Loading Resource: taro_fh_sad.bck (Size: 1664)
[DEBUG | dusk] Loading Resource: taro_fh_surprise.bck (Size: 1696)
[DEBUG | dusk] Loading Resource: taro_run.bck (Size: 5152)
[DEBUG | dusk] Loading Resource: taro_s_chop_a.bck (Size: 13504)
[DEBUG | dusk] Loading Resource: taro_s_chop_b.bck (Size: 14592)
[DEBUG | dusk] Loading Resource: taro_s_get.bck (Size: 16864)
[DEBUG | dusk] Loading Resource: taro_s_run.bck (Size: 5184)
[DEBUG | dusk] Loading Resource: taro_s_wait.bck (Size: 3648)
[DEBUG | dusk] Loading Resource: taro_talk_a.bck (Size: 6496)
[DEBUG | dusk] Loading Resource: taro_talk_b.bck (Size: 3616)
[DEBUG | dusk] Loading Resource: taro_wait_b.bck (Size: 4640)
[DEBUG | dusk] Loading Resource: taro_wait_d.bck (Size: 3488)
[DEBUG | dusk] Loading Resource: taro_wait_e.bck (Size: 5408)
[DEBUG | dusk] Loading Resource: taro_wait_f.bck (Size: 2944)
[DEBUG | dusk] Loading Resource: taro_stick_a.bmd (Size: 14688)
[DEBUG | dusk] Loading Resource: taro_swb.bmd (Size: 21664)
[DEBUG | dusk] Loading Resource: taro_s_get.btk (Size: 512)
[DEBUG | dusk] Loading Resource: taro_talk_c.btk (Size: 384)
[DEBUG | dusk] Loading Resource: taro_talk_e.btk (Size: 256)
[DEBUG | dusk] Loading Resource: taro_tark_d.btk (Size: 448)
[DEBUG | dusk] Loading Resource: taro_f_panic.btp (Size: 288)
[DEBUG | dusk] Loading Resource: taro_f_s_get.btp (Size: 320)
[DEBUG | dusk] Loading Resource: taro_f_sad.btp (Size: 288)
[DEBUG | dusk] Loading Resource: taro_f_shout.btp (Size: 192)
[DEBUG | dusk] Loading Resource: taro_f_surprise.btp (Size: 160)
[DEBUG | dusk] Loading Resource: taro_fh_panic.btp (Size: 96)
[DEBUG | dusk] Loading Resource: taro_fh_sad.btp (Size: 96)
[DEBUG | dusk] Loading Resource: taro_fh_surprise.btp (Size: 224)
[DEBUG | dusk] Loading Resource: event_list.dat (Size: 66960)
[DEBUG | dusk] Loading Resource: taro_f_anger.bck (Size: 2208)
[DEBUG | dusk] Loading Resource: taro_f_smile.bck (Size: 2144)
[DEBUG | dusk] Loading Resource: taro_fh_anger.bck (Size: 1632)
[DEBUG | dusk] Loading Resource: taro_fh_smile.bck (Size: 1632)
[DEBUG | dusk] Loading Resource: taro_to_wait_c.bck (Size: 3744)
[DEBUG | dusk] Loading Resource: taro_victory_a.bck (Size: 6048)
[DEBUG | dusk] Loading Resource: taro_wait_c.bck (Size: 3008)
[DEBUG | dusk] Loading Resource: taro_f_anger.btp (Size: 288)
[DEBUG | dusk] Loading Resource: taro_f_smile.btp (Size: 288)
[DEBUG | dusk] Loading Resource: taro_fh_smile.btp (Size: 96)
[DEBUG | dusk] Loading Resource: al_umakusa.bmd (Size: 5984)
[DEBUG | dusk] Loading Resource: j_umakusa.bmd (Size: 13152)
[DEBUG | dusk] Loading Resource: j_umakusa_c.bmd (Size: 9536)
[DEBUG | dusk] [DIAG] fpcSCtRq_phase_Load: procName=734 ret=4
[DEBUG | dusk] fpcSCtRq_phase_CreateProcess: procName=734
[DEBUG | dusk] fpcBs_Create: pid=877 profname=fpcNm_BG_OBJ_e (734) profile=0x7b6136e4d8 procSize=4344 unkSize=0
[DEBUG | dusk] fpcSCtRq_phase_CreateProcess: fpcBs_Create OK proc=0xb400007a191a28ec
[DEBUG | dusk] fpcBs_Create: pid=882 profname=fpcNm_Tag_Attp_e (346) profile=0x7b61371d00 procSize=1632 unkSize=0
[DEBUG | dusk] [DIAG] fpcSCtRq_phase_Load: procName=734 ret=4
[DEBUG | dusk] fpcSCtRq_phase_CreateProcess: procName=734
[DEBUG | dusk] fpcBs_Create: pid=878 profname=fpcNm_BG_OBJ_e (734) profile=0x7b6136e4d8 procSize=4344 unkSize=0
[DEBUG | dusk] fpcSCtRq_phase_CreateProcess: fpcBs_Create OK proc=0xb400007a191a17d4
[DEBUG | dusk] fpcBs_Create: pid=884 profname=fpcNm_Tag_Attp_e (346) profile=0x7b61371d00 procSize=1632 unkSize=0
[DEBUG | dusk] [DIAG] fpcSCtRq_phase_Load: procName=734 ret=4
[DEBUG | dusk] fpcSCtRq_phase_CreateProcess: procName=734
[DEBUG | dusk] fpcBs_Create: pid=879 profname=fpcNm_BG_OBJ_e (734) profile=0x7b6136e4d8 procSize=4344 unkSize=0
[DEBUG | dusk] fpcSCtRq_phase_CreateProcess: fpcBs_Create OK proc=0xb400007a191a06bc
[DEBUG | dusk] fpcBs_Create: pid=886 profname=fpcNm_Tag_Attp_e (346) profile=0x7b61371d00 procSize=1632 unkSize=0
[DEBUG | dusk] [DIAG] fpcSCtRq_phase_Load: procName=734 ret=4
[DEBUG | dusk] fpcSCtRq_phase_CreateProcess: procName=734
[DEBUG | dusk] fpcBs_Create: pid=880 profname=fpcNm_BG_OBJ_e (734) profile=0x7b6136e4d8 procSize=4344 unkSize=0
[DEBUG | dusk] fpcSCtRq_phase_CreateProcess: fpcBs_Create OK proc=0xb400007a1919ef24
[DEBUG | dusk] Loading Resource: al_shb.bmd (Size: 15040)
[DEBUG | dusk] [DIAG] fpcSCtRq_phase_Load: procName=255 ret=4
[DEBUG | dusk] fpcSCtRq_phase_CreateProcess: procName=255
[DEBUG | dusk] fpcBs_Create: pid=887 profname=fpcNm_MIDNA_e (255) profile=0x7b61371698 procSize=3360 unkSize=0
[DEBUG | dusk] fpcSCtRq_phase_CreateProcess: fpcBs_Create OK proc=0xb400007a191f64ac
[DEBUG | dusk] Loading Resource: s_md_hands.bmd (Size: 19776)
[DEBUG | dusk] Loading Resource: s_md_mask.bmd (Size: 15424)
[DEBUG | dusk] Loading Resource: s_md_gokou.bmd (Size: 3008)
[DEBUG | dusk] Loading Resource: s_md.bmd (Size: 69984)
[DEBUG | dusk] Loading Resource: s_md_hair_hand.bmd (Size: 18944)
[DEBUG | dusk] Loading Resource: s_md_appear.brk (Size: 352)
[DEBUG | dusk] Loading Resource: s_md_gokou_appear.brk (Size: 256)
[DEBUG | dusk] Loading Resource: s_md_hair_hand_appear.brk (Size: 288)
[DEBUG | dusk] Loading Resource: s_md_mask_appear.brk (Size: 256)
[DEBUG | dusk] Loading Resource: s_md_hair_hand_moya.btk (Size: 544)
[DEBUG | dusk] Loading Resource: s_md_hands_moya.btk (Size: 608)
[DEBUG | dusk] Loading Resource: s_md_mask_moya.btk (Size: 320)
[DEBUG | dusk] Loading Resource: s_md_moya.btk (Size: 512)
[DEBUG | dusk] frameInterp: onTypeChange 41 -> 40 (event_type_id=40, leaving_event=false, entering_event=true)
[DEBUG | dusk] frameInterp: presentation sync not requested for ZEV event [CURRENT] (staff idx 25)
[DEBUG | dusk] frameInterp: onTypeChange 40 -> 41 (event_type_id=40, leaving_event=true,
==================== APPLICATION CRASHED ====================
Build:       v2.0.3 (HEAD)
Revision:    f39afb4994aeb85e1f4524f40f32d6bb03808749  Date: Wed Sep 30 08:33:18 2026 -0500  Type: RelWithDebInfo
Platform:    android / arm64
Module:      /data/app/~~WocI3F2KC5-rXMhQ_U-q9g==/dev.twilitrealm.dusk-282FaW02jVrT9CbcoJTqeg==/base.apk!/lib/arm64-v8a/libmain.so
Module base: 0x7b5ee23000
Build-ID:    3021f75aced6da670bbefc9c2e3c1463afcafeb9
Reason:      SIGABRT (abort)
Fault addr:  0x286e00001cb8
Crash PC:    0x7e08160158 module_base=0x7e08100000 image_size=0xff250 rva=0x60158 module="/apex/com.android.runtime/lib64/bionic/libc.so" build_id=a20a70e70c441395f47417211b62894c
Backtrace:
#00 abs=0x7e08160158 module_base=0x7e08100000 image_size=0xff250 rva=0x60158 module="/apex/com.android.runtime/lib64/bionic/libc.so" build_id=a20a70e70c441395f47417211b62894c abort+0xac
#01 abs=0x7fe4fb604ddc7c module_base=0x7b5ee23000 rva=0x7fe480016bac7c module="/data/app/~~WocI3F2KC5-rXMhQ_U-q9g==/dev.twilitrealm.dusk-282FaW02jVrT9CbcoJTqeg==/base.apk!/lib/arm64-v8a/libmain.so" build_id=3021f75aced6da670bbefc9c2e3c1463afcafeb9
#02 abs=0x7b604dba04 module_base=0x7b5ee23000 image_size=0x2dd26b8 rva=0x16b8a04 module="/data/app/~~WocI3F2KC5-rXMhQ_U-q9g==/dev.twilitrealm.dusk-282FaW02jVrT9CbcoJTqeg==/base.apk!/lib/arm64-v8a/libmain.so" build_id=3021f75aced6da670bbefc9c2e3c1463afcafeb9
#03 abs=0x7b6050cdb8 module_base=0x7b5ee23000 image_size=0x2dd26b8 rva=0x16e9db8 module="/data/app/~~WocI3F2KC5-rXMhQ_U-q9g==/dev.twilitrealm.dusk-282FaW02jVrT9CbcoJTqeg==/base.apk!/lib/arm64-v8a/libmain.so" build_id=3021f75aced6da670bbefc9c2e3c1463afcafeb9
#04 abs=0x7b6050bd1c module_base=0x7b5ee23000 image_size=0x2dd26b8 rva=0x16e8d1c module="/data/app/~~WocI3F2KC5-rXMhQ_U-q9g==/dev.twilitrealm.dusk-282FaW02jVrT9CbcoJTqeg==/base.apk!/lib/arm64-v8a/libmain.so" build_id=3021f75aced6da670bbefc9c2e3c1463afcafeb9
#05 abs=0x7b6050ae8c module_base=0x7b5ee23000 image_size=0x2dd26b8 rva=0x16e7e8c module="/data/app/~~WocI3F2KC5-rXMhQ_U-q9g==/dev.twilitrealm.dusk-282FaW02jVrT9CbcoJTqeg==/base.apk!/lib/arm64-v8a/libmain.so" build_id=3021f75aced6da670bbefc9c2e3c1463afcafeb9
#06 abs=0x7b6050abec module_base=0x7b5ee23000 image_size=0x2dd26b8 rva=0x16e7bec module="/data/app/~~WocI3F2KC5-rXMhQ_U-q9g==/dev.twilitrealm.dusk-282FaW02jVrT9CbcoJTqeg==/base.apk!/lib/arm64-v8a/libmain.so" build_id=3021f75aced6da670bbefc9c2e3c1463afcafeb9
#07 abs=0x7b6050b4e8 module_base=0x7b5ee23000 image_size=0x2dd26b8 rva=0x16e84e8 module="/data/app/~~WocI3F2KC5-rXMhQ_U-q9g==/dev.twilitrealm.dusk-282FaW02jVrT9CbcoJTqeg==/base.apk!/lib/arm64-v8a/libmain.so" build_id=3021f75aced6da670bbefc9c2e3c1463afcafeb9
#08 abs=0x7e08171b40 module_base=0x7e08100000 image_size=0xff250 rva=0x71b40 module="/apex/com.android.runtime/lib64/bionic/libc.so" build_id=a20a70e70c441395f47417211b62894c
#09 abs=0x7e08163c3c module_base=0x7e08100000 image_size=0xff250 rva=0x63c3c module="/apex/com.android.runtime/lib64/bionic/libc.so" build_id=a20a70e70c441395f47417211b62894c
#10 abs=0x44970000000000 module_base=0x7b5ee23000 rva=0x449684a11dd000 module="/data/app/~~WocI3F2KC5-rXMhQ_U-q9g==/dev.twilitrealm.dusk-282FaW02jVrT9CbcoJTqeg==/base.apk!/lib/arm64-v8a/libmain.so" build_id=3021f75aced6da670bbefc9c2e3c1463afcafeb9
========================================================
