[INFO | borealis::log] File logging initialized
[INFO | dusk] Build: v2.0.3 (rev f39afb4994aeb85e1f4524f40f32d6bb03808749, built Wed Sep 30 08:33:18 2026 -0500, type RelWithDebInfo)
[INFO | dusk] Platform: android
[INFO | dusk::config] Loading config from '/data/data/dev.twilitrealm.dusk/files/config.json'
[INFO | aurora] Aurora initializing
[INFO | aurora::system_info] CPU model: Unknown
[INFO | aurora::system_info] Memory: 15140 MiB
[INFO | aurora::system_info] Architecture: aarch64
[ERROR | aurora::system_info] Failed to open /etc/os-release or /usr/lib/os-release
[INFO | aurora::system_info] OS: Unknown
[INFO | aurora::gpu] Creating WebGPU instance
[INFO | aurora::gpu] Attempting to initialize Vulkan
[INFO | aurora::gpu] Requesting adapter
  Feature level: Compatibility
  Power preference: HighPerformance
  Backend: Vulkan
  Compatible surface: true
[INFO | aurora::gpu] Graphics adapter information
  API: Vulkan
  Device: Adreno (TM) 830 (IntegratedGPU)
  Driver: Qualcomm Technologies Inc. Adreno Vulkan Driver: Driver Build: 3967b80d3b, Ica4ce9bea6, 1770914544
Date: 02/12/26
Compiler Version: E031.47.18.49
Driver Branch: 
 512.800.72
[INFO | aurora::gpu] Using limits:
  maxTextureDimension1D: 16384
  maxTextureDimension2D: 16384
  maxTextureDimension3D: 2048
  maxTextureArrayLayers: 2048
  maxStorageBuffersPerShaderStage: 2
  minUniformBufferOffsetAlignment: 256
  minStorageBufferOffsetAlignment: 64
  maxImmediateSize: 64
[INFO | aurora::gpu] Enabling features: 
  CoreFeaturesAndLimits
  TextureCompressionBC
  TextureCompressionASTC
  DualSourceBlending
  TextureComponentSwizzle
[DEBUG | aurora::gpu::cache] SQLite version 3.51.3
[DEBUG | aurora::gpu::cache] Using dawn cache at /data/data/dev.twilitrealm.dusk/files/dawn_cache.db
[DEBUG | aurora::gpu::cache] SQLite cache init succeeded
[INFO | aurora::gpu] Using surface format RGBA8Unorm, present mode Fifo
[INFO | aurora::gfx::pipeline_cache] No bundled initial pipeline cache found at './initial_pipeline_cache.db'
[INFO | aurora] Using framebuffer size 1920x1080 scale 2.30625
[WARNING | aurora::texture] texture_replacement: failed to load texture TextureReplacement tex1_128x64_6b0c0e381e32c091_14.dds because 45x22 is not aligned to 4x4 texel blocks for format 62
[WARNING | aurora::texture] texture_replacement: failed to load texture TextureReplacement tex1_56x89_m_52820dbae736d0d1_59a43005f82eebd3_9.dds because 41x64 is not aligned to 4x4 texel blocks for format 62
[INFO | aurora::texture] Loaded 4732 texture replacement registrations from /data/data/dev.twilitrealm.dusk/files/texture_replacements
[INFO | dusk] Texture replacement directory loaded: 4732 registration(s)
[INFO | aurora::rmlui] Loaded font face 'Fira Sans' [regular] from 'res/FiraSans-Regular.ttf'.
[INFO | aurora::rmlui] Loaded font face 'Fira Sans' [bold] from 'res/FiraSans-Bold.ttf'.
[INFO | aurora::rmlui] Loaded font face 'Fira Sans Condensed' [regular] from 'res/FiraSansCondensed-Regular.ttf'.
[INFO | aurora::rmlui] Loaded font face 'Fira Sans Condensed' [bold] from 'res/FiraSansCondensed-Bold.ttf'.
[INFO | aurora::rmlui] Loaded font face 'Alegreya SC' [regular] from 'res/AlegreyaSC-Regular.ttf'.
[INFO | aurora::rmlui] Loaded font face 'Alegreya SC' [bold] from 'res/AlegreyaSC-Bold.ttf'.
[INFO | aurora::rmlui] Loaded font face 'Material Symbols Rounded' [regular] from 'res/MaterialSymbolsRounded-Regular.ttf'.
[INFO | aurora::rmlui] Loaded font face 'Noto Mono' [regular] from 'res/NotoMono-Regular.ttf'.
[INFO | dusk] Disc verification status: verified (path: content://com.android.externalstorage.documents/document/primary%3ADusklight%2FLegend%20of%20Zelda%2C%20The%20-%20Twilight%20Princess%20(USA).rvz)
[INFO | dusk] Loading DVD image: content://com.android.externalstorage.documents/document/primary%3ADusklight%2FLegend%20of%20Zelda%2C%20The%20-%20Twilight%20Princess%20(USA).rvz
[INFO | dusk] Loaded game disc is GZ2E01
[INFO | dusk] Initializing mods...
[INFO | dusk::mods::manifest] symbol manifest loaded: 312357 symbols, build id 3021f75aced6da670bbefc9c2e3c1463afcafeb9
[WARNING | birdoflight.link.cloud] icon path 'res/icon.png' not found in bundle
[WARNING | birdoflight.link.cloud] banner path 'res/banner.png' not found in bundle
[WARNING | birdoflight.link.cloud] icon path 'res/icon.png' not found in bundle
[WARNING | birdoflight.link.cloud] banner path 'res/banner.png' not found in bundle
[INFO | birdoflight.link.cloud] found 'Cloud' v1.0.0 by BirdofLight (/data/data/dev.twilitrealm.dusk/files/mods/Link - Cloud.dusk)
[INFO | org.twilight.hd_hud] found 'Twilight HD' v2.5.2 by Hyrule Hysteria (/data/data/dev.twilitrealm.dusk/files/mods/Twilight-HD-HUD.dusk)
[INFO | alexandre.cooper_hat.texture_selector] found 'Cowboy Link' v1.1.0 by XandasLegend (/data/data/dev.twilitrealm.dusk/files/mods/alexandre.cooper_hat.texture_selector.dusk)
[INFO | com.skilarmbabcock.champions_leathers] found 'Champion's Leathers' v1.0.0 by Skilar Babcock (/data/data/dev.twilitrealm.dusk/files/mods/champions_leathers.dusk)
[INFO | com.blueflaregames.cutscene_player] found 'Cutscene Player' v1.0.1 by Blue Flare Games (/data/data/dev.twilitrealm.dusk/files/mods/com.blueflaregames.cutscene_player.dusk)
[INFO | com.blueflaregames.zora_swim] found 'Zora Swim' v1.2.1 by Blue Flare Games (/data/data/dev.twilitrealm.dusk/files/mods/com.blueflaregames.zora_swim.dusk)
[INFO | com.ditrey.linkle] found 'Linkle Mod' v1.1.1 by Ditrey (/data/data/dev.twilitrealm.dusk/files/mods/com.ditrey.linkle.dusk)
[INFO | com.dusklight.twilit_essentials] found 'Twilit Essentials' v2.6.6 by Fimmel (/data/data/dev.twilitrealm.dusk/files/mods/com.dusklight.twilit_essentials.dusk)
[INFO | com.kamilink.lazytweaks] found 'Lazy Shield Rework' v1.0.0 by Kamilink (/data/data/dev.twilitrealm.dusk/files/mods/com.kamilink.lazytweaks.dusk)
[INFO | com.melonspeedruns.rollandsprint] found 'Roll and Sprint' v1.1.0 by MelonSpeedruns (/data/data/dev.twilitrealm.dusk/files/mods/com.melonspeedruns.rollandsprint.dusk)
[INFO | com.mikey022.tp_randomizer_tracker] found 'TPTracker' v0.4.40 by mikey022 (/data/data/dev.twilitrealm.dusk/files/mods/com.mikey022.tp_randomizer_tracker.dusk)
[INFO | com.ordonhero.zeldartist] found 'Ordonian Hero' v1.0.0 by Skilar Babcock (/data/data/dev.twilitrealm.dusk/files/mods/com.ordonhero.zeldartist.dusk)
[INFO | com.skilarmbabcock.hero_of_time] found 'Hero of Time' v1.0.0 by Skilar Babcock (/data/data/dev.twilitrealm.dusk/files/mods/com.skilarmbabcock.hero_of_time.dusk)
[INFO | com.tomtee.no_underwater_filter] found 'No Underwater Filter' v1.0.0 by tomtee (/data/data/dev.twilitrealm.dusk/files/mods/com.tomtee.no_underwater_filter.dusk)
[INFO | dev.baxlek.time_sync_neo] found 'Time Sync Neo' v1.3.1 by baxlek (/data/data/dev.twilitrealm.dusk/files/mods/dev.baxlek.time_sync_neo.dusk)
[INFO | dev.baxlek.unrestricted_items] found 'Unrestricted Items' v1.1.1 by baxlek (/data/data/dev.twilitrealm.dusk/files/mods/dev.baxlek.unrestricted_items.dusk)
[INFO | dev.remiafterdark.coop_mod] found 'Crests of Courage' v1.9.0 by remiafterdark (/data/data/dev.twilitrealm.dusk/files/mods/dev.remiafterdark.coop_mod.dusk)
[INFO | dev.remiafterdark.ganondorf] found 'Ganondorf' v1.0.0 by remiafterdark (/data/data/dev.twilitrealm.dusk/files/mods/dev.remiafterdark.ganondorf.dusk)
[INFO | dev.twilitrealm.randomizer] /data/data/dev.twilitrealm.dusk/files/mods/dev.twilitrealm.randomizer.dusk v1.0.5 shadowed by /data/data/dev.twilitrealm.dusk/files/bundled_mods/randomizer.dusk v1.0.6
[INFO | com.skilarmbabcock.fierce_deity] found 'Fierce Deity' v1.0.0 by Skilar Babcock (/data/data/dev.twilitrealm.dusk/files/mods/fierce_deity.dusk)
[INFO | dev.baxlek.fire_arrows] found 'Fire Arrows Standalone' v1.0.1 by baxlek (/data/data/dev.twilitrealm.dusk/files/mods/fire_arrows.dusk)
[INFO | hopex.dark_link] found 'Dark Link' v1.1.3 by Nozzly (/data/data/dev.twilitrealm.dusk/files/mods/hopex.dark_link.dusk)
[INFO | dev.baxlek.hw_outfit] found 'Hyrule Warriors Outfit' v1.0.0 by baxlek (/data/data/dev.twilitrealm.dusk/files/mods/hw_outfit.dusk)
[INFO | com.snoopier.light_sword_anywhere] found 'Light Sword Anywhere' v0.4.1 by Snoopier (/data/data/dev.twilitrealm.dusk/files/mods/light_sword_anywhere-android.dusk)
[INFO | com.bytheeightdivines.royalshield] found 'Royal Shield' v1.0.0 by ByTheEightDivines (/data/data/dev.twilitrealm.dusk/files/mods/royal_shield.dusk)
[INFO | dev.baxlek.zelda_on_epona] found 'Zelda on Epona' v1.2.3 by baxlek (/data/data/dev.twilitrealm.dusk/files/mods/zelda_on_epona.dusk)
[INFO | dev.twilitrealm.cosmetics] found 'Cosmetics' v1.0.0 by Twilit Realm (/data/data/dev.twilitrealm.dusk/files/bundled_mods/cosmetics.dusk)
[INFO | dev.twilitrealm.luau] found 'Luau Support' v1.0.0 by Twilit Realm (/data/data/dev.twilitrealm.dusk/files/bundled_mods/luau_runtime.dusk)
[INFO | dev.twilitrealm.randomizer] found 'Dusklight Randomizer' v1.0.6 by Twilit Realm (/data/data/dev.twilitrealm.dusk/files/bundled_mods/randomizer.dusk)
[INFO | dusk::mods::loader] initializing 28 mod(s)...
[INFO | birdoflight.link.cloud] disabled by config
[INFO | alexandre.cooper_hat.texture_selector] disabled by config
[INFO | com.skilarmbabcock.champions_leathers] disabled by config
[INFO | com.blueflaregames.cutscene_player] disabled by config
[INFO | com.ditrey.linkle] disabled by config
[INFO | com.dusklight.twilit_essentials] disabled by config
[INFO | com.kamilink.lazytweaks] disabled by config
[INFO | com.mikey022.tp_randomizer_tracker] disabled by config
[INFO | com.ordonhero.zeldartist] disabled by config
[INFO | com.skilarmbabcock.hero_of_time] disabled by config
[INFO | dev.remiafterdark.coop_mod] disabled by config
[INFO | dev.remiafterdark.ganondorf] disabled by config
[INFO | com.bytheeightdivines.royalshield] disabled by config
[INFO | dev.twilitrealm.cosmetics] activating mod
[INFO | dev.twilitrealm.cosmetics] cosmetics initialized
[INFO | dev.twilitrealm.luau] activating mod
[INFO | dev.twilitrealm.randomizer] activating mod
[INFO | dev.twilitrealm.randomizer] randomizer v1.0.6-HEAD-1f24e81 initialized
[INFO | org.twilight.hd_hud] activating mod
[INFO | org.twilight.hd_hud] Text Font: Dusklight - Fira Sans Bold selected
[INFO | org.twilight.hd_hud] Twilight HD initialized
[INFO | com.blueflaregames.zora_swim] activating mod
[INFO | com.blueflaregames.zora_swim] zora_swim initialized (swim speed 200%)
[INFO | com.melonspeedruns.rollandsprint] activating mod
[INFO | com.tomtee.no_underwater_filter] activating mod
[INFO | dev.baxlek.time_sync_neo] activating mod
[INFO | dev.baxlek.time_sync_neo] time_sync_neo initialized
[INFO | dev.baxlek.unrestricted_items] activating mod
[INFO | dev.baxlek.unrestricted_items] unrestricted_items initialized
[INFO | com.skilarmbabcock.fierce_deity] activating mod
[INFO | dev.baxlek.fire_arrows] activating mod
[INFO | dev.baxlek.fire_arrows] fire_arrows initialized
[INFO | hopex.dark_link] activating mod
[INFO | dev.baxlek.hw_outfit] activating mod
[INFO | com.snoopier.light_sword_anywhere] activating mod
[INFO | com.snoopier.light_sword_anywhere] light_sword_anywhere initialized
[INFO | dev.baxlek.zelda_on_epona] activating mod
[INFO | dev.baxlek.zelda_on_epona] zelda_on_epona initialized
[DEBUG | dusk::mods::overlay] Registering 36 overlay file(s).
[INFO | dusk::mods::textures] [org.twilight.hd_hud] registered 2 texture replacement(s).
[INFO | dusk::mods::textures] [dev.baxlek.hw_outfit] registered 20 texture replacement(s).
[INFO | dusk::mods::loader] 15/28 mod(s) active
[INFO | dusk::osReport] Starting main01 (Game Loop)...
[DEBUG | aurora::ar] Initialized 0x1800000 bytes of ARAM!
[INFO | dusk] COPYDATE=[2006/11/06 18:16
]
[DEBUG | dusk] [DIAG] cDyl_InitCallback: START
[DEBUG | dusk] fopScnM_CreateReq: procName=9 fade=32767
[DEBUG | dusk] fopScnM_CreateReq: result=0 (error=4294967295)
[DEBUG | dusk] cDyl_InitCallback: fpcNm_LOGO_SCENE_e created, DONE
[INFO | aurora::input] Added controller 'Odin Controller' (instance 3, vid 2020, pid 0111, type 1)
[DEBUG | dusk] fapGm_Execute frame=0
[DEBUG | dusk] fpcDw_Handler: before BeforeOfDraw
[DEBUG | dusk] fpcDw_Handler: before draw iteration
[DEBUG | dusk] fpcDw_Handler: before AfterOfDraw
[DEBUG | dusk] fpcDw_Handler: done
[DEBUG | dusk] fpcNdRq_Handler: queue size=1
[DEBUG | dusk] fpcNdRq_phase_Create: name=9 layer=0x7b607a2418
[DEBUG | dusk] fpcNdRq_phase_Create: creating_id=1 (error=4294967295)
[DEBUG | dusk] fopScnRq_phase_Execute: ret=0 name=9
[DEBUG | dusk] fapGm_Execute frame=1
[DEBUG | dusk] [DIAG] fpcSCtRq_phase_Load: procName=9 ret=4
[DEBUG | dusk] fpcSCtRq_phase_CreateProcess: procName=9
[DEBUG | dusk] fpcBs_Create: pid=1 profname=fpcNm_LOGO_SCENE_e (9) profile=0x7b6056f020 procSize=1304 unkSize=0
[DEBUG | dusk] fpcSCtRq_phase_CreateProcess: fpcBs_Create OK proc=0xb400007a14399a48
[DEBUG | dusk] [DIAG] dScnLogo_Create: entry i_this=0xb400007a14399a48
[DEBUG | dusk] dScnLogo_c::create START
[DEBUG | dusk] dScnLogo_c::create resLoad=0 (need 4 for complete)
[DEBUG | dusk] fpcSCtRq_phase_SubCreateProcess: pid=1 procName=0009 ret=0
[DEBUG | dusk] fpcCtRq_Do: phase=0 process=0xb400007a14399a48
[DEBUG | dusk] fpcDw_Handler: before BeforeOfDraw
[DEBUG | dusk] fpcDw_Handler: before draw iteration
[DEBUG | dusk] fpcDw_Handler: before AfterOfDraw
[DEBUG | dusk] fpcDw_Handler: done
[DEBUG | dusk] fpcNdRq_Handler: queue size=1
[DEBUG | dusk] fopScnRq_phase_Execute: ret=0 name=9
[DEBUG | dusk] fapGm_Execute frame=2
[DEBUG | dusk] [DIAG] dScnLogo_Create: entry i_this=0xb400007a14399a48
[DEBUG | dusk] fpcSCtRq_phase_SubCreateProcess: pid=1 procName=0009 ret=0
[DEBUG | dusk] fpcCtRq_Do: phase=0 process=0xb400007a14399a48
[DEBUG | dusk] fpcDw_Handler: before BeforeOfDraw
[DEBUG | dusk] fpcDw_Handler: before draw iteration
[DEBUG | dusk] fpcDw_Handler: before AfterOfDraw
[DEBUG | dusk] fpcDw_Handler: done
[DEBUG | dusk] fpcNdRq_Handler: queue size=1
[DEBUG | dusk] fopScnRq_phase_Execute: ret=0 name=9
[DEBUG | dusk] fapGm_Execute frame=3
[DEBUG | dusk] [DIAG] dScnLogo_Create: entry i_this=0xb400007a14399a48
[DEBUG | dusk] fpcSCtRq_phase_SubCreateProcess: pid=1 procName=0009 ret=0
[DEBUG | dusk] fpcCtRq_Do: phase=0 process=0xb400007a14399a48
[DEBUG | dusk] fpcDw_Handler: before BeforeOfDraw
[DEBUG | dusk] fpcDw_Handler: before draw iteration
[DEBUG | dusk] fpcDw_Handler: before AfterOfDraw
[DEBUG | dusk] fpcDw_Handler: done
[DEBUG | dusk] fpcNdRq_Handler: queue size=1
[DEBUG | dusk] fopScnRq_phase_Execute: ret=0 name=9
[DEBUG | dusk] fapGm_Execute frame=4
[DEBUG | dusk] [DIAG] dScnLogo_Create: entry i_this=0xb400007a14399a48
[DEBUG | dusk] Loading Resource: dolby_p2_232_112.bti (Size: 26016)
[DEBUG | dusk] Loading Resource: nintendo_376x104.bti (Size: 78240)
[DEBUG | dusk] Loading Resource: progressive_choice.bti (Size: 15008)
[DEBUG | dusk] Loading Resource: progressive_inter.bti (Size: 15008)
[DEBUG | dusk] Loading Resource: progressive_no.bti (Size: 2592)
[DEBUG | dusk] Loading Resource: progressive_pro.bti (Size: 15008)
[DEBUG | dusk] Loading Resource: progressive_yes.bti (Size: 2848)
[DEBUG | dusk] Loading Resource: warning.bti (Size: 136224)
[DEBUG | dusk] Loading Resource: warning_pstart.bti (Size: 14624)
[DEBUG | dusk] dScnLogo_c::create resLoad COMPLETE, continuing init...
[DEBUG | dusk] fpcSCtRq_phase_SubCreateProcess: pid=1 procName=0009 ret=2
[DEBUG | dusk] fpcCtRq_Do: phase=4 process=0xb400007a14399a48
[DEBUG | dusk] fpcDw_Handler: before BeforeOfDraw
[DEBUG | dusk] fpcDw_Handler: before draw iteration
[DEBUG | dusk] dScnLogo_c::draw: mExecCommand=14 mTimer=0
[DEBUG | dusk] fpcDw_Handler: before AfterOfDraw
[DEBUG | dusk] fpcDw_Handler: done
[DEBUG | dusk] fpcNdRq_Handler: queue size=1
[DEBUG | dusk] fopScnRq_phase_Execute: ret=2 name=9
[DEBUG | dusk] fapGm_Execute frame=5
[DEBUG | dusk] dScnLogo_c::draw: mExecCommand=14 mTimer=0
[DEBUG | dusk] Loading Resource: ef_mizubashira.bck (Size: 672)
[DEBUG | dusk] Loading Resource: f_znc_r_impact.bck (Size: 704)
[DEBUG | dusk] Loading Resource: o_g_hutk.bck (Size: 416)
[DEBUG | dusk] Loading Resource: o_g_hutu.bck (Size: 416)
[DEBUG | dusk] Loading Resource: waita.bck (Size: 768)
[DEBUG | dusk] Loading Resource: zelda_notice_cursor_red.bck (Size: 512)
[DEBUG | dusk] Loading Resource: zelda_notice_cursor_yellow.bck (Size: 416)
[DEBUG | dusk] Loading Resource: o_g_hart.bmd (Size: 5472)
[DEBUG | dusk] Loading Resource: o_g_hutk.bmd (Size: 29376)
[DEBUG | dusk] Loading Resource: o_g_hutu.bmd (Size: 29376)
[DEBUG | dusk] Loading Resource: o_g_rupy.bmd (Size: 8224)
[DEBUG | dusk] Loading Resource: breakwoodbox.bmd (Size: 3744)
[DEBUG | dusk] Loading Resource: d_brockbrk.bmd (Size: 2848)
[DEBUG | dusk] Loading Resource: ef_mizubashira.bmd (Size: 12224)
[DEBUG | dusk] Loading Resource: ef_screen_suityu.bmd (Size: 4128)
[DEBUG | dusk] Loading Resource: ef_thunder01.bmd (Size: 10016)
[DEBUG | dusk] Loading Resource: ef_thunder02.bmd (Size: 10304)
[DEBUG | dusk] Loading Resource: mpm_tubo.bmd (Size: 4704)
[DEBUG | dusk] Loading Resource: nv.bmd (Size: 4256)
[DEBUG | dusk] Loading Resource: o_g_arow.bmd (Size: 4960)
[DEBUG | dusk] Loading Resource: o_g_arow_taba.bmd (Size: 22304)
[DEBUG | dusk] Loading Resource: o_g_tane.bmd (Size: 13152)
[DEBUG | dusk] Loading Resource: zelda_notice_cursor_red.bmd (Size: 7808)
[DEBUG | dusk] Loading Resource: zelda_notice_cursor_yellow.bmd (Size: 10688)
[DEBUG | dusk] Loading Resource: f_znc_r_impact.bpk (Size: 416)
[DEBUG | dusk] Loading Resource: zelda_notice_cursor_red.bpk (Size: 320)
[DEBUG | dusk] Loading Resource: zelda_notice_cursor_yellow.bpk (Size: 320)
[DEBUG | dusk] Loading Resource: ef_mizubashira.brk (Size: 480)
[DEBUG | dusk] Loading Resource: ef_thunder.brk (Size: 640)
[DEBUG | dusk] Loading Resource: f_g_hart.brk (Size: 384)
[DEBUG | dusk] Loading Resource: f_g_rupy.brk (Size: 800)
[DEBUG | dusk] Loading Resource: f_znc_r_impact.brk (Size: 384)
[DEBUG | dusk] Loading Resource: o_g_hutk.brk (Size: 416)
[DEBUG | dusk] Loading Resource: o_g_hutu.brk (Size: 544)
[DEBUG | dusk] Loading Resource: zelda_notice_cursor_red.brk (Size: 288)
[DEBUG | dusk] Loading Resource: zelda_notice_cursor_red_02.brk (Size: 224)
[DEBUG | dusk] Loading Resource: zelda_notice_cursor_yellow.brk (Size: 544)
[DEBUG | dusk] Loading Resource: zelda_notice_cursor_yellow_02.brk (Size: 224)
[DEBUG | dusk] Loading Resource: ef_mizubashira.btk (Size: 704)
[DEBUG | dusk] Loading Resource: ef_screen_suityu.btk (Size: 320)
[DEBUG | dusk] Loading Resource: f_znc_r_impact.btk (Size: 256)
[DEBUG | dusk] Loading Resource: zelda_notice_cursor_red.btk (Size: 256)
[DEBUG | dusk] Loading Resource: zelda_notice_cursor_yellow.btk (Size: 576)
[DEBUG | dusk] Loading Resource: mpm_tubo.btp (Size: 128)
[DEBUG | dusk] Loading Resource: areamapres.bin (Size: 444)
[DEBUG | dusk] Loading Resource: item_table.bin (Size: 128)
[DEBUG | dusk] Loading Resource: a_kusa_rgba.bti (Size: 2080)
[DEBUG | dusk] Loading Resource: ball32_i4.bti (Size: 544)
[DEBUG | dusk] Loading Resource: im_enter_4i_32.bti (Size: 544)
[DEBUG | dusk] Loading Resource: im_map_icon_circle_4i.bti (Size: 64)
[DEBUG | dusk] Loading Resource: im_map_icon_enter_4i.bti (Size: 160)
[DEBUG | dusk] Loading Resource: im_map_icon_nijumaru_4i.bti (Size: 160)
[DEBUG | dusk] Loading Resource: im_map_icon_square_4i.bti (Size: 64)
[DEBUG | dusk] Loading Resource: im_map_icon_tresurebox_4i.bti (Size: 64)
[DEBUG | dusk] Loading Resource: im_map_icon_try_force_4i.bti (Size: 160)
[DEBUG | dusk] Loading Resource: map_icon_circle16x16_4i.bti (Size: 160)
[DEBUG | dusk] Loading Resource: moya.bti (Size: 1056)
[DEBUG | dusk] Loading Resource: rope.bti (Size: 160)
[DEBUG | dusk] Loading Resource: snow.bti (Size: 160)
[DEBUG | dusk] Loading Resource: snow_tex.bti (Size: 1056)
[DEBUG | dusk] Loading Resource: txa_ring_a_32hafe.bti (Size: 544)
[DEBUG | dusk] Loading Resource: txa_tuki_as.bti (Size: 2080)
[DEBUG | dusk] Loading Resource: txa_tuki_bs.bti (Size: 2080)
[DEBUG | dusk] Loading Resource: txa_tuki_cs.bti (Size: 2080)
[DEBUG | dusk] Loading Resource: txa_tuki_ds.bti (Size: 2080)
[DEBUG | dusk] Loading Resource: vr_lenzf_tex.bti (Size: 1056)
[DEBUG | dusk] Loading Resource: warp_tex.bti (Size: 1056)
[DEBUG | dusk] Loading Resource: zl2_polygon_ia8 (Size: 64)
[DEBUG | dusk] Loading Resource: crod_ball_revive_demo.bck (Size: 288)
[DEBUG | dusk] Loading Resource: crod_ball_wait_a.bck (Size: 288)
[DEBUG | dusk] Loading Resource: crod_ball_wait_a_t.bck (Size: 288)
[DEBUG | dusk] Loading Resource: crod_ball_wait_a_t_start.bck (Size: 288)
[DEBUG | dusk] Loading Resource: crod_ball_wait_b.bck (Size: 352)
[DEBUG | dusk] Loading Resource: crod_ball_wait_c.bck (Size: 384)
[DEBUG | dusk] Loading Resource: ef_shippu.bck (Size: 544)
[DEBUG | dusk] Loading Resource: pb_move.bck (Size: 2816)
[DEBUG | dusk] Loading Resource: pb_wait.bck (Size: 928)
[DEBUG | dusk] Loading Resource: spout.bck (Size: 1088)
[DEBUG | dusk] Loading Resource: ef_setboom.bmd (Size: 15392)
[DEBUG | dusk] Loading Resource: al_arrow.bmd (Size: 5024)
[DEBUG | dusk] Loading Resource: al_arrowb.bmd (Size: 9696)
[DEBUG | dusk] Loading Resource: al_bomb.bmd (Size: 11104)
[DEBUG | dusk] Loading Resource: al_boom.bmd (Size: 20000)
[DEBUG | dusk] Loading Resource: al_pachi_nut.bmd (Size: 2176)
[DEBUG | dusk] Loading Resource: al_sp.bmd (Size: 21824)
[DEBUG | dusk] Loading Resource: crod_ball.bmd (Size: 3840)
[DEBUG | dusk] Loading Resource: footmark.bmd (Size: 2272)
[DEBUG | dusk] Loading Resource: hk.bmd (Size: 3648)
[DEBUG | dusk] Loading Resource: inochidama.bmd (Size: 13120)
[DEBUG | dusk] Loading Resource: pb.bmd (Size: 34976)
[DEBUG | dusk] Loading Resource: pg.bmd (Size: 20736)
[DEBUG | dusk] Loading Resource: rod_ukia.bmd (Size: 4384)
[DEBUG | dusk] Loading Resource: rod_ukib.bmd (Size: 2656)
[DEBUG | dusk] Loading Resource: rod_ukic.bmd (Size: 2656)
[DEBUG | dusk] Loading Resource: sango_fook.bmd (Size: 9984)
[DEBUG | dusk] Loading Resource: sfook.bmd (Size: 3456)
[DEBUG | dusk] Loading Resource: uki.bmd (Size: 4928)
[DEBUG | dusk] Loading Resource: uki_saki.bmd (Size: 4160)
[DEBUG | dusk] Loading Resource: wl_change.bmd (Size: 44256)
[DEBUG | dusk] Loading Resource: worm.bmd (Size: 8256)
[DEBUG | dusk] Loading Resource: worm_hole.bmd (Size: 2816)
[DEBUG | dusk] Loading Resource: ef_shippu.bmd (Size: 33216)
[DEBUG | dusk] Loading Resource: al_podm.bmd (Size: 21504)
[DEBUG | dusk] Loading Resource: al_swm.bmd (Size: 22720)
[DEBUG | dusk] Loading Resource: al_poda.bmd (Size: 12032)
[DEBUG | dusk] Loading Resource: al_swa.bmd (Size: 11808)
[DEBUG | dusk] Loading Resource: al_swm.brk (Size: 256)
[DEBUG | dusk] Loading Resource: crod_ball.brk (Size: 736)
[DEBUG | dusk] Loading Resource: inochidama.brk (Size: 288)
[DEBUG | dusk] Loading Resource: al_swa.btk (Size: 320)
[DEBUG | dusk] Loading Resource: al_swm.btk (Size: 320)
[DEBUG | dusk] Loading Resource: crod_ball.btk (Size: 416)
[DEBUG | dusk] Loading Resource: ef_setboom.btk (Size: 704)
[DEBUG | dusk] Loading Resource: ef_shippu.btk (Size: 1120)
[DEBUG | dusk] Loading Resource: inochidama.btk (Size: 672)
[DEBUG | dusk] Loading Resource: zelda_v_cursor_new_orange.blo (Size: 2368)
[DEBUG | dusk] Loading Resource: zelda_v_cursor_new_orange.brk (Size: 320)
[DEBUG | dusk] Loading Resource: zelda_v_cursor_new_orange_02.brk (Size: 384)
[DEBUG | dusk] Loading Resource: zelda_v_cursor_new_red.blo (Size: 2368)
[DEBUG | dusk] Loading Resource: zelda_v_cursor_new_red.brk (Size: 320)
[DEBUG | dusk] Loading Resource: zelda_v_cursor_new_red_02.brk (Size: 384)
[DEBUG | dusk] Loading Resource: zelda_v_cursor_new_yellow.bck (Size: 2016)
[DEBUG | dusk] Loading Resource: zelda_v_cursor_new_yellow.blo (Size: 2336)
[DEBUG | dusk] Loading Resource: zelda_v_cursor_new_yellow.bpk (Size: 448)
[DEBUG | dusk] Loading Resource: zelda_v_cursor_new_yellow.brk (Size: 320)
[DEBUG | dusk] Loading Resource: zelda_v_cursor_new_yellow_02.brk (Size: 352)
[DEBUG | dusk] Loading Resource: blur.bti (Size: 96)
[DEBUG | dusk] Loading Resource: rock_mark.bti (Size: 544)
[DEBUG | dusk] Loading Resource: tt_v_point_128_00_4ia_02.bti (Size: 16416)
[DEBUG | dusk] Loading Resource: tt_map_icon_link_40_4ia_00.bti (Size: 1632)
[DEBUG | dusk] Loading Resource: tt_navi_l.bti (Size: 544)
[DEBUG | dusk] fapGm_Execute frame=6
[DEBUG | dusk] dScnLogo_c::draw: mExecCommand=14 mTimer=0
[DEBUG | dusk] fapGm_Execute frame=7
[DEBUG | dusk] dScnLogo_c::draw: mExecCommand=14 mTimer=0
[DEBUG | dusk] fapGm_Execute frame=8
[DEBUG | dusk] dScnLogo_c::draw: mExecCommand=14 mTimer=0
[DEBUG | dusk] fapGm_Execute frame=9
[DEBUG | dusk] dScnLogo_c::draw: mExecCommand=14 mTimer=0
[DEBUG | dusk] dScnLogo_c::draw: mExecCommand=14 mTimer=0
[DEBUG | dusk] dScnLogo_c::draw: mExecCommand=14 mTimer=0
[DEBUG | dusk] dScnLogo_c::draw: mExecCommand=15 mTimer=0
[DEBUG | dusk] fpcNdRq_Handler: queue size=1
[DEBUG | dusk] [DIAG] fpcSCtRq_phase_Load: procName=0 ret=4
[DEBUG | dusk] fpcSCtRq_phase_CreateProcess: procName=0
[DEBUG | dusk] fpcBs_Create: pid=2 profname=fpcNm_OVERLAP0_e (0) profile=0x7b6056eb18 procSize=384 unkSize=0
[DEBUG | dusk] fpcSCtRq_phase_CreateProcess: fpcBs_Create OK proc=0xb400007a143998a8
[DEBUG | dusk] fpcSCtRq_phase_SubCreateProcess: pid=2 procName=0000 ret=2
[DEBUG | dusk] fpcCtRq_Do: phase=4 process=0xb400007a143998a8
[DEBUG | dusk] dScnLogo_c::draw: mExecCommand=15 mTimer=0
[DEBUG | dusk] fpcNdRq_Handler: queue size=1
[DEBUG | dusk] fpcNdRq_Handler: queue size=1
[DEBUG | dusk] fpcNdRq_Handler: queue size=1
[DEBUG | dusk] fpcNdRq_Handler: queue size=1
[DEBUG | dusk] fpcNdRq_Handler: queue size=1
[DEBUG | dusk] fpcNdRq_Handler: queue size=1
[DEBUG | dusk] fpcNdRq_Handler: queue size=1
[DEBUG | dusk] fpcNdRq_Handler: queue size=1
[DEBUG | dusk] fpcNdRq_Handler: queue size=1
[DEBUG | dusk] fpcNdRq_Handler: queue size=1
[DEBUG | dusk] fpcNdRq_Handler: queue size=1
[DEBUG | dusk] fpcNdRq_Handler: queue size=1
[DEBUG | dusk] fpcNdRq_Handler: queue size=1
[DEBUG | dusk] fpcNdRq_Handler: queue size=1
[DEBUG | dusk] fpcNdRq_Handler: queue size=1
[DEBUG | dusk] fpcNdRq_Handler: queue size=1
[INFO | aurora::card] CARD API Initialized BUILT <Sep 30 2026 13:39:06>
[INFO | aurora::card] Loaded GC Card Image: /data/data/dev.twilitrealm.dusk/files/USA/Card A
[DEBUG | dusk] fpcNdRq_Handler: queue size=1
[DEBUG | dusk] fpcNdRq_Handler: queue size=1
[DEBUG | dev.twilitrealm.cosmetics] Loaded base texture data for al_SP. size: 800 hash: 8F18F04BC30C8091
[DEBUG | dev.twilitrealm.cosmetics] Loaded base texture data for L_al_boom00. size: 2000 hash: A0B9537632BF5353
[DEBUG | dev.twilitrealm.cosmetics] Loaded base texture data for al_SWM. size: 800 hash: B28F966CE362E1B0
[DEBUG | dev.twilitrealm.cosmetics] Loaded base texture data for al_SWgripM. size: 800 hash: 9C3E2139933B9BEF
[DEBUG | dev.twilitrealm.cosmetics] Loaded base texture data for al_SWA. size: 800 hash: 91A45C6361D59DE5
[DEBUG | dev.twilitrealm.cosmetics] Loaded base texture data for al_SWgripA. size: 400 hash: 5EAEFD04199EDE61
[DEBUG | dusk] fpcNdRq_Handler: queue size=1
[DEBUG | dusk] fpcNdRq_Handler: queue size=1
[DEBUG | dusk] fpcNdRq_Handler: queue size=1
[DEBUG | dusk] fpcNdRq_Handler: queue size=1
[DEBUG | dusk] fpcNdRq_Handler: queue size=1
[DEBUG | dusk] fpcNdRq_Handler: queue size=1
[INFO | dusk::mods::updates] Checked 28 installed mods for updates
[DEBUG | dusk] fopScnRq_phase_Execute: ret=0 name=12
[DEBUG | dusk] fopScnRq_phase_Execute: ret=0 name=12
[INFO | dev.baxlek.zelda_on_epona] Pscene181.jpc loaded as particle bank 2, resource heap has 1693328 bytes free
[DEBUG | dusk] fpcNdRq_phase_Create: name=12 layer=0x7b607a2418
[DEBUG | dusk] fpcNdRq_phase_Create: creating_id=3 (error=4294967295)
[DEBUG | dusk] fopScnRq_phase_Execute: ret=0 name=12
[DEBUG | dusk] [DIAG] fpcSCtRq_phase_Load: procName=12 ret=4
[DEBUG | dusk] fpcSCtRq_phase_CreateProcess: procName=12
[DEBUG | dusk] fpcBs_Create: pid=3 profname=fpcNm_OPENING_SCENE_e (12) profile=0x7b6056f2a8 procSize=912 unkSize=0
[DEBUG | dusk] fpcSCtRq_phase_CreateProcess: fpcBs_Create OK proc=0xb400007a14399af0
[DEBUG | dusk] fpcSCtRq_phase_SubCreateProcess: pid=3 procName=000c ret=0
[DEBUG | dusk] fpcCtRq_Do: phase=0 process=0xb400007a14399af0
[DEBUG | dusk] fopScnRq_phase_Execute: ret=0 name=12
[DEBUG | dusk] Loading Resource: vrbox_kasumim.bmd (Size: 2272)
[DEBUG | dusk] Loading Resource: vrbox_kumo.bmd (Size: 69664)
[DEBUG | dusk] Loading Resource: vrbox_sora.bmd (Size: 6624)
[DEBUG | dusk] Loading Resource: vrbox_sun.bmd (Size: 12032)
[DEBUG | dusk] Loading Resource: vrbox_sun.btk (Size: 320)
[DEBUG | dusk] Loading Resource: colordata_tbl.dat (Size: 800)
[DEBUG | dusk] Loading Resource: pol_arg.dat (Size: 128)
[DEBUG | dusk] Loading Resource: pol_effcol.dat (Size: 128)
[DEBUG | dusk] Loading Resource: pol_effcol2.dat (Size: 128)
[DEBUG | dusk] Loading Resource: pol_efftbl.dat (Size: 128)
[DEBUG | dusk] Loading Resource: pol_efftbl2.dat (Size: 128)
[DEBUG | dusk] Loading Resource: pol_sound.dat (Size: 128)
[DEBUG | dusk] Loading Resource: room0.dzs (Size: 5440)
[DEBUG | dusk] Loading Resource: stage.dzs (Size: 1952)
[DEBUG | dusk] Loading Resource: cloudtx_01.bti (Size: 4128)
[DEBUG | dusk] Loading Resource: cloudtx_02.bti (Size: 4128)
[DEBUG | dusk] Loading Resource: cloudtx_03.bti (Size: 4128)
[DEBUG | dusk] Loading Resource: f_moon.bti (Size: 8224)
[DEBUG | dusk] Loading Resource: f_moon_a.bti (Size: 2080)
[DEBUG | dusk] Loading Resource: f_moon_a_a00.bti (Size: 64)
[DEBUG | dusk] Loading Resource: f_moon_a_a01.bti (Size: 544)
[DEBUG | dusk] Loading Resource: f_moon_a_a02.bti (Size: 544)
[DEBUG | dusk] Loading Resource: f_moon_a_a03.bti (Size: 544)
[DEBUG | dusk] fpcSCtRq_phase_SubCreateProcess: pid=3 procName=000c ret=0
[DEBUG | dusk] fpcCtRq_Do: phase=0 process=0xb400007a14399af0
[DEBUG | dusk] fopScnRq_phase_Execute: ret=0 name=12
[DEBUG | dusk] Loading Resource: event_list.dat (Size: 106476)
[DEBUG | dusk] Loading Resource: camstyle.dat (Size: 43328)
[DEBUG | dusk] Loading Resource: camtype.dat (Size: 14560)
[DEBUG | dusk] fpcSCtRq_phase_SubCreateProcess: pid=3 procName=000c ret=0
[DEBUG | dusk] fpcCtRq_Do: phase=0 process=0xb400007a14399af0
[DEBUG | dusk] fopScnRq_phase_Execute: ret=0 name=12
[DEBUG | dusk] fopScnM_CreateReq: procName=18 fade=32767
[DEBUG | dusk] fopScnM_CreateReq: result=2 (error=4294967295)
[DEBUG | dusk] fpcBs_Create: pid=7 profname=fpcNm_KANKYO_e (19) profile=0x7b60569e60 procSize=440 unkSize=0
[DEBUG | dusk] fpcBs_Create: pid=9 profname=fpcNm_KYEFF_e (785) profile=0x7b60569eb0 procSize=440 unkSize=0
[DEBUG | dusk] fpcBs_Create: pid=11 profname=fpcNm_KYEFF2_e (786) profile=0x7b60569ef0 procSize=440 unkSize=0
[DEBUG | dusk] fpcBs_Create: pid=13 profname=fpcNm_ENVSE_e (21) profile=0x7b60568f20 procSize=456 unkSize=0
[DEBUG | dusk] fpcSCtRq_phase_SubCreateProcess: pid=3 procName=000c ret=2
[DEBUG | dusk] fpcCtRq_Do: phase=0 process=0xb400007a14399af0
[DEBUG | dusk] fopScnRq_phase_Execute: ret=0 name=12
[DEBUG | dusk] fpcNdRq_phase_Create: name=18 layer=0xb400007a14399c48
[DEBUG | dusk] fpcNdRq_phase_Create: creating_id=16 (error=4294967295)
[DEBUG | dusk] fopScnRq_phase_Execute: ret=0 name=18
[DEBUG | dusk] fpcCtRq_Do: phase=0 process=0xb400007a14399af0
[DEBUG | dusk] [DIAG] fpcSCtRq_phase_Load: procName=737 ret=4
[DEBUG | dusk] fpcSCtRq_phase_CreateProcess: procName=737
[DEBUG | dusk] fpcBs_Create: pid=4 profname=fpcNm_TITLE_e (737) profile=0x7b605acc90 procSize=1872 unkSize=0
[DEBUG | dusk] fpcSCtRq_phase_CreateProcess: fpcBs_Create OK proc=0xb400007a14398084
[DEBUG | dusk] fpcSCtRq_phase_SubCreateProcess: pid=4 procName=02e1 ret=0
[DEBUG | dusk] fpcCtRq_Do: phase=0 process=0xb400007a14398084
[DEBUG | dusk] [DIAG] fpcSCtRq_phase_Load: procName=781 ret=4
[DEBUG | dusk] fpcSCtRq_phase_CreateProcess: procName=781
[DEBUG | dusk] fpcBs_Create: pid=5 profname=fpcNm_CAMERA_e (781) profile=0x7b60568d68 procSize=4240 unkSize=0
[DEBUG | dusk] fpcSCtRq_phase_CreateProcess: fpcBs_Create OK proc=0xb400007a14396fd4
[DEBUG | dusk] fpcSCtRq_phase_SubCreateProcess: pid=5 procName=030d ret=0
[DEBUG | dusk] fpcCtRq_Do: phase=0 process=0xb400007a14396fd4
[DEBUG | dusk] fpcCtRq_Do: phase=4 process=0xb400007a1439926c
[DEBUG | dusk] fpcCtRq_Do: phase=4 process=0xb400007a14398fd4
[DEBUG | dusk] fpcCtRq_Do: phase=4 process=0xb400007a14398d3c
[DEBUG | dusk] fpcCtRq_Do: phase=4 process=0xb400007a14398a94
[DEBUG | dusk] [DIAG] fpcSCtRq_phase_Load: procName=730 ret=4
[DEBUG | dusk] fpcSCtRq_phase_CreateProcess: procName=730
[DEBUG | dusk] fpcBs_Create: pid=14 profname=fpcNm_VRBOX_e (730) profile=0x7b60575078 procSize=1648 unkSize=0
[DEBUG | dusk] fpcSCtRq_phase_CreateProcess: fpcBs_Create OK proc=0xb400007a14396944
[DEBUG | dusk] fpcSCtRq_phase_SubCreateProcess: pid=14 procName=02da ret=2
[DEBUG | dusk] fpcCtRq_Do: phase=4 process=0xb400007a14396944
[DEBUG | dusk] [DIAG] fpcSCtRq_phase_Load: procName=731 ret=4
[DEBUG | dusk] fpcSCtRq_phase_CreateProcess: procName=731
[DEBUG | dusk] fpcBs_Create: pid=15 profname=fpcNm_VRBOX2_e (731) profile=0x7b60575130 procSize=1720 unkSize=0
[DEBUG | dusk] fpcSCtRq_phase_CreateProcess: fpcBs_Create OK proc=0xb400007a1439626c
[DEBUG | dusk] fpcSCtRq_phase_SubCreateProcess: pid=15 procName=02db ret=2
[DEBUG | dusk] fpcCtRq_Do: phase=4 process=0xb400007a1439626c
[DEBUG | dusk] [DIAG] fpcSCtRq_phase_Load: procName=18 ret=4
[DEBUG | dusk] fpcSCtRq_phase_CreateProcess: procName=18
[DEBUG | dusk] fpcBs_Create: pid=16 profname=fpcNm_ROOM_SCENE_e (18) profile=0x7b6056f388 procSize=912 unkSize=0
[DEBUG | dusk] fpcSCtRq_phase_CreateProcess: fpcBs_Create OK proc=0xb400007a14395ebc
[DEBUG | dusk] fpcSCtRq_phase_SubCreateProcess: pid=16 procName=0012 ret=0
[DEBUG | dusk] fpcCtRq_Do: phase=0 process=0xb400007a14395ebc
[DEBUG | dusk] fopScnRq_phase_Execute: ret=0 name=12
[DEBUG | dusk] fopScnRq_phase_Execute: ret=0 name=18
[DEBUG | dusk] fpcCtRq_Do: phase=0 process=0xb400007a14399af0
[DEBUG | dusk] Loading Resource: titlelogo.bck (Size: 704)
[DEBUG | dusk] Loading Resource: titlelogo_r.bmd (Size: 1995456)
[DEBUG | dusk] Loading Resource: titlelogo.bpk (Size: 576)
[DEBUG | dusk] Loading Resource: titlelogo.brk (Size: 704)
[DEBUG | dusk] Loading Resource: titlelogo.btk (Size: 672)
[DEBUG | dusk] fpcSCtRq_phase_SubCreateProcess: pid=4 procName=02e1 ret=2
[DEBUG | dusk] fpcCtRq_Do: phase=4 process=0xb400007a14398084
[DEBUG | dusk] fpcSCtRq_phase_SubCreateProcess: pid=5 procName=030d ret=0
[DEBUG | dusk] fpcCtRq_Do: phase=0 process=0xb400007a14396fd4
[DEBUG | dusk] Loading Resource: model.bmd (Size: 927520)
[DEBUG | dusk] Loading Resource: model1.bmd (Size: 7488)
[DEBUG | dusk] Loading Resource: model2.bmd (Size: 22752)
[DEBUG | dusk] Loading Resource: model3.bmd (Size: 166848)
[DEBUG | dusk] Loading Resource: model4.bmd (Size: 10400)
[DEBUG | dusk] Loading Resource: model.btk (Size: 576)
[DEBUG | dusk] Loading Resource: model1.btk (Size: 320)
[DEBUG | dusk] Loading Resource: model2.btk (Size: 352)
[DEBUG | dusk] Loading Resource: model4.btk (Size: 320)
[DEBUG | dusk] Loading Resource: room.dzr (Size: 7456)
[DEBUG | dusk] Loading Resource: event_list.dat (Size: 5304)
[DEBUG | dusk] Loading Resource: room.kcl (Size: 449804)
[DEBUG | dusk] Loading Resource: room.plc (Size: 608)
[DEBUG | dusk] fpcSCtRq_phase_SubCreateProcess: pid=16 procName=0012 ret=0
[DEBUG | dusk] fpcCtRq_Do: phase=0 process=0xb400007a14395ebc
[DEBUG | dusk] fopScnRq_phase_Execute: ret=0 name=12
[DEBUG | dusk] fopScnRq_phase_Execute: ret=0 name=18
[DEBUG | dusk] fpcCtRq_Do: phase=0 process=0xb400007a14399af0
[DEBUG | dusk] fpcSCtRq_phase_SubCreateProcess: pid=5 procName=030d ret=0
[DEBUG | dusk] fpcCtRq_Do: phase=0 process=0xb400007a14396fd4
[DEBUG | dusk] Loading Resource: demo38_wl_cut01_gp_1_o.bck (Size: 8000)
[DEBUG | dusk] Loading Resource: demo38_wl_cut01_gp_1_l.bck (Size: 5088)
[DEBUG | dusk] Loading Resource: demo38_wl_cut00_gp_1_o.bmd (Size: 239584)
[DEBUG | dusk] Loading Resource: demo38_twfilm_cut00_gp_1_o.bmd (Size: 45376)
[DEBUG | dusk] Loading Resource: demo38_01.stb (Size: 9368)
[DEBUG | dusk] Loading Resource: demo38_twfilm_cut00_gp_1_l.btk (Size: 832)
[DEBUG | dusk] fpcSCtRq_phase_SubCreateProcess: pid=16 procName=0012 ret=0
[DEBUG | dusk] fpcCtRq_Do: phase=0 process=0xb400007a14395ebc
[DEBUG | dusk] [DIAG] fpcSCtRq_phase_Load: procName=253 ret=4
[DEBUG | dusk] fpcSCtRq_phase_CreateProcess: procName=253
[DEBUG | dusk] fpcBs_Create: pid=17 profname=fpcNm_ALINK_e (253) profile=0x7b60565250 procSize=18784 unkSize=0
[DEBUG | dusk] fpcSCtRq_phase_CreateProcess: fpcBs_Create OK proc=0xb400007a14390238
[DEBUG | dusk] fpcSCtRq_phase_SubCreateProcess: pid=17 procName=00fd ret=0
[DEBUG | dusk] fpcCtRq_Do: phase=0 process=0xb400007a14390238
[DEBUG | dusk] [DIAG] fpcSCtRq_phase_Load: procName=732 ret=4
[DEBUG | dusk] fpcSCtRq_phase_CreateProcess: procName=732
[DEBUG | dusk] fpcBs_Create: pid=18 profname=fpcNm_BG_e (732) profile=0x7b605723f8 procSize=1904 unkSize=0
[DEBUG | dusk] fpcSCtRq_phase_CreateProcess: fpcBs_Create OK proc=0xb400007a1438faa8
[DEBUG | dusk] fpcCtRq_Do: phase=4 process=0xb400007a1438faa8
[DEBUG | dusk] [DIAG] fpcSCtRq_phase_Load: procName=222 ret=4
[DEBUG | dusk] fpcSCtRq_phase_CreateProcess: procName=222
[DEBUG | dusk] fpcBs_Create: pid=19 profname=fpcNm_OBJ_IHASI_e (222) profile=0x7b6059a470 procSize=1752 unkSize=0
[DEBUG | dusk] fpcSCtRq_phase_CreateProcess: fpcBs_Create OK proc=0xb400007a1438f3b0
[DEBUG | dusk] fpcCtRq_Do: phase=0 process=0xb400007a1438f3b0
[DEBUG | dusk] [DIAG] fpcSCtRq_phase_Load: procName=187 ret=4
[DEBUG | dusk] fpcSCtRq_phase_CreateProcess: procName=187
[DEBUG | dusk] fpcBs_Create: pid=20 profname=fpcNm_CSTAF_e (187) profile=0x7b605760f8 procSize=3824 unkSize=0
[DEBUG | dusk] fpcSCtRq_phase_CreateProcess: fpcBs_Create OK proc=0xb400007a1438e4a0
[DEBUG | dusk] fpcCtRq_Do: phase=0 process=0xb400007a1438e4a0
[DEBUG | dusk] [DIAG] fpcSCtRq_phase_Load: procName=733 ret=4
[DEBUG | dusk] fpcSCtRq_phase_CreateProcess: procName=733
[DEBUG | dusk] fpcBs_Create: pid=21 profname=fpcNm_SET_BG_OBJ_e (733) profile=0x7b60573f08 procSize=1664 unkSize=0
[DEBUG | dusk] fpcSCtRq_phase_CreateProcess: fpcBs_Create OK proc=0xb400007a1438de00
[DEBUG | dusk] [DIAG] fpcSCtRq_phase_Load: procName=238 ret=4
[DEBUG | dusk] fpcSCtRq_phase_CreateProcess: procName=238
[DEBUG | dusk] fpcBs_Create: pid=22 profname=fpcNm_HORSE_e (238) profile=0x7b60582d10 procSize=8464 unkSize=0
[DEBUG | dusk] fpcSCtRq_phase_CreateProcess: fpcBs_Create OK proc=0xb400007a1438bcd0
[DEBUG | dusk] [DIAG] fpcSCtRq_phase_Load: procName=784 ret=4
[DEBUG | dusk] fpcSCtRq_phase_CreateProcess: procName=784
[DEBUG | dusk] fpcBs_Create: pid=23 profname=fpcNm_GRASS_e (784) profile=0x7b60576ae8 procSize=1640 unkSize=0
[DEBUG | dusk] fpcSCtRq_phase_CreateProcess: fpcBs_Create OK proc=0xb400007a1438b648
[DEBUG | dusk] [DIAG] fpcSCtRq_phase_Load: procName=784 ret=4
[DEBUG | dusk] fpcSCtRq_phase_CreateProcess: procName=784
[DEBUG | dusk] fpcBs_Create: pid=24 profname=fpcNm_GRASS_e (784) profile=0x7b60576ae8 procSize=1640 unkSize=0
[DEBUG | dusk] fpcSCtRq_phase_CreateProcess: fpcBs_Create OK proc=0xb400007a1438afc0
[DEBUG | dusk] [DIAG] fpcSCtRq_phase_Load: procName=784 ret=4
[DEBUG | dusk] fpcSCtRq_phase_CreateProcess: procName=784
[DEBUG | dusk] fpcBs_Create: pid=25 profname=fpcNm_GRASS_e (784) profile=0x7b60576ae8 procSize=1640 unkSize=0
[DEBUG | dusk] fpcSCtRq_phase_CreateProcess: fpcBs_Create OK proc=0xb400007a1438a938
[DEBUG | dusk] [DIAG] fpcSCtRq_phase_Load: procName=784 ret=4
[DEBUG | dusk] fpcSCtRq_phase_CreateProcess: procName=784
[DEBUG | dusk] fpcBs_Create: pid=26 profname=fpcNm_GRASS_e (784) profile=0x7b60576ae8 procSize=1640 unkSize=0
[DEBUG | dusk] fpcSCtRq_phase_CreateProcess: fpcBs_Create OK proc=0xb400007a1438a2b0
[DEBUG | dusk] [DIAG] fpcSCtRq_phase_Load: procName=784 ret=4
[DEBUG | dusk] fpcSCtRq_phase_CreateProcess: procName=784
[DEBUG | dusk] fpcBs_Create: pid=27 profname=fpcNm_GRASS_e (784) profile=0x7b60576ae8 procSize=1640 unkSize=0
[DEBUG | dusk] fpcSCtRq_phase_CreateProcess: fpcBs_Create OK proc=0xb400007a14389c28
[DEBUG | dusk] [DIAG] fpcSCtRq_phase_Load: procName=784 ret=4
[DEBUG | dusk] fpcSCtRq_phase_CreateProcess: procName=784
[DEBUG | dusk] fpcBs_Create: pid=28 profname=fpcNm_GRASS_e (784) profile=0x7b60576ae8 procSize=1640 unkSize=0
[DEBUG | dusk] fpcSCtRq_phase_CreateProcess: fpcBs_Create OK proc=0xb400007a143895a0
[DEBUG | dusk] [DIAG] fpcSCtRq_phase_Load: procName=333 ret=4
[DEBUG | dusk] fpcSCtRq_phase_CreateProcess: procName=333
[DEBUG | dusk] fpcBs_Create: pid=29 profname=fpcNm_Obj_Yobikusa_e (333) profile=0x7b6057b0c8 procSize=2360 unkSize=0
[DEBUG | dusk] fpcSCtRq_phase_CreateProcess: fpcBs_Create OK proc=0xb400007a14388c48
[DEBUG | dusk] [DIAG] fpcSCtRq_phase_Load: procName=333 ret=4
[DEBUG | dusk] fpcSCtRq_phase_CreateProcess: procName=333
[DEBUG | dusk] fpcBs_Create: pid=30 profname=fpcNm_Obj_Yobikusa_e (333) profile=0x7b6057b0c8 procSize=2360 unkSize=0
[DEBUG | dusk] fpcSCtRq_phase_CreateProcess: fpcBs_Create OK proc=0xb400007a143882f0
[DEBUG | dusk] [DIAG] fpcSCtRq_phase_Load: procName=333 ret=4
[DEBUG | dusk] fpcSCtRq_phase_CreateProcess: procName=333
[DEBUG | dusk] fpcBs_Create: pid=31 profname=fpcNm_Obj_Yobikusa_e (333) profile=0x7b6057b0c8 procSize=2360 unkSize=0
[DEBUG | dusk] fpcSCtRq_phase_CreateProcess: fpcBs_Create OK proc=0xb400007a14387998
[DEBUG | dusk] [DIAG] fpcSCtRq_phase_Load: procName=333 ret=4
[DEBUG | dusk] fpcSCtRq_phase_CreateProcess: procName=333
[DEBUG | dusk] fpcBs_Create: pid=32 profname=fpcNm_Obj_Yobikusa_e (333) profile=0x7b6057b0c8 procSize=2360 unkSize=0
[DEBUG | dusk] fpcSCtRq_phase_CreateProcess: fpcBs_Create OK proc=0xb400007a14387040
[DEBUG | dusk] [DIAG] fpcSCtRq_phase_Load: procName=333 ret=4
[DEBUG | dusk] fpcSCtRq_phase_CreateProcess: procName=333
[DEBUG | dusk] fpcBs_Create: pid=33 profname=fpcNm_Obj_Yobikusa_e (333) profile=0x7b6057b0c8 procSize=2360 unkSize=0
[DEBUG | dusk] fpcSCtRq_phase_CreateProcess: fpcBs_Create OK proc=0xb400007a143866e8
[DEBUG | dusk] [DIAG] fpcSCtRq_phase_Load: procName=333 ret=4
[DEBUG | dusk] fpcSCtRq_phase_CreateProcess: procName=333
[DEBUG | dusk] fpcBs_Create: pid=34 profname=fpcNm_Obj_Yobikusa_e (333) profile=0x7b6057b0c8 procSize=2360 unkSize=0
[DEBUG | dusk] fpcSCtRq_phase_CreateProcess: fpcBs_Create OK proc=0xb400007a14385d90
[DEBUG | dusk] [DIAG] fpcSCtRq_phase_Load: procName=733 ret=4
[DEBUG | dusk] fpcSCtRq_phase_CreateProcess: procName=733
[DEBUG | dusk] fpcBs_Create: pid=35 profname=fpcNm_SET_BG_OBJ_e (733) profile=0x7b60573f08 procSize=1664 unkSize=0
[DEBUG | dusk] fpcSCtRq_phase_CreateProcess: fpcBs_Create OK proc=0xb400007a143856f0
[DEBUG | dusk] [DIAG] fpcSCtRq_phase_Load: procName=733 ret=4
[DEBUG | dusk] fpcSCtRq_phase_CreateProcess: procName=733
[DEBUG | dusk] fpcBs_Create: pid=36 profname=fpcNm_SET_BG_OBJ_e (733) profile=0x7b60573f08 procSize=1664 unkSize=0
[DEBUG | dusk] fpcSCtRq_phase_CreateProcess: fpcBs_Create OK proc=0xb400007a14385050
[DEBUG | dusk] [DIAG] fpcSCtRq_phase_Load: procName=733 ret=4
[DEBUG | dusk] fpcSCtRq_phase_CreateProcess: procName=733
[DEBUG | dusk] fpcBs_Create: pid=37 profname=fpcNm_SET_BG_OBJ_e (733) profile=0x7b60573f08 procSize=1664 unkSize=0
[DEBUG | dusk] fpcSCtRq_phase_CreateProcess: fpcBs_Create OK proc=0xb400007a143849b0
[DEBUG | dusk] fopScnRq_phase_Execute: ret=0 name=12
[DEBUG | dusk] fopScnRq_phase_Execute: ret=0 name=18
[DEBUG | dusk] Loading Resource: al_kantera.bmd (Size: 21024)
[DEBUG | dusk] Loading Resource: ef_ktglow.bmd (Size: 3040)
[DEBUG | dusk] Loading Resource: al.bmd (Size: 176288)
[DEBUG | dusk] Loading Resource: al_bootsh.bmd (Size: 22048)
[DEBUG | dusk] Loading Resource: al_face.bmd (Size: 72576)
[DEBUG | dusk] Loading Resource: al_hands.bmd (Size: 61056)
[DEBUG | dusk] Loading Resource: al_head.bmd (Size: 33851)
[DEBUG | dusk] Loading Resource: al_swb.bmd (Size: 23552)
[DEBUG | dusk] Loading Resource: ef_ktglow.btk (Size: 512)
[DEBUG | dusk] Loading Resource: i_bajyohasiparts.bmd (Size: 76032)
[DEBUG | dusk] Loading Resource: i_bajyohasiparts_ef.bmd (Size: 37088)
[DEBUG | dusk] Loading Resource: i_bajyohasiparts_ef.btk (Size: 512)
[DEBUG | dusk] Loading Resource: i_bajyohasiparts.dzb (Size: 6848)
[DEBUG | dusk] Loading Resource: cs_f_b_fall.bck (Size: 448)
[DEBUG | dusk] Loading Resource: cs_f_b_swing_reaction.bck (Size: 416)
[DEBUG | dusk] Loading Resource: cs_f_b_walk.bck (Size: 544)
[DEBUG | dusk] Loading Resource: cs_f_b.bmd (Size: 66176)
[DEBUG | dusk] Loading Resource: cs_f_cover.bmd (Size: 30112)
[DEBUG | dusk] Loading Resource: cs_f_b_start.brk (Size: 352)
[DEBUG | dusk] Loading Resource: cs_f_b_stop.brk (Size: 320)
[DEBUG | dusk] Loading Resource: cs_f_cover_vanish.brk (Size: 544)
[DEBUG | dusk] Loading Resource: cs_f_b_start.btk (Size: 512)
[DEBUG | dusk] Loading Resource: cs_f_cover_vanish.btk (Size: 896)
[DEBUG | dusk] Loading Resource: cs_f_b.dzb (Size: 544)
[DEBUG | dusk] Loading Resource: model0.bmd (Size: 22624)
[DEBUG | dusk] Loading Resource: spec.dat (Size: 16)
[DEBUG | dusk] Loading Resource: hs_back_walk.bck (Size: 5536)
[DEBUG | dusk] Loading Resource: hs_back_walk_start.bck (Size: 6304)
[DEBUG | dusk] Loading Resource: hs_excitement.bck (Size: 11968)
[DEBUG | dusk] Loading Resource: hs_excitement_2.bck (Size: 14144)
[DEBUG | dusk] Loading Resource: hs_jump_end.bck (Size: 5344)
[DEBUG | dusk] Loading Resource: hs_jump_middle.bck (Size: 4640)
[DEBUG | dusk] Loading Resource: hs_jump_start.bck (Size: 4832)
[DEBUG | dusk] Loading Resource: hs_jump_start_clift.bck (Size: 5248)
[DEBUG | dusk] Loading Resource: hs_lash.bck (Size: 3200)
[DEBUG | dusk] Loading Resource: hs_neck_waitback_left.bck (Size: 2880)
[DEBUG | dusk] Loading Resource: hs_neck_waitback_right.bck (Size: 2848)
[DEBUG | dusk] Loading Resource: hs_run_dash.bck (Size: 7680)
[DEBUG | dusk] Loading Resource: hs_run_fast.bck (Size: 6688)
[DEBUG | dusk] Loading Resource: hs_run_slow.bck (Size: 7712)
[DEBUG | dusk] Loading Resource: hs_stand.bck (Size: 17984)
[DEBUG | dusk] Loading Resource: hs_stop_slow.bck (Size: 14208)
[DEBUG | dusk] Loading Resource: hs_stop_stand.bck (Size: 16352)
[DEBUG | dusk] Loading Resource: hs_turn_left.bck (Size: 9632)
[DEBUG | dusk] Loading Resource: hs_turn_left_start.bck (Size: 5248)
[DEBUG | dusk] Loading Resource: hs_turn_right.bck (Size: 9472)
[DEBUG | dusk] Loading Resource: hs_turn_right_start.bck (Size: 5344)
[DEBUG | dusk] Loading Resource: hs_wait_01.bck (Size: 4768)
[DEBUG | dusk] Loading Resource: hs_wait_01b.bck (Size: 4672)
[DEBUG | dusk] Loading Resource: hs_wait_01b_connect.bck (Size: 4672)
[DEBUG | dusk] Loading Resource: hs_wait_02.bck (Size: 8928)
[DEBUG | dusk] Loading Resource: hs_wait_03.bck (Size: 7552)
[DEBUG | dusk] Loading Resource: hs_wait_04.bck (Size: 12640)
[DEBUG | dusk] Loading Resource: hs_wait_05.bck (Size: 10528)
[DEBUG | dusk] Loading Resource: hs_walk_fast.bck (Size: 5792)
[DEBUG | dusk] Loading Resource: hs_walk_slow.bck (Size: 5600)
[DEBUG | dusk] Loading Resource: hs.bmd (Size: 131264)
[DEBUG | dusk] Loading Resource: hs_eye.btp (Size: 128)
[DEBUG | dusk] Loading Resource: tazuna.bti (Size: 160)
[DEBUG | dusk] Loading Resource: al_umakusa.bmd (Size: 5984)
[DEBUG | dusk] Loading Resource: j_umakusa.bmd (Size: 13152)
[DEBUG | dusk] Loading Resource: j_umakusa_c.bmd (Size: 9536)
[DEBUG | dusk] Loading Resource: model0.bmd (Size: 13312)
[DEBUG | dusk] Loading Resource: model1.bmd (Size: 10656)
[DEBUG | dusk] Loading Resource: model0.dzb (Size: 832)
[DEBUG | dusk] Loading Resource: spec.dat (Size: 148)
[DEBUG | dusk] [DIAG] fpcSCtRq_phase_Load: procName=734 ret=4
[DEBUG | dusk] fpcSCtRq_phase_CreateProcess: procName=734
[DEBUG | dusk] fpcBs_Create: pid=38 profname=fpcNm_BG_OBJ_e (734) profile=0x7b605724d8 procSize=4344 unkSize=0
[DEBUG | dusk] fpcSCtRq_phase_CreateProcess: fpcBs_Create OK proc=0xb400007a14383898
[DEBUG | dusk] [DIAG] fpcSCtRq_phase_Load: procName=734 ret=4
[DEBUG | dusk] fpcSCtRq_phase_CreateProcess: procName=734
[DEBUG | dusk] fpcBs_Create: pid=39 profname=fpcNm_BG_OBJ_e (734) profile=0x7b605724d8 procSize=4344 unkSize=0
[DEBUG | dusk] fpcSCtRq_phase_CreateProcess: fpcBs_Create OK proc=0xb400007a14382780
[DEBUG | dusk] fpcBs_Create: pid=43 profname=fpcNm_Tag_Attp_e (346) profile=0x7b60575d00 procSize=1632 unkSize=0
[DEBUG | dusk] [DIAG] fpcSCtRq_phase_Load: procName=734 ret=4
[DEBUG | dusk] fpcSCtRq_phase_CreateProcess: procName=734
[DEBUG | dusk] fpcBs_Create: pid=40 profname=fpcNm_BG_OBJ_e (734) profile=0x7b605724d8 procSize=4344 unkSize=0
[DEBUG | dusk] fpcSCtRq_phase_CreateProcess: fpcBs_Create OK proc=0xb400007a14381668
[DEBUG | dusk] fpcBs_Create: pid=45 profname=fpcNm_Tag_Attp_e (346) profile=0x7b60575d00 procSize=1632 unkSize=0
[DEBUG | dusk] [DIAG] fpcSCtRq_phase_Load: procName=734 ret=4
[DEBUG | dusk] fpcSCtRq_phase_CreateProcess: procName=734
[DEBUG | dusk] fpcBs_Create: pid=41 profname=fpcNm_BG_OBJ_e (734) profile=0x7b605724d8 procSize=4344 unkSize=0
[DEBUG | dusk] fpcSCtRq_phase_CreateProcess: fpcBs_Create OK proc=0xb400007a1437fed0
[DEBUG | dusk] fpcBs_Create: pid=47 profname=fpcNm_Tag_Attp_e (346) profile=0x7b60575d00 procSize=1632 unkSize=0
[DEBUG | dusk] fopScnRq_phase_Execute: ret=0 name=12
[DEBUG | dusk] fopScnRq_phase_Execute: ret=0 name=18
[DEBUG | dusk] [DIAG] fpcSCtRq_phase_Load: procName=548 ret=4
[DEBUG | dusk] fpcSCtRq_phase_CreateProcess: procName=548
[DEBUG | dusk] fpcBs_Create: pid=48 profname=fpcNm_HOZELDA_e (548) profile=0x7b60582e40 procSize=2368 unkSize=0
[DEBUG | dusk] fpcSCtRq_phase_CreateProcess: fpcBs_Create OK proc=0xb400007a1438ace8
[DEBUG | dusk] fopScnRq_phase_Execute: ret=0 name=12
[DEBUG | dusk] fopScnRq_phase_Execute: ret=0 name=18
[DEBUG | dusk] Loading Resource: al_sha.bmd (Size: 24288)
[DEBUG | dusk] Loading Resource: zelh_aldieh.bck (Size: 6240)
[DEBUG | dusk] Loading Resource: zelh_arelordh.bck (Size: 9280)
[DEBUG | dusk] Loading Resource: zelh_ashooth.bck (Size: 5216)
[DEBUG | dusk] Loading Resource: zelh_atbh.bck (Size: 4064)
[DEBUG | dusk] Loading Resource: zelh_barelordh.bck (Size: 1216)
[DEBUG | dusk] Loading Resource: zelh_bashooth.bck (Size: 1952)
[DEBUG | dusk] Loading Resource: zelh_damh.bck (Size: 4864)
[DEBUG | dusk] Loading Resource: zelh_dashh.bck (Size: 6976)
[DEBUG | dusk] Loading Resource: zelh_dstarth.bck (Size: 7584)
[DEBUG | dusk] Loading Resource: zelh_egnd_wh.bck (Size: 6048)
[DEBUG | dusk] Loading Resource: zelh_egnd_whb.bck (Size: 5344)
[DEBUG | dusk] Loading Resource: zelh_jumph.bck (Size: 5600)
[DEBUG | dusk] Loading Resource: zelh_jumphed.bck (Size: 5568)
[DEBUG | dusk] Loading Resource: zelh_jumphst.bck (Size: 4896)
[DEBUG | dusk] Loading Resource: zelh_numbh.bck (Size: 4704)
[DEBUG | dusk] Loading Resource: zelh_standh.bck (Size: 10624)
[DEBUG | dusk] Loading Resource: zelh_standhwc.bck (Size: 14176)
[DEBUG | dusk] Loading Resource: zelh_stoph.bck (Size: 8064)
[DEBUG | dusk] Loading Resource: zelh_stoptostandh.bck (Size: 11648)
[DEBUG | dusk] Loading Resource: zelh_waitbh.bck (Size: 6656)
[DEBUG | dusk] Loading Resource: zelh_waitch.bck (Size: 5184)
[DEBUG | dusk] Loading Resource: zelh_waith.bck (Size: 5216)
[DEBUG | dusk] Loading Resource: o_zg_arow.bmd (Size: 9312)
[DEBUG | dusk] Loading Resource: o_zg_bow.bmd (Size: 17120)
[DEBUG | dusk] Loading Resource: zelh.bmd (Size: 240768)
[DEBUG | dusk] Loading Resource: zelh_fa.btk (Size: 352)
[DEBUG | dusk] Loading Resource: zelh_faldieh.btk (Size: 992)
[DEBUG | dusk] Loading Resource: zelh_fegnd_wh.btk (Size: 352)
[DEBUG | dusk] Loading Resource: zelh_fa.btp (Size: 128)
[DEBUG | dusk] Loading Resource: zelh_faldieh.btp (Size: 864)
[DEBUG | dusk] Loading Resource: zelh_fb.btp (Size: 128)
[DEBUG | dusk] Loading Resource: zelh_fc.btp (Size: 128)
[DEBUG | dusk] Loading Resource: zelh_fmaba01.btp (Size: 160)
[DEBUG | dusk] fopScnRq_phase_Execute: ret=0 name=12
[DEBUG | dusk] fopScnRq_phase_Execute: ret=0 name=18
[DEBUG | dusk] fopScnRq_phase_Execute: ret=0 name=12
[DEBUG | dusk] fopScnRq_phase_Execute: ret=0 name=18
[DEBUG | dusk] [DIAG] fpcSCtRq_phase_Load: procName=255 ret=4
[DEBUG | dusk] fpcSCtRq_phase_CreateProcess: procName=255
[DEBUG | dusk] fpcBs_Create: pid=49 profname=fpcNm_MIDNA_e (255) profile=0x7b60575698 procSize=3360 unkSize=0
[DEBUG | dusk] fpcSCtRq_phase_CreateProcess: fpcBs_Create OK proc=0xb400007a14389fa8
[DEBUG | dusk] fopScnRq_phase_Execute: ret=0 name=12
[DEBUG | dusk] fopScnRq_phase_Execute: ret=0 name=18
[DEBUG | dusk] Loading Resource: s_md_hands.bmd (Size: 19776)
[DEBUG | dusk] Loading Resource: s_md_mask.bmd (Size: 15424)
[DEBUG | dusk] Loading Resource: s_md_gokou.bmd (Size: 3008)
[DEBUG | dusk] Loading Resource: s_md.bmd (Size: 69984)
[DEBUG | dusk] Loading Resource: s_md_hair_hand.bmd (Size: 18944)
[DEBUG | dusk] Loading Resource: s_md_appear.brk (Size: 352)
[DEBUG | dusk] Loading Resource: s_md_gokou_appear.brk (Size: 256)
[DEBUG | dusk] Loading Resource: s_md_hair_hand_appear.brk (Size: 288)
[DEBUG | dusk] Loading Resource: s_md_mask_appear.brk (Size: 256)
[DEBUG | dusk] Loading Resource: s_md_hair_hand_moya.btk (Size: 544)
[DEBUG | dusk] Loading Resource: s_md_hands_moya.btk (Size: 608)
[DEBUG | dusk] Loading Resource: s_md_mask_moya.btk (Size: 320)
[DEBUG | dusk] Loading Resource: s_md_moya.btk (Size: 512)
[DEBUG | dusk] fopScnRq_phase_Execute: ret=0 name=12
[DEBUG | dusk] fpcBs_Create: pid=51 profname=fpcNm_DEMO00_e (718) profile=0x7b60575470 procSize=11112 unkSize=0
[DEBUG | dusk] fpcBs_Create: pid=53 profname=fpcNm_DEMO00_e (718) profile=0x7b60575470 procSize=11112 unkSize=0
[DEBUG | dusk] fpcBs_Create: pid=55 profname=fpcNm_DEMO00_e (718) profile=0x7b60575470 procSize=11112 unkSize=0
[DEBUG | dusk] fpcBs_Create: pid=57 profname=fpcNm_DEMO00_e (718) profile=0x7b60575470 procSize=11112 unkSize=0
[DEBUG | dusk] frameInterp: onTypeChange 41 -> 40 (event_type_id=40, leaving_event=false, entering_event=true)
[DEBUG | dusk] frameInterp: presentation sync not requested for ZEV event [STBWAIT] (staff idx 12)
[DEBUG | dev.twilitrealm.cosmetics] Loaded base texture data for al_bootsH. size: 2000 hash: C9F8C58AA332C5E6
[DEBUG | dev.twilitrealm.cosmetics] Loaded base texture data for al_SWB. size: 4000 hash: 1071499E19799A7D
[DEBUG | dev.twilitrealm.cosmetics] Loaded base texture data for hs_body. size: 8000 hash: F473331D6D5B148D
[DEBUG | dev.twilitrealm.cosmetics] Loaded base texture data for hs_eye.1. size: 200 hash: 24B0258CCF8EED45
[DEBUG | dev.twilitrealm.cosmetics] Loaded base texture data for hs_eye.2. size: 200 hash: 1B47C467FC5CA5BC
[DEBUG | dev.twilitrealm.cosmetics] Loaded base texture data for hs_eye.3. size: 200 hash: EC429699463FDDB2
[DEBUG | dev.twilitrealm.cosmetics] Loaded base texture data for al_hair. size: 4000 hash: 582A10908B80C70E
[DEBUG | dev.twilitrealm.cosmetics] Loaded base texture data for al_lowbody. size: 2000 hash: C4790EAFCB60026F
[DEBUG | dev.twilitrealm.cosmetics] Loaded base texture data for al_upbody. size: 4000 hash: 33E862A57F216822
[DEBUG | dev.twilitrealm.cosmetics] Registered replacement for al_lowbody.
[DEBUG | dev.twilitrealm.cosmetics] Registered replacement for al_upbody.
[INFO | org.twilight.hd_hud] Text Font: replacement drawing active; original advances preserved
[INFO | org.twilight.hd_hud] Text Font: original cell=24x24 ascent=21 descent=3 scale=18.00x18.00
[DEBUG | dusk] [DIAG] fpcSCtRq_phase_Load: procName=0 ret=4
[DEBUG | dusk] fpcSCtRq_phase_CreateProcess: procName=0
[DEBUG | dusk] fpcBs_Create: pid=58 profname=fpcNm_OVERLAP0_e (0) profile=0x7b6056eb18 procSize=384 unkSize=0
[DEBUG | dusk] fpcSCtRq_phase_CreateProcess: fpcBs_Create OK proc=0xb400007a14374650
[DEBUG | dusk] fpcNdRq_phase_Create: name=13 layer=0x7b607a2418
[DEBUG | dusk] fpcNdRq_phase_Create: creating_id=59 (error=4294967295)
[WARNING | dusk::mods::actor] Attempted to delete actor with ID (48) but it doesn't exist!
[DEBUG | dusk] [DIAG] fpcSCtRq_phase_Load: procName=13 ret=4
[DEBUG | dusk] fpcSCtRq_phase_CreateProcess: procName=13
[DEBUG | dusk] fpcBs_Create: pid=59 profname=fpcNm_NAME_SCENE_e (13) profile=0x7b6056f138 procSize=1704 unkSize=0
[DEBUG | dusk] fpcSCtRq_phase_CreateProcess: fpcBs_Create OK proc=0xb400007a143997d8
[DEBUG | dusk] Loading Resource: zelda_file_select.bck (Size: 23584)
[DEBUG | dusk] Loading Resource: zelda_file_select.blo (Size: 176800)
[DEBUG | dusk] Loading Resource: zelda_file_select.bpk (Size: 288)
[DEBUG | dusk] Loading Resource: zelda_file_select.brk (Size: 544)
[DEBUG | dusk] Loading Resource: zelda_file_select.btk (Size: 1408)
[DEBUG | dusk] Loading Resource: zelda_file_select_02.btk (Size: 544)
[DEBUG | dusk] Loading Resource: zelda_file_select_03.btk (Size: 544)
[DEBUG | dusk] Loading Resource: zelda_file_select_04.btk (Size: 448)
[DEBUG | dusk] Loading Resource: zelda_file_select_05.btk (Size: 800)
[DEBUG | dusk] Loading Resource: zelda_file_select_3menu_window.bck (Size: 5568)
[DEBUG | dusk] Loading Resource: zelda_file_select_3menu_window.blo (Size: 12992)
[DEBUG | dusk] Loading Resource: zelda_file_select_3menu_window.bpk (Size: 288)
[DEBUG | dusk] Loading Resource: zelda_file_select_3menu_window.btk (Size: 768)
[DEBUG | dusk] Loading Resource: zelda_file_select_copy_select.bck (Size: 5632)
[DEBUG | dusk] Loading Resource: zelda_file_select_copy_select.blo (Size: 55488)
[DEBUG | dusk] Loading Resource: zelda_file_select_copy_select.bpk (Size: 256)
[DEBUG | dusk] Loading Resource: zelda_file_select_copy_select.brk (Size: 416)
[DEBUG | dusk] Loading Resource: zelda_file_select_copy_select.btk (Size: 1120)
[DEBUG | dusk] Loading Resource: zelda_file_select_copy_select_02.btk (Size: 448)
[DEBUG | dusk] Loading Resource: zelda_file_select_copy_select_03.btk (Size: 608)
[DEBUG | dusk] Loading Resource: zelda_file_select_details.blo (Size: 23904)
[DEBUG | dusk] Loading Resource: zelda_file_select_details.btk (Size: 832)
[DEBUG | dusk] Loading Resource: zelda_file_select_info_text.blo (Size: 13728)
[DEBUG | dusk] Loading Resource: zelda_file_select_warning_window.bck (Size: 1088)
[DEBUG | dusk] Loading Resource: zelda_file_select_warning_window.blo (Size: 4704)
[DEBUG | dusk] Loading Resource: zelda_file_select_yes_no_window.bck (Size: 2944)
[DEBUG | dusk] Loading Resource: zelda_file_select_yes_no_window.blo (Size: 9024)
[DEBUG | dusk] Loading Resource: zelda_file_select_yes_no_window.bpk (Size: 224)
[DEBUG | dusk] Loading Resource: zelda_file_select_yes_no_window.btk (Size: 576)
[DEBUG | dusk] Loading Resource: zelda_option_check.blo (Size: 48832)
[DEBUG | dusk] Loading Resource: ak_kagerou_battle_rr.bti (Size: 2720)
[DEBUG | dusk] Loading Resource: ak_ocarina_fire_00.bti (Size: 32800)
[DEBUG | dusk] Loading Resource: ak_ocarina_fire_01.bti (Size: 32800)
[DEBUG | dusk] Loading Resource: ak_ocarina_ind_00.bti (Size: 32800)
[DEBUG | dusk] Loading Resource: black_80.bti (Size: 3232)
[DEBUG | dusk] Loading Resource: bow_light.bti (Size: 320)
[DEBUG | dusk] Loading Resource: i4_gra.bti (Size: 1056)
[DEBUG | dusk] Loading Resource: im_b_button_00.bti (Size: 1184)
[DEBUG | dusk] Loading Resource: im_kinobou_48.bti (Size: 2592)
[DEBUG | dusk] Loading Resource: navi_l.bti (Size: 544)
[DEBUG | dusk] Loading Resource: ni_hairianotate_48.bti (Size: 2816)
[DEBUG | dusk] Loading Resource: ni_kinotate_48.bti (Size: 2656)
[DEBUG | dusk] Loading Resource: ni_magicarmor_48.bti (Size: 2784)
[DEBUG | dusk] Loading Resource: ni_mastersword_48.bti (Size: 2688)
[DEBUG | dusk] Loading Resource: ni_zouranofuku_48.bti (Size: 2752)
[DEBUG | dusk] Loading Resource: ttdelunotate_s3_tc.bti (Size: 2592)
[DEBUG | dusk] Loading Resource: tt_1_metal_40x40.bti (Size: 1632)
[DEBUG | dusk] Loading Resource: tt_2_metal_40x40.bti (Size: 1632)
[DEBUG | dusk] Loading Resource: tt_3setu_w_l.bti (Size: 92960)
[DEBUG | dusk] Loading Resource: tt_3_metal_40x40.bti (Size: 1632)
[DEBUG | dusk] Loading Resource: tt_black_32.bti (Size: 1056)
[DEBUG | dusk] Loading Resource: tt_block128_00.bti (Size: 8224)
[DEBUG | dusk] Loading Resource: tt_block8x8.bti (Size: 64)
[DEBUG | dusk] Loading Resource: tt_book_meramera_00.bti (Size: 6944)
[DEBUG | dusk] Loading Resource: tt_button_base0_center_tate.bti (Size: 1312)
[DEBUG | dusk] Loading Resource: tt_button_base0_side.bti (Size: 1312)
[DEBUG | dusk] Loading Resource: tt_gold_uzu_long2.bti (Size: 4832)
[DEBUG | dusk] Loading Resource: tt_heart_00.bti (Size: 1312)
[DEBUG | dusk] Loading Resource: tt_horiwaku_lu.bti (Size: 1600)
[DEBUG | dusk] Loading Resource: tt_horiwaku_side_l_rr.bti (Size: 928)
[DEBUG | dusk] Loading Resource: tt_horiwaku_side_r_rr.bti (Size: 928)
[DEBUG | dusk] Loading Resource: tt_horiwaku_top_rr.bti (Size: 1056)
[DEBUG | dusk] Loading Resource: tt_i4_gra.bti (Size: 1056)
[DEBUG | dusk] Loading Resource: tt_iastarrr.bti (Size: 1056)
[DEBUG | dusk] Loading Resource: tt_itumonofuku_s3tc.bti (Size: 2624)
[DEBUG | dusk] Loading Resource: tt_kazari_kani_00.bti (Size: 4128)
[DEBUG | dusk] Loading Resource: tt_kazari_kani_02.bti (Size: 4128)
[DEBUG | dusk] Loading Resource: tt_kokirinoken_s3_tc.bti (Size: 2592)
[DEBUG | dusk] Loading Resource: tt_line2.bti (Size: 96)
[DEBUG | dusk] Loading Resource: tt_metal_cube_00.bti (Size: 1184)
[DEBUG | dusk] Loading Resource: tt_spot_square3.bti (Size: 2080)
[DEBUG | dusk] Loading Resource: tt_uzumaki_00.bti (Size: 16160)
[DEBUG | dusk] Loading Resource: tt_w08_160_gra.bti (Size: 6432)
[DEBUG | dusk] Loading Resource: tt_yakushima.bti (Size: 8224)
[DEBUG | dusk] Loading Resource: tt_zelda_button_ab_maru.bti (Size: 1632)
[DEBUG | dusk] Loading Resource: tt_zelda_button_a_8ia.bti (Size: 1568)
[DEBUG | dusk] Loading Resource: tt_zelda_button_a_text.bti (Size: 800)
[DEBUG | dusk] Loading Resource: tt_zelda_button_b_text.bti (Size: 512)
[DEBUG | dusk] Loading Resource: tt_zelda_revo_maru_button_64_8ia_01.bti (Size: 8736)
[DEBUG | dusk] [DIAG] fpcSCtRq_phase_Load: procName=0 ret=4
[DEBUG | dusk] fpcSCtRq_phase_CreateProcess: procName=0
[DEBUG | dusk] fpcBs_Create: pid=60 profname=fpcNm_OVERLAP0_e (0) profile=0x7b6056eb18 procSize=384 unkSize=0
[DEBUG | dusk] fpcSCtRq_phase_CreateProcess: fpcBs_Create OK proc=0xb400007a14399558
[DEBUG | dusk] fpcNdRq_phase_Create: name=11 layer=0x7b607a2418
[DEBUG | dusk] fpcNdRq_phase_Create: creating_id=61 (error=4294967295)
[DEBUG | dusk] [DIAG] fpcSCtRq_phase_Load: procName=11 ret=4
[DEBUG | dusk] fpcSCtRq_phase_CreateProcess: procName=11
[DEBUG | dusk] fpcBs_Create: pid=61 profname=fpcNm_PLAY_SCENE_e (11) profile=0x7b6056f268 procSize=912 unkSize=0
[DEBUG | dusk] fpcSCtRq_phase_CreateProcess: fpcBs_Create OK proc=0xb400007a14399af0
[DEBUG | dusk] Loading Resource: vrbox_kasumim.bmd (Size: 2272)
[DEBUG | dusk] Loading Resource: vrbox_kumo.bmd (Size: 69664)
[DEBUG | dusk] Loading Resource: vrbox_sora.bmd (Size: 6624)
[DEBUG | dusk] Loading Resource: vrbox_sun.bmd (Size: 12032)
[DEBUG | dusk] Loading Resource: door-knob_00.bmd (Size: 10400)
[DEBUG | dusk] Loading Resource: door-knob_01.bmd (Size: 7904)
[DEBUG | dusk] Loading Resource: door-knob_02.bmd (Size: 9408)
[DEBUG | dusk] Loading Resource: vrbox_sun.btk (Size: 320)
[DEBUG | dusk] Loading Resource: colordata_tbl.dat (Size: 800)
[DEBUG | dusk] Loading Resource: pol_arg.dat (Size: 128)
[DEBUG | dusk] Loading Resource: pol_effcol.dat (Size: 128)
[DEBUG | dusk] Loading Resource: pol_effcol2.dat (Size: 128)
[DEBUG | dusk] Loading Resource: pol_efftbl.dat (Size: 128)
[DEBUG | dusk] Loading Resource: pol_efftbl2.dat (Size: 128)
[DEBUG | dusk] Loading Resource: pol_sound.dat (Size: 128)
[DEBUG | dusk] Loading Resource: stage.dzs (Size: 5088)
[DEBUG | dusk] Loading Resource: cloudtx_01.bti (Size: 4128)
[DEBUG | dusk] Loading Resource: cloudtx_02.bti (Size: 4128)
[DEBUG | dusk] Loading Resource: cloudtx_03.bti (Size: 4128)
[DEBUG | dusk] Loading Resource: f_moon.bti (Size: 8224)
[DEBUG | dusk] Loading Resource: f_moon_a.bti (Size: 2080)
[DEBUG | dusk] Loading Resource: f_moon_a_a00.bti (Size: 64)
[DEBUG | dusk] Loading Resource: f_moon_a_a01.bti (Size: 544)
[DEBUG | dusk] Loading Resource: f_moon_a_a02.bti (Size: 544)
[DEBUG | dusk] Loading Resource: f_moon_a_a03.bti (Size: 544)
[DEBUG | dusk] Loading Resource: event_list.dat (Size: 106476)
[DEBUG | dusk] Loading Resource: camstyle.dat (Size: 43328)
[DEBUG | dusk] Loading Resource: camtype.dat (Size: 14560)
[DEBUG | dusk] fpcBs_Create: pid=66 profname=fpcNm_SUSPEND_e (783) profile=0x7b60575c48 procSize=1632 unkSize=0
[DEBUG | dusk] fopScnM_CreateReq: procName=18 fade=32767
[DEBUG | dusk] fopScnM_CreateReq: result=5 (error=4294967295)
[DEBUG | dusk] fpcBs_Create: pid=70 profname=fpcNm_KANKYO_e (19) profile=0x7b60569e60 procSize=440 unkSize=0
[DEBUG | dusk] fpcBs_Create: pid=72 profname=fpcNm_KYEFF_e (785) profile=0x7b60569eb0 procSize=440 unkSize=0
[DEBUG | dusk] fpcBs_Create: pid=74 profname=fpcNm_KYEFF2_e (786) profile=0x7b60569ef0 procSize=440 unkSize=0
[DEBUG | dusk] fpcBs_Create: pid=76 profname=fpcNm_ENVSE_e (21) profile=0x7b60568f20 procSize=456 unkSize=0
[DEBUG | dusk] fpcNdRq_phase_Create: name=18 layer=0xb400007a14399c48
[DEBUG | dusk] fpcNdRq_phase_Create: creating_id=79 (error=4294967295)
[DEBUG | dusk] [DIAG] fpcSCtRq_phase_Load: procName=781 ret=4
[DEBUG | dusk] fpcSCtRq_phase_CreateProcess: procName=781
[DEBUG | dusk] fpcBs_Create: pid=62 profname=fpcNm_CAMERA_e (781) profile=0x7b60568d68 procSize=4240 unkSize=0
[DEBUG | dusk] fpcSCtRq_phase_CreateProcess: fpcBs_Create OK proc=0xb400007a143969dc
[DEBUG | dusk] [DIAG] fpcSCtRq_phase_Load: procName=686 ret=4
[DEBUG | dusk] fpcSCtRq_phase_CreateProcess: procName=686
[DEBUG | dusk] fpcBs_Create: pid=63 profname=fpcNm_KYTAG04_e (686) profile=0x7b60572f28 procSize=1784 unkSize=0
[DEBUG | dusk] fpcSCtRq_phase_CreateProcess: fpcBs_Create OK proc=0xb400007a143962c4
[DEBUG | dusk] [DIAG] fpcSCtRq_phase_Load: procName=25 ret=4
[DEBUG | dusk] fpcSCtRq_phase_CreateProcess: procName=25
[DEBUG | dusk] fpcBs_Create: pid=64 profname=fpcNm_Tag_Gstart_e (25) profile=0x7b6057b860 procSize=1632 unkSize=0
[DEBUG | dusk] fpcSCtRq_phase_CreateProcess: fpcBs_Create OK proc=0xb400007a14395c44
[DEBUG | dusk] [DIAG] fpcSCtRq_phase_Load: procName=699 ret=4
[DEBUG | dusk] fpcSCtRq_phase_CreateProcess: procName=699
[DEBUG | dusk] fpcBs_Create: pid=67 profname=fpcNm_KYTAG17_e (699) profile=0x7b60572fe0 procSize=1632 unkSize=0
[DEBUG | dusk] fpcSCtRq_phase_CreateProcess: fpcBs_Create OK proc=0xb400007a143955c4
[DEBUG | dusk] [DIAG] fpcSCtRq_phase_Load: procName=238 ret=4
[DEBUG | dusk] fpcSCtRq_phase_CreateProcess: procName=238
[DEBUG | dusk] fpcBs_Create: pid=68 profname=fpcNm_HORSE_e (238) profile=0x7b60582d10 procSize=8464 unkSize=0
[DEBUG | dusk] fpcSCtRq_phase_CreateProcess: fpcBs_Create OK proc=0xb400007a14393494
[DEBUG | dusk] [DIAG] fpcSCtRq_phase_Load: procName=730 ret=4
[DEBUG | dusk] fpcSCtRq_phase_CreateProcess: procName=730
[DEBUG | dusk] fpcBs_Create: pid=77 profname=fpcNm_VRBOX_e (730) profile=0x7b60575078 procSize=1648 unkSize=0
[DEBUG | dusk] fpcSCtRq_phase_CreateProcess: fpcBs_Create OK proc=0xb400007a14392e04
[DEBUG | dusk] [DIAG] fpcSCtRq_phase_Load: procName=731 ret=4
[DEBUG | dusk] fpcSCtRq_phase_CreateProcess: procName=731
[DEBUG | dusk] fpcBs_Create: pid=78 profname=fpcNm_VRBOX2_e (731) profile=0x7b60575130 procSize=1720 unkSize=0
[DEBUG | dusk] fpcSCtRq_phase_CreateProcess: fpcBs_Create OK proc=0xb400007a1439272c
[DEBUG | dusk] [DIAG] fpcSCtRq_phase_Load: procName=18 ret=4
[DEBUG | dusk] fpcSCtRq_phase_CreateProcess: procName=18
[DEBUG | dusk] fpcBs_Create: pid=79 profname=fpcNm_ROOM_SCENE_e (18) profile=0x7b6056f388 procSize=912 unkSize=0
[DEBUG | dusk] fpcSCtRq_phase_CreateProcess: fpcBs_Create OK proc=0xb400007a1439237c
[DEBUG | dusk] fapGm_Execute frame=300
[DEBUG | dusk] Loading Resource: ef_portal.bmd (Size: 60192)
[DEBUG | dusk] Loading Resource: ef_portal_blue_app.brk (Size: 896)
[DEBUG | dusk] Loading Resource: ef_portal_blue_disapp.brk (Size: 896)
[DEBUG | dusk] Loading Resource: ef_portal_red_app.brk (Size: 896)
[DEBUG | dusk] Loading Resource: ef_portal_red_disapp.brk (Size: 896)
[DEBUG | dusk] Loading Resource: ef_portal.btk (Size: 1792)
[DEBUG | dusk] Loading Resource: hs_back_walk.bck (Size: 5536)
[DEBUG | dusk] Loading Resource: hs_back_walk_start.bck (Size: 6304)
[DEBUG | dusk] Loading Resource: hs_excitement.bck (Size: 11968)
[DEBUG | dusk] Loading Resource: hs_excitement_2.bck (Size: 14144)
[DEBUG | dusk] Loading Resource: hs_jump_end.bck (Size: 5344)
[DEBUG | dusk] Loading Resource: hs_jump_middle.bck (Size: 4640)
[DEBUG | dusk] Loading Resource: hs_jump_start.bck (Size: 4832)
[DEBUG | dusk] Loading Resource: hs_jump_start_clift.bck (Size: 5248)
[DEBUG | dusk] Loading Resource: hs_lash.bck (Size: 3200)
[DEBUG | dusk] Loading Resource: hs_neck_waitback_left.bck (Size: 2880)
[DEBUG | dusk] Loading Resource: hs_neck_waitback_right.bck (Size: 2848)
[DEBUG | dusk] Loading Resource: hs_run_dash.bck (Size: 7680)
[DEBUG | dusk] Loading Resource: hs_run_fast.bck (Size: 6688)
[DEBUG | dusk] Loading Resource: hs_run_slow.bck (Size: 7712)
[DEBUG | dusk] Loading Resource: hs_stand.bck (Size: 17984)
[DEBUG | dusk] Loading Resource: hs_stop_slow.bck (Size: 14208)
[DEBUG | dusk] Loading Resource: hs_stop_stand.bck (Size: 16352)
[DEBUG | dusk] Loading Resource: hs_turn_left.bck (Size: 9632)
[DEBUG | dusk] Loading Resource: hs_turn_left_start.bck (Size: 5248)
[DEBUG | dusk] Loading Resource: hs_turn_right.bck (Size: 9472)
[DEBUG | dusk] Loading Resource: hs_turn_right_start.bck (Size: 5344)
[DEBUG | dusk] Loading Resource: hs_wait_01.bck (Size: 4768)
[DEBUG | dusk] Loading Resource: hs_wait_01b.bck (Size: 4672)
[DEBUG | dusk] Loading Resource: hs_wait_01b_connect.bck (Size: 4672)
[DEBUG | dusk] Loading Resource: hs_wait_02.bck (Size: 8928)
[DEBUG | dusk] Loading Resource: hs_wait_03.bck (Size: 7552)
[DEBUG | dusk] Loading Resource: hs_wait_04.bck (Size: 12640)
[DEBUG | dusk] Loading Resource: hs_wait_05.bck (Size: 10528)
[DEBUG | dusk] Loading Resource: hs_walk_fast.bck (Size: 5792)
[DEBUG | dusk] Loading Resource: hs_walk_slow.bck (Size: 5600)
[DEBUG | dusk] Loading Resource: hs.bmd (Size: 131264)
[DEBUG | dusk] Loading Resource: hs_eye.btp (Size: 128)
[DEBUG | dusk] Loading Resource: tazuna.bti (Size: 160)
[DEBUG | dusk] Loading Resource: model.bmd (Size: 1232640)
[DEBUG | dusk] Loading Resource: model1.bmd (Size: 5824)
[DEBUG | dusk] Loading Resource: model2.bmd (Size: 18752)
[DEBUG | dusk] Loading Resource: model3.bmd (Size: 13312)
[DEBUG | dusk] Loading Resource: model4.bmd (Size: 7488)
[DEBUG | dusk] Loading Resource: model5.bmd (Size: 82816)
[DEBUG | dusk] Loading Resource: model.btk (Size: 864)
[DEBUG | dusk] Loading Resource: model1.btk (Size: 320)
[DEBUG | dusk] Loading Resource: model2.btk (Size: 352)
[DEBUG | dusk] Loading Resource: model4.btk (Size: 320)
[DEBUG | dusk] Loading Resource: room.dzr (Size: 41024)
[DEBUG | dusk] Loading Resource: bomb_barn.stb (Size: 2528)
[DEBUG | dusk] Loading Resource: event_list.dat (Size: 24740)
[DEBUG | dusk] Loading Resource: kakariko.stb (Size: 1588)
[DEBUG | dusk] Loading Resource: light_soul.stb (Size: 1328)
[DEBUG | dusk] Loading Resource: r00_jmup.stb (Size: 604)
[DEBUG | dusk] Loading Resource: r00_jmup2.stb (Size: 672)
[DEBUG | dusk] Loading Resource: room.kcl (Size: 808478)
[DEBUG | dusk] Loading Resource: room.plc (Size: 1696)
[DEBUG | dusk] Loading Resource: demo36_alink_cut08_fc_1_o.bck (Size: 512)
[DEBUG | dusk] Loading Resource: demo36_alink_cut09_bd_1_o.bck (Size: 26176)
[DEBUG | dusk] Loading Resource: demo36_alink_cut09_fc_1_o.bck (Size: 480)
[DEBUG | dusk] Loading Resource: demo36_alink_cut10_bd_1_o.bck (Size: 28896)
[DEBUG | dusk] Loading Resource: demo36_alink_cut10_fc_1_o.bck (Size: 2720)
[DEBUG | dusk] Loading Resource: demo36_alink_cut11_bd_1_o.bck (Size: 17568)
[DEBUG | dusk] Loading Resource: demo36_alink_cut11_fc_1_o.bck (Size: 480)
[DEBUG | dusk] Loading Resource: demo36_alink_cut13_bd_1_o.bck (Size: 15328)
[DEBUG | dusk] Loading Resource: demo36_alink_cut13_fc_1_o.bck (Size: 3008)
[DEBUG | dusk] Loading Resource: demo36_alink_cut14_bd_1_o.bck (Size: 47232)
[DEBUG | dusk] Loading Resource: demo36_alink_cut14_fc_1_o.bck (Size: 4320)
[DEBUG | dusk] Loading Resource: demo36_alink_cut15_bd_1_o.bck (Size: 24448)
[DEBUG | dusk] Loading Resource: demo36_alink_cut15_fc_1_o.bck (Size: 3264)
[DEBUG | dusk] Loading Resource: demo36_alink_cut03_fc_1_o.bck (Size: 1088)
[DEBUG | dusk] Loading Resource: demo36_horse_cut02_bd_1_o.bck (Size: 26912)
[DEBUG | dusk] Loading Resource: demo36_horse_cut04_bd_1_o.bck (Size: 31712)
[DEBUG | dusk] Loading Resource: demo36_horse_cut05_bd_1_o.bck (Size: 27872)
[DEBUG | dusk] Loading Resource: demo36_horse_cut06_bd_1_o.bck (Size: 31776)
[DEBUG | dusk] Loading Resource: demo36_horse_cut07_bd_1_o.bck (Size: 15200)
[DEBUG | dusk] Loading Resource: demo36_horse_cut09_bd_1_o.bck (Size: 19808)
[DEBUG | dusk] Loading Resource: demo36_horse_cut11_bd_1_o.bck (Size: 36224)
[DEBUG | dusk] Loading Resource: demo36_horse_cut12_bd_1_o.bck (Size: 11648)
[DEBUG | dusk] Loading Resource: demo36_horse_cut13_bd_1_o.bck (Size: 17376)
[DEBUG | dusk] Loading Resource: demo36_horse_cut14_bd_1_o.bck (Size: 50848)
[DEBUG | dusk] Loading Resource: demo36_horse_cut15_bd_1_o.bck (Size: 26112)
[DEBUG | dusk] Loading Resource: demo36_rdd01_cut04_bd_1_o.bck (Size: 22240)
[DEBUG | dusk] Loading Resource: demo36_rdd01_cut05_bd_1_o.bck (Size: 11808)
[DEBUG | dusk] Loading Resource: demo36_rdd02_cut04_bd_1_o.bck (Size: 19776)
[DEBUG | dusk] Loading Resource: demo36_rdd02_cut05_bd_1_o.bck (Size: 13536)
[DEBUG | dusk] Loading Resource: demo36_alink_cut03_bd_1_o.bck (Size: 4480)
[DEBUG | dusk] Loading Resource: demo36_alink_cut06_bd_1_o.bck (Size: 3072)
[DEBUG | dusk] Loading Resource: demo36_alink_cut06_fc_1_o.bck (Size: 512)
[DEBUG | dusk] Loading Resource: demo36_alink_cut08_bd_1_o.bck (Size: 3104)
[DEBUG | dusk] Loading Resource: demo36_alink_cut16_bd_1_o.bck (Size: 14656)
[DEBUG | dusk] Loading Resource: demo36_alink_cut16_fc_1_o.bck (Size: 480)
[DEBUG | dusk] Loading Resource: demo36_horse_cut16_bd_1_o.bck (Size: 18400)
[DEBUG | dusk] Loading Resource: demo00_link_cut00_hd_tmp.bck (Size: 1536)
[DEBUG | dusk] Loading Resource: demo36_alink_cut15_hd_1_o.bck (Size: 1536)
[DEBUG | dusk] Loading Resource: demo36_link_cut03_hd_1_o.bck (Size: 1696)
[DEBUG | dusk] Loading Resource: demo36_link_cut10_hd_1_o.bck (Size: 1952)
[DEBUG | dusk] Loading Resource: demo36_link_cut13_hd_1_o.bck (Size: 1504)
[DEBUG | dusk] Loading Resource: demo36_alink_cut06_fc_1_o.btk (Size: 352)
[DEBUG | dusk] Loading Resource: demo36_alink_cut08_fc_1_o.btk (Size: 352)
[DEBUG | dusk] Loading Resource: demo36_alink_cut09_fc_1_o.btk (Size: 320)
[DEBUG | dusk] Loading Resource: demo36_alink_cut10_fc_1_o.btk (Size: 640)
[DEBUG | dusk] Loading Resource: demo36_alink_cut11_fc_1_o.btk (Size: 320)
[DEBUG | dusk] Loading Resource: demo36_alink_cut13_fc_1_o.btk (Size: 480)
[DEBUG | dusk] Loading Resource: demo36_alink_cut14_fc_1_o.btk (Size: 320)
[DEBUG | dusk] Loading Resource: demo36_alink_cut15_fc_1_o.btk (Size: 544)
[DEBUG | dusk] Loading Resource: demo36_alink_cut03_fc_1_o.btk (Size: 480)
[DEBUG | dusk] Loading Resource: demo36_alink_cut16_fc_1_o.btk (Size: 320)
[DEBUG | dusk] Loading Resource: demo36_alink_cut06_fc_1_o.btp (Size: 512)
[DEBUG | dusk] Loading Resource: demo36_alink_cut08_fc_1_o.btp (Size: 288)
[DEBUG | dusk] Loading Resource: demo36_alink_cut09_fc_1_o.btp (Size: 320)
[DEBUG | dusk] Loading Resource: demo36_alink_cut10_fc_1_o.btp (Size: 384)
[DEBUG | dusk] Loading Resource: demo36_alink_cut11_fc_1_o.btp (Size: 576)
[DEBUG | dusk] Loading Resource: demo36_alink_cut13_fc_1_o.btp (Size: 288)
[DEBUG | dusk] Loading Resource: demo36_alink_cut14_fc_1_o.btp (Size: 512)
[DEBUG | dusk] Loading Resource: demo36_alink_cut15_fc_1_o.btp (Size: 416)
[DEBUG | dusk] Loading Resource: demo36_alink_cut03_fc_1_o.btp (Size: 320)
[DEBUG | dusk] Loading Resource: demo36_alink_cut16_fc_1_o.btp (Size: 704)
[DEBUG | dusk] Loading Resource: demo04_rd2_cut00_gp_1_o.bmd (Size: 78208)
[DEBUG | dusk] Loading Resource: demo36_01.stb (Size: 14680)
[DEBUG | dusk] Loading Resource: demo36_02.stb (Size: 1976)
[DEBUG | dusk] [DIAG] fpcSCtRq_phase_Load: procName=253 ret=4
[DEBUG | dusk] fpcSCtRq_phase_CreateProcess: procName=253
[DEBUG | dusk] fpcBs_Create: pid=80 profname=fpcNm_ALINK_e (253) profile=0x7b60565250 procSize=18784 unkSize=0
[DEBUG | dusk] fpcSCtRq_phase_CreateProcess: fpcBs_Create OK proc=0xb400007a14385050
[DEBUG | dusk] [DIAG] fpcSCtRq_phase_Load: procName=790 ret=4
[DEBUG | dusk] fpcSCtRq_phase_CreateProcess: procName=790
[DEBUG | dusk] fpcBs_Create: pid=81 profname=fpcNm_METER2_e (790) profile=0x7b6056c430 procSize=1504 unkSize=0
[DEBUG | dusk] fpcSCtRq_phase_CreateProcess: fpcBs_Create OK proc=0xb400007a14384a50
[DEBUG | dusk] [DIAG] fpcSCtRq_phase_Load: procName=732 ret=4
[DEBUG | dusk] fpcSCtRq_phase_CreateProcess: procName=732
[DEBUG | dusk] fpcBs_Create: pid=82 profname=fpcNm_BG_e (732) profile=0x7b605723f8 procSize=1904 unkSize=0
[DEBUG | dusk] fpcSCtRq_phase_CreateProcess: fpcBs_Create OK proc=0xb400007a14384100
[DEBUG | dusk] [DIAG] fpcSCtRq_phase_Load: procName=696 ret=4
[DEBUG | dusk] fpcSCtRq_phase_CreateProcess: procName=696
[DEBUG | dusk] fpcBs_Create: pid=83 profname=fpcNm_KYTAG14_e (696) profile=0x7b60576e28 procSize=1640 unkSize=0
[DEBUG | dusk] fpcSCtRq_phase_CreateProcess: fpcBs_Create OK proc=0xb400007a14383a78
[DEBUG | dusk] [DIAG] fpcSCtRq_phase_Load: procName=696 ret=4
[DEBUG | dusk] fpcSCtRq_phase_CreateProcess: procName=696
[DEBUG | dusk] fpcBs_Create: pid=84 profname=fpcNm_KYTAG14_e (696) profile=0x7b60576e28 procSize=1640 unkSize=0
[DEBUG | dusk] fpcSCtRq_phase_CreateProcess: fpcBs_Create OK proc=0xb400007a143833f0
[DEBUG | dusk] [DIAG] fpcSCtRq_phase_Load: procName=784 ret=4
[DEBUG | dusk] fpcSCtRq_phase_CreateProcess: procName=784
[DEBUG | dusk] fpcBs_Create: pid=85 profname=fpcNm_GRASS_e (784) profile=0x7b60576ae8 procSize=1640 unkSize=0
[DEBUG | dusk] fpcSCtRq_phase_CreateProcess: fpcBs_Create OK proc=0xb400007a14382d68
[DEBUG | dusk] [DIAG] fpcSCtRq_phase_Load: procName=784 ret=4
[DEBUG | dusk] fpcSCtRq_phase_CreateProcess: procName=784
[DEBUG | dusk] fpcBs_Create: pid=86 profname=fpcNm_GRASS_e (784) profile=0x7b60576ae8 procSize=1640 unkSize=0
[DEBUG | dusk] fpcSCtRq_phase_CreateProcess: fpcBs_Create OK proc=0xb400007a143826e0
[DEBUG | dusk] [DIAG] fpcSCtRq_phase_Load: procName=784 ret=4
[DEBUG | dusk] fpcSCtRq_phase_CreateProcess: procName=784
[DEBUG | dusk] fpcBs_Create: pid=87 profname=fpcNm_GRASS_e (784) profile=0x7b60576ae8 procSize=1640 unkSize=0
[DEBUG | dusk] fpcSCtRq_phase_CreateProcess: fpcBs_Create OK proc=0xb400007a14382058
[DEBUG | dusk] [DIAG] fpcSCtRq_phase_Load: procName=784 ret=4
[DEBUG | dusk] fpcSCtRq_phase_CreateProcess: procName=784
[DEBUG | dusk] fpcBs_Create: pid=88 profname=fpcNm_GRASS_e (784) profile=0x7b60576ae8 procSize=1640 unkSize=0
[DEBUG | dusk] fpcSCtRq_phase_CreateProcess: fpcBs_Create OK proc=0xb400007a143819d0
[DEBUG | dusk] [DIAG] fpcSCtRq_phase_Load: procName=784 ret=4
[DEBUG | dusk] fpcSCtRq_phase_CreateProcess: procName=784
[DEBUG | dusk] fpcBs_Create: pid=89 profname=fpcNm_GRASS_e (784) profile=0x7b60576ae8 procSize=1640 unkSize=0
[DEBUG | dusk] fpcSCtRq_phase_CreateProcess: fpcBs_Create OK proc=0xb400007a14381348
[DEBUG | dusk] [DIAG] fpcSCtRq_phase_Load: procName=784 ret=4
[DEBUG | dusk] fpcSCtRq_phase_CreateProcess: procName=784
[DEBUG | dusk] fpcBs_Create: pid=90 profname=fpcNm_GRASS_e (784) profile=0x7b60576ae8 procSize=1640 unkSize=0
[DEBUG | dusk] fpcSCtRq_phase_CreateProcess: fpcBs_Create OK proc=0xb400007a14380cc0
[DEBUG | dusk] [DIAG] fpcSCtRq_phase_Load: procName=784 ret=4
[DEBUG | dusk] fpcSCtRq_phase_CreateProcess: procName=784
[DEBUG | dusk] fpcBs_Create: pid=91 profname=fpcNm_GRASS_e (784) profile=0x7b60576ae8 procSize=1640 unkSize=0
[DEBUG | dusk] fpcSCtRq_phase_CreateProcess: fpcBs_Create OK proc=0xb400007a14380638
[DEBUG | dusk] [DIAG] fpcSCtRq_phase_Load: procName=784 ret=4
[DEBUG | dusk] fpcSCtRq_phase_CreateProcess: procName=784
[DEBUG | dusk] fpcBs_Create: pid=92 profname=fpcNm_GRASS_e (784) profile=0x7b60576ae8 procSize=1640 unkSize=0
[DEBUG | dusk] fpcSCtRq_phase_CreateProcess: fpcBs_Create OK proc=0xb400007a1437ffb0
[DEBUG | dusk] [DIAG] fpcSCtRq_phase_Load: procName=784 ret=4
[DEBUG | dusk] fpcSCtRq_phase_CreateProcess: procName=784
[DEBUG | dusk] fpcBs_Create: pid=93 profname=fpcNm_GRASS_e (784) profile=0x7b60576ae8 procSize=1640 unkSize=0
[DEBUG | dusk] fpcSCtRq_phase_CreateProcess: fpcBs_Create OK proc=0xb400007a1437f928
[DEBUG | dusk] [DIAG] fpcSCtRq_phase_Load: procName=784 ret=4
[DEBUG | dusk] fpcSCtRq_phase_CreateProcess: procName=784
[DEBUG | dusk] fpcBs_Create: pid=94 profname=fpcNm_GRASS_e (784) profile=0x7b60576ae8 procSize=1640 unkSize=0
[DEBUG | dusk] fpcSCtRq_phase_CreateProcess: fpcBs_Create OK proc=0xb400007a1437f2a0
[DEBUG | dusk] [DIAG] fpcSCtRq_phase_Load: procName=784 ret=4
[DEBUG | dusk] fpcSCtRq_phase_CreateProcess: procName=784
[DEBUG | dusk] fpcBs_Create: pid=95 profname=fpcNm_GRASS_e (784) profile=0x7b60576ae8 procSize=1640 unkSize=0
[DEBUG | dusk] fpcSCtRq_phase_CreateProcess: fpcBs_Create OK proc=0xb400007a1437ec18
[DEBUG | dusk] [DIAG] fpcSCtRq_phase_Load: procName=784 ret=4
[DEBUG | dusk] fpcSCtRq_phase_CreateProcess: procName=784
[DEBUG | dusk] fpcBs_Create: pid=96 profname=fpcNm_GRASS_e (784) profile=0x7b60576ae8 procSize=1640 unkSize=0
[DEBUG | dusk] fpcSCtRq_phase_CreateProcess: fpcBs_Create OK proc=0xb400007a1437e590
[DEBUG | dusk] [DIAG] fpcSCtRq_phase_Load: procName=784 ret=4
[DEBUG | dusk] fpcSCtRq_phase_CreateProcess: procName=784
[DEBUG | dusk] fpcBs_Create: pid=97 profname=fpcNm_GRASS_e (784) profile=0x7b60576ae8 procSize=1640 unkSize=0
[DEBUG | dusk] fpcSCtRq_phase_CreateProcess: fpcBs_Create OK proc=0xb400007a1437df08
[DEBUG | dusk] [DIAG] fpcSCtRq_phase_Load: procName=784 ret=4
[DEBUG | dusk] fpcSCtRq_phase_CreateProcess: procName=784
[DEBUG | dusk] fpcBs_Create: pid=98 profname=fpcNm_GRASS_e (784) profile=0x7b60576ae8 procSize=1640 unkSize=0
[DEBUG | dusk] fpcSCtRq_phase_CreateProcess: fpcBs_Create OK proc=0xb400007a1437d880
[DEBUG | dusk] [DIAG] fpcSCtRq_phase_Load: procName=784 ret=4
[DEBUG | dusk] fpcSCtRq_phase_CreateProcess: procName=784
[DEBUG | dusk] fpcBs_Create: pid=99 profname=fpcNm_GRASS_e (784) profile=0x7b60576ae8 procSize=1640 unkSize=0
[DEBUG | dusk] fpcSCtRq_phase_CreateProcess: fpcBs_Create OK proc=0xb400007a1437d1f8
[DEBUG | dusk] [DIAG] fpcSCtRq_phase_Load: procName=784 ret=4
[DEBUG | dusk] fpcSCtRq_phase_CreateProcess: procName=784
[DEBUG | dusk] fpcBs_Create: pid=100 profname=fpcNm_GRASS_e (784) profile=0x7b60576ae8 procSize=1640 unkSize=0
[DEBUG | dusk] fpcSCtRq_phase_CreateProcess: fpcBs_Create OK proc=0xb400007a1437cb70
[DEBUG | dusk] [DIAG] fpcSCtRq_phase_Load: procName=784 ret=4
[DEBUG | dusk] fpcSCtRq_phase_CreateProcess: procName=784
[DEBUG | dusk] fpcBs_Create: pid=101 profname=fpcNm_GRASS_e (784) profile=0x7b60576ae8 procSize=1640 unkSize=0
[DEBUG | dusk] fpcSCtRq_phase_CreateProcess: fpcBs_Create OK proc=0xb400007a1437c4e8
[DEBUG | dusk] [DIAG] fpcSCtRq_phase_Load: procName=784 ret=4
[DEBUG | dusk] fpcSCtRq_phase_CreateProcess: procName=784
[DEBUG | dusk] fpcBs_Create: pid=102 profname=fpcNm_GRASS_e (784) profile=0x7b60576ae8 procSize=1640 unkSize=0
[DEBUG | dusk] fpcSCtRq_phase_CreateProcess: fpcBs_Create OK proc=0xb400007a1437be60
[DEBUG | dusk] [DIAG] fpcSCtRq_phase_Load: procName=784 ret=4
[DEBUG | dusk] fpcSCtRq_phase_CreateProcess: procName=784
[DEBUG | dusk] fpcBs_Create: pid=103 profname=fpcNm_GRASS_e (784) profile=0x7b60576ae8 procSize=1640 unkSize=0
[DEBUG | dusk] fpcSCtRq_phase_CreateProcess: fpcBs_Create OK proc=0xb400007a1437b7d8
[DEBUG | dusk] [DIAG] fpcSCtRq_phase_Load: procName=784 ret=4
[DEBUG | dusk] fpcSCtRq_phase_CreateProcess: procName=784
[DEBUG | dusk] fpcBs_Create: pid=104 profname=fpcNm_GRASS_e (784) profile=0x7b60576ae8 procSize=1640 unkSize=0
[DEBUG | dusk] fpcSCtRq_phase_CreateProcess: fpcBs_Create OK proc=0xb400007a1437b150
[DEBUG | dusk] [DIAG] fpcSCtRq_phase_Load: procName=784 ret=4
[DEBUG | dusk] fpcSCtRq_phase_CreateProcess: procName=784
[DEBUG | dusk] fpcBs_Create: pid=105 profname=fpcNm_GRASS_e (784) profile=0x7b60576ae8 procSize=1640 unkSize=0
[DEBUG | dusk] fpcSCtRq_phase_CreateProcess: fpcBs_Create OK proc=0xb400007a1437aac8
[DEBUG | dusk] [DIAG] fpcSCtRq_phase_Load: procName=784 ret=4
[DEBUG | dusk] fpcSCtRq_phase_CreateProcess: procName=784
[DEBUG | dusk] fpcBs_Create: pid=106 profname=fpcNm_GRASS_e (784) profile=0x7b60576ae8 procSize=1640 unkSize=0
[DEBUG | dusk] fpcSCtRq_phase_CreateProcess: fpcBs_Create OK proc=0xb400007a1437a440
[DEBUG | dusk] [DIAG] fpcSCtRq_phase_Load: procName=784 ret=4
[DEBUG | dusk] fpcSCtRq_phase_CreateProcess: procName=784
[DEBUG | dusk] fpcBs_Create: pid=107 profname=fpcNm_GRASS_e (784) profile=0x7b60576ae8 procSize=1640 unkSize=0
[DEBUG | dusk] fpcSCtRq_phase_CreateProcess: fpcBs_Create OK proc=0xb400007a14379db8
[DEBUG | dusk] [DIAG] fpcSCtRq_phase_Load: procName=696 ret=4
[DEBUG | dusk] fpcSCtRq_phase_CreateProcess: procName=696
[DEBUG | dusk] fpcBs_Create: pid=108 profname=fpcNm_KYTAG14_e (696) profile=0x7b60576e28 procSize=1640 unkSize=0
[DEBUG | dusk] fpcSCtRq_phase_CreateProcess: fpcBs_Create OK proc=0xb400007a14379730
[DEBUG | dusk] [DIAG] fpcSCtRq_phase_Load: procName=696 ret=4
[DEBUG | dusk] fpcSCtRq_phase_CreateProcess: procName=696
[DEBUG | dusk] fpcBs_Create: pid=109 profname=fpcNm_KYTAG14_e (696) profile=0x7b60576e28 procSize=1640 unkSize=0
[DEBUG | dusk] fpcSCtRq_phase_CreateProcess: fpcBs_Create OK proc=0xb400007a143790a8
[DEBUG | dusk] [DIAG] fpcSCtRq_phase_Load: procName=561 ret=4
[DEBUG | dusk] fpcSCtRq_phase_CreateProcess: procName=561
[DEBUG | dusk] fpcBs_Create: pid=110 profname=fpcNm_ANDSW2_e (561) profile=0x7b60575e70 procSize=1632 unkSize=0
[DEBUG | dusk] fpcSCtRq_phase_CreateProcess: fpcBs_Create OK proc=0xb400007a14378a28
[DEBUG | dusk] [DIAG] fpcSCtRq_phase_Load: procName=784 ret=4
[DEBUG | dusk] fpcSCtRq_phase_CreateProcess: procName=784
[DEBUG | dusk] fpcBs_Create: pid=111 profname=fpcNm_GRASS_e (784) profile=0x7b60576ae8 procSize=1640 unkSize=0
[DEBUG | dusk] fpcSCtRq_phase_CreateProcess: fpcBs_Create OK proc=0xb400007a143783a0
[DEBUG | dusk] [DIAG] fpcSCtRq_phase_Load: procName=784 ret=4
[DEBUG | dusk] fpcSCtRq_phase_CreateProcess: procName=784
[DEBUG | dusk] fpcBs_Create: pid=112 profname=fpcNm_GRASS_e (784) profile=0x7b60576ae8 procSize=1640 unkSize=0
[DEBUG | dusk] fpcSCtRq_phase_CreateProcess: fpcBs_Create OK proc=0xb400007a14377d18
[DEBUG | dusk] [DIAG] fpcSCtRq_phase_Load: procName=784 ret=4
[DEBUG | dusk] fpcSCtRq_phase_CreateProcess: procName=784
[DEBUG | dusk] fpcBs_Create: pid=113 profname=fpcNm_GRASS_e (784) profile=0x7b60576ae8 procSize=1640 unkSize=0
[DEBUG | dusk] fpcSCtRq_phase_CreateProcess: fpcBs_Create OK proc=0xb400007a14377690
[DEBUG | dusk] [DIAG] fpcSCtRq_phase_Load: procName=784 ret=4
[DEBUG | dusk] fpcSCtRq_phase_CreateProcess: procName=784
[DEBUG | dusk] fpcBs_Create: pid=114 profname=fpcNm_GRASS_e (784) profile=0x7b60576ae8 procSize=1640 unkSize=0
[DEBUG | dusk] fpcSCtRq_phase_CreateProcess: fpcBs_Create OK proc=0xb400007a14377008
[DEBUG | dusk] [DIAG] fpcSCtRq_phase_Load: procName=561 ret=4
[DEBUG | dusk] fpcSCtRq_phase_CreateProcess: procName=561
[DEBUG | dusk] fpcBs_Create: pid=115 profname=fpcNm_ANDSW2_e (561) profile=0x7b60575e70 procSize=1632 unkSize=0
[DEBUG | dusk] fpcSCtRq_phase_CreateProcess: fpcBs_Create OK proc=0xb400007a14376988
[DEBUG | dusk] [DIAG] fpcSCtRq_phase_Load: procName=733 ret=4
[DEBUG | dusk] fpcSCtRq_phase_CreateProcess: procName=733
[DEBUG | dusk] fpcBs_Create: pid=116 profname=fpcNm_SET_BG_OBJ_e (733) profile=0x7b60573f08 procSize=1664 unkSize=0
[DEBUG | dusk] fpcSCtRq_phase_CreateProcess: fpcBs_Create OK proc=0xb400007a143762e8
[DEBUG | dusk] [DIAG] fpcSCtRq_phase_Load: procName=733 ret=4
[DEBUG | dusk] fpcSCtRq_phase_CreateProcess: procName=733
[DEBUG | dusk] fpcBs_Create: pid=117 profname=fpcNm_SET_BG_OBJ_e (733) profile=0x7b60573f08 procSize=1664 unkSize=0
[DEBUG | dusk] fpcSCtRq_phase_CreateProcess: fpcBs_Create OK proc=0xb400007a14375c48
[DEBUG | dusk] [DIAG] fpcSCtRq_phase_Load: procName=733 ret=4
[DEBUG | dusk] fpcSCtRq_phase_CreateProcess: procName=733
[DEBUG | dusk] fpcBs_Create: pid=118 profname=fpcNm_SET_BG_OBJ_e (733) profile=0x7b60573f08 procSize=1664 unkSize=0
[DEBUG | dusk] fpcSCtRq_phase_CreateProcess: fpcBs_Create OK proc=0xb400007a143755a8
[DEBUG | dusk] [DIAG] fpcSCtRq_phase_Load: procName=543 ret=4
[DEBUG | dusk] fpcSCtRq_phase_CreateProcess: procName=543
[DEBUG | dusk] fpcBs_Create: pid=119 profname=fpcNm_Obj_Drop_e (543) profile=0x7b605977e8 procSize=3616 unkSize=0
[DEBUG | dusk] fpcSCtRq_phase_CreateProcess: fpcBs_Create OK proc=0xb400007a14374768
[DEBUG | dusk] [DIAG] fpcSCtRq_phase_Load: procName=543 ret=4
[DEBUG | dusk] fpcSCtRq_phase_CreateProcess: procName=543
[DEBUG | dusk] fpcBs_Create: pid=120 profname=fpcNm_Obj_Drop_e (543) profile=0x7b605977e8 procSize=3616 unkSize=0
[DEBUG | dusk] fpcSCtRq_phase_CreateProcess: fpcBs_Create OK proc=0xb400007a14373928
[DEBUG | dusk] [DIAG] fpcSCtRq_phase_Load: procName=543 ret=4
[DEBUG | dusk] fpcSCtRq_phase_CreateProcess: procName=543
[DEBUG | dusk] fpcBs_Create: pid=121 profname=fpcNm_Obj_Drop_e (543) profile=0x7b605977e8 procSize=3616 unkSize=0
[DEBUG | dusk] fpcSCtRq_phase_CreateProcess: fpcBs_Create OK proc=0xb400007a14372ae8
[DEBUG | dusk] [DIAG] fpcSCtRq_phase_Load: procName=251 ret=4
[DEBUG | dusk] fpcSCtRq_phase_CreateProcess: procName=251
[DEBUG | dusk] fpcBs_Create: pid=122 profname=fpcNm_TBOX_e (251) profile=0x7b60574d80 procSize=3328 unkSize=0
[DEBUG | dusk] fpcSCtRq_phase_CreateProcess: fpcBs_Create OK proc=0xb400007a14371dc8
[DEBUG | dusk] [DIAG] fpcSCtRq_phase_Load: procName=251 ret=4
[DEBUG | dusk] fpcSCtRq_phase_CreateProcess: procName=251
[DEBUG | dusk] fpcBs_Create: pid=123 profname=fpcNm_TBOX_e (251) profile=0x7b60574d80 procSize=3328 unkSize=0
[DEBUG | dusk] fpcSCtRq_phase_CreateProcess: fpcBs_Create OK proc=0xb400007a143710a8
[DEBUG | dusk] [DIAG] fpcSCtRq_phase_Load: procName=780 ret=4
[DEBUG | dusk] fpcSCtRq_phase_CreateProcess: procName=780
[DEBUG | dusk] fpcBs_Create: pid=124 profname=fpcNm_SCENE_EXIT_e (780) profile=0x7b60573e48 procSize=1680 unkSize=0
[DEBUG | dusk] fpcSCtRq_phase_CreateProcess: fpcBs_Create OK proc=0xb400007a143709f8
[DEBUG | dusk] [DIAG] fpcSCtRq_phase_Load: procName=780 ret=4
[DEBUG | dusk] fpcSCtRq_phase_CreateProcess: procName=780
[DEBUG | dusk] fpcBs_Create: pid=125 profname=fpcNm_SCENE_EXIT_e (780) profile=0x7b60573e48 procSize=1680 unkSize=0
[DEBUG | dusk] fpcSCtRq_phase_CreateProcess: fpcBs_Create OK proc=0xb400007a14370348
[DEBUG | dusk] [DIAG] fpcSCtRq_phase_Load: procName=719 ret=4
[DEBUG | dusk] fpcSCtRq_phase_CreateProcess: procName=719
[DEBUG | dusk] fpcBs_Create: pid=126 profname=fpcNm_TAG_CAMERA_e (719) profile=0x7b60574260 procSize=1672 unkSize=0
[DEBUG | dusk] fpcSCtRq_phase_CreateProcess: fpcBs_Create OK proc=0xb400007a1436fca0
[DEBUG | dusk] [DIAG] fpcSCtRq_phase_Load: procName=234 ret=4
[DEBUG | dusk] fpcSCtRq_phase_CreateProcess: procName=234
[DEBUG | dusk] fpcBs_Create: pid=127 profname=fpcNm_Tag_Hjump_e (234) profile=0x7b6057ba30 procSize=1728 unkSize=0
[DEBUG | dusk] fpcSCtRq_phase_CreateProcess: fpcBs_Create OK proc=0xb400007a1436f5c0
[DEBUG | dusk] [DIAG] fpcSCtRq_phase_Load: procName=719 ret=4
[DEBUG | dusk] fpcSCtRq_phase_CreateProcess: procName=719
[DEBUG | dusk] fpcBs_Create: pid=128 profname=fpcNm_TAG_CAMERA_e (719) profile=0x7b60574260 procSize=1672 unkSize=0
[DEBUG | dusk] fpcSCtRq_phase_CreateProcess: fpcBs_Create OK proc=0xb400007a1436ef18
[DEBUG | dusk] [DIAG] fpcSCtRq_phase_Load: procName=780 ret=4
[DEBUG | dusk] fpcSCtRq_phase_CreateProcess: procName=780
[DEBUG | dusk] fpcBs_Create: pid=129 profname=fpcNm_SCENE_EXIT_e (780) profile=0x7b60573e48 procSize=1680 unkSize=0
[DEBUG | dusk] fpcSCtRq_phase_CreateProcess: fpcBs_Create OK proc=0xb400007a1436e868
[DEBUG | dusk] [DIAG] fpcSCtRq_phase_Load: procName=747 ret=4
[DEBUG | dusk] fpcSCtRq_phase_CreateProcess: procName=747
[DEBUG | dusk] fpcBs_Create: pid=130 profname=fpcNm_TAG_KMSG_e (747) profile=0x7b60574828 procSize=1768 unkSize=0
[DEBUG | dusk] fpcSCtRq_phase_CreateProcess: fpcBs_Create OK proc=0xb400007a1438f790
[DEBUG | dusk] [DIAG] fpcSCtRq_phase_Load: procName=747 ret=4
[DEBUG | dusk] fpcSCtRq_phase_CreateProcess: procName=747
[DEBUG | dusk] fpcBs_Create: pid=131 profname=fpcNm_TAG_KMSG_e (747) profile=0x7b60574828 procSize=1768 unkSize=0
[DEBUG | dusk] fpcSCtRq_phase_CreateProcess: fpcBs_Create OK proc=0xb400007a1436e160
[DEBUG | dusk] [DIAG] fpcSCtRq_phase_Load: procName=747 ret=4
[DEBUG | dusk] fpcSCtRq_phase_CreateProcess: procName=747
[DEBUG | dusk] fpcBs_Create: pid=132 profname=fpcNm_TAG_KMSG_e (747) profile=0x7b60574828 procSize=1768 unkSize=0
[DEBUG | dusk] fpcSCtRq_phase_CreateProcess: fpcBs_Create OK proc=0xb400007a1436da58
[DEBUG | dusk] [DIAG] fpcSCtRq_phase_Load: procName=747 ret=4
[DEBUG | dusk] fpcSCtRq_phase_CreateProcess: procName=747
[DEBUG | dusk] fpcBs_Create: pid=133 profname=fpcNm_TAG_KMSG_e (747) profile=0x7b60574828 procSize=1768 unkSize=0
[DEBUG | dusk] fpcSCtRq_phase_CreateProcess: fpcBs_Create OK proc=0xb400007a1436d350
[DEBUG | dusk] [DIAG] fpcSCtRq_phase_Load: procName=747 ret=4
[DEBUG | dusk] fpcSCtRq_phase_CreateProcess: procName=747
[DEBUG | dusk] fpcBs_Create: pid=134 profname=fpcNm_TAG_KMSG_e (747) profile=0x7b60574828 procSize=1768 unkSize=0
[DEBUG | dusk] fpcSCtRq_phase_CreateProcess: fpcBs_Create OK proc=0xb400007a1436cc48
[DEBUG | dusk] [DIAG] fpcSCtRq_phase_Load: procName=747 ret=4
[DEBUG | dusk] fpcSCtRq_phase_CreateProcess: procName=747
[DEBUG | dusk] fpcBs_Create: pid=135 profname=fpcNm_TAG_KMSG_e (747) profile=0x7b60574828 procSize=1768 unkSize=0
[DEBUG | dusk] fpcSCtRq_phase_CreateProcess: fpcBs_Create OK proc=0xb400007a1436c540
[DEBUG | dusk] [DIAG] fpcSCtRq_phase_Load: procName=747 ret=4
[DEBUG | dusk] fpcSCtRq_phase_CreateProcess: procName=747
[DEBUG | dusk] fpcBs_Create: pid=136 profname=fpcNm_TAG_KMSG_e (747) profile=0x7b60574828 procSize=1768 unkSize=0
[DEBUG | dusk] fpcSCtRq_phase_CreateProcess: fpcBs_Create OK proc=0xb400007a1438f088
[DEBUG | dusk] [DIAG] fpcSCtRq_phase_Load: procName=721 ret=4
[DEBUG | dusk] fpcSCtRq_phase_CreateProcess: procName=721
[DEBUG | dusk] fpcBs_Create: pid=137 profname=fpcNm_TAG_EVENT_e (721) profile=0x7b60574480 procSize=1640 unkSize=0
[DEBUG | dusk] fpcSCtRq_phase_CreateProcess: fpcBs_Create OK proc=0xb400007a1436beb8
[DEBUG | dusk] [DIAG] fpcSCtRq_phase_Load: procName=549 ret=4
[DEBUG | dusk] fpcSCtRq_phase_CreateProcess: procName=549
[DEBUG | dusk] fpcBs_Create: pid=138 profname=fpcNm_SWC00_e (549) profile=0x7b6057b4d0 procSize=1664 unkSize=0
[DEBUG | dusk] fpcSCtRq_phase_CreateProcess: fpcBs_Create OK proc=0xb400007a1436b818
[DEBUG | dusk] [DIAG] fpcSCtRq_phase_Load: procName=549 ret=4
[DEBUG | dusk] fpcSCtRq_phase_CreateProcess: procName=549
[DEBUG | dusk] fpcBs_Create: pid=139 profname=fpcNm_SWC00_e (549) profile=0x7b6057b4d0 procSize=1664 unkSize=0
[DEBUG | dusk] fpcSCtRq_phase_CreateProcess: fpcBs_Create OK proc=0xb400007a1436b178
[DEBUG | dusk] [DIAG] fpcSCtRq_phase_Load: procName=549 ret=4
[DEBUG | dusk] fpcSCtRq_phase_CreateProcess: procName=549
[DEBUG | dusk] fpcBs_Create: pid=140 profname=fpcNm_SWC00_e (549) profile=0x7b6057b4d0 procSize=1664 unkSize=0
[DEBUG | dusk] fpcSCtRq_phase_CreateProcess: fpcBs_Create OK proc=0xb400007a1436aad8
[DEBUG | dusk] [DIAG] fpcSCtRq_phase_Load: procName=549 ret=4
[DEBUG | dusk] fpcSCtRq_phase_CreateProcess: procName=549
[DEBUG | dusk] fpcBs_Create: pid=141 profname=fpcNm_SWC00_e (549) profile=0x7b6057b4d0 procSize=1664 unkSize=0
[DEBUG | dusk] fpcSCtRq_phase_CreateProcess: fpcBs_Create OK proc=0xb400007a1436a438
[DEBUG | dusk] [DIAG] fpcSCtRq_phase_Load: procName=550 ret=4
[DEBUG | dusk] fpcSCtRq_phase_CreateProcess: procName=550
[DEBUG | dusk] fpcBs_Create: pid=142 profname=fpcNm_KNOB20_e (550) profile=0x7b605728a0 procSize=1888 unkSize=0
[DEBUG | dusk] fpcSCtRq_phase_CreateProcess: fpcBs_Create OK proc=0xb400007a14369cb8
[DEBUG | dusk] [DIAG] fpcSCtRq_phase_Load: procName=550 ret=4
[DEBUG | dusk] fpcSCtRq_phase_CreateProcess: procName=550
[DEBUG | dusk] fpcBs_Create: pid=143 profname=fpcNm_KNOB20_e (550) profile=0x7b605728a0 procSize=1888 unkSize=0
[DEBUG | dusk] fpcSCtRq_phase_CreateProcess: fpcBs_Create OK proc=0xb400007a14369538
[DEBUG | dusk] [DIAG] fpcSCtRq_phase_Load: procName=550 ret=4
[DEBUG | dusk] fpcSCtRq_phase_CreateProcess: procName=550
[DEBUG | dusk] fpcBs_Create: pid=144 profname=fpcNm_KNOB20_e (550) profile=0x7b605728a0 procSize=1888 unkSize=0
[DEBUG | dusk] fpcSCtRq_phase_CreateProcess: fpcBs_Create OK proc=0xb400007a14368db8
[DEBUG | dusk] [DIAG] fpcSCtRq_phase_Load: procName=550 ret=4
[DEBUG | dusk] fpcSCtRq_phase_CreateProcess: procName=550
[DEBUG | dusk] fpcBs_Create: pid=145 profname=fpcNm_KNOB20_e (550) profile=0x7b605728a0 procSize=1888 unkSize=0
[DEBUG | dusk] fpcSCtRq_phase_CreateProcess: fpcBs_Create OK proc=0xb400007a14368638
[DEBUG | dusk] [DIAG] fpcSCtRq_phase_Load: procName=550 ret=4
[DEBUG | dusk] fpcSCtRq_phase_CreateProcess: procName=550
[DEBUG | dusk] fpcBs_Create: pid=146 profname=fpcNm_KNOB20_e (550) profile=0x7b605728a0 procSize=1888 unkSize=0
[DEBUG | dusk] fpcSCtRq_phase_CreateProcess: fpcBs_Create OK proc=0xb400007a14367eb8
[DEBUG | dusk] [DIAG] fpcSCtRq_phase_Load: procName=550 ret=4
[DEBUG | dusk] fpcSCtRq_phase_CreateProcess: procName=550
[DEBUG | dusk] fpcBs_Create: pid=147 profname=fpcNm_KNOB20_e (550) profile=0x7b605728a0 procSize=1888 unkSize=0
[DEBUG | dusk] fpcSCtRq_phase_CreateProcess: fpcBs_Create OK proc=0xb400007a14367738
[DEBUG | dusk] [DIAG] fpcSCtRq_phase_Load: procName=550 ret=4
[DEBUG | dusk] fpcSCtRq_phase_CreateProcess: procName=550
[DEBUG | dusk] fpcBs_Create: pid=148 profname=fpcNm_KNOB20_e (550) profile=0x7b605728a0 procSize=1888 unkSize=0
[DEBUG | dusk] fpcSCtRq_phase_CreateProcess: fpcBs_Create OK proc=0xb400007a14366fb8
[DEBUG | dusk] [DIAG] fpcSCtRq_phase_Load: procName=550 ret=4
[DEBUG | dusk] fpcSCtRq_phase_CreateProcess: procName=550
[DEBUG | dusk] fpcBs_Create: pid=149 profname=fpcNm_KNOB20_e (550) profile=0x7b605728a0 procSize=1888 unkSize=0
[DEBUG | dusk] fpcSCtRq_phase_CreateProcess: fpcBs_Create OK proc=0xb400007a14366838
[DEBUG | dusk] [DIAG] fpcSCtRq_phase_Load: procName=550 ret=4
[DEBUG | dusk] fpcSCtRq_phase_CreateProcess: procName=550
[DEBUG | dusk] fpcBs_Create: pid=150 profname=fpcNm_KNOB20_e (550) profile=0x7b605728a0 procSize=1888 unkSize=0
[DEBUG | dusk] fpcSCtRq_phase_CreateProcess: fpcBs_Create OK proc=0xb400007a143660b8
[DEBUG | dusk] [DIAG] fpcSCtRq_phase_Load: procName=550 ret=4
[DEBUG | dusk] fpcSCtRq_phase_CreateProcess: procName=550
[DEBUG | dusk] fpcBs_Create: pid=151 profname=fpcNm_KNOB20_e (550) profile=0x7b605728a0 procSize=1888 unkSize=0
[DEBUG | dusk] fpcSCtRq_phase_CreateProcess: fpcBs_Create OK proc=0xb400007a14365938
[DEBUG | dusk] [DIAG] fpcSCtRq_phase_Load: procName=550 ret=4
[DEBUG | dusk] fpcSCtRq_phase_CreateProcess: procName=550
[DEBUG | dusk] fpcBs_Create: pid=152 profname=fpcNm_KNOB20_e (550) profile=0x7b605728a0 procSize=1888 unkSize=0
[DEBUG | dusk] fpcSCtRq_phase_CreateProcess: fpcBs_Create OK proc=0xb400007a143651b8
[DEBUG | dusk] [DIAG] fpcSCtRq_phase_Load: procName=721 ret=4
[DEBUG | dusk] fpcSCtRq_phase_CreateProcess: procName=721
[DEBUG | dusk] fpcBs_Create: pid=153 profname=fpcNm_TAG_EVENT_e (721) profile=0x7b60574480 procSize=1640 unkSize=0
[DEBUG | dusk] fpcSCtRq_phase_CreateProcess: fpcBs_Create OK proc=0xb400007a1438ea00
[DEBUG | dusk] [DIAG] fpcSCtRq_phase_Load: procName=708 ret=4
[DEBUG | dusk] fpcSCtRq_phase_CreateProcess: procName=708
[DEBUG | dusk] fpcBs_Create: pid=154 profname=fpcNm_Tag_Mstop_e (708) profile=0x7b6057bde8 procSize=1768 unkSize=0
[DEBUG | dusk] fpcSCtRq_phase_CreateProcess: fpcBs_Create OK proc=0xb400007a14364ab0
[DEBUG | dusk] [DIAG] fpcSCtRq_phase_Load: procName=708 ret=4
[DEBUG | dusk] fpcSCtRq_phase_CreateProcess: procName=708
[DEBUG | dusk] fpcBs_Create: pid=155 profname=fpcNm_Tag_Mstop_e (708) profile=0x7b6057bde8 procSize=1768 unkSize=0
[DEBUG | dusk] fpcSCtRq_phase_CreateProcess: fpcBs_Create OK proc=0xb400007a143643a8
[DEBUG | dusk] [DIAG] fpcSCtRq_phase_Load: procName=705 ret=4
[DEBUG | dusk] fpcSCtRq_phase_CreateProcess: procName=705
[DEBUG | dusk] fpcBs_Create: pid=156 profname=fpcNm_Tag_Mhint_e (705) profile=0x7b6057bd30 procSize=1768 unkSize=0
[DEBUG | dusk] fpcSCtRq_phase_CreateProcess: fpcBs_Create OK proc=0xb400007a14363ca0
[DEBUG | dusk] [DIAG] fpcSCtRq_phase_Load: procName=708 ret=4
[DEBUG | dusk] fpcSCtRq_phase_CreateProcess: procName=708
[DEBUG | dusk] fpcBs_Create: pid=157 profname=fpcNm_Tag_Mstop_e (708) profile=0x7b6057bde8 procSize=1768 unkSize=0
[DEBUG | dusk] fpcSCtRq_phase_CreateProcess: fpcBs_Create OK proc=0xb400007a14363598
[DEBUG | dusk] [DIAG] fpcSCtRq_phase_Load: procName=708 ret=4
[DEBUG | dusk] fpcSCtRq_phase_CreateProcess: procName=708
[DEBUG | dusk] fpcBs_Create: pid=158 profname=fpcNm_Tag_Mstop_e (708) profile=0x7b6057bde8 procSize=1768 unkSize=0
[DEBUG | dusk] fpcSCtRq_phase_CreateProcess: fpcBs_Create OK proc=0xb400007a14362e90
[DEBUG | dusk] [DIAG] fpcSCtRq_phase_Load: procName=708 ret=4
[DEBUG | dusk] fpcSCtRq_phase_CreateProcess: procName=708
[DEBUG | dusk] fpcBs_Create: pid=159 profname=fpcNm_Tag_Mstop_e (708) profile=0x7b6057bde8 procSize=1768 unkSize=0
[DEBUG | dusk] fpcSCtRq_phase_CreateProcess: fpcBs_Create OK proc=0xb400007a14362788
[DEBUG | dusk] [DIAG] fpcSCtRq_phase_Load: procName=549 ret=4
[DEBUG | dusk] fpcSCtRq_phase_CreateProcess: procName=549
[DEBUG | dusk] fpcBs_Create: pid=160 profname=fpcNm_SWC00_e (549) profile=0x7b6057b4d0 procSize=1664 unkSize=0
[DEBUG | dusk] fpcSCtRq_phase_CreateProcess: fpcBs_Create OK proc=0xb400007a1438d5b0
[DEBUG | dusk] [DIAG] fpcSCtRq_phase_Load: procName=682 ret=4
[DEBUG | dusk] fpcSCtRq_phase_CreateProcess: procName=682
[DEBUG | dusk] fpcBs_Create: pid=161 profname=fpcNm_KYTAG00_e (682) profile=0x7b60572e70 procSize=1664 unkSize=0
[DEBUG | dusk] fpcSCtRq_phase_CreateProcess: fpcBs_Create OK proc=0xb400007a143620e8
[DEBUG | dusk] [DIAG] fpcSCtRq_phase_Load: procName=682 ret=4
[DEBUG | dusk] fpcSCtRq_phase_CreateProcess: procName=682
[DEBUG | dusk] fpcBs_Create: pid=162 profname=fpcNm_KYTAG00_e (682) profile=0x7b60572e70 procSize=1664 unkSize=0
[DEBUG | dusk] fpcSCtRq_phase_CreateProcess: fpcBs_Create OK proc=0xb400007a14361a48
[DEBUG | dusk] [DIAG] fpcSCtRq_phase_Load: procName=719 ret=4
[DEBUG | dusk] fpcSCtRq_phase_CreateProcess: procName=719
[DEBUG | dusk] fpcBs_Create: pid=163 profname=fpcNm_TAG_CAMERA_e (719) profile=0x7b60574260 procSize=1672 unkSize=0
[DEBUG | dusk] fpcSCtRq_phase_CreateProcess: fpcBs_Create OK proc=0xb400007a143613a0
[DEBUG | dusk] [DIAG] fpcSCtRq_phase_Load: procName=708 ret=4
[DEBUG | dusk] fpcSCtRq_phase_CreateProcess: procName=708
[DEBUG | dusk] fpcBs_Create: pid=164 profname=fpcNm_Tag_Mstop_e (708) profile=0x7b6057bde8 procSize=1768 unkSize=0
[DEBUG | dusk] fpcSCtRq_phase_CreateProcess: fpcBs_Create OK proc=0xb400007a14360c98
[DEBUG | dusk] [DIAG] fpcSCtRq_phase_Load: procName=719 ret=4
[DEBUG | dusk] fpcSCtRq_phase_CreateProcess: procName=719
[DEBUG | dusk] fpcBs_Create: pid=165 profname=fpcNm_TAG_CAMERA_e (719) profile=0x7b60574260 procSize=1672 unkSize=0
[DEBUG | dusk] fpcSCtRq_phase_CreateProcess: fpcBs_Create OK proc=0xb400007a1438cf08
[DEBUG | dusk] [DIAG] fpcSCtRq_phase_Load: procName=429 ret=4
[DEBUG | dusk] fpcSCtRq_phase_CreateProcess: procName=429
[DEBUG | dusk] fpcBs_Create: pid=166 profname=fpcNm_Tag_Spring_e (429) profile=0x7b6057bea0 procSize=1632 unkSize=0
[DEBUG | dusk] fpcSCtRq_phase_CreateProcess: fpcBs_Create OK proc=0xb400007a14360618
[DEBUG | dusk] [DIAG] fpcSCtRq_phase_Load: procName=705 ret=4
[DEBUG | dusk] fpcSCtRq_phase_CreateProcess: procName=705
[DEBUG | dusk] fpcBs_Create: pid=167 profname=fpcNm_Tag_Mhint_e (705) profile=0x7b6057bd30 procSize=1768 unkSize=0
[DEBUG | dusk] fpcSCtRq_phase_CreateProcess: fpcBs_Create OK proc=0xb400007a1435ff10
[DEBUG | dusk] [DIAG] fpcSCtRq_phase_Load: procName=705 ret=4
[DEBUG | dusk] fpcSCtRq_phase_CreateProcess: procName=705
[DEBUG | dusk] fpcBs_Create: pid=168 profname=fpcNm_Tag_Mhint_e (705) profile=0x7b6057bd30 procSize=1768 unkSize=0
[DEBUG | dusk] fpcSCtRq_phase_CreateProcess: fpcBs_Create OK proc=0xb400007a1435f808
[DEBUG | dusk] [DIAG] fpcSCtRq_phase_Load: procName=706 ret=4
[DEBUG | dusk] fpcSCtRq_phase_CreateProcess: procName=706
[DEBUG | dusk] fpcBs_Create: pid=169 profname=fpcNm_Tag_Mmsg_e (706) profile=0x7b605ab6e8 procSize=1648 unkSize=0
[DEBUG | dusk] fpcSCtRq_phase_CreateProcess: fpcBs_Create OK proc=0xb400007a1435f178
[DEBUG | dusk] [DIAG] fpcSCtRq_phase_Load: procName=705 ret=4
[DEBUG | dusk] fpcSCtRq_phase_CreateProcess: procName=705
[DEBUG | dusk] fpcBs_Create: pid=170 profname=fpcNm_Tag_Mhint_e (705) profile=0x7b6057bd30 procSize=1768 unkSize=0
[DEBUG | dusk] fpcSCtRq_phase_CreateProcess: fpcBs_Create OK proc=0xb400007a1435ea70
[DEBUG | dusk] [DIAG] fpcSCtRq_phase_Load: procName=706 ret=4
[DEBUG | dusk] fpcSCtRq_phase_CreateProcess: procName=706
[DEBUG | dusk] fpcBs_Create: pid=171 profname=fpcNm_Tag_Mmsg_e (706) profile=0x7b605ab6e8 procSize=1648 unkSize=0
[DEBUG | dusk] fpcSCtRq_phase_CreateProcess: fpcBs_Create OK proc=0xb400007a1438c878
[DEBUG | dusk] [DIAG] fpcSCtRq_phase_Load: procName=696 ret=4
[DEBUG | dusk] fpcSCtRq_phase_CreateProcess: procName=696
[DEBUG | dusk] fpcBs_Create: pid=172 profname=fpcNm_KYTAG14_e (696) profile=0x7b60576e28 procSize=1640 unkSize=0
[DEBUG | dusk] fpcSCtRq_phase_CreateProcess: fpcBs_Create OK proc=0xb400007a1435e3e8
[DEBUG | dusk] [DIAG] fpcSCtRq_phase_Load: procName=82 ret=4
[DEBUG | dusk] fpcSCtRq_phase_CreateProcess: procName=82
[DEBUG | dusk] fpcBs_Create: pid=173 profname=fpcNm_Obj_Digholl_e (82) profile=0x7b605973a0 procSize=1640 unkSize=0
[DEBUG | dusk] fpcSCtRq_phase_CreateProcess: fpcBs_Create OK proc=0xb400007a1435dd60
[DEBUG | dusk] [DIAG] fpcSCtRq_phase_Load: procName=764 ret=4
[DEBUG | dusk] fpcSCtRq_phase_CreateProcess: procName=764
[DEBUG | dusk] fpcBs_Create: pid=174 profname=fpcNm_Obj_Carry_e (764) profile=0x7b60573960 procSize=4768 unkSize=0
[DEBUG | dusk] fpcSCtRq_phase_CreateProcess: fpcBs_Create OK proc=0xb400007a1435caa0
[DEBUG | dusk] [DIAG] fpcSCtRq_phase_Load: procName=764 ret=4
[DEBUG | dusk] fpcSCtRq_phase_CreateProcess: procName=764
[DEBUG | dusk] fpcBs_Create: pid=175 profname=fpcNm_Obj_Carry_e (764) profile=0x7b60573960 procSize=4768 unkSize=0
[DEBUG | dusk] fpcSCtRq_phase_CreateProcess: fpcBs_Create OK proc=0xb400007a1435b7e0
[DEBUG | dusk] [DIAG] fpcSCtRq_phase_Load: procName=764 ret=4
[DEBUG | dusk] fpcSCtRq_phase_CreateProcess: procName=764
[DEBUG | dusk] fpcBs_Create: pid=176 profname=fpcNm_Obj_Carry_e (764) profile=0x7b60573960 procSize=4768 unkSize=0
[DEBUG | dusk] fpcSCtRq_phase_CreateProcess: fpcBs_Create OK proc=0xb400007a1435a520
[DEBUG | dusk] [DIAG] fpcSCtRq_phase_Load: procName=764 ret=4
[DEBUG | dusk] fpcSCtRq_phase_CreateProcess: procName=764
[DEBUG | dusk] fpcBs_Create: pid=177 profname=fpcNm_Obj_Carry_e (764) profile=0x7b60573960 procSize=4768 unkSize=0
[DEBUG | dusk] fpcSCtRq_phase_CreateProcess: fpcBs_Create OK proc=0xb400007a14359260
[DEBUG | dusk] [DIAG] fpcSCtRq_phase_Load: procName=711 ret=4
[DEBUG | dusk] fpcSCtRq_phase_CreateProcess: procName=711
[DEBUG | dusk] fpcBs_Create: pid=178 profname=fpcNm_Tag_Wljump_e (711) profile=0x7b605ac950 procSize=1768 unkSize=0
[DEBUG | dusk] fpcSCtRq_phase_CreateProcess: fpcBs_Create OK proc=0xb400007a14358b58
[DEBUG | dusk] [DIAG] fpcSCtRq_phase_Load: procName=283 ret=4
[DEBUG | dusk] fpcSCtRq_phase_CreateProcess: procName=283
[DEBUG | dusk] fpcBs_Create: pid=179 profname=fpcNm_OBJ_KANBAN2_e (283) profile=0x7b60579c80 procSize=3488 unkSize=0
[DEBUG | dusk] fpcSCtRq_phase_CreateProcess: fpcBs_Create OK proc=0xb400007a14357d98
[DEBUG | dusk] [DIAG] fpcSCtRq_phase_Load: procName=283 ret=4
[DEBUG | dusk] fpcSCtRq_phase_CreateProcess: procName=283
[DEBUG | dusk] fpcBs_Create: pid=180 profname=fpcNm_OBJ_KANBAN2_e (283) profile=0x7b60579c80 procSize=3488 unkSize=0
[DEBUG | dusk] fpcSCtRq_phase_CreateProcess: fpcBs_Create OK proc=0xb400007a14356fd8
[DEBUG | dusk] [DIAG] fpcSCtRq_phase_Load: procName=283 ret=4
[DEBUG | dusk] fpcSCtRq_phase_CreateProcess: procName=283
[DEBUG | dusk] fpcBs_Create: pid=181 profname=fpcNm_OBJ_KANBAN2_e (283) profile=0x7b60579c80 procSize=3488 unkSize=0
[DEBUG | dusk] fpcSCtRq_phase_CreateProcess: fpcBs_Create OK proc=0xb400007a14356218
[DEBUG | dusk] [DIAG] fpcSCtRq_phase_Load: procName=129 ret=4
[DEBUG | dusk] fpcSCtRq_phase_CreateProcess: procName=129
[DEBUG | dusk] fpcBs_Create: pid=182 profname=fpcNm_Obj_RiderGate_e (129) profile=0x7b605a2de0 procSize=3992 unkSize=0
[DEBUG | dusk] fpcSCtRq_phase_CreateProcess: fpcBs_Create OK proc=0xb400007a14355260
[DEBUG | dusk] [DIAG] fpcSCtRq_phase_Load: procName=83 ret=4
[DEBUG | dusk] fpcSCtRq_phase_CreateProcess: procName=83
[DEBUG | dusk] fpcBs_Create: pid=183 profname=fpcNm_Obj_Digpl_e (83) profile=0x7b605797f8 procSize=1712 unkSize=0
[DEBUG | dusk] fpcSCtRq_phase_CreateProcess: fpcBs_Create OK proc=0xb400007a14354b90
[DEBUG | dusk] [DIAG] fpcSCtRq_phase_Load: procName=83 ret=4
[DEBUG | dusk] fpcSCtRq_phase_CreateProcess: procName=83
[DEBUG | dusk] fpcBs_Create: pid=184 profname=fpcNm_Obj_Digpl_e (83) profile=0x7b605797f8 procSize=1712 unkSize=0
[DEBUG | dusk] fpcSCtRq_phase_CreateProcess: fpcBs_Create OK proc=0xb400007a143544c0
[DEBUG | dusk] [DIAG] fpcSCtRq_phase_Load: procName=83 ret=4
[DEBUG | dusk] fpcSCtRq_phase_CreateProcess: procName=83
[DEBUG | dusk] fpcBs_Create: pid=185 profname=fpcNm_Obj_Digpl_e (83) profile=0x7b605797f8 procSize=1712 unkSize=0
[DEBUG | dusk] fpcSCtRq_phase_CreateProcess: fpcBs_Create OK proc=0xb400007a14353df0
[DEBUG | dusk] [DIAG] fpcSCtRq_phase_Load: procName=83 ret=4
[DEBUG | dusk] fpcSCtRq_phase_CreateProcess: procName=83
[DEBUG | dusk] fpcBs_Create: pid=186 profname=fpcNm_Obj_Digpl_e (83) profile=0x7b605797f8 procSize=1712 unkSize=0
[DEBUG | dusk] fpcSCtRq_phase_CreateProcess: fpcBs_Create OK proc=0xb400007a14353720
[DEBUG | dusk] [DIAG] fpcSCtRq_phase_Load: procName=83 ret=4
[DEBUG | dusk] fpcSCtRq_phase_CreateProcess: procName=83
[DEBUG | dusk] fpcBs_Create: pid=187 profname=fpcNm_Obj_Digpl_e (83) profile=0x7b605797f8 procSize=1712 unkSize=0
[DEBUG | dusk] fpcSCtRq_phase_CreateProcess: fpcBs_Create OK proc=0xb400007a14353050
[DEBUG | dusk] [DIAG] fpcSCtRq_phase_Load: procName=283 ret=4
[DEBUG | dusk] fpcSCtRq_phase_CreateProcess: procName=283
[DEBUG | dusk] fpcBs_Create: pid=188 profname=fpcNm_OBJ_KANBAN2_e (283) profile=0x7b60579c80 procSize=3488 unkSize=0
[DEBUG | dusk] fpcSCtRq_phase_CreateProcess: fpcBs_Create OK proc=0xb400007a14352290
[DEBUG | dusk] [DIAG] fpcSCtRq_phase_Load: procName=764 ret=4
[DEBUG | dusk] fpcSCtRq_phase_CreateProcess: procName=764
[DEBUG | dusk] fpcBs_Create: pid=189 profname=fpcNm_Obj_Carry_e (764) profile=0x7b60573960 procSize=4768 unkSize=0
[DEBUG | dusk] fpcSCtRq_phase_CreateProcess: fpcBs_Create OK proc=0xb400007a14350fd0
[DEBUG | dusk] [DIAG] fpcSCtRq_phase_Load: procName=764 ret=4
[DEBUG | dusk] fpcSCtRq_phase_CreateProcess: procName=764
[DEBUG | dusk] fpcBs_Create: pid=190 profname=fpcNm_Obj_Carry_e (764) profile=0x7b60573960 procSize=4768 unkSize=0
[DEBUG | dusk] fpcSCtRq_phase_CreateProcess: fpcBs_Create OK proc=0xb400007a1434fd10
[DEBUG | dusk] [DIAG] fpcSCtRq_phase_Load: procName=696 ret=4
[DEBUG | dusk] fpcSCtRq_phase_CreateProcess: procName=696
[DEBUG | dusk] fpcBs_Create: pid=191 profname=fpcNm_KYTAG14_e (696) profile=0x7b60576e28 procSize=1640 unkSize=0
[DEBUG | dusk] fpcSCtRq_phase_CreateProcess: fpcBs_Create OK proc=0xb400007a1434f688
[DEBUG | dusk] [DIAG] fpcSCtRq_phase_Load: procName=130 ret=4
[DEBUG | dusk] fpcSCtRq_phase_CreateProcess: procName=130
[DEBUG | dusk] fpcBs_Create: pid=192 profname=fpcNm_Obj_Onsen_e (130) profile=0x7b605a1af8 procSize=1736 unkSize=0
[DEBUG | dusk] fpcSCtRq_phase_CreateProcess: fpcBs_Create OK proc=0xb400007a1434efa0
[DEBUG | dusk] [DIAG] fpcSCtRq_phase_Load: procName=733 ret=4
[DEBUG | dusk] fpcSCtRq_phase_CreateProcess: procName=733
[DEBUG | dusk] fpcBs_Create: pid=193 profname=fpcNm_SET_BG_OBJ_e (733) profile=0x7b60573f08 procSize=1664 unkSize=0
[DEBUG | dusk] fpcSCtRq_phase_CreateProcess: fpcBs_Create OK proc=0xb400007a1434e900
[DEBUG | dusk] [DIAG] fpcSCtRq_phase_Load: procName=592 ret=4
[DEBUG | dusk] fpcSCtRq_phase_CreateProcess: procName=592
[DEBUG | dusk] fpcBs_Create: pid=194 profname=fpcNm_NPC_LEN_e (592) profile=0x7b6058c150 procSize=5376 unkSize=0
[DEBUG | dusk] fpcSCtRq_phase_CreateProcess: fpcBs_Create OK proc=0xb400007a1434d3e0
[DEBUG | dusk] [DIAG] fpcSCtRq_phase_Load: procName=593 ret=4
[DEBUG | dusk] fpcSCtRq_phase_CreateProcess: procName=593
[DEBUG | dusk] fpcBs_Create: pid=195 profname=fpcNm_NPC_LUD_e (593) profile=0x7b6058c5f8 procSize=5352 unkSize=0
[DEBUG | dusk] fpcSCtRq_phase_CreateProcess: fpcBs_Create OK proc=0xb400007a1434bed8
[DEBUG | dusk] [DIAG] fpcSCtRq_phase_Load: procName=605 ret=4
[DEBUG | dusk] fpcSCtRq_phase_CreateProcess: procName=605
[DEBUG | dusk] fpcBs_Create: pid=196 profname=fpcNm_NPC_KOLIN_e (605) profile=0x7b60578460 procSize=5432 unkSize=0
[DEBUG | dusk] fpcSCtRq_phase_CreateProcess: fpcBs_Create OK proc=0xb400007a1434a980
[DEBUG | dusk] [DIAG] fpcSCtRq_phase_Load: procName=581 ret=4
[DEBUG | dusk] fpcSCtRq_phase_CreateProcess: procName=581
[DEBUG | dusk] fpcBs_Create: pid=197 profname=fpcNm_NPC_BESU_e (581) profile=0x7b605774a8 procSize=5856 unkSize=0
[DEBUG | dusk] fpcSCtRq_phase_CreateProcess: fpcBs_Create OK proc=0xb400007a14349280
[DEBUG | dusk] [DIAG] fpcSCtRq_phase_Load: procName=608 ret=4
[DEBUG | dusk] fpcSCtRq_phase_CreateProcess: procName=608
[DEBUG | dusk] fpcBs_Create: pid=198 profname=fpcNm_NPC_MARO_e (608) profile=0x7b60578a00 procSize=5800 unkSize=0
[DEBUG | dusk] fpcSCtRq_phase_CreateProcess: fpcBs_Create OK proc=0xb400007a14347bb8
[DEBUG | dusk] [DIAG] fpcSCtRq_phase_Load: procName=622 ret=4
[DEBUG | dusk] fpcSCtRq_phase_CreateProcess: procName=622
[DEBUG | dusk] fpcBs_Create: pid=199 profname=fpcNm_NPC_TARO_e (622) profile=0x7b60579050 procSize=6104 unkSize=0
[DEBUG | dusk] fpcSCtRq_phase_CreateProcess: fpcBs_Create OK proc=0xb400007a143463c0
[DEBUG | dusk] [DIAG] fpcSCtRq_phase_Load: procName=592 ret=4
[DEBUG | dusk] fpcSCtRq_phase_CreateProcess: procName=592
[DEBUG | dusk] fpcBs_Create: pid=200 profname=fpcNm_NPC_LEN_e (592) profile=0x7b6058c150 procSize=5376 unkSize=0
[DEBUG | dusk] fpcSCtRq_phase_CreateProcess: fpcBs_Create OK proc=0xb400007a14344ea0
[DEBUG | dusk] [DIAG] fpcSCtRq_phase_Load: procName=696 ret=4
[DEBUG | dusk] fpcSCtRq_phase_CreateProcess: procName=696
[DEBUG | dusk] fpcBs_Create: pid=201 profname=fpcNm_KYTAG14_e (696) profile=0x7b60576e28 procSize=1640 unkSize=0
[DEBUG | dusk] fpcSCtRq_phase_CreateProcess: fpcBs_Create OK proc=0xb400007a14344818
[DEBUG | dusk] [DIAG] fpcSCtRq_phase_Load: procName=711 ret=4
[DEBUG | dusk] fpcSCtRq_phase_CreateProcess: procName=711
[DEBUG | dusk] fpcBs_Create: pid=202 profname=fpcNm_Tag_Wljump_e (711) profile=0x7b605ac950 procSize=1768 unkSize=0
[DEBUG | dusk] fpcSCtRq_phase_CreateProcess: fpcBs_Create OK proc=0xb400007a14344110
[DEBUG | dusk] [DIAG] fpcSCtRq_phase_Load: procName=83 ret=4
[DEBUG | dusk] fpcSCtRq_phase_CreateProcess: procName=83
[DEBUG | dusk] fpcBs_Create: pid=203 profname=fpcNm_Obj_Digpl_e (83) profile=0x7b605797f8 procSize=1712 unkSize=0
[DEBUG | dusk] fpcSCtRq_phase_CreateProcess: fpcBs_Create OK proc=0xb400007a14343a40
[DEBUG | dusk] [DIAG] fpcSCtRq_phase_Load: procName=764 ret=4
[DEBUG | dusk] fpcSCtRq_phase_CreateProcess: procName=764
[DEBUG | dusk] fpcBs_Create: pid=204 profname=fpcNm_Obj_Carry_e (764) profile=0x7b60573960 procSize=4768 unkSize=0
[DEBUG | dusk] fpcSCtRq_phase_CreateProcess: fpcBs_Create OK proc=0xb400007a14342780
[DEBUG | dusk] [DIAG] fpcSCtRq_phase_Load: procName=764 ret=4
[DEBUG | dusk] fpcSCtRq_phase_CreateProcess: procName=764
[DEBUG | dusk] fpcBs_Create: pid=205 profname=fpcNm_Obj_Carry_e (764) profile=0x7b60573960 procSize=4768 unkSize=0
[DEBUG | dusk] fpcSCtRq_phase_CreateProcess: fpcBs_Create OK proc=0xb400007a143414c0
[DEBUG | dusk] [DIAG] fpcSCtRq_phase_Load: procName=333 ret=4
[DEBUG | dusk] fpcSCtRq_phase_CreateProcess: procName=333
[DEBUG | dusk] fpcBs_Create: pid=206 profname=fpcNm_Obj_Yobikusa_e (333) profile=0x7b6057b0c8 procSize=2360 unkSize=0
[DEBUG | dusk] fpcSCtRq_phase_CreateProcess: fpcBs_Create OK proc=0xb400007a14340b68
[DEBUG | dusk] [DIAG] fpcSCtRq_phase_Load: procName=333 ret=4
[DEBUG | dusk] fpcSCtRq_phase_CreateProcess: procName=333
[DEBUG | dusk] fpcBs_Create: pid=207 profname=fpcNm_Obj_Yobikusa_e (333) profile=0x7b6057b0c8 procSize=2360 unkSize=0
[DEBUG | dusk] fpcSCtRq_phase_CreateProcess: fpcBs_Create OK proc=0xb400007a14340210
[DEBUG | dusk] [DIAG] fpcSCtRq_phase_Load: procName=333 ret=4
[DEBUG | dusk] fpcSCtRq_phase_CreateProcess: procName=333
[DEBUG | dusk] fpcBs_Create: pid=208 profname=fpcNm_Obj_Yobikusa_e (333) profile=0x7b6057b0c8 procSize=2360 unkSize=0
[DEBUG | dusk] fpcSCtRq_phase_CreateProcess: fpcBs_Create OK proc=0xb400007a1433f8b8
[DEBUG | dusk] [DIAG] fpcSCtRq_phase_Load: procName=333 ret=4
[DEBUG | dusk] fpcSCtRq_phase_CreateProcess: procName=333
[DEBUG | dusk] fpcBs_Create: pid=209 profname=fpcNm_Obj_Yobikusa_e (333) profile=0x7b6057b0c8 procSize=2360 unkSize=0
[DEBUG | dusk] fpcSCtRq_phase_CreateProcess: fpcBs_Create OK proc=0xb400007a1433ef60
[DEBUG | dusk] [DIAG] fpcSCtRq_phase_Load: procName=788 ret=4
[DEBUG | dusk] fpcSCtRq_phase_CreateProcess: procName=788
[DEBUG | dusk] fpcBs_Create: pid=210 profname=fpcNm_MENUWINDOW_e (788) profile=0x7b6056be20 procSize=592 unkSize=0
[DEBUG | dusk] fpcSCtRq_phase_CreateProcess: fpcBs_Create OK proc=0xb400007a1438a1ec
[DEBUG | dusk] [DIAG] fpcSCtRq_phase_Load: procName=787 ret=4
[DEBUG | dusk] fpcSCtRq_phase_CreateProcess: procName=787
[DEBUG | dusk] fpcBs_Create: pid=211 profname=fpcNm_MSG_OBJECT_e (787) profile=0x7b6056ca98 procSize=1512 unkSize=0
[DEBUG | dusk] fpcSCtRq_phase_CreateProcess: fpcBs_Create OK proc=0xb400007a1433e958
[DEBUG | dusk] Loading Resource: al_kantera.bmd (Size: 21024)
[DEBUG | dusk] Loading Resource: ef_ktglow.bmd (Size: 3040)
[DEBUG | dusk] Loading Resource: al.bmd (Size: 176288)
[DEBUG | dusk] Loading Resource: al_bootsh.bmd (Size: 22048)
[DEBUG | dusk] Loading Resource: al_face.bmd (Size: 72576)
[DEBUG | dusk] Loading Resource: al_hands.bmd (Size: 61056)
[DEBUG | dusk] Loading Resource: al_head.bmd (Size: 33851)
[DEBUG | dusk] Loading Resource: al_swb.bmd (Size: 23552)
[DEBUG | dusk] Loading Resource: ef_ktglow.btk (Size: 512)
[DEBUG | dusk] Loading Resource: model0.bmd (Size: 13312)
[DEBUG | dusk] Loading Resource: model1.bmd (Size: 10656)
[DEBUG | dusk] Loading Resource: model0.dzb (Size: 832)
[DEBUG | dusk] Loading Resource: spec.dat (Size: 148)
[DEBUG | dusk] Loading Resource: k_takaraa.bck (Size: 448)
[DEBUG | dusk] Loading Resource: k_takarab.bck (Size: 448)
[DEBUG | dusk] Loading Resource: k_takarab_slow.bck (Size: 448)
[DEBUG | dusk] Loading Resource: boxa.bmd (Size: 22912)
[DEBUG | dusk] Loading Resource: boxb.bmd (Size: 27232)
[DEBUG | dusk] Loading Resource: ef_boxb.bmd (Size: 13504)
[DEBUG | dusk] Loading Resource: k_tboxn.bmd (Size: 2048)
[DEBUG | dusk] Loading Resource: boxa.brk (Size: 416)
[DEBUG | dusk] Loading Resource: ef_boxb.brk (Size: 256)
[DEBUG | dusk] Loading Resource: boxa.btk (Size: 416)
[DEBUG | dusk] Loading Resource: boxac.dzb (Size: 640)
[DEBUG | dusk] Loading Resource: boxao.dzb (Size: 928)
[DEBUG | dusk] Loading Resource: boxbc.dzb (Size: 640)
[DEBUG | dusk] Loading Resource: boxbo.dzb (Size: 928)
[DEBUG | dusk] Loading Resource: fdoora.bck (Size: 352)
[DEBUG | dusk] Loading Resource: fdoorb.bck (Size: 320)
[DEBUG | dusk] Loading Resource: door-knobdummy.bmd (Size: 1792)
[DEBUG | dusk] Loading Resource: door-pushdoubledummy.bmd (Size: 2752)
[DEBUG | dusk] Loading Resource: door-knob.dzb (Size: 480)
[DEBUG | dusk] Loading Resource: door-pushdouble.dzb (Size: 480)
[DEBUG | dusk] Loading Resource: door-shutter.dzb (Size: 448)
[DEBUG | dusk] Loading Resource: door-shutterbig.dzb (Size: 768)
[DEBUG | dusk] Loading Resource: door-shutterboss.dzb (Size: 704)
[DEBUG | dusk] Loading Resource: door-shutterlv9.dzb (Size: 768)
[DEBUG | dusk] Loading Resource: j_hako_00.bmd (Size: 13312)
[DEBUG | dusk] Loading Resource: j_hako_00.dzb (Size: 608)
[DEBUG | dusk] Loading Resource: j_kanban00.bmd (Size: 11456)
[DEBUG | dusk] Loading Resource: j_kanban00_01.bmd (Size: 2336)
[DEBUG | dusk] Loading Resource: j_kanban00_02.bmd (Size: 2336)
[DEBUG | dusk] Loading Resource: j_kanban00_03.bmd (Size: 2304)
[DEBUG | dusk] Loading Resource: j_kanban00_04.bmd (Size: 2304)
[DEBUG | dusk] Loading Resource: j_kanban00_05.bmd (Size: 2304)
[DEBUG | dusk] Loading Resource: j_kanban00_06.bmd (Size: 2336)
[DEBUG | dusk] Loading Resource: j_kanban00_07.bmd (Size: 2336)
[DEBUG | dusk] Loading Resource: j_kanban00_08.bmd (Size: 2336)
[DEBUG | dusk] Loading Resource: j_kanban00_09.bmd (Size: 2400)
[DEBUG | dusk] Loading Resource: j_kanban00_10.bmd (Size: 2400)
[DEBUG | dusk] Loading Resource: j_kanban00_11.bmd (Size: 2368)
[DEBUG | dusk] Loading Resource: j_kanban00_12.bmd (Size: 2368)
[DEBUG | dusk] Loading Resource: j_kanban00_13.bmd (Size: 2368)
[DEBUG | dusk] Loading Resource: j_kanban00_14.bmd (Size: 2368)
[DEBUG | dusk] Loading Resource: j_kanban00_15.bmd (Size: 2368)
[DEBUG | dusk] Loading Resource: j_kanban00_16.bmd (Size: 2368)
[DEBUG | dusk] Loading Resource: j_kanban00_17.bmd (Size: 2400)
[DEBUG | dusk] Loading Resource: j_kanban00_18.bmd (Size: 2400)
[DEBUG | dusk] Loading Resource: m_ridergate.bmd (Size: 24544)
[DEBUG | dusk] Loading Resource: m_ridergate_hook.bmd (Size: 3648)
[DEBUG | dusk] Loading Resource: m_ridergate_key.bmd (Size: 3232)
[DEBUG | dusk] Loading Resource: m_ridergate.dzb (Size: 672)
[DEBUG | dusk] Loading Resource: event_list.dat (Size: 2020)
[DEBUG | dusk] Loading Resource: h_kakaonsen.bmd (Size: 3488)
[DEBUG | dusk] Loading Resource: h_kakaonsenb.bmd (Size: 3616)
[DEBUG | dusk] Loading Resource: h_kakaonsenb.btk (Size: 320)
[DEBUG | dusk] Loading Resource: h_kakaonsen.dzb (Size: 1280)
[DEBUG | dusk] Loading Resource: model0.bmd (Size: 20864)
[DEBUG | dusk] Loading Resource: model0.dzb (Size: 9344)
[DEBUG | dusk] Loading Resource: spec.dat (Size: 8)
[DEBUG | dusk] Loading Resource: len_f_talk_a.bck (Size: 2848)
[DEBUG | dusk] Loading Resource: len_step.bck (Size: 3744)
[DEBUG | dusk] Loading Resource: len_wait_a.bck (Size: 3616)
[DEBUG | dusk] Loading Resource: len.bmd (Size: 140032)
[DEBUG | dusk] Loading Resource: len.btk (Size: 256)
[DEBUG | dusk] Loading Resource: len.btp (Size: 128)
[DEBUG | dusk] Loading Resource: len_dislike_a.bck (Size: 3744)
[DEBUG | dusk] Loading Resource: len_dislike_b.bck (Size: 3552)
[DEBUG | dusk] Loading Resource: len_evade_a.bck (Size: 5216)
[DEBUG | dusk] Loading Resource: len_evade_b.bck (Size: 3840)
[DEBUG | dusk] Loading Resource: len_evade_c.bck (Size: 3808)
[DEBUG | dusk] Loading Resource: len_f_dislike_a.bck (Size: 3776)
[DEBUG | dusk] Loading Resource: len_f_dislike_b.bck (Size: 2976)
[DEBUG | dusk] Loading Resource: len_f_evade_a.bck (Size: 3104)
[DEBUG | dusk] Loading Resource: len_f_talk_b.bck (Size: 3040)
[DEBUG | dusk] Loading Resource: len_f_talk_c.bck (Size: 3136)
[DEBUG | dusk] Loading Resource: len_f_talk_d.bck (Size: 3168)
[DEBUG | dusk] Loading Resource: len_f_wait_bc_connect.bck (Size: 2752)
[DEBUG | dusk] Loading Resource: len_f_wait_c.bck (Size: 3680)
[DEBUG | dusk] Loading Resource: len_f_wait_d.bck (Size: 2400)
[DEBUG | dusk] Loading Resource: len_f_wait_e.bck (Size: 2688)
[DEBUG | dusk] Loading Resource: len_fh_dislike_b.bck (Size: 2592)
[DEBUG | dusk] Loading Resource: len_fh_evade_b.bck (Size: 2368)
[DEBUG | dusk] Loading Resource: len_fh_talk_c.bck (Size: 2368)
[DEBUG | dusk] Loading Resource: len_fh_talk_d.bck (Size: 2368)
[DEBUG | dusk] Loading Resource: len_fh_wait_c.bck (Size: 2368)
[DEBUG | dusk] Loading Resource: len_fh_wait_d.bck (Size: 2368)
[DEBUG | dusk] Loading Resource: len_talk_a.bck (Size: 5920)
[DEBUG | dusk] Loading Resource: len_talk_c.bck (Size: 7744)
[DEBUG | dusk] Loading Resource: len_wait_b.bck (Size: 4096)
[DEBUG | dusk] Loading Resource: len_wait_bc_connect.bck (Size: 4064)
[DEBUG | dusk] Loading Resource: len_wait_c.bck (Size: 4192)
[DEBUG | dusk] Loading Resource: len_wait_d.bck (Size: 3840)
[DEBUG | dusk] Loading Resource: len_wait_e.bck (Size: 3968)
[DEBUG | dusk] Loading Resource: len_walk_a.bck (Size: 5440)
[DEBUG | dusk] Loading Resource: len_f_dislike_a.btk (Size: 480)
[DEBUG | dusk] Loading Resource: len_f_dislike_b.btk (Size: 640)
[DEBUG | dusk] Loading Resource: len_fh_dislike_b.btk (Size: 288)
[DEBUG | dusk] Loading Resource: len_f_dislike_a.btp (Size: 288)
[DEBUG | dusk] Loading Resource: len_f_dislike_b.btp (Size: 288)
[DEBUG | dusk] Loading Resource: len_f_evade_a.btp (Size: 288)
[DEBUG | dusk] Loading Resource: len_f_talk_c.btp (Size: 288)
[DEBUG | dusk] Loading Resource: len_f_talk_d.btp (Size: 288)
[DEBUG | dusk] Loading Resource: len_f_wait_c.btp (Size: 288)
[DEBUG | dusk] Loading Resource: len_fh_talk_c.btp (Size: 96)
[DEBUG | dusk] Loading Resource: len_fh_talk_d.btp (Size: 96)
[DEBUG | dusk] Loading Resource: len_fh_wait_c.btp (Size: 96)
[DEBUG | dusk] Loading Resource: event_list.dat (Size: 7916)
[DEBUG | dusk] Loading Resource: lud_f_talk_a.bck (Size: 2688)
[DEBUG | dusk] Loading Resource: lud_step.bck (Size: 3104)
[DEBUG | dusk] Loading Resource: lud_wait_a.bck (Size: 3520)
[DEBUG | dusk] Loading Resource: lud.bmd (Size: 141984)
[DEBUG | dusk] Loading Resource: lud.btk (Size: 256)
[DEBUG | dusk] Loading Resource: lud.btp (Size: 128)
[DEBUG | dusk] Loading Resource: lud_f_fear_a.bck (Size: 2688)
[DEBUG | dusk] Loading Resource: lud_fear_a.bck (Size: 12000)
[DEBUG | dusk] Loading Resource: lud_talk_a.bck (Size: 5760)
[DEBUG | dusk] Loading Resource: lud_talk_b.bck (Size: 4544)
[DEBUG | dusk] Loading Resource: lud_f_fear_a.btp (Size: 288)
[DEBUG | dusk] Loading Resource: kolin_f_talk_a.bck (Size: 2368)
[DEBUG | dusk] Loading Resource: kolin_step.bck (Size: 3680)
[DEBUG | dusk] Loading Resource: kolin_wait_a.bck (Size: 2784)
[DEBUG | dusk] Loading Resource: kolin.bmd (Size: 118848)
[DEBUG | dusk] Loading Resource: kolin.btk (Size: 256)
[DEBUG | dusk] Loading Resource: kolin.btp (Size: 128)
[DEBUG | dusk] Loading Resource: kolin_f_talk_a.btp (Size: 288)
[DEBUG | dusk] Loading Resource: kolin_clup.bck (Size: 10016)
[DEBUG | dusk] Loading Resource: kolin_f_clup.bck (Size: 2752)
[DEBUG | dusk] Loading Resource: kolin_f_happy_talk.bck (Size: 2080)
[DEBUG | dusk] Loading Resource: kolin_f_kizuku.bck (Size: 2368)
[DEBUG | dusk] Loading Resource: kolin_f_normal_talk.bck (Size: 3232)
[DEBUG | dusk] Loading Resource: kolin_f_stone.bck (Size: 1984)
[DEBUG | dusk] Loading Resource: kolin_f_walk_a.bck (Size: 1792)
[DEBUG | dusk] Loading Resource: kolin_fh_kizuku.bck (Size: 1760)
[DEBUG | dusk] Loading Resource: kolin_fh_normal_talk.bck (Size: 1792)
[DEBUG | dusk] Loading Resource: kolin_fh_wait_d.bck (Size: 1792)
[DEBUG | dusk] Loading Resource: kolin_haihai.bck (Size: 4928)
[DEBUG | dusk] Loading Resource: kolin_happy_talk.bck (Size: 3168)
[DEBUG | dusk] Loading Resource: kolin_happy_wait.bck (Size: 2432)
[DEBUG | dusk] Loading Resource: kolin_normal_talk.bck (Size: 5632)
[DEBUG | dusk] Loading Resource: kolin_nozoku.bck (Size: 6560)
[DEBUG | dusk] Loading Resource: kolin_run.bck (Size: 5312)
[DEBUG | dusk] Loading Resource: kolin_stone.bck (Size: 5472)
[DEBUG | dusk] Loading Resource: kolin_talk_a.bck (Size: 4608)
[DEBUG | dusk] Loading Resource: kolin_turn.bck (Size: 4864)
[DEBUG | dusk] Loading Resource: kolin_wait_b.bck (Size: 4896)
[DEBUG | dusk] Loading Resource: kolin_wait_c.bck (Size: 2720)
[DEBUG | dusk] Loading Resource: kolin_wait_d.bck (Size: 3104)
[DEBUG | dusk] Loading Resource: kolin_walk_a.bck (Size: 5632)
[DEBUG | dusk] Loading Resource: kolin_walk_b.bck (Size: 4288)
[DEBUG | dusk] Loading Resource: kolin_clup.btk (Size: 288)
[DEBUG | dusk] Loading Resource: kolin_nozoku.btk (Size: 256)
[DEBUG | dusk] Loading Resource: kolin_stone.btk (Size: 288)
[DEBUG | dusk] Loading Resource: kolin_walk_a.btk (Size: 256)
[DEBUG | dusk] Loading Resource: kolin_f_clup.btp (Size: 256)
[DEBUG | dusk] Loading Resource: kolin_f_kizuku.btp (Size: 160)
[DEBUG | dusk] Loading Resource: kolin_f_stone.btp (Size: 192)
[DEBUG | dusk] Loading Resource: kolin_f_walk_a.btp (Size: 96)
[DEBUG | dusk] Loading Resource: kolin_fh_wait_d.btp (Size: 96)
[DEBUG | dusk] Loading Resource: event_list.dat (Size: 19728)
[DEBUG | dusk] Loading Resource: besu_body_talk.bck (Size: 4288)
[DEBUG | dusk] Loading Resource: besu_body_wait.bck (Size: 2496)
[DEBUG | dusk] Loading Resource: besu_f_talk_c.bck (Size: 2016)
[DEBUG | dusk] Loading Resource: besu_f_yokeru.bck (Size: 1536)
[DEBUG | dusk] Loading Resource: besu_fh_bikkuri.bck (Size: 1536)
[DEBUG | dusk] Loading Resource: besu_mad.bck (Size: 4320)
[DEBUG | dusk] Loading Resource: besu_mad_wait.bck (Size: 2560)
[DEBUG | dusk] Loading Resource: besu_normal_step.bck (Size: 3072)
[DEBUG | dusk] Loading Resource: besu_normal_talk.bck (Size: 4416)
[DEBUG | dusk] Loading Resource: besu_normal_talk_b.bck (Size: 4064)
[DEBUG | dusk] Loading Resource: besu_normal_wait.bck (Size: 2496)
[DEBUG | dusk] Loading Resource: besu_step.bck (Size: 2976)
[DEBUG | dusk] Loading Resource: besu_wait_a.bck (Size: 2560)
[DEBUG | dusk] Loading Resource: besu_wait_c.bck (Size: 2080)
[DEBUG | dusk] Loading Resource: besu_yokeru.bck (Size: 3296)
[DEBUG | dusk] Loading Resource: besu.btk (Size: 256)
[DEBUG | dusk] Loading Resource: besu.btp (Size: 128)
[DEBUG | dusk] Loading Resource: besu_f_yokeru.btp (Size: 160)
[DEBUG | dusk] Loading Resource: besu_fh_bikkuri.btp (Size: 160)
[DEBUG | dusk] Loading Resource: besu_f_madtalk.bck (Size: 2144)
[DEBUG | dusk] Loading Resource: besu_f_talk_a.bck (Size: 2080)
[DEBUG | dusk] Loading Resource: besu_f_talk_b.bck (Size: 2400)
[DEBUG | dusk] Loading Resource: besu_f_wait_b.bck (Size: 1504)
[DEBUG | dusk] Loading Resource: besu_fh_madtalk.bck (Size: 1472)
[DEBUG | dusk] Loading Resource: besu_fh_talk_a.bck (Size: 1504)
[DEBUG | dusk] Loading Resource: besu_fh_talk_b.bck (Size: 1568)
[DEBUG | dusk] Loading Resource: besu_run.bck (Size: 4288)
[DEBUG | dusk] Loading Resource: besu_talk_a.bck (Size: 11136)
[DEBUG | dusk] Loading Resource: besu_talk_b.bck (Size: 6176)
[DEBUG | dusk] Loading Resource: besu_wait_b.bck (Size: 2656)
[DEBUG | dusk] Loading Resource: besu_f_madtalk.btp (Size: 288)
[DEBUG | dusk] Loading Resource: besu_f_talk_a.btp (Size: 288)
[DEBUG | dusk] Loading Resource: besu_f_talk_b.btp (Size: 288)
[DEBUG | dusk] Loading Resource: besu_f_wait_b.btp (Size: 96)
[DEBUG | dusk] Loading Resource: besu_fh_madtalk.btp (Size: 96)
[DEBUG | dusk] Loading Resource: besu_fh_talk_a.btp (Size: 96)
[DEBUG | dusk] Loading Resource: besu_fh_talk_b.btp (Size: 96)
[DEBUG | dusk] Loading Resource: event_list.dat (Size: 11492)
[DEBUG | dusk] Loading Resource: besu3_f_worry.bck (Size: 1952)
[DEBUG | dusk] Loading Resource: besu3_fh_worry.bck (Size: 1504)
[DEBUG | dusk] Loading Resource: besu_f_suprise.bck (Size: 2432)
[DEBUG | dusk] Loading Resource: besu_fh_surprise.bck (Size: 1600)
[DEBUG | dusk] Loading Resource: besu_surprise.bck (Size: 3520)
[DEBUG | dusk] Loading Resource: besu3.bmd (Size: 132032)
[DEBUG | dusk] Loading Resource: besu_surprise.btk (Size: 256)
[DEBUG | dusk] Loading Resource: besu3.btp (Size: 128)
[DEBUG | dusk] Loading Resource: besu3_f_surprise.btp (Size: 288)
[DEBUG | dusk] Loading Resource: besu3_f_worry.btp (Size: 288)
[DEBUG | dusk] Loading Resource: besu3_fh_surprise.btp (Size: 256)
[DEBUG | dusk] Loading Resource: besu3_fh_worry.btp (Size: 96)
[DEBUG | dusk] Loading Resource: event_list.dat (Size: 2776)
[DEBUG | dusk] Loading Resource: maro_f_talk_a.bck (Size: 1824)
[DEBUG | dusk] Loading Resource: maro_step.bck (Size: 3456)
[DEBUG | dusk] Loading Resource: maro_wait_a.bck (Size: 2624)
[DEBUG | dusk] Loading Resource: maro.bmd (Size: 106624)
[DEBUG | dusk] Loading Resource: maro.btk (Size: 256)
[DEBUG | dusk] Loading Resource: maro.btp (Size: 128)
[DEBUG | dusk] Loading Resource: maro_f_talk_a.btp (Size: 224)
[DEBUG | dusk] Loading Resource: maro_f_surprise.bck (Size: 1696)
[DEBUG | dusk] Loading Resource: maro_f_talk_b.bck (Size: 1696)
[DEBUG | dusk] Loading Resource: maro_f_talk_c.bck (Size: 1696)
[DEBUG | dusk] Loading Resource: maro_fh_surprise.bck (Size: 1536)
[DEBUG | dusk] Loading Resource: maro_run.bck (Size: 3968)
[DEBUG | dusk] Loading Resource: maro_stop.bck (Size: 3968)
[DEBUG | dusk] Loading Resource: maro_talk_a.bck (Size: 3200)
[DEBUG | dusk] Loading Resource: maro_talk_b.bck (Size: 5888)
[DEBUG | dusk] Loading Resource: maro_talk_c.bck (Size: 11296)
[DEBUG | dusk] Loading Resource: maro_talk_b.btk (Size: 256)
[DEBUG | dusk] Loading Resource: maro_talk_c.btk (Size: 256)
[DEBUG | dusk] Loading Resource: maro_f_surprise.btp (Size: 192)
[DEBUG | dusk] Loading Resource: maro_f_talk_b.btp (Size: 288)
[DEBUG | dusk] Loading Resource: maro_f_talk_c.btp (Size: 320)
[DEBUG | dusk] Loading Resource: maro_fh_surprise.btp (Size: 96)
[DEBUG | dusk] Loading Resource: event_list.dat (Size: 4392)
[DEBUG | dusk] Loading Resource: taro.bmd (Size: 117440)
[DEBUG | dusk] Loading Resource: taro_f_normal.btp (Size: 128)
[DEBUG | dusk] Loading Resource: taro_defense_a.bck (Size: 3328)
[DEBUG | dusk] Loading Resource: taro_f_close.bck (Size: 1792)
[DEBUG | dusk] Loading Resource: taro_f_normal.bck (Size: 2496)
[DEBUG | dusk] Loading Resource: taro_step.bck (Size: 2944)
[DEBUG | dusk] Loading Resource: taro_wait_a.bck (Size: 2912)
[DEBUG | dusk] Loading Resource: taro.btk (Size: 256)
[DEBUG | dusk] Loading Resource: taro_f_close.btp (Size: 160)
[DEBUG | dusk] Loading Resource: taro_chop_a.bck (Size: 9856)
[DEBUG | dusk] Loading Resource: taro_chop_b.bck (Size: 8480)
[DEBUG | dusk] Loading Resource: taro_f_panic.bck (Size: 2368)
[DEBUG | dusk] Loading Resource: taro_f_s_get.bck (Size: 2176)
[DEBUG | dusk] Loading Resource: taro_f_sad.bck (Size: 2112)
[DEBUG | dusk] Loading Resource: taro_f_shout.bck (Size: 1952)
[DEBUG | dusk] Loading Resource: taro_f_surprise.bck (Size: 1792)
[DEBUG | dusk] Loading Resource: taro_fh_panic.bck (Size: 1664)
[DEBUG | dusk] Loading Resource: taro_fh_sad.bck (Size: 1664)
[DEBUG | dusk] Loading Resource: taro_fh_surprise.bck (Size: 1696)
[DEBUG | dusk] Loading Resource: taro_run.bck (Size: 5152)
[DEBUG | dusk] Loading Resource: taro_s_chop_a.bck (Size: 13504)
[DEBUG | dusk] Loading Resource: taro_s_chop_b.bck (Size: 14592)
[DEBUG | dusk] Loading Resource: taro_s_get.bck (Size: 16864)
[DEBUG | dusk] Loading Resource: taro_s_run.bck (Size: 5184)
[DEBUG | dusk] Loading Resource: taro_s_wait.bck (Size: 3648)
[DEBUG | dusk] Loading Resource: taro_talk_a.bck (Size: 6496)
[DEBUG | dusk] Loading Resource: taro_talk_b.bck (Size: 3616)
[DEBUG | dusk] Loading Resource: taro_wait_b.bck (Size: 4640)
[DEBUG | dusk] Loading Resource: taro_wait_d.bck (Size: 3488)
[DEBUG | dusk] Loading Resource: taro_wait_e.bck (Size: 5408)
[DEBUG | dusk] Loading Resource: taro_wait_f.bck (Size: 2944)
[DEBUG | dusk] Loading Resource: taro_stick_a.bmd (Size: 14688)
[DEBUG | dusk] Loading Resource: taro_swb.bmd (Size: 21664)
[DEBUG | dusk] Loading Resource: taro_s_get.btk (Size: 512)
[DEBUG | dusk] Loading Resource: taro_talk_c.btk (Size: 384)
[DEBUG | dusk] Loading Resource: taro_talk_e.btk (Size: 256)
[DEBUG | dusk] Loading Resource: taro_tark_d.btk (Size: 448)
[DEBUG | dusk] Loading Resource: taro_f_panic.btp (Size: 288)
[DEBUG | dusk] Loading Resource: taro_f_s_get.btp (Size: 320)
[DEBUG | dusk] Loading Resource: taro_f_sad.btp (Size: 288)
[DEBUG | dusk] Loading Resource: taro_f_shout.btp (Size: 192)
[DEBUG | dusk] Loading Resource: taro_f_surprise.btp (Size: 160)
[DEBUG | dusk] Loading Resource: taro_fh_panic.btp (Size: 96)
[DEBUG | dusk] Loading Resource: taro_fh_sad.btp (Size: 96)
[DEBUG | dusk] Loading Resource: taro_fh_surprise.btp (Size: 224)
[DEBUG | dusk] Loading Resource: event_list.dat (Size: 66960)
[DEBUG | dusk] Loading Resource: taro_f_anger.bck (Size: 2208)
[DEBUG | dusk] Loading Resource: taro_f_smile.bck (Size: 2144)
[DEBUG | dusk] Loading Resource: taro_fh_anger.bck (Size: 1632)
[DEBUG | dusk] Loading Resource: taro_fh_smile.bck (Size: 1632)
[DEBUG | dusk] Loading Resource: taro_to_wait_c.bck (Size: 3744)
[DEBUG | dusk] Loading Resource: taro_victory_a.bck (Size: 6048)
[DEBUG | dusk] Loading Resource: taro_wait_c.bck (Size: 3008)
[DEBUG | dusk] Loading Resource: taro_f_anger.btp (Size: 288)
[DEBUG | dusk] Loading Resource: taro_f_smile.btp (Size: 288)
[DEBUG | dusk] Loading Resource: taro_fh_smile.btp (Size: 96)
[DEBUG | dusk] Loading Resource: al_umakusa.bmd (Size: 5984)
[DEBUG | dusk] Loading Resource: j_umakusa.bmd (Size: 13152)
[DEBUG | dusk] Loading Resource: j_umakusa_c.bmd (Size: 9536)
[DEBUG | dusk] [DIAG] fpcSCtRq_phase_Load: procName=734 ret=4
[DEBUG | dusk] fpcSCtRq_phase_CreateProcess: procName=734
[DEBUG | dusk] fpcBs_Create: pid=212 profname=fpcNm_BG_OBJ_e (734) profile=0x7b605724d8 procSize=4344 unkSize=0
[DEBUG | dusk] fpcSCtRq_phase_CreateProcess: fpcBs_Create OK proc=0xb400007a1433d840
[DEBUG | dusk] fpcBs_Create: pid=217 profname=fpcNm_Tag_Attp_e (346) profile=0x7b60575d00 procSize=1632 unkSize=0
[DEBUG | dusk] [DIAG] fpcSCtRq_phase_Load: procName=734 ret=4
[DEBUG | dusk] fpcSCtRq_phase_CreateProcess: procName=734
[DEBUG | dusk] fpcBs_Create: pid=213 profname=fpcNm_BG_OBJ_e (734) profile=0x7b605724d8 procSize=4344 unkSize=0
[DEBUG | dusk] fpcSCtRq_phase_CreateProcess: fpcBs_Create OK proc=0xb400007a1433c728
[DEBUG | dusk] fpcBs_Create: pid=219 profname=fpcNm_Tag_Attp_e (346) profile=0x7b60575d00 procSize=1632 unkSize=0
[DEBUG | dusk] [DIAG] fpcSCtRq_phase_Load: procName=734 ret=4
[DEBUG | dusk] fpcSCtRq_phase_CreateProcess: procName=734
[DEBUG | dusk] fpcBs_Create: pid=214 profname=fpcNm_BG_OBJ_e (734) profile=0x7b605724d8 procSize=4344 unkSize=0
[DEBUG | dusk] fpcSCtRq_phase_CreateProcess: fpcBs_Create OK proc=0xb400007a1433af90
[DEBUG | dusk] fpcBs_Create: pid=221 profname=fpcNm_Tag_Attp_e (346) profile=0x7b60575d00 procSize=1632 unkSize=0
[DEBUG | dusk] [DIAG] fpcSCtRq_phase_Load: procName=734 ret=4
[DEBUG | dusk] fpcSCtRq_phase_CreateProcess: procName=734
[DEBUG | dusk] fpcBs_Create: pid=215 profname=fpcNm_BG_OBJ_e (734) profile=0x7b605724d8 procSize=4344 unkSize=0
[DEBUG | dusk] fpcSCtRq_phase_CreateProcess: fpcBs_Create OK proc=0xb400007a143397f8
[DEBUG | dusk] Loading Resource: event_list.dat (Size: 11912)
[DEBUG | dusk] Loading Resource: al_shb.bmd (Size: 15040)
[DEBUG | dusk] [DIAG] fpcSCtRq_phase_Load: procName=255 ret=4
[DEBUG | dusk] fpcSCtRq_phase_CreateProcess: procName=255
[DEBUG | dusk] fpcBs_Create: pid=222 profname=fpcNm_MIDNA_e (255) profile=0x7b60575698 procSize=3360 unkSize=0
[DEBUG | dusk] fpcSCtRq_phase_CreateProcess: fpcBs_Create OK proc=0xb400007a1439163c
[DEBUG | dusk] Loading Resource: s_md_hands.bmd (Size: 19776)
[DEBUG | dusk] Loading Resource: s_md_mask.bmd (Size: 15424)
[DEBUG | dusk] Loading Resource: s_md_gokou.bmd (Size: 3008)
[DEBUG | dusk] Loading Resource: s_md.bmd (Size: 69984)
[DEBUG | dusk] Loading Resource: s_md_hair_hand.bmd (Size: 18944)
[DEBUG | dusk] Loading Resource: s_md_appear.brk (Size: 352)
[DEBUG | dusk] Loading Resource: s_md_gokou_appear.brk (Size: 256)
[DEBUG | dusk] Loading Resource: s_md_hair_hand_appear.brk (Size: 288)
[DEBUG | dusk] Loading Resource: s_md_mask_appear.brk (Size: 256)
[DEBUG | dusk] Loading Resource: s_md_hair_hand_moya.btk (Size: 544)
[DEBUG | dusk] Loading Resource: s_md_hands_moya.btk (Size: 608)
[DEBUG | dusk] Loading Resource: s_md_mask_moya.btk (Size: 320)
[DEBUG | dusk] Loading Resource: s_md_moya.btk (Size: 512)
[DEBUG | dusk] frameInterp: onTypeChange 41 -> 40 (event_type_id=40, leaving_event=false, entering_event=true)
[DEBUG | dusk] frameInterp: presentation sync not requested for ZEV event [CURRENT] (staff idx 25)
[DEBUG | dusk] frameInterp: onTypeChange 40 -> 41 (event_type_id=40, leaving_event=true, entering_event=false)
[DEBUG | aurora::gpu::cache] Dawn cache prune completed; no stale entries found
[DEBUG | dusk] [DIAG] fpcSCtRq_phase_Load: procName=771 ret=4
[DEBUG | dusk] fpcSCtRq_phase_CreateProcess: procName=771
[DEBUG | dusk] fpcBs_Create: pid=223 profname=fpcNm_WMARK_e (771) profile=0x7b6056f800 procSize=1376 unkSize=0
[DEBUG | dusk] fpcSCtRq_phase_CreateProcess: fpcBs_Create OK proc=0xb400007a14399178
[DEBUG | dusk] [DIAG] fpcSCtRq_phase_Load: procName=771 ret=4
[DEBUG | dusk] fpcSCtRq_phase_CreateProcess: procName=771
[DEBUG | dusk] fpcBs_Create: pid=224 profname=fpcNm_WMARK_e (771) profile=0x7b6056f800 procSize=1376 unkSize=0
[DEBUG | dusk] fpcSCtRq_phase_CreateProcess: fpcBs_Create OK proc=0xb400007a14398bf8
[DEBUG | dusk] frameInterp: onTypeChange 41 -> 40 (event_type_id=40, leaving_event=false, entering_event=true)
[DEBUG | dusk] fapGm_Execute frame=600
[DEBUG | dusk] frameInterp: onTypeChange 40 -> 41 (event_type_id=40, leaving_event=true, entering_event=false)
[DEBUG | dusk] [DIAG] fpcSCtRq_phase_Load: procName=548 ret=4
[DEBUG | dusk] fpcSCtRq_phase_CreateProcess: procName=548
[DEBUG | dusk] fpcBs_Create: pid=225 profname=fpcNm_HOZELDA_e (548) profile=0x7b60582e40 procSize=2368 unkSize=0
[DEBUG | dusk] fpcSCtRq_phase_CreateProcess: fpcBs_Create OK proc=0xb400007a14398d98
[DEBUG | dusk] Loading Resource: zelh_aldieh.bck (Size: 6240)
[DEBUG | dusk] Loading Resource: zelh_arelordh.bck (Size: 9280)
[DEBUG | dusk] Loading Resource: zelh_ashooth.bck (Size: 5216)
[DEBUG | dusk] Loading Resource: zelh_atbh.bck (Size: 4064)
[DEBUG | dusk] Loading Resource: zelh_barelordh.bck (Size: 1216)
[DEBUG | dusk] Loading Resource: zelh_bashooth.bck (Size: 1952)
[DEBUG | dusk] Loading Resource: zelh_damh.bck (Size: 4864)
[DEBUG | dusk] Loading Resource: zelh_dashh.bck (Size: 6976)
[DEBUG | dusk] Loading Resource: zelh_dstarth.bck (Size: 7584)
[DEBUG | dusk] Loading Resource: zelh_egnd_wh.bck (Size: 6048)
[DEBUG | dusk] Loading Resource: zelh_egnd_whb.bck (Size: 5344)
[DEBUG | dusk] Loading Resource: zelh_jumph.bck (Size: 5600)
[DEBUG | dusk] Loading Resource: zelh_jumphed.bck (Size: 5568)
[DEBUG | dusk] Loading Resource: zelh_jumphst.bck (Size: 4896)
[DEBUG | dusk] Loading Resource: zelh_numbh.bck (Size: 4704)
[DEBUG | dusk] Loading Resource: zelh_standh.bck (Size: 10624)
[DEBUG | dusk] Loading Resource: zelh_standhwc.bck (Size: 14176)
[DEBUG | dusk] Loading Resource: zelh_stoph.bck (Size: 8064)
[DEBUG | dusk] Loading Resource: zelh_stoptostandh.bck (Size: 11648)
[DEBUG | dusk] Loading Resource: zelh_waitbh.bck (Size: 6656)
[DEBUG | dusk] Loading Resource: zelh_waitch.bck (Size: 5184)
[DEBUG | dusk] Loading Resource: zelh_waith.bck (Size: 5216)
[DEBUG | dusk] Loading Resource: o_zg_arow.bmd (Size: 9312)
[DEBUG | dusk] Loading Resource: o_zg_bow.bmd (Size: 17120)
[DEBUG | dusk] Loading Resource: zelh.bmd (Size: 240768)
[DEBUG | dusk] Loading Resource: zelh_fa.btk (Size: 352)
[DEBUG | dusk] Loading Resource: zelh_faldieh.btk (Size: 992)
[DEBUG | dusk] Loading Resource: zelh_fegnd_wh.btk (Size: 352)
[DEBUG | dusk] Loading Resource: zelh_fa.btp (Size: 128)
[DEBUG | dusk] Loading Resource: zelh_faldieh.btp (Size: 864)
[DEBUG | dusk] Loading Resource: zelh_fb.btp (Size: 128)
[DEBUG | dusk] Loading Resource: zelh_fc.btp (Size: 128)
[DEBUG | dusk] Loading Resource: zelh_fmaba01.btp (Size: 160)
[DEBUG | dusk] frameInterp: onTypeChange 41 -> 87 (event_type_id=40, leaving_event=false, entering_event=false)
[DEBUG | dusk] frameInterp: onTypeChange 87 -> 40 (event_type_id=40, leaving_event=false, entering_event=true)
[DEBUG | dusk] frameInterp: presentation sync not requested for ZEV event [WAIT] (staff idx 152)
[DEBUG | dusk] frameInterp: presentation sync not requested for ZEV event [HINTTALK] (staff idx 152)
[DEBUG | dusk] fapGm_Execute frame=900
[DEBUG | dusk] frameInterp: presentation sync not requested for ZEV event [WAIT] (staff idx 152)
[DEBUG | dusk] frameInterp: onTypeChange 40 -> 87 (event_type_id=40, leaving_event=true, entering_event=false)
[DEBUG | dusk] frameInterp: onTypeChange 87 -> 41 (event_type_id=40, leaving_event=false, entering_event=false)
[DEBUG | dusk] fapGm_Execute frame=1200
[DEBUG | dusk] frameInterp: onTypeChange 41 -> 40 (event_type_id=40, leaving_event=false, entering_event=true)
[DEBUG | dusk] frameInterp: onTypeChange 40 -> 41 (event_type_id=40, leaving_event=true, entering_event=false)
[DEBUG | dusk] frameInterp: onTypeChange 41 -> 87 (event_type_id=40, leaving_event=false, entering_event=false)
[DEBUG | dusk] fapGm_Execute frame=1500
[DEBUG | dusk] [DIAG] fpcSCtRq_phase_Load: procName=2 ret=4
[DEBUG | dusk] fpcSCtRq_phase_CreateProcess: procName=2
[DEBUG | dusk] fpcBs_Create: pid=226 profname=fpcNm_OVERLAP3_e (2) profile=0x7b6056ed98 procSize=464 unkSize=0
[DEBUG | dusk] fpcSCtRq_phase_CreateProcess: fpcBs_Create OK proc=0xb400007a14398ac8
[DEBUG | dusk] fpcNdRq_phase_Create: name=11 layer=0x7b607a2418
[DEBUG | dusk] fpcNdRq_phase_Create: creating_id=227 (error=4294967295)
[WARNING | dusk::mods::actor] Attempted to delete actor with ID (225) but it doesn't exist!
[DEBUG | dusk] [DIAG] fpcSCtRq_phase_Load: procName=11 ret=4
[DEBUG | dusk] fpcSCtRq_phase_CreateProcess: procName=11
[DEBUG | dusk] fpcBs_Create: pid=227 profname=fpcNm_PLAY_SCENE_e (11) profile=0x7b6056f268 procSize=912 unkSize=0
[DEBUG | dusk] fpcSCtRq_phase_CreateProcess: fpcBs_Create OK proc=0xb400007a14399af0
[DEBUG | dusk] Loading Resource: vrbox_kasumim.bmd (Size: 2272)
[DEBUG | dusk] Loading Resource: vrbox_kumo.bmd (Size: 69664)
[DEBUG | dusk] Loading Resource: vrbox_sora.bmd (Size: 6624)
[DEBUG | dusk] Loading Resource: vrbox_sun.bmd (Size: 12032)
[DEBUG | dusk] Loading Resource: door-knob_00.bmd (Size: 7712)
[DEBUG | dusk] Loading Resource: vrbox_sun.btk (Size: 320)
[DEBUG | dusk] Loading Resource: colordata_tbl.dat (Size: 800)
[DEBUG | dusk] Loading Resource: pol_arg.dat (Size: 128)
[DEBUG | dusk] Loading Resource: pol_effcol.dat (Size: 128)
[DEBUG | dusk] Loading Resource: pol_effcol2.dat (Size: 128)
[DEBUG | dusk] Loading Resource: pol_efftbl.dat (Size: 128)
[DEBUG | dusk] Loading Resource: pol_efftbl2.dat (Size: 128)
[DEBUG | dusk] Loading Resource: pol_sound.dat (Size: 128)
[DEBUG | dusk] Loading Resource: stage.dzs (Size: 27200)
[DEBUG | dusk] Loading Resource: event_list.dat (Size: 4700)
[DEBUG | dusk] Loading Resource: iria_nioi.stb (Size: 3056)
[DEBUG | dusk] Loading Resource: iria_pouch01.stb (Size: 1032)
[DEBUG | dusk] Loading Resource: cloudtx_01.bti (Size: 4128)
[DEBUG | dusk] Loading Resource: cloudtx_02.bti (Size: 4128)
[DEBUG | dusk] Loading Resource: cloudtx_03.bti (Size: 4128)
[DEBUG | dusk] Loading Resource: f_moon.bti (Size: 8224)
[DEBUG | dusk] Loading Resource: f_moon_a.bti (Size: 2080)
[DEBUG | dusk] Loading Resource: f_moon_a_a00.bti (Size: 64)
[DEBUG | dusk] Loading Resource: f_moon_a_a01.bti (Size: 544)
[DEBUG | dusk] Loading Resource: f_moon_a_a02.bti (Size: 544)
[DEBUG | dusk] Loading Resource: f_moon_a_a03.bti (Size: 544)
[DEBUG | dusk] Loading Resource: i_enkei.bti (Size: 8224)
[DEBUG | dusk] Loading Resource: i_iwakabe_a.bti (Size: 86048)
[DEBUG | dusk] Loading Resource: i_iwayama.bti (Size: 43040)
[DEBUG | dusk] Loading Resource: i_koyojyu4.bti (Size: 10784)
[DEBUG | dusk] Loading Resource: i_kumo.bti (Size: 10784)
[DEBUG | dusk] Loading Resource: i_kusa_a.bti (Size: 43680)
[DEBUG | dusk] Loading Resource: i_tuchimichi_a_nuki.bti (Size: 10784)
[DEBUG | dusk] Loading Resource: event_list.dat (Size: 106476)
[DEBUG | dusk] Loading Resource: camstyle.dat (Size: 43328)
[DEBUG | dusk] Loading Resource: camtype.dat (Size: 14560)
[DEBUG | dusk] fpcBs_Create: pid=249 profname=fpcNm_SUSPEND_e (783) profile=0x7b60575c48 procSize=1632 unkSize=0
[DEBUG | dusk] fpcBs_Create: pid=251 profname=fpcNm_SUSPEND_e (783) profile=0x7b60575c48 procSize=1632 unkSize=0
[DEBUG | dusk] fopScnM_CreateReq: procName=18 fade=32767
[DEBUG | dusk] fopScnM_CreateReq: result=7 (error=4294967295)
[DEBUG | dusk] fopScnM_CreateReq: procName=18 fade=32767
[DEBUG | dusk] fopScnM_CreateReq: result=8 (error=4294967295)
[DEBUG | dusk] fopScnM_CreateReq: procName=18 fade=32767
[DEBUG | dusk] fopScnM_CreateReq: result=9 (error=4294967295)
[DEBUG | dusk] fpcBs_Create: pid=258 profname=fpcNm_KANKYO_e (19) profile=0x7b60569e60 procSize=440 unkSize=0
[DEBUG | dusk] fpcBs_Create: pid=260 profname=fpcNm_KYEFF_e (785) profile=0x7b60569eb0 procSize=440 unkSize=0
[DEBUG | dusk] fpcBs_Create: pid=262 profname=fpcNm_KYEFF2_e (786) profile=0x7b60569ef0 procSize=440 unkSize=0
[DEBUG | dusk] fpcBs_Create: pid=264 profname=fpcNm_ENVSE_e (21) profile=0x7b60568f20 procSize=456 unkSize=0
[DEBUG | dusk] fpcNdRq_phase_Create: name=18 layer=0xb400007a14399c48
[DEBUG | dusk] fpcNdRq_phase_Create: creating_id=267 (error=4294967295)
[DEBUG | dusk] fpcNdRq_phase_Create: name=18 layer=0xb400007a14399c48
[DEBUG | dusk] fpcNdRq_phase_Create: creating_id=268 (error=4294967295)
[DEBUG | dusk] fpcNdRq_phase_Create: name=18 layer=0xb400007a14399c48
[DEBUG | dusk] fpcNdRq_phase_Create: creating_id=269 (error=4294967295)
[DEBUG | dusk] [DIAG] fpcSCtRq_phase_Load: procName=781 ret=4
[DEBUG | dusk] fpcSCtRq_phase_CreateProcess: procName=781
[DEBUG | dusk] fpcBs_Create: pid=228 profname=fpcNm_CAMERA_e (781) profile=0x7b60568d68 procSize=4240 unkSize=0
[DEBUG | dusk] fpcSCtRq_phase_CreateProcess: fpcBs_Create OK proc=0xb400007a143943c4
[DEBUG | dusk] [DIAG] fpcSCtRq_phase_Load: procName=686 ret=4
[DEBUG | dusk] fpcSCtRq_phase_CreateProcess: procName=686
[DEBUG | dusk] fpcBs_Create: pid=229 profname=fpcNm_KYTAG04_e (686) profile=0x7b60572f28 procSize=1784 unkSize=0
[DEBUG | dusk] fpcSCtRq_phase_CreateProcess: fpcBs_Create OK proc=0xb400007a14393cac
[DEBUG | dusk] [DIAG] fpcSCtRq_phase_Load: procName=559 ret=4
[DEBUG | dusk] fpcSCtRq_phase_CreateProcess: procName=559
[DEBUG | dusk] fpcBs_Create: pid=230 profname=fpcNm_Tag_Restart_e (559) profile=0x7b605ac048 procSize=1680 unkSize=0
[DEBUG | dusk] fpcSCtRq_phase_CreateProcess: fpcBs_Create OK proc=0xb400007a143935fc
[DEBUG | dusk] [DIAG] fpcSCtRq_phase_Load: procName=559 ret=4
[DEBUG | dusk] fpcSCtRq_phase_CreateProcess: procName=559
[DEBUG | dusk] fpcBs_Create: pid=231 profname=fpcNm_Tag_Restart_e (559) profile=0x7b605ac048 procSize=1680 unkSize=0
[DEBUG | dusk] fpcSCtRq_phase_CreateProcess: fpcBs_Create OK proc=0xb400007a14392f4c
[DEBUG | dusk] [DIAG] fpcSCtRq_phase_Load: procName=559 ret=4
[DEBUG | dusk] fpcSCtRq_phase_CreateProcess: procName=559
[DEBUG | dusk] fpcBs_Create: pid=232 profname=fpcNm_Tag_Restart_e (559) profile=0x7b605ac048 procSize=1680 unkSize=0
[DEBUG | dusk] fpcSCtRq_phase_CreateProcess: fpcBs_Create OK proc=0xb400007a1439289c
[DEBUG | dusk] [DIAG] fpcSCtRq_phase_Load: procName=559 ret=4
[DEBUG | dusk] fpcSCtRq_phase_CreateProcess: procName=559
[DEBUG | dusk] fpcBs_Create: pid=233 profname=fpcNm_Tag_Restart_e (559) profile=0x7b605ac048 procSize=1680 unkSize=0
[DEBUG | dusk] fpcSCtRq_phase_CreateProcess: fpcBs_Create OK proc=0xb400007a143921ec
[DEBUG | dusk] [DIAG] fpcSCtRq_phase_Load: procName=559 ret=4
[DEBUG | dusk] fpcSCtRq_phase_CreateProcess: procName=559
[DEBUG | dusk] fpcBs_Create: pid=234 profname=fpcNm_Tag_Restart_e (559) profile=0x7b605ac048 procSize=1680 unkSize=0
[DEBUG | dusk] fpcSCtRq_phase_CreateProcess: fpcBs_Create OK proc=0xb400007a14391b3c
[DEBUG | dusk] [DIAG] fpcSCtRq_phase_Load: procName=559 ret=4
[DEBUG | dusk] fpcSCtRq_phase_CreateProcess: procName=559
[DEBUG | dusk] fpcBs_Create: pid=235 profname=fpcNm_Tag_Restart_e (559) profile=0x7b605ac048 procSize=1680 unkSize=0
[DEBUG | dusk] fpcSCtRq_phase_CreateProcess: fpcBs_Create OK proc=0xb400007a1439148c
[DEBUG | dusk] [DIAG] fpcSCtRq_phase_Load: procName=559 ret=4
[DEBUG | dusk] fpcSCtRq_phase_CreateProcess: procName=559
[DEBUG | dusk] fpcBs_Create: pid=236 profname=fpcNm_Tag_Restart_e (559) profile=0x7b605ac048 procSize=1680 unkSize=0
[DEBUG | dusk] fpcSCtRq_phase_CreateProcess: fpcBs_Create OK proc=0xb400007a14390ddc
[DEBUG | dusk] [DIAG] fpcSCtRq_phase_Load: procName=559 ret=4
[DEBUG | dusk] fpcSCtRq_phase_CreateProcess: procName=559
[DEBUG | dusk] fpcBs_Create: pid=237 profname=fpcNm_Tag_Restart_e (559) profile=0x7b605ac048 procSize=1680 unkSize=0
[DEBUG | dusk] fpcSCtRq_phase_CreateProcess: fpcBs_Create OK proc=0xb400007a1439072c
[DEBUG | dusk] [DIAG] fpcSCtRq_phase_Load: procName=559 ret=4
[DEBUG | dusk] fpcSCtRq_phase_CreateProcess: procName=559
[DEBUG | dusk] fpcBs_Create: pid=238 profname=fpcNm_Tag_Restart_e (559) profile=0x7b605ac048 procSize=1680 unkSize=0
[DEBUG | dusk] fpcSCtRq_phase_CreateProcess: fpcBs_Create OK proc=0xb400007a1439007c
[DEBUG | dusk] [DIAG] fpcSCtRq_phase_Load: procName=559 ret=4
[DEBUG | dusk] fpcSCtRq_phase_CreateProcess: procName=559
[DEBUG | dusk] fpcBs_Create: pid=239 profname=fpcNm_Tag_Restart_e (559) profile=0x7b605ac048 procSize=1680 unkSize=0
[DEBUG | dusk] fpcSCtRq_phase_CreateProcess: fpcBs_Create OK proc=0xb400007a1438f9cc
[DEBUG | dusk] [DIAG] fpcSCtRq_phase_Load: procName=559 ret=4
[DEBUG | dusk] fpcSCtRq_phase_CreateProcess: procName=559
[DEBUG | dusk] fpcBs_Create: pid=240 profname=fpcNm_Tag_Restart_e (559) profile=0x7b605ac048 procSize=1680 unkSize=0
[DEBUG | dusk] fpcSCtRq_phase_CreateProcess: fpcBs_Create OK proc=0xb400007a14398418
[DEBUG | dusk] [DIAG] fpcSCtRq_phase_Load: procName=559 ret=4
[DEBUG | dusk] fpcSCtRq_phase_CreateProcess: procName=559
[DEBUG | dusk] fpcBs_Create: pid=241 profname=fpcNm_Tag_Restart_e (559) profile=0x7b605ac048 procSize=1680 unkSize=0
[DEBUG | dusk] fpcSCtRq_phase_CreateProcess: fpcBs_Create OK proc=0xb400007a1438f31c
[DEBUG | dusk] [DIAG] fpcSCtRq_phase_Load: procName=559 ret=4
[DEBUG | dusk] fpcSCtRq_phase_CreateProcess: procName=559
[DEBUG | dusk] fpcBs_Create: pid=242 profname=fpcNm_Tag_Restart_e (559) profile=0x7b605ac048 procSize=1680 unkSize=0
[DEBUG | dusk] fpcSCtRq_phase_CreateProcess: fpcBs_Create OK proc=0xb400007a1438ec6c
[DEBUG | dusk] [DIAG] fpcSCtRq_phase_Load: procName=559 ret=4
[DEBUG | dusk] fpcSCtRq_phase_CreateProcess: procName=559
[DEBUG | dusk] fpcBs_Create: pid=243 profname=fpcNm_Tag_Restart_e (559) profile=0x7b605ac048 procSize=1680 unkSize=0
[DEBUG | dusk] fpcSCtRq_phase_CreateProcess: fpcBs_Create OK proc=0xb400007a1438e5bc
[DEBUG | dusk] [DIAG] fpcSCtRq_phase_Load: procName=559 ret=4
[DEBUG | dusk] fpcSCtRq_phase_CreateProcess: procName=559
[DEBUG | dusk] fpcBs_Create: pid=244 profname=fpcNm_Tag_Restart_e (559) profile=0x7b605ac048 procSize=1680 unkSize=0
[DEBUG | dusk] fpcSCtRq_phase_CreateProcess: fpcBs_Create OK proc=0xb400007a1438df0c
[DEBUG | dusk] [DIAG] fpcSCtRq_phase_Load: procName=559 ret=4
[DEBUG | dusk] fpcSCtRq_phase_CreateProcess: procName=559
[DEBUG | dusk] fpcBs_Create: pid=245 profname=fpcNm_Tag_Restart_e (559) profile=0x7b605ac048 procSize=1680 unkSize=0
[DEBUG | dusk] fpcSCtRq_phase_CreateProcess: fpcBs_Create OK proc=0xb400007a14397d50
[DEBUG | dusk] [DIAG] fpcSCtRq_phase_Load: procName=559 ret=4
[DEBUG | dusk] fpcSCtRq_phase_CreateProcess: procName=559
[DEBUG | dusk] fpcBs_Create: pid=246 profname=fpcNm_Tag_Restart_e (559) profile=0x7b605ac048 procSize=1680 unkSize=0
[DEBUG | dusk] fpcSCtRq_phase_CreateProcess: fpcBs_Create OK proc=0xb400007a1438d85c
[DEBUG | dusk] [DIAG] fpcSCtRq_phase_Load: procName=688 ret=4
[DEBUG | dusk] fpcSCtRq_phase_CreateProcess: procName=688
[DEBUG | dusk] fpcBs_Create: pid=247 profname=fpcNm_KYTAG06_e (688) profile=0x7b60583328 procSize=1688 unkSize=0
[DEBUG | dusk] fpcSCtRq_phase_CreateProcess: fpcBs_Create OK proc=0xb400007a1438d1a4
[DEBUG | dusk] [DIAG] fpcSCtRq_phase_Load: procName=238 ret=4
[DEBUG | dusk] fpcSCtRq_phase_CreateProcess: procName=238
[DEBUG | dusk] fpcBs_Create: pid=252 profname=fpcNm_HORSE_e (238) profile=0x7b60582d10 procSize=8464 unkSize=0
[DEBUG | dusk] fpcSCtRq_phase_CreateProcess: fpcBs_Create OK proc=0xb400007a1438b074
[DEBUG | dusk] [DIAG] fpcSCtRq_phase_Load: procName=693 ret=4
[DEBUG | dusk] fpcSCtRq_phase_CreateProcess: procName=693
[DEBUG | dusk] fpcBs_Create: pid=253 profname=fpcNm_KYTAG11_e (693) profile=0x7b60576d70 procSize=1640 unkSize=0
[DEBUG | dusk] fpcSCtRq_phase_CreateProcess: fpcBs_Create OK proc=0xb400007a1438a9ec
[DEBUG | dusk] [DIAG] fpcSCtRq_phase_Load: procName=693 ret=4
[DEBUG | dusk] fpcSCtRq_phase_CreateProcess: procName=693
[DEBUG | dusk] fpcBs_Create: pid=254 profname=fpcNm_KYTAG11_e (693) profile=0x7b60576d70 procSize=1640 unkSize=0
[DEBUG | dusk] fpcSCtRq_phase_CreateProcess: fpcBs_Create OK proc=0xb400007a1438a364
[DEBUG | dusk] [DIAG] fpcSCtRq_phase_Load: procName=699 ret=4
[DEBUG | dusk] fpcSCtRq_phase_CreateProcess: procName=699
[DEBUG | dusk] fpcBs_Create: pid=255 profname=fpcNm_KYTAG17_e (699) profile=0x7b60572fe0 procSize=1632 unkSize=0
[DEBUG | dusk] fpcSCtRq_phase_CreateProcess: fpcBs_Create OK proc=0xb400007a14389ce4
[DEBUG | dusk] [DIAG] fpcSCtRq_phase_Load: procName=691 ret=4
[DEBUG | dusk] fpcSCtRq_phase_CreateProcess: procName=691
[DEBUG | dusk] fpcBs_Create: pid=256 profname=fpcNm_KYTAG09_e (691) profile=0x7b60583550 procSize=1776 unkSize=0
[DEBUG | dusk] fpcSCtRq_phase_CreateProcess: fpcBs_Create OK proc=0xb400007a143895d4
[DEBUG | dusk] [DIAG] fpcSCtRq_phase_Load: procName=730 ret=4
[DEBUG | dusk] fpcSCtRq_phase_CreateProcess: procName=730
[DEBUG | dusk] fpcBs_Create: pid=265 profname=fpcNm_VRBOX_e (730) profile=0x7b60575078 procSize=1648 unkSize=0
[DEBUG | dusk] fpcSCtRq_phase_CreateProcess: fpcBs_Create OK proc=0xb400007a14388f44
[DEBUG | dusk] [DIAG] fpcSCtRq_phase_Load: procName=731 ret=4
[DEBUG | dusk] fpcSCtRq_phase_CreateProcess: procName=731
[DEBUG | dusk] fpcBs_Create: pid=266 profname=fpcNm_VRBOX2_e (731) profile=0x7b60575130 procSize=1720 unkSize=0
[DEBUG | dusk] fpcSCtRq_phase_CreateProcess: fpcBs_Create OK proc=0xb400007a1438886c
[DEBUG | dusk] [DIAG] fpcSCtRq_phase_Load: procName=18 ret=4
[DEBUG | dusk] fpcSCtRq_phase_CreateProcess: procName=18
[DEBUG | dusk] fpcBs_Create: pid=267 profname=fpcNm_ROOM_SCENE_e (18) profile=0x7b6056f388 procSize=912 unkSize=0
[DEBUG | dusk] fpcSCtRq_phase_CreateProcess: fpcBs_Create OK proc=0xb400007a143994fc
[DEBUG | dusk] [DIAG] fpcSCtRq_phase_Load: procName=18 ret=4
[DEBUG | dusk] fpcSCtRq_phase_CreateProcess: procName=18
[DEBUG | dusk] fpcBs_Create: pid=268 profname=fpcNm_ROOM_SCENE_e (18) profile=0x7b6056f388 procSize=912 unkSize=0
[DEBUG | dusk] fpcSCtRq_phase_CreateProcess: fpcBs_Create OK proc=0xb400007a143884bc
[DEBUG | dusk] [DIAG] fpcSCtRq_phase_Load: procName=18 ret=4
[DEBUG | dusk] fpcSCtRq_phase_CreateProcess: procName=18
[DEBUG | dusk] fpcBs_Create: pid=269 profname=fpcNm_ROOM_SCENE_e (18) profile=0x7b6056f388 procSize=912 unkSize=0
[DEBUG | dusk] fpcSCtRq_phase_CreateProcess: fpcBs_Create OK proc=0xb400007a1438810c
[DEBUG | dusk] Loading Resource: ef_portal.bmd (Size: 60192)
[DEBUG | dusk] Loading Resource: ef_portal_blue_app.brk (Size: 896)
[DEBUG | dusk] Loading Resource: ef_portal_blue_disapp.brk (Size: 896)
[DEBUG | dusk] Loading Resource: ef_portal_red_app.brk (Size: 896)
[DEBUG | dusk] Loading Resource: ef_portal_red_disapp.brk (Size: 896)
[DEBUG | dusk] Loading Resource: ef_portal.btk (Size: 1792)
[DEBUG | dusk] Loading Resource: hs_back_walk.bck (Size: 5536)
[DEBUG | dusk] Loading Resource: hs_back_walk_start.bck (Size: 6304)
[DEBUG | dusk] Loading Resource: hs_excitement.bck (Size: 11968)
[DEBUG | dusk] Loading Resource: hs_excitement_2.bck (Size: 14144)
[DEBUG | dusk] Loading Resource: hs_jump_end.bck (Size: 5344)
[DEBUG | dusk] Loading Resource: hs_jump_middle.bck (Size: 4640)
[DEBUG | dusk] Loading Resource: hs_jump_start.bck (Size: 4832)
[DEBUG | dusk] Loading Resource: hs_jump_start_clift.bck (Size: 5248)
[DEBUG | dusk] Loading Resource: hs_lash.bck (Size: 3200)
[DEBUG | dusk] Loading Resource: hs_neck_waitback_left.bck (Size: 2880)
[DEBUG | dusk] Loading Resource: hs_neck_waitback_right.bck (Size: 2848)
[DEBUG | dusk] Loading Resource: hs_run_dash.bck (Size: 7680)
[DEBUG | dusk] Loading Resource: hs_run_fast.bck (Size: 6688)
[DEBUG | dusk] Loading Resource: hs_run_slow.bck (Size: 7712)
[DEBUG | dusk] Loading Resource: hs_stand.bck (Size: 17984)
[DEBUG | dusk] Loading Resource: hs_stop_slow.bck (Size: 14208)
[DEBUG | dusk] Loading Resource: hs_stop_stand.bck (Size: 16352)
[DEBUG | dusk] Loading Resource: hs_turn_left.bck (Size: 9632)
[DEBUG | dusk] Loading Resource: hs_turn_left_start.bck (Size: 5248)
[DEBUG | dusk] Loading Resource: hs_turn_right.bck (Size: 9472)
[DEBUG | dusk] Loading Resource: hs_turn_right_start.bck (Size: 5344)
[DEBUG | dusk] Loading Resource: hs_wait_01.bck (Size: 4768)
[DEBUG | dusk] Loading Resource: hs_wait_01b.bck (Size: 4672)
[DEBUG | dusk] Loading Resource: hs_wait_01b_connect.bck (Size: 4672)
[DEBUG | dusk] Loading Resource: hs_wait_02.bck (Size: 8928)
[DEBUG | dusk] Loading Resource: hs_wait_03.bck (Size: 7552)
[DEBUG | dusk] Loading Resource: hs_wait_04.bck (Size: 12640)
[DEBUG | dusk] Loading Resource: hs_wait_05.bck (Size: 10528)
[DEBUG | dusk] Loading Resource: hs_walk_fast.bck (Size: 5792)
[DEBUG | dusk] Loading Resource: hs_walk_slow.bck (Size: 5600)
[DEBUG | dusk] Loading Resource: hs.bmd (Size: 131264)
[DEBUG | dusk] Loading Resource: hs_eye.btp (Size: 128)
[DEBUG | dusk] Loading Resource: tazuna.bti (Size: 160)
[DEBUG | dusk] Loading Resource: m_twfilm2.bmd (Size: 35136)
[DEBUG | dusk] Loading Resource: m_twfilm3.bmd (Size: 45376)
[DEBUG | dusk] Loading Resource: m_twfilmcastle.bmd (Size: 13216)
[DEBUG | dusk] Loading Resource: m_twfilm2.btk (Size: 832)
[DEBUG | dusk] Loading Resource: m_twfilm3.btk (Size: 832)
[DEBUG | dusk] Loading Resource: m_twfilmcastle.btk (Size: 672)
[DEBUG | dusk] Loading Resource: model.bmd (Size: 759296)
[DEBUG | dusk] Loading Resource: model4.bmd (Size: 8512)
[DEBUG | dusk] Loading Resource: model4.btk (Size: 320)
[DEBUG | dusk] Loading Resource: room.dzr (Size: 13568)
[DEBUG | dusk] Loading Resource: event_list.dat (Size: 4344)
[DEBUG | dusk] Loading Resource: r03_gate.stb (Size: 1472)
[DEBUG | dusk] Loading Resource: room.kcl (Size: 446114)
[DEBUG | dusk] Loading Resource: room.plc (Size: 416)
[DEBUG | dusk] Loading Resource: model.bmd (Size: 60992)
[DEBUG | dusk] Loading Resource: room.dzr (Size: 2144)
[DEBUG | dusk] Loading Resource: event_list.dat (Size: 12352)
[DEBUG | dusk] Loading Resource: r02_sword.stb (Size: 3320)
[DEBUG | dusk] Loading Resource: room.kcl (Size: 23742)
[DEBUG | dusk] Loading Resource: room.plc (Size: 64)
[DEBUG | dusk] Loading Resource: model.bmd (Size: 20832)
[DEBUG | dusk] Loading Resource: room.dzr (Size: 768)
[DEBUG | dusk] Loading Resource: room.kcl (Size: 19250)
[DEBUG | dusk] Loading Resource: room.plc (Size: 64)
[DEBUG | dusk] [DIAG] fpcSCtRq_phase_Load: procName=253 ret=4
[DEBUG | dusk] fpcSCtRq_phase_CreateProcess: procName=253
[DEBUG | dusk] fpcBs_Create: pid=270 profname=fpcNm_ALINK_e (253) profile=0x7b60565250 procSize=18784 unkSize=0
[DEBUG | dusk] fpcSCtRq_phase_CreateProcess: fpcBs_Create OK proc=0xb400007a14379260
[DEBUG | dusk] [DIAG] fpcSCtRq_phase_Load: procName=790 ret=4
[DEBUG | dusk] fpcSCtRq_phase_CreateProcess: procName=790
[DEBUG | dusk] fpcBs_Create: pid=271 profname=fpcNm_METER2_e (790) profile=0x7b6056c430 procSize=1504 unkSize=0
[DEBUG | dusk] fpcSCtRq_phase_CreateProcess: fpcBs_Create OK proc=0xb400007a14378c60
[DEBUG | dusk] [DIAG] fpcSCtRq_phase_Load: procName=732 ret=4
[DEBUG | dusk] fpcSCtRq_phase_CreateProcess: procName=732
[DEBUG | dusk] fpcBs_Create: pid=272 profname=fpcNm_BG_e (732) profile=0x7b605723f8 procSize=1904 unkSize=0
[DEBUG | dusk] fpcSCtRq_phase_CreateProcess: fpcBs_Create OK proc=0xb400007a14378310
[DEBUG | dusk] [DIAG] fpcSCtRq_phase_Load: procName=82 ret=4
[DEBUG | dusk] fpcSCtRq_phase_CreateProcess: procName=82
[DEBUG | dusk] fpcBs_Create: pid=273 profname=fpcNm_Obj_Digholl_e (82) profile=0x7b605973a0 procSize=1640 unkSize=0
[DEBUG | dusk] fpcSCtRq_phase_CreateProcess: fpcBs_Create OK proc=0xb400007a14377c88
[DEBUG | dusk] [DIAG] fpcSCtRq_phase_Load: procName=686 ret=4
[DEBUG | dusk] fpcSCtRq_phase_CreateProcess: procName=686
[DEBUG | dusk] fpcBs_Create: pid=274 profname=fpcNm_KYTAG04_e (686) profile=0x7b60572f28 procSize=1784 unkSize=0
[DEBUG | dusk] fpcSCtRq_phase_CreateProcess: fpcBs_Create OK proc=0xb400007a14377570
[DEBUG | dusk] [DIAG] fpcSCtRq_phase_Load: procName=129 ret=4
[DEBUG | dusk] fpcSCtRq_phase_CreateProcess: procName=129
[DEBUG | dusk] fpcBs_Create: pid=275 profname=fpcNm_Obj_RiderGate_e (129) profile=0x7b605a2de0 procSize=3992 unkSize=0
[DEBUG | dusk] fpcSCtRq_phase_CreateProcess: fpcBs_Create OK proc=0xb400007a143765b8
[DEBUG | dusk] [DIAG] fpcSCtRq_phase_Load: procName=227 ret=4
[DEBUG | dusk] fpcSCtRq_phase_CreateProcess: procName=227
[DEBUG | dusk] fpcBs_Create: pid=276 profname=fpcNm_Obj_KKanban_e (227) profile=0x7b6059b6d0 procSize=2288 unkSize=0
[DEBUG | dusk] fpcSCtRq_phase_CreateProcess: fpcBs_Create OK proc=0xb400007a14375ca8
[DEBUG | dusk] [DIAG] fpcSCtRq_phase_Load: procName=218 ret=4
[DEBUG | dusk] fpcSCtRq_phase_CreateProcess: procName=218
[DEBUG | dusk] fpcBs_Create: pid=277 profname=fpcNm_Obj_KakarikoBrg_e (218) profile=0x7b605a8520 procSize=2096 unkSize=0
[DEBUG | dusk] fpcSCtRq_phase_CreateProcess: fpcBs_Create OK proc=0xb400007a14375458
[DEBUG | dusk] [DIAG] fpcSCtRq_phase_Load: procName=83 ret=4
[DEBUG | dusk] fpcSCtRq_phase_CreateProcess: procName=83
[DEBUG | dusk] fpcBs_Create: pid=278 profname=fpcNm_Obj_Digpl_e (83) profile=0x7b605797f8 procSize=1712 unkSize=0
[DEBUG | dusk] fpcSCtRq_phase_CreateProcess: fpcBs_Create OK proc=0xb400007a14374d88
[DEBUG | dusk] [DIAG] fpcSCtRq_phase_Load: procName=187 ret=4
[DEBUG | dusk] fpcSCtRq_phase_CreateProcess: procName=187
[DEBUG | dusk] fpcBs_Create: pid=279 profname=fpcNm_CSTAF_e (187) profile=0x7b605760f8 procSize=3824 unkSize=0
[DEBUG | dusk] fpcSCtRq_phase_CreateProcess: fpcBs_Create OK proc=0xb400007a14373e78
[DEBUG | dusk] [DIAG] fpcSCtRq_phase_Load: procName=784 ret=4
[DEBUG | dusk] fpcSCtRq_phase_CreateProcess: procName=784
[DEBUG | dusk] fpcBs_Create: pid=280 profname=fpcNm_GRASS_e (784) profile=0x7b60576ae8 procSize=1640 unkSize=0
[DEBUG | dusk] fpcSCtRq_phase_CreateProcess: fpcBs_Create OK proc=0xb400007a143737f0
[DEBUG | dusk] [DIAG] fpcSCtRq_phase_Load: procName=784 ret=4
[DEBUG | dusk] fpcSCtRq_phase_CreateProcess: procName=784
[DEBUG | dusk] fpcBs_Create: pid=281 profname=fpcNm_GRASS_e (784) profile=0x7b60576ae8 procSize=1640 unkSize=0
[DEBUG | dusk] fpcSCtRq_phase_CreateProcess: fpcBs_Create OK proc=0xb400007a14373168
[DEBUG | dusk] [DIAG] fpcSCtRq_phase_Load: procName=784 ret=4
[DEBUG | dusk] fpcSCtRq_phase_CreateProcess: procName=784
[DEBUG | dusk] fpcBs_Create: pid=282 profname=fpcNm_GRASS_e (784) profile=0x7b60576ae8 procSize=1640 unkSize=0
[DEBUG | dusk] fpcSCtRq_phase_CreateProcess: fpcBs_Create OK proc=0xb400007a14372ae0
[DEBUG | dusk] [DIAG] fpcSCtRq_phase_Load: procName=784 ret=4
[DEBUG | dusk] fpcSCtRq_phase_CreateProcess: procName=784
[DEBUG | dusk] fpcBs_Create: pid=283 profname=fpcNm_GRASS_e (784) profile=0x7b60576ae8 procSize=1640 unkSize=0
[DEBUG | dusk] fpcSCtRq_phase_CreateProcess: fpcBs_Create OK proc=0xb400007a14372458
[DEBUG | dusk] [DIAG] fpcSCtRq_phase_Load: procName=784 ret=4
[DEBUG | dusk] fpcSCtRq_phase_CreateProcess: procName=784
[DEBUG | dusk] fpcBs_Create: pid=284 profname=fpcNm_GRASS_e (784) profile=0x7b60576ae8 procSize=1640 unkSize=0
[DEBUG | dusk] fpcSCtRq_phase_CreateProcess: fpcBs_Create OK proc=0xb400007a14371dd0
[DEBUG | dusk] [DIAG] fpcSCtRq_phase_Load: procName=784 ret=4
[DEBUG | dusk] fpcSCtRq_phase_CreateProcess: procName=784
[DEBUG | dusk] fpcBs_Create: pid=285 profname=fpcNm_GRASS_e (784) profile=0x7b60576ae8 procSize=1640 unkSize=0
[DEBUG | dusk] fpcSCtRq_phase_CreateProcess: fpcBs_Create OK proc=0xb400007a14371748
[DEBUG | dusk] [DIAG] fpcSCtRq_phase_Load: procName=784 ret=4
[DEBUG | dusk] fpcSCtRq_phase_CreateProcess: procName=784
[DEBUG | dusk] fpcBs_Create: pid=286 profname=fpcNm_GRASS_e (784) profile=0x7b60576ae8 procSize=1640 unkSize=0
[DEBUG | dusk] fpcSCtRq_phase_CreateProcess: fpcBs_Create OK proc=0xb400007a143710c0
[DEBUG | dusk] [DIAG] fpcSCtRq_phase_Load: procName=784 ret=4
[DEBUG | dusk] fpcSCtRq_phase_CreateProcess: procName=784
[DEBUG | dusk] fpcBs_Create: pid=287 profname=fpcNm_GRASS_e (784) profile=0x7b60576ae8 procSize=1640 unkSize=0
[DEBUG | dusk] fpcSCtRq_phase_CreateProcess: fpcBs_Create OK proc=0xb400007a14370a38
[DEBUG | dusk] [DIAG] fpcSCtRq_phase_Load: procName=784 ret=4
[DEBUG | dusk] fpcSCtRq_phase_CreateProcess: procName=784
[DEBUG | dusk] fpcBs_Create: pid=288 profname=fpcNm_GRASS_e (784) profile=0x7b60576ae8 procSize=1640 unkSize=0
[DEBUG | dusk] fpcSCtRq_phase_CreateProcess: fpcBs_Create OK proc=0xb400007a143703b0
[DEBUG | dusk] [DIAG] fpcSCtRq_phase_Load: procName=733 ret=4
[DEBUG | dusk] fpcSCtRq_phase_CreateProcess: procName=733
[DEBUG | dusk] fpcBs_Create: pid=289 profname=fpcNm_SET_BG_OBJ_e (733) profile=0x7b60573f08 procSize=1664 unkSize=0
[DEBUG | dusk] fpcSCtRq_phase_CreateProcess: fpcBs_Create OK proc=0xb400007a1436fd10
[DEBUG | dusk] [DIAG] fpcSCtRq_phase_Load: procName=430 ret=4
[DEBUG | dusk] fpcSCtRq_phase_CreateProcess: procName=430
[DEBUG | dusk] fpcBs_Create: pid=290 profname=fpcNm_Tag_Statue_e (430) profile=0x7b6057bfe0 procSize=1736 unkSize=0
[DEBUG | dusk] fpcSCtRq_phase_CreateProcess: fpcBs_Create OK proc=0xb400007a1436f628
[DEBUG | dusk] [DIAG] fpcSCtRq_phase_Load: procName=539 ret=4
[DEBUG | dusk] fpcSCtRq_phase_CreateProcess: procName=539
[DEBUG | dusk] fpcBs_Create: pid=291 profname=fpcNm_Obj_LifeContainer_e (539) profile=0x7b60575970 procSize=3336 unkSize=0
[DEBUG | dusk] fpcSCtRq_phase_CreateProcess: fpcBs_Create OK proc=0xb400007a1436e900
[DEBUG | dusk] [DIAG] fpcSCtRq_phase_Load: procName=733 ret=4
[DEBUG | dusk] fpcSCtRq_phase_CreateProcess: procName=733
[DEBUG | dusk] fpcBs_Create: pid=292 profname=fpcNm_SET_BG_OBJ_e (733) profile=0x7b60573f08 procSize=1664 unkSize=0
[DEBUG | dusk] fpcSCtRq_phase_CreateProcess: fpcBs_Create OK proc=0xb400007a1436e260
[DEBUG | dusk] [DIAG] fpcSCtRq_phase_Load: procName=733 ret=4
[DEBUG | dusk] fpcSCtRq_phase_CreateProcess: procName=733
[DEBUG | dusk] fpcBs_Create: pid=293 profname=fpcNm_SET_BG_OBJ_e (733) profile=0x7b60573f08 procSize=1664 unkSize=0
[DEBUG | dusk] fpcSCtRq_phase_CreateProcess: fpcBs_Create OK proc=0xb400007a1436dbc0
[DEBUG | dusk] [DIAG] fpcSCtRq_phase_Load: procName=536 ret=4
[DEBUG | dusk] fpcSCtRq_phase_CreateProcess: procName=536
[DEBUG | dusk] fpcBs_Create: pid=294 profname=fpcNm_ITEM_e (536) profile=0x7b60568848 procSize=3272 unkSize=0
[DEBUG | dusk] fpcSCtRq_phase_CreateProcess: fpcBs_Create OK proc=0xb400007a1436ced8
[DEBUG | dusk] [DIAG] fpcSCtRq_phase_Load: procName=536 ret=4
[DEBUG | dusk] fpcSCtRq_phase_CreateProcess: procName=536
[DEBUG | dusk] fpcBs_Create: pid=295 profname=fpcNm_ITEM_e (536) profile=0x7b60568848 procSize=3272 unkSize=0
[DEBUG | dusk] fpcSCtRq_phase_CreateProcess: fpcBs_Create OK proc=0xb400007a1436c1f0
[DEBUG | dusk] [DIAG] fpcSCtRq_phase_Load: procName=536 ret=4
[DEBUG | dusk] fpcSCtRq_phase_CreateProcess: procName=536
[DEBUG | dusk] fpcBs_Create: pid=296 profname=fpcNm_ITEM_e (536) profile=0x7b60568848 procSize=3272 unkSize=0
[DEBUG | dusk] fpcSCtRq_phase_CreateProcess: fpcBs_Create OK proc=0xb400007a1436b508
[DEBUG | dusk] [DIAG] fpcSCtRq_phase_Load: procName=536 ret=4
[DEBUG | dusk] fpcSCtRq_phase_CreateProcess: procName=536
[DEBUG | dusk] fpcBs_Create: pid=297 profname=fpcNm_ITEM_e (536) profile=0x7b60568848 procSize=3272 unkSize=0
[DEBUG | dusk] fpcSCtRq_phase_CreateProcess: fpcBs_Create OK proc=0xb400007a1436a820
[DEBUG | dusk] [DIAG] fpcSCtRq_phase_Load: procName=536 ret=4
[DEBUG | dusk] fpcSCtRq_phase_CreateProcess: procName=536
[DEBUG | dusk] fpcBs_Create: pid=298 profname=fpcNm_ITEM_e (536) profile=0x7b60568848 procSize=3272 unkSize=0
[DEBUG | dusk] fpcSCtRq_phase_CreateProcess: fpcBs_Create OK proc=0xb400007a14369b38
[DEBUG | dusk] [DIAG] fpcSCtRq_phase_Load: procName=536 ret=4
[DEBUG | dusk] fpcSCtRq_phase_CreateProcess: procName=536
[DEBUG | dusk] fpcBs_Create: pid=299 profname=fpcNm_ITEM_e (536) profile=0x7b60568848 procSize=3272 unkSize=0
[DEBUG | dusk] fpcSCtRq_phase_CreateProcess: fpcBs_Create OK proc=0xb400007a14368e50
[DEBUG | dusk] [DIAG] fpcSCtRq_phase_Load: procName=536 ret=4
[DEBUG | dusk] fpcSCtRq_phase_CreateProcess: procName=536
[DEBUG | dusk] fpcBs_Create: pid=300 profname=fpcNm_ITEM_e (536) profile=0x7b60568848 procSize=3272 unkSize=0
[DEBUG | dusk] fpcSCtRq_phase_CreateProcess: fpcBs_Create OK proc=0xb400007a14368168
[DEBUG | dusk] [DIAG] fpcSCtRq_phase_Load: procName=536 ret=4
[DEBUG | dusk] fpcSCtRq_phase_CreateProcess: procName=536
[DEBUG | dusk] fpcBs_Create: pid=301 profname=fpcNm_ITEM_e (536) profile=0x7b60568848 procSize=3272 unkSize=0
[DEBUG | dusk] fpcSCtRq_phase_CreateProcess: fpcBs_Create OK proc=0xb400007a14367480
[DEBUG | dusk] [DIAG] fpcSCtRq_phase_Load: procName=536 ret=4
[DEBUG | dusk] fpcSCtRq_phase_CreateProcess: procName=536
[DEBUG | dusk] fpcBs_Create: pid=302 profname=fpcNm_ITEM_e (536) profile=0x7b60568848 procSize=3272 unkSize=0
[DEBUG | dusk] fpcSCtRq_phase_CreateProcess: fpcBs_Create OK proc=0xb400007a14366798
[DEBUG | dusk] [DIAG] fpcSCtRq_phase_Load: procName=251 ret=4
[DEBUG | dusk] fpcSCtRq_phase_CreateProcess: procName=251
[DEBUG | dusk] fpcBs_Create: pid=303 profname=fpcNm_TBOX_e (251) profile=0x7b60574d80 procSize=3328 unkSize=0
[DEBUG | dusk] fpcSCtRq_phase_CreateProcess: fpcBs_Create OK proc=0xb400007a14365a78
[DEBUG | dusk] [DIAG] fpcSCtRq_phase_Load: procName=251 ret=4
[DEBUG | dusk] fpcSCtRq_phase_CreateProcess: procName=251
[DEBUG | dusk] fpcBs_Create: pid=304 profname=fpcNm_TBOX_e (251) profile=0x7b60574d80 procSize=3328 unkSize=0
[DEBUG | dusk] fpcSCtRq_phase_CreateProcess: fpcBs_Create OK proc=0xb400007a14364d58
[DEBUG | dusk] [DIAG] fpcSCtRq_phase_Load: procName=780 ret=4
[DEBUG | dusk] fpcSCtRq_phase_CreateProcess: procName=780
[DEBUG | dusk] fpcBs_Create: pid=305 profname=fpcNm_SCENE_EXIT_e (780) profile=0x7b60573e48 procSize=1680 unkSize=0
[DEBUG | dusk] fpcSCtRq_phase_CreateProcess: fpcBs_Create OK proc=0xb400007a1438789c
[DEBUG | dusk] [DIAG] fpcSCtRq_phase_Load: procName=780 ret=4
[DEBUG | dusk] fpcSCtRq_phase_CreateProcess: procName=780
[DEBUG | dusk] fpcBs_Create: pid=306 profname=fpcNm_SCENE_EXIT_e (780) profile=0x7b60573e48 procSize=1680 unkSize=0
[DEBUG | dusk] fpcSCtRq_phase_CreateProcess: fpcBs_Create OK proc=0xb400007a143646a8
[DEBUG | dusk] [DIAG] fpcSCtRq_phase_Load: procName=26 ret=4
[DEBUG | dusk] fpcSCtRq_phase_CreateProcess: procName=26
[DEBUG | dusk] fpcBs_Create: pid=307 profname=fpcNm_NO_CHG_ROOM_e (26) profile=0x7b60565d40 procSize=1728 unkSize=0
[DEBUG | dusk] fpcSCtRq_phase_CreateProcess: fpcBs_Create OK proc=0xb400007a14363fc8
[DEBUG | dusk] [DIAG] fpcSCtRq_phase_Load: procName=780 ret=4
[DEBUG | dusk] fpcSCtRq_phase_CreateProcess: procName=780
[DEBUG | dusk] fpcBs_Create: pid=308 profname=fpcNm_SCENE_EXIT_e (780) profile=0x7b60573e48 procSize=1680 unkSize=0
[DEBUG | dusk] fpcSCtRq_phase_CreateProcess: fpcBs_Create OK proc=0xb400007a14363918
[DEBUG | dusk] [DIAG] fpcSCtRq_phase_Load: procName=549 ret=4
[DEBUG | dusk] fpcSCtRq_phase_CreateProcess: procName=549
[DEBUG | dusk] fpcBs_Create: pid=309 profname=fpcNm_SWC00_e (549) profile=0x7b6057b4d0 procSize=1664 unkSize=0
[DEBUG | dusk] fpcSCtRq_phase_CreateProcess: fpcBs_Create OK proc=0xb400007a14363278
[DEBUG | dusk] [DIAG] fpcSCtRq_phase_Load: procName=426 ret=4
[DEBUG | dusk] fpcSCtRq_phase_CreateProcess: procName=426
[DEBUG | dusk] fpcBs_Create: pid=310 profname=fpcNm_Tag_AttackItem_e (426) profile=0x7b6057b730 procSize=2200 unkSize=0
[DEBUG | dusk] fpcSCtRq_phase_CreateProcess: fpcBs_Create OK proc=0xb400007a143629c0
[DEBUG | dusk] [DIAG] fpcSCtRq_phase_Load: procName=426 ret=4
[DEBUG | dusk] fpcSCtRq_phase_CreateProcess: procName=426
[DEBUG | dusk] fpcBs_Create: pid=311 profname=fpcNm_Tag_AttackItem_e (426) profile=0x7b6057b730 procSize=2200 unkSize=0
[DEBUG | dusk] fpcSCtRq_phase_CreateProcess: fpcBs_Create OK proc=0xb400007a14362108
[DEBUG | dusk] [DIAG] fpcSCtRq_phase_Load: procName=234 ret=4
[DEBUG | dusk] fpcSCtRq_phase_CreateProcess: procName=234
[DEBUG | dusk] fpcBs_Create: pid=312 profname=fpcNm_Tag_Hjump_e (234) profile=0x7b6057ba30 procSize=1728 unkSize=0
[DEBUG | dusk] fpcSCtRq_phase_CreateProcess: fpcBs_Create OK proc=0xb400007a14386c20
[DEBUG | dusk] [DIAG] fpcSCtRq_phase_Load: procName=549 ret=4
[DEBUG | dusk] fpcSCtRq_phase_CreateProcess: procName=549
[DEBUG | dusk] fpcBs_Create: pid=313 profname=fpcNm_SWC00_e (549) profile=0x7b6057b4d0 procSize=1664 unkSize=0
[DEBUG | dusk] fpcSCtRq_phase_CreateProcess: fpcBs_Create OK proc=0xb400007a14361a68
[DEBUG | dusk] [DIAG] fpcSCtRq_phase_Load: procName=549 ret=4
[DEBUG | dusk] fpcSCtRq_phase_CreateProcess: procName=549
[DEBUG | dusk] fpcBs_Create: pid=314 profname=fpcNm_SWC00_e (549) profile=0x7b6057b4d0 procSize=1664 unkSize=0
[DEBUG | dusk] fpcSCtRq_phase_CreateProcess: fpcBs_Create OK proc=0xb400007a143613c8
[DEBUG | dusk] [DIAG] fpcSCtRq_phase_Load: procName=745 ret=4
[DEBUG | dusk] fpcSCtRq_phase_CreateProcess: procName=745
[DEBUG | dusk] fpcBs_Create: pid=315 profname=fpcNm_TAG_EVTAREA_e (745) profile=0x7b60574600 procSize=1632 unkSize=0
[DEBUG | dusk] fpcSCtRq_phase_CreateProcess: fpcBs_Create OK proc=0xb400007a14360d48
[DEBUG | dusk] [DIAG] fpcSCtRq_phase_Load: procName=688 ret=4
[DEBUG | dusk] fpcSCtRq_phase_CreateProcess: procName=688
[DEBUG | dusk] fpcBs_Create: pid=316 profname=fpcNm_KYTAG06_e (688) profile=0x7b60583328 procSize=1688 unkSize=0
[DEBUG | dusk] fpcSCtRq_phase_CreateProcess: fpcBs_Create OK proc=0xb400007a14360690
[DEBUG | dusk] [DIAG] fpcSCtRq_phase_Load: procName=99 ret=4
[DEBUG | dusk] fpcSCtRq_phase_CreateProcess: procName=99
[DEBUG | dusk] fpcBs_Create: pid=317 profname=fpcNm_Obj_Cboard_e (99) profile=0x7b60579700 procSize=1752 unkSize=0
[DEBUG | dusk] fpcSCtRq_phase_CreateProcess: fpcBs_Create OK proc=0xb400007a14386528
[DEBUG | dusk] [DIAG] fpcSCtRq_phase_Load: procName=784 ret=4
[DEBUG | dusk] fpcSCtRq_phase_CreateProcess: procName=784
[DEBUG | dusk] fpcBs_Create: pid=318 profname=fpcNm_GRASS_e (784) profile=0x7b60576ae8 procSize=1640 unkSize=0
[DEBUG | dusk] fpcSCtRq_phase_CreateProcess: fpcBs_Create OK proc=0xb400007a14360008
[DEBUG | dusk] [DIAG] fpcSCtRq_phase_Load: procName=784 ret=4
[DEBUG | dusk] fpcSCtRq_phase_CreateProcess: procName=784
[DEBUG | dusk] fpcBs_Create: pid=319 profname=fpcNm_GRASS_e (784) profile=0x7b60576ae8 procSize=1640 unkSize=0
[DEBUG | dusk] fpcSCtRq_phase_CreateProcess: fpcBs_Create OK proc=0xb400007a1435f980
[DEBUG | dusk] [DIAG] fpcSCtRq_phase_Load: procName=784 ret=4
[DEBUG | dusk] fpcSCtRq_phase_CreateProcess: procName=784
[DEBUG | dusk] fpcBs_Create: pid=320 profname=fpcNm_GRASS_e (784) profile=0x7b60576ae8 procSize=1640 unkSize=0
[DEBUG | dusk] fpcSCtRq_phase_CreateProcess: fpcBs_Create OK proc=0xb400007a1435f2f8
[DEBUG | dusk] [DIAG] fpcSCtRq_phase_Load: procName=784 ret=4
[DEBUG | dusk] fpcSCtRq_phase_CreateProcess: procName=784
[DEBUG | dusk] fpcBs_Create: pid=321 profname=fpcNm_GRASS_e (784) profile=0x7b60576ae8 procSize=1640 unkSize=0
[DEBUG | dusk] fpcSCtRq_phase_CreateProcess: fpcBs_Create OK proc=0xb400007a1435ec70
[DEBUG | dusk] [DIAG] fpcSCtRq_phase_Load: procName=324 ret=4
[DEBUG | dusk] fpcSCtRq_phase_CreateProcess: procName=324
[DEBUG | dusk] fpcBs_Create: pid=322 profname=fpcNm_Obj_Dan_e (324) profile=0x7b605972d0 procSize=3584 unkSize=0
[DEBUG | dusk] fpcSCtRq_phase_CreateProcess: fpcBs_Create OK proc=0xb400007a1435de50
[DEBUG | dusk] [DIAG] fpcSCtRq_phase_Load: procName=83 ret=4
[DEBUG | dusk] fpcSCtRq_phase_CreateProcess: procName=83
[DEBUG | dusk] fpcBs_Create: pid=323 profname=fpcNm_Obj_Digpl_e (83) profile=0x7b605797f8 procSize=1712 unkSize=0
[DEBUG | dusk] fpcSCtRq_phase_CreateProcess: fpcBs_Create OK proc=0xb400007a1435d780
[DEBUG | dusk] [DIAG] fpcSCtRq_phase_Load: procName=333 ret=4
[DEBUG | dusk] fpcSCtRq_phase_CreateProcess: procName=333
[DEBUG | dusk] fpcBs_Create: pid=324 profname=fpcNm_Obj_Yobikusa_e (333) profile=0x7b6057b0c8 procSize=2360 unkSize=0
[DEBUG | dusk] fpcSCtRq_phase_CreateProcess: fpcBs_Create OK proc=0xb400007a1435ce28
[DEBUG | dusk] [DIAG] fpcSCtRq_phase_Load: procName=333 ret=4
[DEBUG | dusk] fpcSCtRq_phase_CreateProcess: procName=333
[DEBUG | dusk] fpcBs_Create: pid=325 profname=fpcNm_Obj_Yobikusa_e (333) profile=0x7b6057b0c8 procSize=2360 unkSize=0
[DEBUG | dusk] fpcSCtRq_phase_CreateProcess: fpcBs_Create OK proc=0xb400007a1435c4d0
[DEBUG | dusk] [DIAG] fpcSCtRq_phase_Load: procName=333 ret=4
[DEBUG | dusk] fpcSCtRq_phase_CreateProcess: procName=333
[DEBUG | dusk] fpcBs_Create: pid=326 profname=fpcNm_Obj_Yobikusa_e (333) profile=0x7b6057b0c8 procSize=2360 unkSize=0
[DEBUG | dusk] fpcSCtRq_phase_CreateProcess: fpcBs_Create OK proc=0xb400007a1435bb78
[DEBUG | dusk] [DIAG] fpcSCtRq_phase_Load: procName=696 ret=4
[DEBUG | dusk] fpcSCtRq_phase_CreateProcess: procName=696
[DEBUG | dusk] fpcBs_Create: pid=327 profname=fpcNm_KYTAG14_e (696) profile=0x7b60576e28 procSize=1640 unkSize=0
[DEBUG | dusk] fpcSCtRq_phase_CreateProcess: fpcBs_Create OK proc=0xb400007a1435b4f0
[DEBUG | dusk] [DIAG] fpcSCtRq_phase_Load: procName=496 ret=4
[DEBUG | dusk] fpcSCtRq_phase_CreateProcess: procName=496
[DEBUG | dusk] fpcBs_Create: pid=328 profname=fpcNm_E_KR_e (496) profile=0x7b60580050 procSize=5144 unkSize=0
[DEBUG | dusk] fpcSCtRq_phase_CreateProcess: fpcBs_Create OK proc=0xb400007a1435a0b8
[DEBUG | dusk] [DIAG] fpcSCtRq_phase_Load: procName=496 ret=4
[DEBUG | dusk] fpcSCtRq_phase_CreateProcess: procName=496
[DEBUG | dusk] fpcBs_Create: pid=329 profname=fpcNm_E_KR_e (496) profile=0x7b60580050 procSize=5144 unkSize=0
[DEBUG | dusk] fpcSCtRq_phase_CreateProcess: fpcBs_Create OK proc=0xb400007a14358c80
[DEBUG | dusk] [DIAG] fpcSCtRq_phase_Load: procName=496 ret=4
[DEBUG | dusk] fpcSCtRq_phase_CreateProcess: procName=496
[DEBUG | dusk] fpcBs_Create: pid=330 profname=fpcNm_E_KR_e (496) profile=0x7b60580050 procSize=5144 unkSize=0
[DEBUG | dusk] fpcSCtRq_phase_CreateProcess: fpcBs_Create OK proc=0xb400007a14357848
[DEBUG | dusk] [DIAG] fpcSCtRq_phase_Load: procName=451 ret=4
[DEBUG | dusk] fpcSCtRq_phase_CreateProcess: procName=451
[DEBUG | dusk] fpcBs_Create: pid=331 profname=fpcNm_E_CR_e (451) profile=0x7b6057eae0 procSize=3560 unkSize=0
[DEBUG | dusk] fpcSCtRq_phase_CreateProcess: fpcBs_Create OK proc=0xb400007a14356a40
[DEBUG | dusk] [DIAG] fpcSCtRq_phase_Load: procName=451 ret=4
[DEBUG | dusk] fpcSCtRq_phase_CreateProcess: procName=451
[DEBUG | dusk] fpcBs_Create: pid=332 profname=fpcNm_E_CR_e (451) profile=0x7b6057eae0 procSize=3560 unkSize=0
[DEBUG | dusk] fpcSCtRq_phase_CreateProcess: fpcBs_Create OK proc=0xb400007a14355c38
[DEBUG | dusk] [DIAG] fpcSCtRq_phase_Load: procName=696 ret=4
[DEBUG | dusk] fpcSCtRq_phase_CreateProcess: procName=696
[DEBUG | dusk] fpcBs_Create: pid=333 profname=fpcNm_KYTAG14_e (696) profile=0x7b60576e28 procSize=1640 unkSize=0
[DEBUG | dusk] fpcSCtRq_phase_CreateProcess: fpcBs_Create OK proc=0xb400007a143555b0
[DEBUG | dusk] [DIAG] fpcSCtRq_phase_Load: procName=451 ret=4
[DEBUG | dusk] fpcSCtRq_phase_CreateProcess: procName=451
[DEBUG | dusk] fpcBs_Create: pid=334 profname=fpcNm_E_CR_e (451) profile=0x7b6057eae0 procSize=3560 unkSize=0
[DEBUG | dusk] fpcSCtRq_phase_CreateProcess: fpcBs_Create OK proc=0xb400007a143547a8
[DEBUG | dusk] [DIAG] fpcSCtRq_phase_Load: procName=510 ret=4
[DEBUG | dusk] fpcSCtRq_phase_CreateProcess: procName=510
[DEBUG | dusk] fpcBs_Create: pid=335 profname=fpcNm_E_OC_e (510) profile=0x7b60580730 procSize=5040 unkSize=0
[DEBUG | dusk] fpcSCtRq_phase_CreateProcess: fpcBs_Create OK proc=0xb400007a143533d8
[DEBUG | dusk] [DIAG] fpcSCtRq_phase_Load: procName=510 ret=4
[DEBUG | dusk] fpcSCtRq_phase_CreateProcess: procName=510
[DEBUG | dusk] fpcBs_Create: pid=336 profname=fpcNm_E_OC_e (510) profile=0x7b60580730 procSize=5040 unkSize=0
[DEBUG | dusk] fpcSCtRq_phase_CreateProcess: fpcBs_Create OK proc=0xb400007a14352008
[DEBUG | dusk] [DIAG] fpcSCtRq_phase_Load: procName=657 ret=4
[DEBUG | dusk] fpcSCtRq_phase_CreateProcess: procName=657
[DEBUG | dusk] fpcBs_Create: pid=337 profname=fpcNm_NPC_POST_e (657) profile=0x7b6058e170 procSize=5424 unkSize=0
[DEBUG | dusk] fpcSCtRq_phase_CreateProcess: fpcBs_Create OK proc=0xb400007a14350ab8
[DEBUG | dusk] [DIAG] fpcSCtRq_phase_Load: procName=696 ret=4
[DEBUG | dusk] fpcSCtRq_phase_CreateProcess: procName=696
[DEBUG | dusk] fpcBs_Create: pid=338 profname=fpcNm_KYTAG14_e (696) profile=0x7b60576e28 procSize=1640 unkSize=0
[DEBUG | dusk] fpcSCtRq_phase_CreateProcess: fpcBs_Create OK proc=0xb400007a14350430
[DEBUG | dusk] [DIAG] fpcSCtRq_phase_Load: procName=496 ret=4
[DEBUG | dusk] fpcSCtRq_phase_CreateProcess: procName=496
[DEBUG | dusk] fpcBs_Create: pid=339 profname=fpcNm_E_KR_e (496) profile=0x7b60580050 procSize=5144 unkSize=0
[DEBUG | dusk] fpcSCtRq_phase_CreateProcess: fpcBs_Create OK proc=0xb400007a1434eff8
[DEBUG | dusk] [DIAG] fpcSCtRq_phase_Load: procName=510 ret=4
[DEBUG | dusk] fpcSCtRq_phase_CreateProcess: procName=510
[DEBUG | dusk] fpcBs_Create: pid=340 profname=fpcNm_E_OC_e (510) profile=0x7b60580730 procSize=5040 unkSize=0
[DEBUG | dusk] fpcSCtRq_phase_CreateProcess: fpcBs_Create OK proc=0xb400007a1434dc28
[DEBUG | dusk] [DIAG] fpcSCtRq_phase_Load: procName=451 ret=4
[DEBUG | dusk] fpcSCtRq_phase_CreateProcess: procName=451
[DEBUG | dusk] fpcBs_Create: pid=341 profname=fpcNm_E_CR_e (451) profile=0x7b6057eae0 procSize=3560 unkSize=0
[DEBUG | dusk] fpcSCtRq_phase_CreateProcess: fpcBs_Create OK proc=0xb400007a1434ce20
[DEBUG | dusk] [DIAG] fpcSCtRq_phase_Load: procName=451 ret=4
[DEBUG | dusk] fpcSCtRq_phase_CreateProcess: procName=451
[DEBUG | dusk] fpcBs_Create: pid=342 profname=fpcNm_E_CR_e (451) profile=0x7b6057eae0 procSize=3560 unkSize=0
[DEBUG | dusk] fpcSCtRq_phase_CreateProcess: fpcBs_Create OK proc=0xb400007a1434c018
[DEBUG | dusk] [DIAG] fpcSCtRq_phase_Load: procName=451 ret=4
[DEBUG | dusk] fpcSCtRq_phase_CreateProcess: procName=451
[DEBUG | dusk] fpcBs_Create: pid=343 profname=fpcNm_E_CR_e (451) profile=0x7b6057eae0 procSize=3560 unkSize=0
[DEBUG | dusk] fpcSCtRq_phase_CreateProcess: fpcBs_Create OK proc=0xb400007a1434b210
[DEBUG | dusk] [DIAG] fpcSCtRq_phase_Load: procName=451 ret=4
[DEBUG | dusk] fpcSCtRq_phase_CreateProcess: procName=451
[DEBUG | dusk] fpcBs_Create: pid=344 profname=fpcNm_E_CR_e (451) profile=0x7b6057eae0 procSize=3560 unkSize=0
[DEBUG | dusk] fpcSCtRq_phase_CreateProcess: fpcBs_Create OK proc=0xb400007a1434a408
[DEBUG | dusk] [DIAG] fpcSCtRq_phase_Load: procName=83 ret=4
[DEBUG | dusk] fpcSCtRq_phase_CreateProcess: procName=83
[DEBUG | dusk] fpcBs_Create: pid=345 profname=fpcNm_Obj_Digpl_e (83) profile=0x7b605797f8 procSize=1712 unkSize=0
[DEBUG | dusk] fpcSCtRq_phase_CreateProcess: fpcBs_Create OK proc=0xb400007a14349d38
[DEBUG | dusk] [DIAG] fpcSCtRq_phase_Load: procName=83 ret=4
[DEBUG | dusk] fpcSCtRq_phase_CreateProcess: procName=83
[DEBUG | dusk] fpcBs_Create: pid=346 profname=fpcNm_Obj_Digpl_e (83) profile=0x7b605797f8 procSize=1712 unkSize=0
[DEBUG | dusk] fpcSCtRq_phase_CreateProcess: fpcBs_Create OK proc=0xb400007a14349668
[DEBUG | dusk] [DIAG] fpcSCtRq_phase_Load: procName=83 ret=4
[DEBUG | dusk] fpcSCtRq_phase_CreateProcess: procName=83
[DEBUG | dusk] fpcBs_Create: pid=347 profname=fpcNm_Obj_Digpl_e (83) profile=0x7b605797f8 procSize=1712 unkSize=0
[DEBUG | dusk] fpcSCtRq_phase_CreateProcess: fpcBs_Create OK proc=0xb400007a14348f98
[DEBUG | dusk] [DIAG] fpcSCtRq_phase_Load: procName=83 ret=4
[DEBUG | dusk] fpcSCtRq_phase_CreateProcess: procName=83
[DEBUG | dusk] fpcBs_Create: pid=348 profname=fpcNm_Obj_Digpl_e (83) profile=0x7b605797f8 procSize=1712 unkSize=0
[DEBUG | dusk] fpcSCtRq_phase_CreateProcess: fpcBs_Create OK proc=0xb400007a143488c8
[DEBUG | dusk] [DIAG] fpcSCtRq_phase_Load: procName=83 ret=4
[DEBUG | dusk] fpcSCtRq_phase_CreateProcess: procName=83
[DEBUG | dusk] fpcBs_Create: pid=349 profname=fpcNm_Obj_Digpl_e (83) profile=0x7b605797f8 procSize=1712 unkSize=0
[DEBUG | dusk] fpcSCtRq_phase_CreateProcess: fpcBs_Create OK proc=0xb400007a143481f8
[DEBUG | dusk] [DIAG] fpcSCtRq_phase_Load: procName=83 ret=4
[DEBUG | dusk] fpcSCtRq_phase_CreateProcess: procName=83
[DEBUG | dusk] fpcBs_Create: pid=350 profname=fpcNm_Obj_Digpl_e (83) profile=0x7b605797f8 procSize=1712 unkSize=0
[DEBUG | dusk] fpcSCtRq_phase_CreateProcess: fpcBs_Create OK proc=0xb400007a14347b28
[DEBUG | dusk] [DIAG] fpcSCtRq_phase_Load: procName=784 ret=4
[DEBUG | dusk] fpcSCtRq_phase_CreateProcess: procName=784
[DEBUG | dusk] fpcBs_Create: pid=351 profname=fpcNm_GRASS_e (784) profile=0x7b60576ae8 procSize=1640 unkSize=0
[DEBUG | dusk] fpcSCtRq_phase_CreateProcess: fpcBs_Create OK proc=0xb400007a14383d98
[DEBUG | dusk] [DIAG] fpcSCtRq_phase_Load: procName=784 ret=4
[DEBUG | dusk] fpcSCtRq_phase_CreateProcess: procName=784
[DEBUG | dusk] fpcBs_Create: pid=352 profname=fpcNm_GRASS_e (784) profile=0x7b60576ae8 procSize=1640 unkSize=0
[DEBUG | dusk] fpcSCtRq_phase_CreateProcess: fpcBs_Create OK proc=0xb400007a143474a0
[DEBUG | dusk] [DIAG] fpcSCtRq_phase_Load: procName=784 ret=4
[DEBUG | dusk] fpcSCtRq_phase_CreateProcess: procName=784
[DEBUG | dusk] fpcBs_Create: pid=353 profname=fpcNm_GRASS_e (784) profile=0x7b60576ae8 procSize=1640 unkSize=0
[DEBUG | dusk] fpcSCtRq_phase_CreateProcess: fpcBs_Create OK proc=0xb400007a14346e18
[DEBUG | dusk] [DIAG] fpcSCtRq_phase_Load: procName=784 ret=4
[DEBUG | dusk] fpcSCtRq_phase_CreateProcess: procName=784
[DEBUG | dusk] fpcBs_Create: pid=354 profname=fpcNm_GRASS_e (784) profile=0x7b60576ae8 procSize=1640 unkSize=0
[DEBUG | dusk] fpcSCtRq_phase_CreateProcess: fpcBs_Create OK proc=0xb400007a14346790
[DEBUG | dusk] [DIAG] fpcSCtRq_phase_Load: procName=784 ret=4
[DEBUG | dusk] fpcSCtRq_phase_CreateProcess: procName=784
[DEBUG | dusk] fpcBs_Create: pid=355 profname=fpcNm_GRASS_e (784) profile=0x7b60576ae8 procSize=1640 unkSize=0
[DEBUG | dusk] fpcSCtRq_phase_CreateProcess: fpcBs_Create OK proc=0xb400007a14346108
[DEBUG | dusk] [DIAG] fpcSCtRq_phase_Load: procName=784 ret=4
[DEBUG | dusk] fpcSCtRq_phase_CreateProcess: procName=784
[DEBUG | dusk] fpcBs_Create: pid=356 profname=fpcNm_GRASS_e (784) profile=0x7b60576ae8 procSize=1640 unkSize=0
[DEBUG | dusk] fpcSCtRq_phase_CreateProcess: fpcBs_Create OK proc=0xb400007a14345a80
[DEBUG | dusk] [DIAG] fpcSCtRq_phase_Load: procName=784 ret=4
[DEBUG | dusk] fpcSCtRq_phase_CreateProcess: procName=784
[DEBUG | dusk] fpcBs_Create: pid=357 profname=fpcNm_GRASS_e (784) profile=0x7b60576ae8 procSize=1640 unkSize=0
[DEBUG | dusk] fpcSCtRq_phase_CreateProcess: fpcBs_Create OK proc=0xb400007a143453f8
[DEBUG | dusk] [DIAG] fpcSCtRq_phase_Load: procName=784 ret=4
[DEBUG | dusk] fpcSCtRq_phase_CreateProcess: procName=784
[DEBUG | dusk] fpcBs_Create: pid=358 profname=fpcNm_GRASS_e (784) profile=0x7b60576ae8 procSize=1640 unkSize=0
[DEBUG | dusk] fpcSCtRq_phase_CreateProcess: fpcBs_Create OK proc=0xb400007a14344d70
[DEBUG | dusk] [DIAG] fpcSCtRq_phase_Load: procName=498 ret=4
[DEBUG | dusk] fpcSCtRq_phase_CreateProcess: procName=498
[DEBUG | dusk] fpcBs_Create: pid=359 profname=fpcNm_E_GE_e (498) profile=0x7b6057f500 procSize=4008 unkSize=0
[DEBUG | dusk] fpcSCtRq_phase_CreateProcess: fpcBs_Create OK proc=0xb400007a14343da8
[DEBUG | dusk] [DIAG] fpcSCtRq_phase_Load: procName=498 ret=4
[DEBUG | dusk] fpcSCtRq_phase_CreateProcess: procName=498
[DEBUG | dusk] fpcBs_Create: pid=360 profname=fpcNm_E_GE_e (498) profile=0x7b6057f500 procSize=4008 unkSize=0
[DEBUG | dusk] fpcSCtRq_phase_CreateProcess: fpcBs_Create OK proc=0xb400007a14342de0
[DEBUG | dusk] [DIAG] fpcSCtRq_phase_Load: procName=498 ret=4
[DEBUG | dusk] fpcSCtRq_phase_CreateProcess: procName=498
[DEBUG | dusk] fpcBs_Create: pid=361 profname=fpcNm_E_GE_e (498) profile=0x7b6057f500 procSize=4008 unkSize=0
[DEBUG | dusk] fpcSCtRq_phase_CreateProcess: fpcBs_Create OK proc=0xb400007a14341e18
[DEBUG | dusk] [DIAG] fpcSCtRq_phase_Load: procName=498 ret=4
[DEBUG | dusk] fpcSCtRq_phase_CreateProcess: procName=498
[DEBUG | dusk] fpcBs_Create: pid=362 profname=fpcNm_E_GE_e (498) profile=0x7b6057f500 procSize=4008 unkSize=0
[DEBUG | dusk] fpcSCtRq_phase_CreateProcess: fpcBs_Create OK proc=0xb400007a14340e50
[DEBUG | dusk] [DIAG] fpcSCtRq_phase_Load: procName=498 ret=4
[DEBUG | dusk] fpcSCtRq_phase_CreateProcess: procName=498
[DEBUG | dusk] fpcBs_Create: pid=363 profname=fpcNm_E_GE_e (498) profile=0x7b6057f500 procSize=4008 unkSize=0
[DEBUG | dusk] fpcSCtRq_phase_CreateProcess: fpcBs_Create OK proc=0xb400007a1433fe88
[DEBUG | dusk] [DIAG] fpcSCtRq_phase_Load: procName=498 ret=4
[DEBUG | dusk] fpcSCtRq_phase_CreateProcess: procName=498
[DEBUG | dusk] fpcBs_Create: pid=364 profname=fpcNm_E_GE_e (498) profile=0x7b6057f500 procSize=4008 unkSize=0
[DEBUG | dusk] fpcSCtRq_phase_CreateProcess: fpcBs_Create OK proc=0xb400007a1433eec0
[DEBUG | dusk] [DIAG] fpcSCtRq_phase_Load: procName=498 ret=4
[DEBUG | dusk] fpcSCtRq_phase_CreateProcess: procName=498
[DEBUG | dusk] fpcBs_Create: pid=365 profname=fpcNm_E_GE_e (498) profile=0x7b6057f500 procSize=4008 unkSize=0
[DEBUG | dusk] fpcSCtRq_phase_CreateProcess: fpcBs_Create OK proc=0xb400007a1433def8
[DEBUG | dusk] [DIAG] fpcSCtRq_phase_Load: procName=498 ret=4
[DEBUG | dusk] fpcSCtRq_phase_CreateProcess: procName=498
[DEBUG | dusk] fpcBs_Create: pid=366 profname=fpcNm_E_GE_e (498) profile=0x7b6057f500 procSize=4008 unkSize=0
[DEBUG | dusk] fpcSCtRq_phase_CreateProcess: fpcBs_Create OK proc=0xb400007a1433cf30
[DEBUG | dusk] [DIAG] fpcSCtRq_phase_Load: procName=499 ret=4
[DEBUG | dusk] fpcSCtRq_phase_CreateProcess: procName=499
[DEBUG | dusk] fpcBs_Create: pid=367 profname=fpcNm_Tag_WatchGe_e (499) profile=0x7b605ac788 procSize=1632 unkSize=0
[DEBUG | dusk] fpcSCtRq_phase_CreateProcess: fpcBs_Create OK proc=0xb400007a1433c8b0
[DEBUG | dusk] [DIAG] fpcSCtRq_phase_Load: procName=536 ret=4
[DEBUG | dusk] fpcSCtRq_phase_CreateProcess: procName=536
[DEBUG | dusk] fpcBs_Create: pid=368 profname=fpcNm_ITEM_e (536) profile=0x7b60568848 procSize=3272 unkSize=0
[DEBUG | dusk] fpcSCtRq_phase_CreateProcess: fpcBs_Create OK proc=0xb400007a1433bbc8
[DEBUG | dusk] [DIAG] fpcSCtRq_phase_Load: procName=536 ret=4
[DEBUG | dusk] fpcSCtRq_phase_CreateProcess: procName=536
[DEBUG | dusk] fpcBs_Create: pid=369 profname=fpcNm_ITEM_e (536) profile=0x7b60568848 procSize=3272 unkSize=0
[DEBUG | dusk] fpcSCtRq_phase_CreateProcess: fpcBs_Create OK proc=0xb400007a1433aee0
[DEBUG | dusk] [DIAG] fpcSCtRq_phase_Load: procName=536 ret=4
[DEBUG | dusk] fpcSCtRq_phase_CreateProcess: procName=536
[DEBUG | dusk] fpcBs_Create: pid=370 profname=fpcNm_ITEM_e (536) profile=0x7b60568848 procSize=3272 unkSize=0
[DEBUG | dusk] fpcSCtRq_phase_CreateProcess: fpcBs_Create OK proc=0xb400007a1433a1f8
[DEBUG | dusk] [DIAG] fpcSCtRq_phase_Load: procName=536 ret=4
[DEBUG | dusk] fpcSCtRq_phase_CreateProcess: procName=536
[DEBUG | dusk] fpcBs_Create: pid=371 profname=fpcNm_ITEM_e (536) profile=0x7b60568848 procSize=3272 unkSize=0
[DEBUG | dusk] fpcSCtRq_phase_CreateProcess: fpcBs_Create OK proc=0xb400007a14339510
[DEBUG | dusk] [DIAG] fpcSCtRq_phase_Load: procName=536 ret=4
[DEBUG | dusk] fpcSCtRq_phase_CreateProcess: procName=536
[DEBUG | dusk] fpcBs_Create: pid=372 profname=fpcNm_ITEM_e (536) profile=0x7b60568848 procSize=3272 unkSize=0
[DEBUG | dusk] fpcSCtRq_phase_CreateProcess: fpcBs_Create OK proc=0xb400007a14338828
[DEBUG | dusk] [DIAG] fpcSCtRq_phase_Load: procName=536 ret=4
[DEBUG | dusk] fpcSCtRq_phase_CreateProcess: procName=536
[DEBUG | dusk] fpcBs_Create: pid=373 profname=fpcNm_ITEM_e (536) profile=0x7b60568848 procSize=3272 unkSize=0
[DEBUG | dusk] fpcSCtRq_phase_CreateProcess: fpcBs_Create OK proc=0xb400007a14337b40
[DEBUG | dusk] [DIAG] fpcSCtRq_phase_Load: procName=536 ret=4
[DEBUG | dusk] fpcSCtRq_phase_CreateProcess: procName=536
[DEBUG | dusk] fpcBs_Create: pid=374 profname=fpcNm_ITEM_e (536) profile=0x7b60568848 procSize=3272 unkSize=0
[DEBUG | dusk] fpcSCtRq_phase_CreateProcess: fpcBs_Create OK proc=0xb400007a14336e58
[DEBUG | dusk] [DIAG] fpcSCtRq_phase_Load: procName=536 ret=4
[DEBUG | dusk] fpcSCtRq_phase_CreateProcess: procName=536
[DEBUG | dusk] fpcBs_Create: pid=375 profname=fpcNm_ITEM_e (536) profile=0x7b60568848 procSize=3272 unkSize=0
[DEBUG | dusk] fpcSCtRq_phase_CreateProcess: fpcBs_Create OK proc=0xb400007a14336170
[DEBUG | dusk] [DIAG] fpcSCtRq_phase_Load: procName=536 ret=4
[DEBUG | dusk] fpcSCtRq_phase_CreateProcess: procName=536
[DEBUG | dusk] fpcBs_Create: pid=376 profname=fpcNm_ITEM_e (536) profile=0x7b60568848 procSize=3272 unkSize=0
[DEBUG | dusk] fpcSCtRq_phase_CreateProcess: fpcBs_Create OK proc=0xb400007a14335488
[DEBUG | dusk] [DIAG] fpcSCtRq_phase_Load: procName=324 ret=4
[DEBUG | dusk] fpcSCtRq_phase_CreateProcess: procName=324
[DEBUG | dusk] fpcBs_Create: pid=377 profname=fpcNm_Obj_Dan_e (324) profile=0x7b605972d0 procSize=3584 unkSize=0
[DEBUG | dusk] fpcSCtRq_phase_CreateProcess: fpcBs_Create OK proc=0xb400007a14334668
[DEBUG | dusk] [DIAG] fpcSCtRq_phase_Load: procName=784 ret=4
[DEBUG | dusk] fpcSCtRq_phase_CreateProcess: procName=784
[DEBUG | dusk] fpcBs_Create: pid=378 profname=fpcNm_GRASS_e (784) profile=0x7b60576ae8 procSize=1640 unkSize=0
[DEBUG | dusk] fpcSCtRq_phase_CreateProcess: fpcBs_Create OK proc=0xb400007a143823d0
[DEBUG | dusk] [DIAG] fpcSCtRq_phase_Load: procName=784 ret=4
[DEBUG | dusk] fpcSCtRq_phase_CreateProcess: procName=784
[DEBUG | dusk] fpcBs_Create: pid=379 profname=fpcNm_GRASS_e (784) profile=0x7b60576ae8 procSize=1640 unkSize=0
[DEBUG | dusk] fpcSCtRq_phase_CreateProcess: fpcBs_Create OK proc=0xb400007a14333fe0
[DEBUG | dusk] [DIAG] fpcSCtRq_phase_Load: procName=732 ret=4
[DEBUG | dusk] fpcSCtRq_phase_CreateProcess: procName=732
[DEBUG | dusk] fpcBs_Create: pid=380 profname=fpcNm_BG_e (732) profile=0x7b605723f8 procSize=1904 unkSize=0
[DEBUG | dusk] fpcSCtRq_phase_CreateProcess: fpcBs_Create OK proc=0xb400007a14333850
[DEBUG | dusk] [DIAG] fpcSCtRq_phase_Load: procName=26 ret=4
[DEBUG | dusk] fpcSCtRq_phase_CreateProcess: procName=26
[DEBUG | dusk] fpcBs_Create: pid=381 profname=fpcNm_NO_CHG_ROOM_e (26) profile=0x7b60565d40 procSize=1728 unkSize=0
[DEBUG | dusk] fpcSCtRq_phase_CreateProcess: fpcBs_Create OK proc=0xb400007a14333170
[DEBUG | dusk] [DIAG] fpcSCtRq_phase_Load: procName=719 ret=4
[DEBUG | dusk] fpcSCtRq_phase_CreateProcess: procName=719
[DEBUG | dusk] fpcBs_Create: pid=382 profname=fpcNm_TAG_CAMERA_e (719) profile=0x7b60574260 procSize=1672 unkSize=0
[DEBUG | dusk] fpcSCtRq_phase_CreateProcess: fpcBs_Create OK proc=0xb400007a14332ac8
[DEBUG | dusk] [DIAG] fpcSCtRq_phase_Load: procName=99 ret=4
[DEBUG | dusk] fpcSCtRq_phase_CreateProcess: procName=99
[DEBUG | dusk] fpcBs_Create: pid=383 profname=fpcNm_Obj_Cboard_e (99) profile=0x7b60579700 procSize=1752 unkSize=0
[DEBUG | dusk] fpcSCtRq_phase_CreateProcess: fpcBs_Create OK proc=0xb400007a143323d0
[DEBUG | dusk] [DIAG] fpcSCtRq_phase_Load: procName=99 ret=4
[DEBUG | dusk] fpcSCtRq_phase_CreateProcess: procName=99
[DEBUG | dusk] fpcBs_Create: pid=384 profname=fpcNm_Obj_Cboard_e (99) profile=0x7b60579700 procSize=1752 unkSize=0
[DEBUG | dusk] fpcSCtRq_phase_CreateProcess: fpcBs_Create OK proc=0xb400007a14331cd8
[DEBUG | dusk] [DIAG] fpcSCtRq_phase_Load: procName=510 ret=4
[DEBUG | dusk] fpcSCtRq_phase_CreateProcess: procName=510
[DEBUG | dusk] fpcBs_Create: pid=385 profname=fpcNm_E_OC_e (510) profile=0x7b60580730 procSize=5040 unkSize=0
[DEBUG | dusk] fpcSCtRq_phase_CreateProcess: fpcBs_Create OK proc=0xb400007a14330908
[DEBUG | dusk] [DIAG] fpcSCtRq_phase_Load: procName=784 ret=4
[DEBUG | dusk] fpcSCtRq_phase_CreateProcess: procName=784
[DEBUG | dusk] fpcBs_Create: pid=386 profname=fpcNm_GRASS_e (784) profile=0x7b60576ae8 procSize=1640 unkSize=0
[DEBUG | dusk] fpcSCtRq_phase_CreateProcess: fpcBs_Create OK proc=0xb400007a14330280
[DEBUG | dusk] [DIAG] fpcSCtRq_phase_Load: procName=784 ret=4
[DEBUG | dusk] fpcSCtRq_phase_CreateProcess: procName=784
[DEBUG | dusk] fpcBs_Create: pid=387 profname=fpcNm_GRASS_e (784) profile=0x7b60576ae8 procSize=1640 unkSize=0
[DEBUG | dusk] fpcSCtRq_phase_CreateProcess: fpcBs_Create OK proc=0xb400007a1432fbf8
[DEBUG | dusk] [DIAG] fpcSCtRq_phase_Load: procName=784 ret=4
[DEBUG | dusk] fpcSCtRq_phase_CreateProcess: procName=784
[DEBUG | dusk] fpcBs_Create: pid=388 profname=fpcNm_GRASS_e (784) profile=0x7b60576ae8 procSize=1640 unkSize=0
[DEBUG | dusk] fpcSCtRq_phase_CreateProcess: fpcBs_Create OK proc=0xb400007a1432f570
[DEBUG | dusk] [DIAG] fpcSCtRq_phase_Load: procName=784 ret=4
[DEBUG | dusk] fpcSCtRq_phase_CreateProcess: procName=784
[DEBUG | dusk] fpcBs_Create: pid=389 profname=fpcNm_GRASS_e (784) profile=0x7b60576ae8 procSize=1640 unkSize=0
[DEBUG | dusk] fpcSCtRq_phase_CreateProcess: fpcBs_Create OK proc=0xb400007a1432eee8
[DEBUG | dusk] [DIAG] fpcSCtRq_phase_Load: procName=732 ret=4
[DEBUG | dusk] fpcSCtRq_phase_CreateProcess: procName=732
[DEBUG | dusk] fpcBs_Create: pid=390 profname=fpcNm_BG_e (732) profile=0x7b605723f8 procSize=1904 unkSize=0
[DEBUG | dusk] fpcSCtRq_phase_CreateProcess: fpcBs_Create OK proc=0xb400007a1432e758
[DEBUG | dusk] [DIAG] fpcSCtRq_phase_Load: procName=26 ret=4
[DEBUG | dusk] fpcSCtRq_phase_CreateProcess: procName=26
[DEBUG | dusk] fpcBs_Create: pid=391 profname=fpcNm_NO_CHG_ROOM_e (26) profile=0x7b60565d40 procSize=1728 unkSize=0
[DEBUG | dusk] fpcSCtRq_phase_CreateProcess: fpcBs_Create OK proc=0xb400007a1432e078
[DEBUG | dusk] [DIAG] fpcSCtRq_phase_Load: procName=719 ret=4
[DEBUG | dusk] fpcSCtRq_phase_CreateProcess: procName=719
[DEBUG | dusk] fpcBs_Create: pid=392 profname=fpcNm_TAG_CAMERA_e (719) profile=0x7b60574260 procSize=1672 unkSize=0
[DEBUG | dusk] fpcSCtRq_phase_CreateProcess: fpcBs_Create OK proc=0xb400007a1432d9d0
[DEBUG | dusk] [DIAG] fpcSCtRq_phase_Load: procName=99 ret=4
[DEBUG | dusk] fpcSCtRq_phase_CreateProcess: procName=99
[DEBUG | dusk] fpcBs_Create: pid=393 profname=fpcNm_Obj_Cboard_e (99) profile=0x7b60579700 procSize=1752 unkSize=0
[DEBUG | dusk] fpcSCtRq_phase_CreateProcess: fpcBs_Create OK proc=0xb400007a1432d2d8
[DEBUG | dusk] [DIAG] fpcSCtRq_phase_Load: procName=99 ret=4
[DEBUG | dusk] fpcSCtRq_phase_CreateProcess: procName=99
[DEBUG | dusk] fpcBs_Create: pid=394 profname=fpcNm_Obj_Cboard_e (99) profile=0x7b60579700 procSize=1752 unkSize=0
[DEBUG | dusk] fpcSCtRq_phase_CreateProcess: fpcBs_Create OK proc=0xb400007a1432cbe0
[DEBUG | dusk] [DIAG] fpcSCtRq_phase_Load: procName=733 ret=4
[DEBUG | dusk] fpcSCtRq_phase_CreateProcess: procName=733
[DEBUG | dusk] fpcBs_Create: pid=395 profname=fpcNm_SET_BG_OBJ_e (733) profile=0x7b60573f08 procSize=1664 unkSize=0
[DEBUG | dusk] fpcSCtRq_phase_CreateProcess: fpcBs_Create OK proc=0xb400007a1432c540
[DEBUG | dusk] [DIAG] fpcSCtRq_phase_Load: procName=733 ret=4
[DEBUG | dusk] fpcSCtRq_phase_CreateProcess: procName=733
[DEBUG | dusk] fpcBs_Create: pid=396 profname=fpcNm_SET_BG_OBJ_e (733) profile=0x7b60573f08 procSize=1664 unkSize=0
[DEBUG | dusk] fpcSCtRq_phase_CreateProcess: fpcBs_Create OK proc=0xb400007a1432bea0
[DEBUG | dusk] [DIAG] fpcSCtRq_phase_Load: procName=788 ret=4
[DEBUG | dusk] fpcSCtRq_phase_CreateProcess: procName=788
[DEBUG | dusk] fpcBs_Create: pid=397 profname=fpcNm_MENUWINDOW_e (788) profile=0x7b6056be20 procSize=592 unkSize=0
[DEBUG | dusk] fpcSCtRq_phase_CreateProcess: fpcBs_Create OK proc=0xb400007a14397ae0
[DEBUG | dusk] [DIAG] fpcSCtRq_phase_Load: procName=787 ret=4
[DEBUG | dusk] fpcSCtRq_phase_CreateProcess: procName=787
[DEBUG | dusk] fpcBs_Create: pid=398 profname=fpcNm_MSG_OBJECT_e (787) profile=0x7b6056ca98 procSize=1512 unkSize=0
[DEBUG | dusk] fpcSCtRq_phase_CreateProcess: fpcBs_Create OK proc=0xb400007a1432b898
[DEBUG | dusk] Loading Resource: al_kantera.bmd (Size: 21024)
[DEBUG | dusk] Loading Resource: ef_ktglow.bmd (Size: 3040)
[DEBUG | dusk] Loading Resource: al.bmd (Size: 176288)
[DEBUG | dusk] Loading Resource: al_bootsh.bmd (Size: 22048)
[DEBUG | dusk] Loading Resource: al_face.bmd (Size: 72576)
[DEBUG | dusk] Loading Resource: al_hands.bmd (Size: 61056)
[DEBUG | dusk] Loading Resource: al_head.bmd (Size: 33851)
[DEBUG | dusk] Loading Resource: al_swb.bmd (Size: 23552)
[DEBUG | dusk] Loading Resource: ef_ktglow.btk (Size: 512)
[DEBUG | dusk] Loading Resource: m_ridergate.bmd (Size: 24544)
[DEBUG | dusk] Loading Resource: m_ridergate_hook.bmd (Size: 3648)
[DEBUG | dusk] Loading Resource: m_ridergate_key.bmd (Size: 3232)
[DEBUG | dusk] Loading Resource: m_ridergate.dzb (Size: 672)
[DEBUG | dusk] Loading Resource: event_list.dat (Size: 2020)
[DEBUG | dusk] Loading Resource: h_kakarikokanban.bmd (Size: 22272)
[DEBUG | dusk] Loading Resource: h_kakarikokanban.dzb (Size: 1664)
[DEBUG | dusk] Loading Resource: event_list.dat (Size: 10884)
[DEBUG | dusk] Loading Resource: cs_f_b_fall.bck (Size: 448)
[DEBUG | dusk] Loading Resource: cs_f_b_swing_reaction.bck (Size: 416)
[DEBUG | dusk] Loading Resource: cs_f_b_walk.bck (Size: 544)
[DEBUG | dusk] Loading Resource: cs_f_b.bmd (Size: 66176)
[DEBUG | dusk] Loading Resource: cs_f_cover.bmd (Size: 30112)
[DEBUG | dusk] Loading Resource: cs_f_b_start.brk (Size: 352)
[DEBUG | dusk] Loading Resource: cs_f_b_stop.brk (Size: 320)
[DEBUG | dusk] Loading Resource: cs_f_cover_vanish.brk (Size: 544)
[DEBUG | dusk] Loading Resource: cs_f_b_start.btk (Size: 512)
[DEBUG | dusk] Loading Resource: cs_f_cover_vanish.btk (Size: 896)
[DEBUG | dusk] Loading Resource: cs_f_b.dzb (Size: 544)
[DEBUG | dusk] Loading Resource: model0.bmd (Size: 12864)
[DEBUG | dusk] Loading Resource: model1.bmd (Size: 10656)
[DEBUG | dusk] Loading Resource: model0.dzb (Size: 832)
[DEBUG | dusk] Loading Resource: spec.dat (Size: 148)
[DEBUG | dusk] Loading Resource: event_list.dat (Size: 4400)
[DEBUG | dusk] Loading Resource: k_takaraa.bck (Size: 448)
[DEBUG | dusk] Loading Resource: k_takarab.bck (Size: 448)
[DEBUG | dusk] Loading Resource: k_takarab_slow.bck (Size: 448)
[DEBUG | dusk] Loading Resource: boxa.bmd (Size: 22912)
[DEBUG | dusk] Loading Resource: boxb.bmd (Size: 27232)
[DEBUG | dusk] Loading Resource: ef_boxb.bmd (Size: 13504)
[DEBUG | dusk] Loading Resource: k_tboxn.bmd (Size: 2048)
[DEBUG | dusk] Loading Resource: boxa.brk (Size: 416)
[DEBUG | dusk] Loading Resource: ef_boxb.brk (Size: 256)
[DEBUG | dusk] Loading Resource: boxa.btk (Size: 416)
[DEBUG | dusk] Loading Resource: boxac.dzb (Size: 640)
[DEBUG | dusk] Loading Resource: boxao.dzb (Size: 928)
[DEBUG | dusk] Loading Resource: boxbc.dzb (Size: 640)
[DEBUG | dusk] Loading Resource: boxbo.dzb (Size: 928)
[DEBUG | dusk] Loading Resource: clearb00.dzb (Size: 352)
[DEBUG | dusk] Loading Resource: clearb01.dzb (Size: 352)
[DEBUG | dusk] Loading Resource: clearb02.dzb (Size: 352)
[DEBUG | dusk] Loading Resource: clearb03.dzb (Size: 352)
[DEBUG | dusk] Loading Resource: clearb04.dzb (Size: 352)
[DEBUG | dusk] Loading Resource: dan_wait_a.bck (Size: 576)
[DEBUG | dusk] Loading Resource: dan_wait_b.bck (Size: 1536)
[DEBUG | dusk] Loading Resource: dan_walk.bck (Size: 1120)
[DEBUG | dusk] Loading Resource: dan.bmd (Size: 9024)
[DEBUG | dusk] Loading Resource: dan_m.brk (Size: 320)
[DEBUG | dusk] Loading Resource: dan_o.brk (Size: 320)
[DEBUG | dusk] Loading Resource: dan_m.btk (Size: 352)
[DEBUG | dusk] Loading Resource: dan_o.btk (Size: 352)
[DEBUG | dusk] Loading Resource: al_umakusa.bmd (Size: 5984)
[DEBUG | dusk] Loading Resource: j_umakusa.bmd (Size: 13152)
[DEBUG | dusk] Loading Resource: j_umakusa_c.bmd (Size: 9536)
[DEBUG | dusk] Loading Resource: kr_attack.bck (Size: 8384)
[DEBUG | dusk] Loading Resource: kr_chance.bck (Size: 4672)
[DEBUG | dusk] Loading Resource: kr_damage.bck (Size: 2304)
[DEBUG | dusk] Loading Resource: kr_find.bck (Size: 3744)
[DEBUG | dusk] Loading Resource: kr_fly.bck (Size: 7552)
[DEBUG | dusk] Loading Resource: kr_fly_attack.bck (Size: 8928)
[DEBUG | dusk] Loading Resource: kr_fly_attack_glide.bck (Size: 6016)
[DEBUG | dusk] Loading Resource: kr_fly_brake.bck (Size: 5120)
[DEBUG | dusk] Loading Resource: kr_fly_carry.bck (Size: 4864)
[DEBUG | dusk] Loading Resource: kr_fly_glide.bck (Size: 6400)
[DEBUG | dusk] Loading Resource: kr_fly_glide_carry.bck (Size: 4512)
[DEBUG | dusk] Loading Resource: kr_fly_land.bck (Size: 6112)
[DEBUG | dusk] Loading Resource: kr_guard.bck (Size: 6528)
[DEBUG | dusk] Loading Resource: kr_hovering.bck (Size: 6208)
[DEBUG | dusk] Loading Resource: kr_hovering_carry.bck (Size: 5440)
[DEBUG | dusk] Loading Resource: kr_land.bck (Size: 8608)
[DEBUG | dusk] Loading Resource: kr_lookaround.bck (Size: 4160)
[DEBUG | dusk] Loading Resource: kr_wait.bck (Size: 3232)
[DEBUG | dusk] Loading Resource: kr.bmd (Size: 37440)
[DEBUG | dusk] Loading Resource: cr_chance.bck (Size: 2048)
[DEBUG | dusk] Loading Resource: cr_chance_wait.bck (Size: 2528)
[DEBUG | dusk] Loading Resource: cr_damage.bck (Size: 1504)
[DEBUG | dusk] Loading Resource: cr_die1.bck (Size: 864)
[DEBUG | dusk] Loading Resource: cr_die2.bck (Size: 864)
[DEBUG | dusk] Loading Resource: cr_run.bck (Size: 1920)
[DEBUG | dusk] Loading Resource: ce.bmd (Size: 3264)
[DEBUG | dusk] Loading Resource: cr.bmd (Size: 24704)
[DEBUG | dusk] Loading Resource: oc.bmd (Size: 39520)
[DEBUG | dusk] Loading Resource: oc_wepon.bmd (Size: 3648)
[DEBUG | dusk] Loading Resource: post_f_happy.bck (Size: 4384)
[DEBUG | dusk] Loading Resource: post_f_talk_a.bck (Size: 3616)
[DEBUG | dusk] Loading Resource: post_fh_happy.bck (Size: 1952)
[DEBUG | dusk] Loading Resource: post_flag_step.bck (Size: 384)
[DEBUG | dusk] Loading Resource: post_flag_wait_a.bck (Size: 448)
[DEBUG | dusk] Loading Resource: post_step.bck (Size: 3680)
[DEBUG | dusk] Loading Resource: post_wait_a.bck (Size: 3488)
[DEBUG | dusk] Loading Resource: post.bmd (Size: 126528)
[DEBUG | dusk] Loading Resource: post_flag.bmd (Size: 12544)
[DEBUG | dusk] Loading Resource: post_letter.bmd (Size: 10464)
[DEBUG | dusk] Loading Resource: post.btk (Size: 256)
[DEBUG | dusk] Loading Resource: post.btp (Size: 128)
[DEBUG | dusk] Loading Resource: post_f_happy.btp (Size: 288)
[DEBUG | dusk] Loading Resource: post_f_talk_a.btp (Size: 288)
[DEBUG | dusk] Loading Resource: post_fh_happy.btp (Size: 96)
[DEBUG | dusk] Loading Resource: post_bye.bck (Size: 4544)
[DEBUG | dusk] Loading Resource: post_bye_wait.bck (Size: 3232)
[DEBUG | dusk] Loading Resource: post_explain.bck (Size: 8032)
[DEBUG | dusk] Loading Resource: post_f_bye.bck (Size: 3904)
[DEBUG | dusk] Loading Resource: post_f_explain.bck (Size: 3648)
[DEBUG | dusk] Loading Resource: post_f_hand.bck (Size: 3360)
[DEBUG | dusk] Loading Resource: post_f_hello.bck (Size: 3264)
[DEBUG | dusk] Loading Resource: post_f_regret.bck (Size: 3264)
[DEBUG | dusk] Loading Resource: post_fh_regret.bck (Size: 1952)
[DEBUG | dusk] Loading Resource: post_flag_explain.bck (Size: 672)
[DEBUG | dusk] Loading Resource: post_flag_hand.bck (Size: 576)
[DEBUG | dusk] Loading Resource: post_flag_hand_wait.bck (Size: 448)
[DEBUG | dusk] Loading Resource: post_flag_hello.bck (Size: 384)
[DEBUG | dusk] Loading Resource: post_flag_regret.bck (Size: 608)
[DEBUG | dusk] Loading Resource: post_flag_run.bck (Size: 768)
[DEBUG | dusk] Loading Resource: post_hand.bck (Size: 6912)
[DEBUG | dusk] Loading Resource: post_hand_wait.bck (Size: 3168)
[DEBUG | dusk] Loading Resource: post_hello.bck (Size: 5760)
[DEBUG | dusk] Loading Resource: post_regret.bck (Size: 7456)
[DEBUG | dusk] Loading Resource: post_run.bck (Size: 8512)
[DEBUG | dusk] Loading Resource: post_hand.btk (Size: 448)
[DEBUG | dusk] Loading Resource: post_run.btk (Size: 256)
[DEBUG | dusk] Loading Resource: post_f_bye.btp (Size: 288)
[DEBUG | dusk] Loading Resource: post_f_explain.btp (Size: 288)
[DEBUG | dusk] Loading Resource: post_f_hand.btp (Size: 288)
[DEBUG | dusk] Loading Resource: post_f_hello.btp (Size: 288)
[DEBUG | dusk] Loading Resource: post_f_regret.btp (Size: 288)
[DEBUG | dusk] Loading Resource: post_fh_regret.btp (Size: 96)
[DEBUG | dusk] Loading Resource: post_run.btp (Size: 192)
[DEBUG | dusk] Loading Resource: event_list.dat (Size: 17784)
[DEBUG | dusk] Loading Resource: oc2.bmd (Size: 39520)
[DEBUG | dusk] Loading Resource: oc2_wepon.bmd (Size: 7456)
[DEBUG | dusk] [DIAG] fpcSCtRq_phase_Load: procName=734 ret=4
[DEBUG | dusk] fpcSCtRq_phase_CreateProcess: procName=734
[DEBUG | dusk] fpcBs_Create: pid=399 profname=fpcNm_BG_OBJ_e (734) profile=0x7b605724d8 procSize=4344 unkSize=0
[DEBUG | dusk] fpcSCtRq_phase_CreateProcess: fpcBs_Create OK proc=0xb400007a1432a780
[DEBUG | dusk] fpcBs_Create: pid=405 profname=fpcNm_Tag_Attp_e (346) profile=0x7b60575d00 procSize=1632 unkSize=0
[DEBUG | dusk] [DIAG] fpcSCtRq_phase_Load: procName=734 ret=4
[DEBUG | dusk] fpcSCtRq_phase_CreateProcess: procName=734
[DEBUG | dusk] fpcBs_Create: pid=400 profname=fpcNm_BG_OBJ_e (734) profile=0x7b605724d8 procSize=4344 unkSize=0
[DEBUG | dusk] fpcSCtRq_phase_CreateProcess: fpcBs_Create OK proc=0xb400007a14329668
[DEBUG | dusk] fpcBs_Create: pid=407 profname=fpcNm_Tag_Attp_e (346) profile=0x7b60575d00 procSize=1632 unkSize=0
[DEBUG | dusk] [DIAG] fpcSCtRq_phase_Load: procName=734 ret=4
[DEBUG | dusk] fpcSCtRq_phase_CreateProcess: procName=734
[DEBUG | dusk] fpcBs_Create: pid=401 profname=fpcNm_BG_OBJ_e (734) profile=0x7b605724d8 procSize=4344 unkSize=0
[DEBUG | dusk] fpcSCtRq_phase_CreateProcess: fpcBs_Create OK proc=0xb400007a14328550
[DEBUG | dusk] fpcBs_Create: pid=409 profname=fpcNm_Tag_Attp_e (346) profile=0x7b60575d00 procSize=1632 unkSize=0
[DEBUG | dusk] [DIAG] fpcSCtRq_phase_Load: procName=734 ret=4
[DEBUG | dusk] fpcSCtRq_phase_CreateProcess: procName=734
[DEBUG | dusk] fpcBs_Create: pid=402 profname=fpcNm_BG_OBJ_e (734) profile=0x7b605724d8 procSize=4344 unkSize=0
[DEBUG | dusk] fpcSCtRq_phase_CreateProcess: fpcBs_Create OK proc=0xb400007a14327438
[DEBUG | dusk] fpcBs_Create: pid=411 profname=fpcNm_Tag_Attp_e (346) profile=0x7b60575d00 procSize=1632 unkSize=0
[DEBUG | dusk] [DIAG] fpcSCtRq_phase_Load: procName=734 ret=4
[DEBUG | dusk] fpcSCtRq_phase_CreateProcess: procName=734
[DEBUG | dusk] fpcBs_Create: pid=403 profname=fpcNm_BG_OBJ_e (734) profile=0x7b605724d8 procSize=4344 unkSize=0
[DEBUG | dusk] fpcSCtRq_phase_CreateProcess: fpcBs_Create OK proc=0xb400007a14326320
[DEBUG | dusk] fpcBs_Create: pid=413 profname=fpcNm_Tag_Attp_e (346) profile=0x7b60575d00 procSize=1632 unkSize=0
[DEBUG | dusk] Loading Resource: ni_kakarikobridge.bck (Size: 640)
[DEBUG | dusk] Loading Resource: ef_portal.bmd (Size: 60192)
[DEBUG | dusk] Loading Resource: ni_kakarikobridge.bmd (Size: 70528)
[DEBUG | dusk] Loading Resource: ef_portal_blue_app.brk (Size: 896)
[DEBUG | dusk] Loading Resource: ef_portal_blue_disapp.brk (Size: 896)
[DEBUG | dusk] Loading Resource: ef_portal.btk (Size: 1792)
[DEBUG | dusk] Loading Resource: ni_kakarikobridge.btk (Size: 352)
[DEBUG | dusk] Loading Resource: ni_kakarikobridge.dzb (Size: 11808)
[DEBUG | dusk] Loading Resource: cs_f_spell.bmd (Size: 9792)
[DEBUG | dusk] Loading Resource: cs_f_spell_word_on_off.brk (Size: 224)
[DEBUG | dusk] Loading Resource: cs_f_spell_word.btk (Size: 544)
[DEBUG | dusk] Loading Resource: event_list.dat (Size: 4400)
[DEBUG | dusk] Loading Resource: oc_angry_a.bck (Size: 10368)
[DEBUG | dusk] Loading Resource: oc_angry_b.bck (Size: 10720)
[DEBUG | dusk] Loading Resource: oc_attack_b.bck (Size: 9536)
[DEBUG | dusk] Loading Resource: oc_attack_c.bck (Size: 8416)
[DEBUG | dusk] Loading Resource: oc_cry.bck (Size: 5312)
[DEBUG | dusk] Loading Resource: oc_damage.bck (Size: 5728)
[DEBUG | dusk] Loading Resource: oc_damage_l.bck (Size: 6368)
[DEBUG | dusk] Loading Resource: oc_damage_r.bck (Size: 6912)
[DEBUG | dusk] Loading Resource: oc_dash.bck (Size: 5920)
[DEBUG | dusk] Loading Resource: oc_drowned.bck (Size: 13184)
[DEBUG | dusk] Loading Resource: oc_find.bck (Size: 2912)
[DEBUG | dusk] Loading Resource: oc_finish.bck (Size: 6080)
[DEBUG | dusk] Loading Resource: oc_gale.bck (Size: 11040)
[DEBUG | dusk] Loading Resource: oc_jump_a.bck (Size: 5952)
[DEBUG | dusk] Loading Resource: oc_jump_b.bck (Size: 3392)
[DEBUG | dusk] Loading Resource: oc_jump_c.bck (Size: 7680)
[DEBUG | dusk] Loading Resource: oc_leap_a.bck (Size: 3808)
[DEBUG | dusk] Loading Resource: oc_leap_b.bck (Size: 6944)
[DEBUG | dusk] Loading Resource: oc_leap_spin.bck (Size: 1984)
[DEBUG | dusk] Loading Resource: oc_serch.bck (Size: 4576)
[DEBUG | dusk] Loading Resource: oc_stand.bck (Size: 7712)
[DEBUG | dusk] Loading Resource: oc_stand_wait.bck (Size: 4352)
[DEBUG | dusk] Loading Resource: oc_talk.bck (Size: 3776)
[DEBUG | dusk] Loading Resource: oc_talk_b.bck (Size: 4416)
[DEBUG | dusk] Loading Resource: oc_wait.bck (Size: 3840)
[DEBUG | dusk] Loading Resource: oc_wait_st.bck (Size: 4960)
[DEBUG | dusk] Loading Resource: oc_walk.bck (Size: 4800)
[DEBUG | dusk] Loading Resource: oc_walk_st.bck (Size: 5920)
[DEBUG | dusk] Loading Resource: ge_caw.bck (Size: 2176)
[DEBUG | dusk] Loading Resource: ge_caw_tree.bck (Size: 1344)
[DEBUG | dusk] Loading Resource: ge_descent.bck (Size: 1632)
[DEBUG | dusk] Loading Resource: ge_fly.bck (Size: 1600)
[DEBUG | dusk] Loading Resource: ge_fly_away.bck (Size: 1760)
[DEBUG | dusk] Loading Resource: ge_fura2.bck (Size: 1856)
[DEBUG | dusk] Loading Resource: ge_glide.bck (Size: 1344)
[DEBUG | dusk] Loading Resource: ge_landing.bck (Size: 1952)
[DEBUG | dusk] Loading Resource: ge_stay.bck (Size: 1184)
[DEBUG | dusk] Loading Resource: ge_model.bmd (Size: 20320)
[DEBUG | dusk] [DIAG] fpcSCtRq_phase_Load: procName=548 ret=4
[DEBUG | dusk] fpcSCtRq_phase_CreateProcess: procName=548
[DEBUG | dusk] fpcBs_Create: pid=414 profname=fpcNm_HOZELDA_e (548) profile=0x7b60582e40 procSize=2368 unkSize=0
[DEBUG | dusk] fpcSCtRq_phase_CreateProcess: fpcBs_Create OK proc=0xb400007a143970a0
[DEBUG | dusk] Loading Resource: al_shb.bmd (Size: 15040)
[DEBUG | dusk] Loading Resource: zelh_aldieh.bck (Size: 6240)
[DEBUG | dusk] Loading Resource: zelh_arelordh.bck (Size: 9280)
[DEBUG | dusk] Loading Resource: zelh_ashooth.bck (Size: 5216)
[DEBUG | dusk] Loading Resource: zelh_atbh.bck (Size: 4064)
[DEBUG | dusk] Loading Resource: zelh_barelordh.bck (Size: 1216)
[DEBUG | dusk] Loading Resource: zelh_bashooth.bck (Size: 1952)
[DEBUG | dusk] Loading Resource: zelh_damh.bck (Size: 4864)
[DEBUG | dusk] Loading Resource: zelh_dashh.bck (Size: 6976)
[DEBUG | dusk] Loading Resource: zelh_dstarth.bck (Size: 7584)
[DEBUG | dusk] Loading Resource: zelh_egnd_wh.bck (Size: 6048)
[DEBUG | dusk] Loading Resource: zelh_egnd_whb.bck (Size: 5344)
[DEBUG | dusk] Loading Resource: zelh_jumph.bck (Size: 5600)
[DEBUG | dusk] Loading Resource: zelh_jumphed.bck (Size: 5568)
[DEBUG | dusk] Loading Resource: zelh_jumphst.bck (Size: 4896)
[DEBUG | dusk] Loading Resource: zelh_numbh.bck (Size: 4704)
[DEBUG | dusk] Loading Resource: zelh_standh.bck (Size: 10624)
[DEBUG | dusk] Loading Resource: zelh_standhwc.bck (Size: 14176)
[DEBUG | dusk] Loading Resource: zelh_stoph.bck (Size: 8064)
[DEBUG | dusk] Loading Resource: zelh_stoptostandh.bck (Size: 11648)
[DEBUG | dusk] Loading Resource: zelh_waitbh.bck (Size: 6656)
[DEBUG | dusk] Loading Resource: zelh_waitch.bck (Size: 5184)
[DEBUG | dusk] Loading Resource: zelh_waith.bck (Size: 5216)
[DEBUG | dusk] Loading Resource: o_zg_arow.bmd (Size: 9312)
[DEBUG | dusk] Loading Resource: o_zg_bow.bmd (Size: 17120)
[DEBUG | dusk] Loading Resource: zelh.bmd (Size: 240768)
[DEBUG | dusk] Loading Resource: zelh_fa.btk (Size: 352)
[DEBUG | dusk] Loading Resource: zelh_faldieh.btk (Size: 992)
[DEBUG | dusk] Loading Resource: zelh_fegnd_wh.btk (Size: 352)
[DEBUG | dusk] Loading Resource: zelh_fa.btp (Size: 128)
[DEBUG | dusk] Loading Resource: zelh_faldieh.btp (Size: 864)
[DEBUG | dusk] Loading Resource: zelh_fb.btp (Size: 128)
[DEBUG | dusk] Loading Resource: zelh_fc.btp (Size: 128)
[DEBUG | dusk] Loading Resource: zelh_fmaba01.btp (Size: 160)
[DEBUG | dusk] [DIAG] fpcSCtRq_phase_Load: procName=255 ret=4
[DEBUG | dusk] fpcSCtRq_phase_CreateProcess: procName=255
[DEBUG | dusk] fpcBs_Create: pid=415 profname=fpcNm_MIDNA_e (255) profile=0x7b60575698 procSize=3360 unkSize=0
[DEBUG | dusk] fpcSCtRq_phase_CreateProcess: fpcBs_Create OK proc=0xb400007a143845b4
[DEBUG | dusk] Loading Resource: s_md_hands.bmd (Size: 19776)
[DEBUG | dusk] Loading Resource: s_md_mask.bmd (Size: 15424)
[DEBUG | dusk] Loading Resource: s_md_gokou.bmd (Size: 3008)
[DEBUG | dusk] Loading Resource: s_md.bmd (Size: 69984)
[DEBUG | dusk] Loading Resource: s_md_hair_hand.bmd (Size: 18944)
[DEBUG | dusk] Loading Resource: s_md_appear.brk (Size: 352)
[DEBUG | dusk] Loading Resource: s_md_gokou_appear.brk (Size: 256)
[DEBUG | dusk] Loading Resource: s_md_hair_hand_appear.brk (Size: 288)
[DEBUG | dusk] Loading Resource: s_md_mask_appear.brk (Size: 256)
[DEBUG | dusk] Loading Resource: s_md_hair_hand_moya.btk (Size: 544)
[DEBUG | dusk] Loading Resource: s_md_hands_moya.btk (Size: 608)
[DEBUG | dusk] Loading Resource: s_md_mask_moya.btk (Size: 320)
[DEBUG | dusk] Loading Resource: s_md_moya.btk (Size: 512)
[DEBUG | dusk] frameInterp: onTypeChange 41 -> 40 (event_type_id=40, leaving_event=false, entering_event=true)
[DEBUG | dusk] frameInterp: presentation sync not requested for ZEV event [CURRENT] (staff idx 25)
[DEBUG | dusk] frameInterp: onTypeChange 40 -> 87 (event_type_id=40, leaving_event=true, entering_event=false)
[DEBUG | dusk] fapGm_Execute frame=1800
[DEBUG | dusk] frameInterp: onTypeChange 87 -> 41 (event_type_id=40, leaving_event=false, entering_event=false)
[DEBUG | dusk] [DIAG] fpcSCtRq_phase_Load: procName=2 ret=4
[DEBUG | dusk] fpcSCtRq_phase_CreateProcess: procName=2
[DEBUG | dusk] fpcBs_Create: pid=416 profname=fpcNm_OVERLAP3_e (2) profile=0x7b6056ed98 procSize=464 unkSize=0
[DEBUG | dusk] fpcSCtRq_phase_CreateProcess: fpcBs_Create OK proc=0xb400007a14398ac8
[DEBUG | dusk] fpcNdRq_phase_Create: name=11 layer=0x7b607a2418
[DEBUG | dusk] fpcNdRq_phase_Create: creating_id=417 (error=4294967295)
[WARNING | dusk::mods::actor] Attempted to delete actor with ID (414) but it doesn't exist!
[DEBUG | dusk] [DIAG] fpcSCtRq_phase_Load: procName=11 ret=4
[DEBUG | dusk] fpcSCtRq_phase_CreateProcess: procName=11
[DEBUG | dusk] fpcBs_Create: pid=417 profname=fpcNm_PLAY_SCENE_e (11) profile=0x7b6056f268 procSize=912 unkSize=0
[DEBUG | dusk] fpcSCtRq_phase_CreateProcess: fpcBs_Create OK proc=0xb400007a14399af0
[DEBUG | dusk] Loading Resource: vrbox_kasumim.bmd (Size: 2272)
[DEBUG | dusk] Loading Resource: vrbox_kumo.bmd (Size: 69664)
[DEBUG | dusk] Loading Resource: vrbox_sora.bmd (Size: 6624)
[DEBUG | dusk] Loading Resource: vrbox_sun.bmd (Size: 12032)
[DEBUG | dusk] Loading Resource: door-knob_00.bmd (Size: 10400)
[DEBUG | dusk] Loading Resource: door-knob_01.bmd (Size: 7904)
[DEBUG | dusk] Loading Resource: door-knob_02.bmd (Size: 9408)
[DEBUG | dusk] Loading Resource: vrbox_sun.btk (Size: 320)
[DEBUG | dusk] Loading Resource: colordata_tbl.dat (Size: 800)
[DEBUG | dusk] Loading Resource: pol_arg.dat (Size: 128)
[DEBUG | dusk] Loading Resource: pol_effcol.dat (Size: 128)
[DEBUG | dusk] Loading Resource: pol_effcol2.dat (Size: 128)
[DEBUG | dusk] Loading Resource: pol_efftbl.dat (Size: 128)
[DEBUG | dusk] Loading Resource: pol_efftbl2.dat (Size: 128)
[DEBUG | dusk] Loading Resource: pol_sound.dat (Size: 128)
[DEBUG | dusk] Loading Resource: stage.dzs (Size: 5088)
[DEBUG | dusk] Loading Resource: cloudtx_01.bti (Size: 4128)
[DEBUG | dusk] Loading Resource: cloudtx_02.bti (Size: 4128)
[DEBUG | dusk] Loading Resource: cloudtx_03.bti (Size: 4128)
[DEBUG | dusk] Loading Resource: f_moon.bti (Size: 8224)
[DEBUG | dusk] Loading Resource: f_moon_a.bti (Size: 2080)
[DEBUG | dusk] Loading Resource: f_moon_a_a00.bti (Size: 64)
[DEBUG | dusk] Loading Resource: f_moon_a_a01.bti (Size: 544)
[DEBUG | dusk] Loading Resource: f_moon_a_a02.bti (Size: 544)
[DEBUG | dusk] Loading Resource: f_moon_a_a03.bti (Size: 544)
[DEBUG | dusk] Loading Resource: event_list.dat (Size: 106476)
[DEBUG | dusk] Loading Resource: camstyle.dat (Size: 43328)
[DEBUG | dusk] Loading Resource: camtype.dat (Size: 14560)
[DEBUG | dusk] fpcBs_Create: pid=422 profname=fpcNm_SUSPEND_e (783) profile=0x7b60575c48 procSize=1632 unkSize=0
[DEBUG | dusk] fopScnM_CreateReq: procName=18 fade=32767
[DEBUG | dusk] fopScnM_CreateReq: result=11 (error=4294967295)
[DEBUG | dusk] fpcBs_Create: pid=426 profname=fpcNm_KANKYO_e (19) profile=0x7b60569e60 procSize=440 unkSize=0
[DEBUG | dusk] fpcBs_Create: pid=428 profname=fpcNm_KYEFF_e (785) profile=0x7b60569eb0 procSize=440 unkSize=0
[DEBUG | dusk] fpcBs_Create: pid=430 profname=fpcNm_KYEFF2_e (786) profile=0x7b60569ef0 procSize=440 unkSize=0
[DEBUG | dusk] fpcBs_Create: pid=432 profname=fpcNm_ENVSE_e (21) profile=0x7b60568f20 procSize=456 unkSize=0
[DEBUG | dusk] fpcNdRq_phase_Create: name=18 layer=0xb400007a14399c48
[DEBUG | dusk] fpcNdRq_phase_Create: creating_id=435 (error=4294967295)
[DEBUG | dusk] [DIAG] fpcSCtRq_phase_Load: procName=781 ret=4
[DEBUG | dusk] fpcSCtRq_phase_CreateProcess: procName=781
[DEBUG | dusk] fpcBs_Create: pid=418 profname=fpcNm_CAMERA_e (781) profile=0x7b60568d68 procSize=4240 unkSize=0
[DEBUG | dusk] fpcSCtRq_phase_CreateProcess: fpcBs_Create OK proc=0xb400007a14396588
[DEBUG | dusk] [DIAG] fpcSCtRq_phase_Load: procName=686 ret=4
[DEBUG | dusk] fpcSCtRq_phase_CreateProcess: procName=686
[DEBUG | dusk] fpcBs_Create: pid=419 profname=fpcNm_KYTAG04_e (686) profile=0x7b60572f28 procSize=1784 unkSize=0
[DEBUG | dusk] fpcSCtRq_phase_CreateProcess: fpcBs_Create OK proc=0xb400007a14395e70
[DEBUG | dusk] [DIAG] fpcSCtRq_phase_Load: procName=25 ret=4
[DEBUG | dusk] fpcSCtRq_phase_CreateProcess: procName=25
[DEBUG | dusk] fpcBs_Create: pid=420 profname=fpcNm_Tag_Gstart_e (25) profile=0x7b6057b860 procSize=1632 unkSize=0
[DEBUG | dusk] fpcSCtRq_phase_CreateProcess: fpcBs_Create OK proc=0xb400007a143957f0
[DEBUG | dusk] [DIAG] fpcSCtRq_phase_Load: procName=699 ret=4
[DEBUG | dusk] fpcSCtRq_phase_CreateProcess: procName=699
[DEBUG | dusk] fpcBs_Create: pid=423 profname=fpcNm_KYTAG17_e (699) profile=0x7b60572fe0 procSize=1632 unkSize=0
[DEBUG | dusk] fpcSCtRq_phase_CreateProcess: fpcBs_Create OK proc=0xb400007a14395170
[DEBUG | dusk] [DIAG] fpcSCtRq_phase_Load: procName=238 ret=4
[DEBUG | dusk] fpcSCtRq_phase_CreateProcess: procName=238
[DEBUG | dusk] fpcBs_Create: pid=424 profname=fpcNm_HORSE_e (238) profile=0x7b60582d10 procSize=8464 unkSize=0
[DEBUG | dusk] fpcSCtRq_phase_CreateProcess: fpcBs_Create OK proc=0xb400007a14393040
[DEBUG | dusk] [DIAG] fpcSCtRq_phase_Load: procName=730 ret=4
[DEBUG | dusk] fpcSCtRq_phase_CreateProcess: procName=730
[DEBUG | dusk] fpcBs_Create: pid=433 profname=fpcNm_VRBOX_e (730) profile=0x7b60575078 procSize=1648 unkSize=0
[DEBUG | dusk] fpcSCtRq_phase_CreateProcess: fpcBs_Create OK proc=0xb400007a143929b0
[DEBUG | dusk] [DIAG] fpcSCtRq_phase_Load: procName=731 ret=4
[DEBUG | dusk] fpcSCtRq_phase_CreateProcess: procName=731
[DEBUG | dusk] fpcBs_Create: pid=434 profname=fpcNm_VRBOX2_e (731) profile=0x7b60575130 procSize=1720 unkSize=0
[DEBUG | dusk] fpcSCtRq_phase_CreateProcess: fpcBs_Create OK proc=0xb400007a143922d8
[DEBUG | dusk] [DIAG] fpcSCtRq_phase_Load: procName=18 ret=4
[DEBUG | dusk] fpcSCtRq_phase_CreateProcess: procName=18
[DEBUG | dusk] fpcBs_Create: pid=435 profname=fpcNm_ROOM_SCENE_e (18) profile=0x7b6056f388 procSize=912 unkSize=0
[DEBUG | dusk] fpcSCtRq_phase_CreateProcess: fpcBs_Create OK proc=0xb400007a14391f28
[DEBUG | dusk] Loading Resource: ef_portal.bmd (Size: 60192)
[DEBUG | dusk] Loading Resource: ef_portal_blue_app.brk (Size: 896)
[DEBUG | dusk] Loading Resource: ef_portal_blue_disapp.brk (Size: 896)
[DEBUG | dusk] Loading Resource: ef_portal_red_app.brk (Size: 896)
[DEBUG | dusk] Loading Resource: ef_portal_red_disapp.brk (Size: 896)
[DEBUG | dusk] Loading Resource: ef_portal.btk (Size: 1792)
[DEBUG | dusk] Loading Resource: hs_back_walk.bck (Size: 5536)
[DEBUG | dusk] Loading Resource: hs_back_walk_start.bck (Size: 6304)
[DEBUG | dusk] Loading Resource: hs_excitement.bck (Size: 11968)
[DEBUG | dusk] Loading Resource: hs_excitement_2.bck (Size: 14144)
[DEBUG | dusk] Loading Resource: hs_jump_end.bck (Size: 5344)
[DEBUG | dusk] Loading Resource: hs_jump_middle.bck (Size: 4640)
[DEBUG | dusk] Loading Resource: hs_jump_start.bck (Size: 4832)
[DEBUG | dusk] Loading Resource: hs_jump_start_clift.bck (Size: 5248)
[DEBUG | dusk] Loading Resource: hs_lash.bck (Size: 3200)
[DEBUG | dusk] Loading Resource: hs_neck_waitback_left.bck (Size: 2880)
[DEBUG | dusk] Loading Resource: hs_neck_waitback_right.bck (Size: 2848)
[DEBUG | dusk] Loading Resource: hs_run_dash.bck (Size: 7680)
[DEBUG | dusk] Loading Resource: hs_run_fast.bck (Size: 6688)
[DEBUG | dusk] Loading Resource: hs_run_slow.bck (Size: 7712)
[DEBUG | dusk] Loading Resource: hs_stand.bck (Size: 17984)
[DEBUG | dusk] Loading Resource: hs_stop_slow.bck (Size: 14208)
[DEBUG | dusk] Loading Resource: hs_stop_stand.bck (Size: 16352)
[DEBUG | dusk] Loading Resource: hs_turn_left.bck (Size: 9632)
[DEBUG | dusk] Loading Resource: hs_turn_left_start.bck (Size: 5248)
[DEBUG | dusk] Loading Resource: hs_turn_right.bck (Size: 9472)
[DEBUG | dusk] Loading Resource: hs_turn_right_start.bck (Size: 5344)
[DEBUG | dusk] Loading Resource: hs_wait_01.bck (Size: 4768)
[DEBUG | dusk] Loading Resource: hs_wait_01b.bck (Size: 4672)
[DEBUG | dusk] Loading Resource: hs_wait_01b_connect.bck (Size: 4672)
[DEBUG | dusk] Loading Resource: hs_wait_02.bck (Size: 8928)
[DEBUG | dusk] Loading Resource: hs_wait_03.bck (Size: 7552)
[DEBUG | dusk] Loading Resource: hs_wait_04.bck (Size: 12640)
[DEBUG | dusk] Loading Resource: hs_wait_05.bck (Size: 10528)
[DEBUG | dusk] Loading Resource: hs_walk_fast.bck (Size: 5792)
[DEBUG | dusk] Loading Resource: hs_walk_slow.bck (Size: 5600)
[DEBUG | dusk] Loading Resource: hs.bmd (Size: 131264)
[DEBUG | dusk] Loading Resource: hs_eye.btp (Size: 128)
[DEBUG | dusk] Loading Resource: tazuna.bti (Size: 160)
[DEBUG | dusk] Loading Resource: model.bmd (Size: 1232640)
[DEBUG | dusk] Loading Resource: model1.bmd (Size: 5824)
[DEBUG | dusk] Loading Resource: model2.bmd (Size: 18752)
[DEBUG | dusk] Loading Resource: model3.bmd (Size: 13312)
[DEBUG | dusk] Loading Resource: model4.bmd (Size: 7488)
[DEBUG | dusk] Loading Resource: model5.bmd (Size: 82816)
[DEBUG | dusk] Loading Resource: model.btk (Size: 864)
[DEBUG | dusk] Loading Resource: model1.btk (Size: 320)
[DEBUG | dusk] Loading Resource: model2.btk (Size: 352)
[DEBUG | dusk] Loading Resource: model4.btk (Size: 320)
[DEBUG | dusk] Loading Resource: room.dzr (Size: 41024)
[DEBUG | dusk] Loading Resource: bomb_barn.stb (Size: 2528)
[DEBUG | dusk] Loading Resource: event_list.dat (Size: 24740)
[DEBUG | dusk] Loading Resource: kakariko.stb (Size: 1588)
[DEBUG | dusk] Loading Resource: light_soul.stb (Size: 1328)
[DEBUG | dusk] Loading Resource: r00_jmup.stb (Size: 604)
[DEBUG | dusk] Loading Resource: r00_jmup2.stb (Size: 672)
[DEBUG | dusk] Loading Resource: room.kcl (Size: 808478)
[DEBUG | dusk] Loading Resource: room.plc (Size: 1696)
[DEBUG | dusk] Loading Resource: demo36_alink_cut08_fc_1_o.bck (Size: 512)
[DEBUG | dusk] Loading Resource: demo36_alink_cut09_bd_1_o.bck (Size: 26176)
[DEBUG | dusk] Loading Resource: demo36_alink_cut09_fc_1_o.bck (Size: 480)
[DEBUG | dusk] Loading Resource: demo36_alink_cut10_bd_1_o.bck (Size: 28896)
[DEBUG | dusk] Loading Resource: demo36_alink_cut10_fc_1_o.bck (Size: 2720)
[DEBUG | dusk] Loading Resource: demo36_alink_cut11_bd_1_o.bck (Size: 17568)
[DEBUG | dusk] Loading Resource: demo36_alink_cut11_fc_1_o.bck (Size: 480)
[DEBUG | dusk] Loading Resource: demo36_alink_cut13_bd_1_o.bck (Size: 15328)
[DEBUG | dusk] Loading Resource: demo36_alink_cut13_fc_1_o.bck (Size: 3008)
[DEBUG | dusk] Loading Resource: demo36_alink_cut14_bd_1_o.bck (Size: 47232)
[DEBUG | dusk] Loading Resource: demo36_alink_cut14_fc_1_o.bck (Size: 4320)
[DEBUG | dusk] Loading Resource: demo36_alink_cut15_bd_1_o.bck (Size: 24448)
[DEBUG | dusk] Loading Resource: demo36_alink_cut15_fc_1_o.bck (Size: 3264)
[DEBUG | dusk] Loading Resource: demo36_alink_cut03_fc_1_o.bck (Size: 1088)
[DEBUG | dusk] Loading Resource: demo36_horse_cut02_bd_1_o.bck (Size: 26912)
[DEBUG | dusk] Loading Resource: demo36_horse_cut04_bd_1_o.bck (Size: 31712)
[DEBUG | dusk] Loading Resource: demo36_horse_cut05_bd_1_o.bck (Size: 27872)
[DEBUG | dusk] Loading Resource: demo36_horse_cut06_bd_1_o.bck (Size: 31776)
[DEBUG | dusk] Loading Resource: demo36_horse_cut07_bd_1_o.bck (Size: 15200)
[DEBUG | dusk] Loading Resource: demo36_horse_cut09_bd_1_o.bck (Size: 19808)
[DEBUG | dusk] Loading Resource: demo36_horse_cut11_bd_1_o.bck (Size: 36224)
[DEBUG | dusk] Loading Resource: demo36_horse_cut12_bd_1_o.bck (Size: 11648)
[DEBUG | dusk] Loading Resource: demo36_horse_cut13_bd_1_o.bck (Size: 17376)
[DEBUG | dusk] Loading Resource: demo36_horse_cut14_bd_1_o.bck (Size: 50848)
[DEBUG | dusk] Loading Resource: demo36_horse_cut15_bd_1_o.bck (Size: 26112)
[DEBUG | dusk] Loading Resource: demo36_rdd01_cut04_bd_1_o.bck (Size: 22240)
[DEBUG | dusk] Loading Resource: demo36_rdd01_cut05_bd_1_o.bck (Size: 11808)
[DEBUG | dusk] Loading Resource: demo36_rdd02_cut04_bd_1_o.bck (Size: 19776)
[DEBUG | dusk] Loading Resource: demo36_rdd02_cut05_bd_1_o.bck (Size: 13536)
[DEBUG | dusk] Loading Resource: demo36_alink_cut03_bd_1_o.bck (Size: 4480)
[DEBUG | dusk] Loading Resource: demo36_alink_cut06_bd_1_o.bck (Size: 3072)
[DEBUG | dusk] Loading Resource: demo36_alink_cut06_fc_1_o.bck (Size: 512)
[DEBUG | dusk] Loading Resource: demo36_alink_cut08_bd_1_o.bck (Size: 3104)
[DEBUG | dusk] Loading Resource: demo36_alink_cut16_bd_1_o.bck (Size: 14656)
[DEBUG | dusk] Loading Resource: demo36_alink_cut16_fc_1_o.bck (Size: 480)
[DEBUG | dusk] Loading Resource: demo36_horse_cut16_bd_1_o.bck (Size: 18400)
[DEBUG | dusk] Loading Resource: demo00_link_cut00_hd_tmp.bck (Size: 1536)
[DEBUG | dusk] Loading Resource: demo36_alink_cut15_hd_1_o.bck (Size: 1536)
[DEBUG | dusk] Loading Resource: demo36_link_cut03_hd_1_o.bck (Size: 1696)
[DEBUG | dusk] Loading Resource: demo36_link_cut10_hd_1_o.bck (Size: 1952)
[DEBUG | dusk] Loading Resource: demo36_link_cut13_hd_1_o.bck (Size: 1504)
[DEBUG | dusk] Loading Resource: demo36_alink_cut06_fc_1_o.btk (Size: 352)
[DEBUG | dusk] Loading Resource: demo36_alink_cut08_fc_1_o.btk (Size: 352)
[DEBUG | dusk] Loading Resource: demo36_alink_cut09_fc_1_o.btk (Size: 320)
[DEBUG | dusk] Loading Resource: demo36_alink_cut10_fc_1_o.btk (Size: 640)
[DEBUG | dusk] Loading Resource: demo36_alink_cut11_fc_1_o.btk (Size: 320)
[DEBUG | dusk] Loading Resource: demo36_alink_cut13_fc_1_o.btk (Size: 480)
[DEBUG | dusk] Loading Resource: demo36_alink_cut14_fc_1_o.btk (Size: 320)
[DEBUG | dusk] Loading Resource: demo36_alink_cut15_fc_1_o.btk (Size: 544)
[DEBUG | dusk] Loading Resource: demo36_alink_cut03_fc_1_o.btk (Size: 480)
[DEBUG | dusk] Loading Resource: demo36_alink_cut16_fc_1_o.btk (Size: 320)
[DEBUG | dusk] Loading Resource: demo36_alink_cut06_fc_1_o.btp (Size: 512)
[DEBUG | dusk] Loading Resource: demo36_alink_cut08_fc_1_o.btp (Size: 288)
[DEBUG | dusk] Loading Resource: demo36_alink_cut09_fc_1_o.btp (Size: 320)
[DEBUG | dusk] Loading Resource: demo36_alink_cut10_fc_1_o.btp (Size: 384)
[DEBUG | dusk] Loading Resource: demo36_alink_cut11_fc_1_o.btp (Size: 576)
[DEBUG | dusk] Loading Resource: demo36_alink_cut13_fc_1_o.btp (Size: 288)
[DEBUG | dusk] Loading Resource: demo36_alink_cut14_fc_1_o.btp (Size: 512)
[DEBUG | dusk] Loading Resource: demo36_alink_cut15_fc_1_o.btp (Size: 416)
[DEBUG | dusk] Loading Resource: demo36_alink_cut03_fc_1_o.btp (Size: 320)
[DEBUG | dusk] Loading Resource: demo36_alink_cut16_fc_1_o.btp (Size: 704)
[DEBUG | dusk] Loading Resource: demo04_rd2_cut00_gp_1_o.bmd (Size: 78208)
[DEBUG | dusk] Loading Resource: demo36_01.stb (Size: 14680)
[DEBUG | dusk] Loading Resource: demo36_02.stb (Size: 1976)
[DEBUG | dusk] [DIAG] fpcSCtRq_phase_Load: procName=253 ret=4
[DEBUG | dusk] fpcSCtRq_phase_CreateProcess: procName=253
[DEBUG | dusk] fpcBs_Create: pid=436 profname=fpcNm_ALINK_e (253) profile=0x7b60565250 procSize=18784 unkSize=0
[DEBUG | dusk] fpcSCtRq_phase_CreateProcess: fpcBs_Create OK proc=0xb400007a14384bfc
[DEBUG | dusk] [DIAG] fpcSCtRq_phase_Load: procName=790 ret=4
[DEBUG | dusk] fpcSCtRq_phase_CreateProcess: procName=790
[DEBUG | dusk] fpcBs_Create: pid=437 profname=fpcNm_METER2_e (790) profile=0x7b6056c430 procSize=1504 unkSize=0
[DEBUG | dusk] fpcSCtRq_phase_CreateProcess: fpcBs_Create OK proc=0xb400007a143845fc
[DEBUG | dusk] [DIAG] fpcSCtRq_phase_Load: procName=732 ret=4
[DEBUG | dusk] fpcSCtRq_phase_CreateProcess: procName=732
[DEBUG | dusk] fpcBs_Create: pid=438 profname=fpcNm_BG_e (732) profile=0x7b605723f8 procSize=1904 unkSize=0
[DEBUG | dusk] fpcSCtRq_phase_CreateProcess: fpcBs_Create OK proc=0xb400007a14383cac
[DEBUG | dusk] [DIAG] fpcSCtRq_phase_Load: procName=696 ret=4
[DEBUG | dusk] fpcSCtRq_phase_CreateProcess: procName=696
[DEBUG | dusk] fpcBs_Create: pid=439 profname=fpcNm_KYTAG14_e (696) profile=0x7b60576e28 procSize=1640 unkSize=0
[DEBUG | dusk] fpcSCtRq_phase_CreateProcess: fpcBs_Create OK proc=0xb400007a14383624
[DEBUG | dusk] [DIAG] fpcSCtRq_phase_Load: procName=696 ret=4
[DEBUG | dusk] fpcSCtRq_phase_CreateProcess: procName=696
[DEBUG | dusk] fpcBs_Create: pid=440 profname=fpcNm_KYTAG14_e (696) profile=0x7b60576e28 procSize=1640 unkSize=0
[DEBUG | dusk] fpcSCtRq_phase_CreateProcess: fpcBs_Create OK proc=0xb400007a14382f9c
[DEBUG | dusk] [DIAG] fpcSCtRq_phase_Load: procName=784 ret=4
[DEBUG | dusk] fpcSCtRq_phase_CreateProcess: procName=784
[DEBUG | dusk] fpcBs_Create: pid=441 profname=fpcNm_GRASS_e (784) profile=0x7b60576ae8 procSize=1640 unkSize=0
[DEBUG | dusk] fpcSCtRq_phase_CreateProcess: fpcBs_Create OK proc=0xb400007a14382914
[DEBUG | dusk] [DIAG] fpcSCtRq_phase_Load: procName=784 ret=4
[DEBUG | dusk] fpcSCtRq_phase_CreateProcess: procName=784
[DEBUG | dusk] fpcBs_Create: pid=442 profname=fpcNm_GRASS_e (784) profile=0x7b60576ae8 procSize=1640 unkSize=0
[DEBUG | dusk] fpcSCtRq_phase_CreateProcess: fpcBs_Create OK proc=0xb400007a1438228c
[DEBUG | dusk] [DIAG] fpcSCtRq_phase_Load: procName=784 ret=4
[DEBUG | dusk] fpcSCtRq_phase_CreateProcess: procName=784
[DEBUG | dusk] fpcBs_Create: pid=443 profname=fpcNm_GRASS_e (784) profile=0x7b60576ae8 procSize=1640 unkSize=0
[DEBUG | dusk] fpcSCtRq_phase_CreateProcess: fpcBs_Create OK proc=0xb400007a14381c04
[DEBUG | dusk] [DIAG] fpcSCtRq_phase_Load: procName=784 ret=4
[DEBUG | dusk] fpcSCtRq_phase_CreateProcess: procName=784
[DEBUG | dusk] fpcBs_Create: pid=444 profname=fpcNm_GRASS_e (784) profile=0x7b60576ae8 procSize=1640 unkSize=0
[DEBUG | dusk] fpcSCtRq_phase_CreateProcess: fpcBs_Create OK proc=0xb400007a1438157c
[DEBUG | dusk] [DIAG] fpcSCtRq_phase_Load: procName=784 ret=4
[DEBUG | dusk] fpcSCtRq_phase_CreateProcess: procName=784
[DEBUG | dusk] fpcBs_Create: pid=445 profname=fpcNm_GRASS_e (784) profile=0x7b60576ae8 procSize=1640 unkSize=0
[DEBUG | dusk] fpcSCtRq_phase_CreateProcess: fpcBs_Create OK proc=0xb400007a1437deb8
[DEBUG | dusk] [DIAG] fpcSCtRq_phase_Load: procName=784 ret=4
[DEBUG | dusk] fpcSCtRq_phase_CreateProcess: procName=784
[DEBUG | dusk] fpcBs_Create: pid=446 profname=fpcNm_GRASS_e (784) profile=0x7b60576ae8 procSize=1640 unkSize=0
[DEBUG | dusk] fpcSCtRq_phase_CreateProcess: fpcBs_Create OK proc=0xb400007a1437d830
[DEBUG | dusk] [DIAG] fpcSCtRq_phase_Load: procName=784 ret=4
[DEBUG | dusk] fpcSCtRq_phase_CreateProcess: procName=784
[DEBUG | dusk] fpcBs_Create: pid=447 profname=fpcNm_GRASS_e (784) profile=0x7b60576ae8 procSize=1640 unkSize=0
[DEBUG | dusk] fpcSCtRq_phase_CreateProcess: fpcBs_Create OK proc=0xb400007a1437d1a8
[DEBUG | dusk] [DIAG] fpcSCtRq_phase_Load: procName=784 ret=4
[DEBUG | dusk] fpcSCtRq_phase_CreateProcess: procName=784
[DEBUG | dusk] fpcBs_Create: pid=448 profname=fpcNm_GRASS_e (784) profile=0x7b60576ae8 procSize=1640 unkSize=0
[DEBUG | dusk] fpcSCtRq_phase_CreateProcess: fpcBs_Create OK proc=0xb400007a1437cb20
[DEBUG | dusk] [DIAG] fpcSCtRq_phase_Load: procName=784 ret=4
[DEBUG | dusk] fpcSCtRq_phase_CreateProcess: procName=784
[DEBUG | dusk] fpcBs_Create: pid=449 profname=fpcNm_GRASS_e (784) profile=0x7b60576ae8 procSize=1640 unkSize=0
[DEBUG | dusk] fpcSCtRq_phase_CreateProcess: fpcBs_Create OK proc=0xb400007a1437c498
[DEBUG | dusk] [DIAG] fpcSCtRq_phase_Load: procName=784 ret=4
[DEBUG | dusk] fpcSCtRq_phase_CreateProcess: procName=784
[DEBUG | dusk] fpcBs_Create: pid=450 profname=fpcNm_GRASS_e (784) profile=0x7b60576ae8 procSize=1640 unkSize=0
[DEBUG | dusk] fpcSCtRq_phase_CreateProcess: fpcBs_Create OK proc=0xb400007a1437be10
[DEBUG | dusk] [DIAG] fpcSCtRq_phase_Load: procName=784 ret=4
[DEBUG | dusk] fpcSCtRq_phase_CreateProcess: procName=784
[DEBUG | dusk] fpcBs_Create: pid=451 profname=fpcNm_GRASS_e (784) profile=0x7b60576ae8 procSize=1640 unkSize=0
[DEBUG | dusk] fpcSCtRq_phase_CreateProcess: fpcBs_Create OK proc=0xb400007a1437b788
[DEBUG | dusk] [DIAG] fpcSCtRq_phase_Load: procName=784 ret=4
[DEBUG | dusk] fpcSCtRq_phase_CreateProcess: procName=784
[DEBUG | dusk] fpcBs_Create: pid=452 profname=fpcNm_GRASS_e (784) profile=0x7b60576ae8 procSize=1640 unkSize=0
[DEBUG | dusk] fpcSCtRq_phase_CreateProcess: fpcBs_Create OK proc=0xb400007a1437b100
[DEBUG | dusk] [DIAG] fpcSCtRq_phase_Load: procName=784 ret=4
[DEBUG | dusk] fpcSCtRq_phase_CreateProcess: procName=784
[DEBUG | dusk] fpcBs_Create: pid=453 profname=fpcNm_GRASS_e (784) profile=0x7b60576ae8 procSize=1640 unkSize=0
[DEBUG | dusk] fpcSCtRq_phase_CreateProcess: fpcBs_Create OK proc=0xb400007a1437aa78
[DEBUG | dusk] [DIAG] fpcSCtRq_phase_Load: procName=784 ret=4
[DEBUG | dusk] fpcSCtRq_phase_CreateProcess: procName=784
[DEBUG | dusk] fpcBs_Create: pid=454 profname=fpcNm_GRASS_e (784) profile=0x7b60576ae8 procSize=1640 unkSize=0
[DEBUG | dusk] fpcSCtRq_phase_CreateProcess: fpcBs_Create OK proc=0xb400007a1437a3f0
[DEBUG | dusk] [DIAG] fpcSCtRq_phase_Load: procName=784 ret=4
[DEBUG | dusk] fpcSCtRq_phase_CreateProcess: procName=784
[DEBUG | dusk] fpcBs_Create: pid=455 profname=fpcNm_GRASS_e (784) profile=0x7b60576ae8 procSize=1640 unkSize=0
[DEBUG | dusk] fpcSCtRq_phase_CreateProcess: fpcBs_Create OK proc=0xb400007a14379d68
[DEBUG | dusk] [DIAG] fpcSCtRq_phase_Load: procName=784 ret=4
[DEBUG | dusk] fpcSCtRq_phase_CreateProcess: procName=784
[DEBUG | dusk] fpcBs_Create: pid=456 profname=fpcNm_GRASS_e (784) profile=0x7b60576ae8 procSize=1640 unkSize=0
[DEBUG | dusk] fpcSCtRq_phase_CreateProcess: fpcBs_Create OK proc=0xb400007a143796e0
[DEBUG | dusk] [DIAG] fpcSCtRq_phase_Load: procName=784 ret=4
[DEBUG | dusk] fpcSCtRq_phase_CreateProcess: procName=784
[DEBUG | dusk] fpcBs_Create: pid=457 profname=fpcNm_GRASS_e (784) profile=0x7b60576ae8 procSize=1640 unkSize=0
[DEBUG | dusk] fpcSCtRq_phase_CreateProcess: fpcBs_Create OK proc=0xb400007a14379058
[DEBUG | dusk] [DIAG] fpcSCtRq_phase_Load: procName=784 ret=4
[DEBUG | dusk] fpcSCtRq_phase_CreateProcess: procName=784
[DEBUG | dusk] fpcBs_Create: pid=458 profname=fpcNm_GRASS_e (784) profile=0x7b60576ae8 procSize=1640 unkSize=0
[DEBUG | dusk] fpcSCtRq_phase_CreateProcess: fpcBs_Create OK proc=0xb400007a143789d0
[DEBUG | dusk] [DIAG] fpcSCtRq_phase_Load: procName=784 ret=4
[DEBUG | dusk] fpcSCtRq_phase_CreateProcess: procName=784
[DEBUG | dusk] fpcBs_Create: pid=459 profname=fpcNm_GRASS_e (784) profile=0x7b60576ae8 procSize=1640 unkSize=0
[DEBUG | dusk] fpcSCtRq_phase_CreateProcess: fpcBs_Create OK proc=0xb400007a14378348
[DEBUG | dusk] [DIAG] fpcSCtRq_phase_Load: procName=784 ret=4
[DEBUG | dusk] fpcSCtRq_phase_CreateProcess: procName=784
[DEBUG | dusk] fpcBs_Create: pid=460 profname=fpcNm_GRASS_e (784) profile=0x7b60576ae8 procSize=1640 unkSize=0
[DEBUG | dusk] fpcSCtRq_phase_CreateProcess: fpcBs_Create OK proc=0xb400007a14377cc0
[DEBUG | dusk] [DIAG] fpcSCtRq_phase_Load: procName=784 ret=4
[DEBUG | dusk] fpcSCtRq_phase_CreateProcess: procName=784
[DEBUG | dusk] fpcBs_Create: pid=461 profname=fpcNm_GRASS_e (784) profile=0x7b60576ae8 procSize=1640 unkSize=0
[DEBUG | dusk] fpcSCtRq_phase_CreateProcess: fpcBs_Create OK proc=0xb400007a14377638
[DEBUG | dusk] [DIAG] fpcSCtRq_phase_Load: procName=784 ret=4
[DEBUG | dusk] fpcSCtRq_phase_CreateProcess: procName=784
[DEBUG | dusk] fpcBs_Create: pid=462 profname=fpcNm_GRASS_e (784) profile=0x7b60576ae8 procSize=1640 unkSize=0
[DEBUG | dusk] fpcSCtRq_phase_CreateProcess: fpcBs_Create OK proc=0xb400007a14376fb0
[DEBUG | dusk] [DIAG] fpcSCtRq_phase_Load: procName=784 ret=4
[DEBUG | dusk] fpcSCtRq_phase_CreateProcess: procName=784
[DEBUG | dusk] fpcBs_Create: pid=463 profname=fpcNm_GRASS_e (784) profile=0x7b60576ae8 procSize=1640 unkSize=0
[DEBUG | dusk] fpcSCtRq_phase_CreateProcess: fpcBs_Create OK proc=0xb400007a14376928
[DEBUG | dusk] [DIAG] fpcSCtRq_phase_Load: procName=696 ret=4
[DEBUG | dusk] fpcSCtRq_phase_CreateProcess: procName=696
[DEBUG | dusk] fpcBs_Create: pid=464 profname=fpcNm_KYTAG14_e (696) profile=0x7b60576e28 procSize=1640 unkSize=0
[DEBUG | dusk] fpcSCtRq_phase_CreateProcess: fpcBs_Create OK proc=0xb400007a143762a0
[DEBUG | dusk] [DIAG] fpcSCtRq_phase_Load: procName=696 ret=4
[DEBUG | dusk] fpcSCtRq_phase_CreateProcess: procName=696
[DEBUG | dusk] fpcBs_Create: pid=465 profname=fpcNm_KYTAG14_e (696) profile=0x7b60576e28 procSize=1640 unkSize=0
[DEBUG | dusk] fpcSCtRq_phase_CreateProcess: fpcBs_Create OK proc=0xb400007a14375c18
[DEBUG | dusk] [DIAG] fpcSCtRq_phase_Load: procName=561 ret=4
[DEBUG | dusk] fpcSCtRq_phase_CreateProcess: procName=561
[DEBUG | dusk] fpcBs_Create: pid=466 profname=fpcNm_ANDSW2_e (561) profile=0x7b60575e70 procSize=1632 unkSize=0
[DEBUG | dusk] fpcSCtRq_phase_CreateProcess: fpcBs_Create OK proc=0xb400007a14375598
[DEBUG | dusk] [DIAG] fpcSCtRq_phase_Load: procName=784 ret=4
[DEBUG | dusk] fpcSCtRq_phase_CreateProcess: procName=784
[DEBUG | dusk] fpcBs_Create: pid=467 profname=fpcNm_GRASS_e (784) profile=0x7b60576ae8 procSize=1640 unkSize=0
[DEBUG | dusk] fpcSCtRq_phase_CreateProcess: fpcBs_Create OK proc=0xb400007a14374f10
[DEBUG | dusk] [DIAG] fpcSCtRq_phase_Load: procName=784 ret=4
[DEBUG | dusk] fpcSCtRq_phase_CreateProcess: procName=784
[DEBUG | dusk] fpcBs_Create: pid=468 profname=fpcNm_GRASS_e (784) profile=0x7b60576ae8 procSize=1640 unkSize=0
[DEBUG | dusk] fpcSCtRq_phase_CreateProcess: fpcBs_Create OK proc=0xb400007a14374888
[DEBUG | dusk] [DIAG] fpcSCtRq_phase_Load: procName=784 ret=4
[DEBUG | dusk] fpcSCtRq_phase_CreateProcess: procName=784
[DEBUG | dusk] fpcBs_Create: pid=469 profname=fpcNm_GRASS_e (784) profile=0x7b60576ae8 procSize=1640 unkSize=0
[DEBUG | dusk] fpcSCtRq_phase_CreateProcess: fpcBs_Create OK proc=0xb400007a14374200
[DEBUG | dusk] [DIAG] fpcSCtRq_phase_Load: procName=784 ret=4
[DEBUG | dusk] fpcSCtRq_phase_CreateProcess: procName=784
[DEBUG | dusk] fpcBs_Create: pid=470 profname=fpcNm_GRASS_e (784) profile=0x7b60576ae8 procSize=1640 unkSize=0
[DEBUG | dusk] fpcSCtRq_phase_CreateProcess: fpcBs_Create OK proc=0xb400007a14373b78
[DEBUG | dusk] [DIAG] fpcSCtRq_phase_Load: procName=561 ret=4
[DEBUG | dusk] fpcSCtRq_phase_CreateProcess: procName=561
[DEBUG | dusk] fpcBs_Create: pid=471 profname=fpcNm_ANDSW2_e (561) profile=0x7b60575e70 procSize=1632 unkSize=0
[DEBUG | dusk] fpcSCtRq_phase_CreateProcess: fpcBs_Create OK proc=0xb400007a143734f8
[DEBUG | dusk] [DIAG] fpcSCtRq_phase_Load: procName=733 ret=4
[DEBUG | dusk] fpcSCtRq_phase_CreateProcess: procName=733
[DEBUG | dusk] fpcBs_Create: pid=472 profname=fpcNm_SET_BG_OBJ_e (733) profile=0x7b60573f08 procSize=1664 unkSize=0
[DEBUG | dusk] fpcSCtRq_phase_CreateProcess: fpcBs_Create OK proc=0xb400007a14372e58
[DEBUG | dusk] [DIAG] fpcSCtRq_phase_Load: procName=733 ret=4
[DEBUG | dusk] fpcSCtRq_phase_CreateProcess: procName=733
[DEBUG | dusk] fpcBs_Create: pid=473 profname=fpcNm_SET_BG_OBJ_e (733) profile=0x7b60573f08 procSize=1664 unkSize=0
[DEBUG | dusk] fpcSCtRq_phase_CreateProcess: fpcBs_Create OK proc=0xb400007a143727b8
[DEBUG | dusk] [DIAG] fpcSCtRq_phase_Load: procName=733 ret=4
[DEBUG | dusk] fpcSCtRq_phase_CreateProcess: procName=733
[DEBUG | dusk] fpcBs_Create: pid=474 profname=fpcNm_SET_BG_OBJ_e (733) profile=0x7b60573f08 procSize=1664 unkSize=0
[DEBUG | dusk] fpcSCtRq_phase_CreateProcess: fpcBs_Create OK proc=0xb400007a14372118
[DEBUG | dusk] [DIAG] fpcSCtRq_phase_Load: procName=543 ret=4
[DEBUG | dusk] fpcSCtRq_phase_CreateProcess: procName=543
[DEBUG | dusk] fpcBs_Create: pid=475 profname=fpcNm_Obj_Drop_e (543) profile=0x7b605977e8 procSize=3616 unkSize=0
[DEBUG | dusk] fpcSCtRq_phase_CreateProcess: fpcBs_Create OK proc=0xb400007a143712d8
[DEBUG | dusk] [DIAG] fpcSCtRq_phase_Load: procName=543 ret=4
[DEBUG | dusk] fpcSCtRq_phase_CreateProcess: procName=543
[DEBUG | dusk] fpcBs_Create: pid=476 profname=fpcNm_Obj_Drop_e (543) profile=0x7b605977e8 procSize=3616 unkSize=0
[DEBUG | dusk] fpcSCtRq_phase_CreateProcess: fpcBs_Create OK proc=0xb400007a14370498
[DEBUG | dusk] [DIAG] fpcSCtRq_phase_Load: procName=543 ret=4
[DEBUG | dusk] fpcSCtRq_phase_CreateProcess: procName=543
[DEBUG | dusk] fpcBs_Create: pid=477 profname=fpcNm_Obj_Drop_e (543) profile=0x7b605977e8 procSize=3616 unkSize=0
[DEBUG | dusk] fpcSCtRq_phase_CreateProcess: fpcBs_Create OK proc=0xb400007a1436f658
[DEBUG | dusk] [DIAG] fpcSCtRq_phase_Load: procName=251 ret=4
[DEBUG | dusk] fpcSCtRq_phase_CreateProcess: procName=251
[DEBUG | dusk] fpcBs_Create: pid=478 profname=fpcNm_TBOX_e (251) profile=0x7b60574d80 procSize=3328 unkSize=0
[DEBUG | dusk] fpcSCtRq_phase_CreateProcess: fpcBs_Create OK proc=0xb400007a1436e938
[DEBUG | dusk] [DIAG] fpcSCtRq_phase_Load: procName=251 ret=4
[DEBUG | dusk] fpcSCtRq_phase_CreateProcess: procName=251
[DEBUG | dusk] fpcBs_Create: pid=479 profname=fpcNm_TBOX_e (251) profile=0x7b60574d80 procSize=3328 unkSize=0
[DEBUG | dusk] fpcSCtRq_phase_CreateProcess: fpcBs_Create OK proc=0xb400007a1436dc18
[DEBUG | dusk] [DIAG] fpcSCtRq_phase_Load: procName=780 ret=4
[DEBUG | dusk] fpcSCtRq_phase_CreateProcess: procName=780
[DEBUG | dusk] fpcBs_Create: pid=480 profname=fpcNm_SCENE_EXIT_e (780) profile=0x7b60573e48 procSize=1680 unkSize=0
[DEBUG | dusk] fpcSCtRq_phase_CreateProcess: fpcBs_Create OK proc=0xb400007a1436d568
[DEBUG | dusk] [DIAG] fpcSCtRq_phase_Load: procName=780 ret=4
[DEBUG | dusk] fpcSCtRq_phase_CreateProcess: procName=780
[DEBUG | dusk] fpcBs_Create: pid=481 profname=fpcNm_SCENE_EXIT_e (780) profile=0x7b60573e48 procSize=1680 unkSize=0
[DEBUG | dusk] fpcSCtRq_phase_CreateProcess: fpcBs_Create OK proc=0xb400007a1436ceb8
[DEBUG | dusk] [DIAG] fpcSCtRq_phase_Load: procName=719 ret=4
[DEBUG | dusk] fpcSCtRq_phase_CreateProcess: procName=719
[DEBUG | dusk] fpcBs_Create: pid=482 profname=fpcNm_TAG_CAMERA_e (719) profile=0x7b60574260 procSize=1672 unkSize=0
[DEBUG | dusk] fpcSCtRq_phase_CreateProcess: fpcBs_Create OK proc=0xb400007a1436c810
[DEBUG | dusk] [DIAG] fpcSCtRq_phase_Load: procName=234 ret=4
[DEBUG | dusk] fpcSCtRq_phase_CreateProcess: procName=234
[DEBUG | dusk] fpcBs_Create: pid=483 profname=fpcNm_Tag_Hjump_e (234) profile=0x7b6057ba30 procSize=1728 unkSize=0
[DEBUG | dusk] fpcSCtRq_phase_CreateProcess: fpcBs_Create OK proc=0xb400007a1436c130
[DEBUG | dusk] [DIAG] fpcSCtRq_phase_Load: procName=719 ret=4
[DEBUG | dusk] fpcSCtRq_phase_CreateProcess: procName=719
[DEBUG | dusk] fpcBs_Create: pid=484 profname=fpcNm_TAG_CAMERA_e (719) profile=0x7b60574260 procSize=1672 unkSize=0
[DEBUG | dusk] fpcSCtRq_phase_CreateProcess: fpcBs_Create OK proc=0xb400007a1436ba88
[DEBUG | dusk] [DIAG] fpcSCtRq_phase_Load: procName=780 ret=4
[DEBUG | dusk] fpcSCtRq_phase_CreateProcess: procName=780
[DEBUG | dusk] fpcBs_Create: pid=485 profname=fpcNm_SCENE_EXIT_e (780) profile=0x7b60573e48 procSize=1680 unkSize=0
[DEBUG | dusk] fpcSCtRq_phase_CreateProcess: fpcBs_Create OK proc=0xb400007a1436b3d8
[DEBUG | dusk] [DIAG] fpcSCtRq_phase_Load: procName=747 ret=4
[DEBUG | dusk] fpcSCtRq_phase_CreateProcess: procName=747
[DEBUG | dusk] fpcBs_Create: pid=486 profname=fpcNm_TAG_KMSG_e (747) profile=0x7b60574828 procSize=1768 unkSize=0
[DEBUG | dusk] fpcSCtRq_phase_CreateProcess: fpcBs_Create OK proc=0xb400007a1438f33c
[DEBUG | dusk] [DIAG] fpcSCtRq_phase_Load: procName=747 ret=4
[DEBUG | dusk] fpcSCtRq_phase_CreateProcess: procName=747
[DEBUG | dusk] fpcBs_Create: pid=487 profname=fpcNm_TAG_KMSG_e (747) profile=0x7b60574828 procSize=1768 unkSize=0
[DEBUG | dusk] fpcSCtRq_phase_CreateProcess: fpcBs_Create OK proc=0xb400007a1436acd0
[DEBUG | dusk] [DIAG] fpcSCtRq_phase_Load: procName=747 ret=4
[DEBUG | dusk] fpcSCtRq_phase_CreateProcess: procName=747
[DEBUG | dusk] fpcBs_Create: pid=488 profname=fpcNm_TAG_KMSG_e (747) profile=0x7b60574828 procSize=1768 unkSize=0
[DEBUG | dusk] fpcSCtRq_phase_CreateProcess: fpcBs_Create OK proc=0xb400007a1436a5c8
[DEBUG | dusk] [DIAG] fpcSCtRq_phase_Load: procName=747 ret=4
[DEBUG | dusk] fpcSCtRq_phase_CreateProcess: procName=747
[DEBUG | dusk] fpcBs_Create: pid=489 profname=fpcNm_TAG_KMSG_e (747) profile=0x7b60574828 procSize=1768 unkSize=0
[DEBUG | dusk] fpcSCtRq_phase_CreateProcess: fpcBs_Create OK proc=0xb400007a14369ec0
[DEBUG | dusk] [DIAG] fpcSCtRq_phase_Load: procName=747 ret=4
[DEBUG | dusk] fpcSCtRq_phase_CreateProcess: procName=747
[DEBUG | dusk] fpcBs_Create: pid=490 profname=fpcNm_TAG_KMSG_e (747) profile=0x7b60574828 procSize=1768 unkSize=0
[DEBUG | dusk] fpcSCtRq_phase_CreateProcess: fpcBs_Create OK proc=0xb400007a143697b8
[DEBUG | dusk] [DIAG] fpcSCtRq_phase_Load: procName=747 ret=4
[DEBUG | dusk] fpcSCtRq_phase_CreateProcess: procName=747
[DEBUG | dusk] fpcBs_Create: pid=491 profname=fpcNm_TAG_KMSG_e (747) profile=0x7b60574828 procSize=1768 unkSize=0
[DEBUG | dusk] fpcSCtRq_phase_CreateProcess: fpcBs_Create OK proc=0xb400007a143690b0
[DEBUG | dusk] [DIAG] fpcSCtRq_phase_Load: procName=747 ret=4
[DEBUG | dusk] fpcSCtRq_phase_CreateProcess: procName=747
[DEBUG | dusk] fpcBs_Create: pid=492 profname=fpcNm_TAG_KMSG_e (747) profile=0x7b60574828 procSize=1768 unkSize=0
[DEBUG | dusk] fpcSCtRq_phase_CreateProcess: fpcBs_Create OK proc=0xb400007a1438ec34
[DEBUG | dusk] [DIAG] fpcSCtRq_phase_Load: procName=721 ret=4
[DEBUG | dusk] fpcSCtRq_phase_CreateProcess: procName=721
[DEBUG | dusk] fpcBs_Create: pid=493 profname=fpcNm_TAG_EVENT_e (721) profile=0x7b60574480 procSize=1640 unkSize=0
[DEBUG | dusk] fpcSCtRq_phase_CreateProcess: fpcBs_Create OK proc=0xb400007a14368a28
[DEBUG | dusk] [DIAG] fpcSCtRq_phase_Load: procName=549 ret=4
[DEBUG | dusk] fpcSCtRq_phase_CreateProcess: procName=549
[DEBUG | dusk] fpcBs_Create: pid=494 profname=fpcNm_SWC00_e (549) profile=0x7b6057b4d0 procSize=1664 unkSize=0
[DEBUG | dusk] fpcSCtRq_phase_CreateProcess: fpcBs_Create OK proc=0xb400007a14368388
[DEBUG | dusk] [DIAG] fpcSCtRq_phase_Load: procName=549 ret=4
[DEBUG | dusk] fpcSCtRq_phase_CreateProcess: procName=549
[DEBUG | dusk] fpcBs_Create: pid=495 profname=fpcNm_SWC00_e (549) profile=0x7b6057b4d0 procSize=1664 unkSize=0
[DEBUG | dusk] fpcSCtRq_phase_CreateProcess: fpcBs_Create OK proc=0xb400007a14367ce8
[DEBUG | dusk] [DIAG] fpcSCtRq_phase_Load: procName=549 ret=4
[DEBUG | dusk] fpcSCtRq_phase_CreateProcess: procName=549
[DEBUG | dusk] fpcBs_Create: pid=496 profname=fpcNm_SWC00_e (549) profile=0x7b6057b4d0 procSize=1664 unkSize=0
[DEBUG | dusk] fpcSCtRq_phase_CreateProcess: fpcBs_Create OK proc=0xb400007a14367648
[DEBUG | dusk] [DIAG] fpcSCtRq_phase_Load: procName=549 ret=4
[DEBUG | dusk] fpcSCtRq_phase_CreateProcess: procName=549
[DEBUG | dusk] fpcBs_Create: pid=497 profname=fpcNm_SWC00_e (549) profile=0x7b6057b4d0 procSize=1664 unkSize=0
[DEBUG | dusk] fpcSCtRq_phase_CreateProcess: fpcBs_Create OK proc=0xb400007a14366fa8
[DEBUG | dusk] [DIAG] fpcSCtRq_phase_Load: procName=550 ret=4
[DEBUG | dusk] fpcSCtRq_phase_CreateProcess: procName=550
[DEBUG | dusk] fpcBs_Create: pid=498 profname=fpcNm_KNOB20_e (550) profile=0x7b605728a0 procSize=1888 unkSize=0
[DEBUG | dusk] fpcSCtRq_phase_CreateProcess: fpcBs_Create OK proc=0xb400007a14366828
[DEBUG | dusk] [DIAG] fpcSCtRq_phase_Load: procName=550 ret=4
[DEBUG | dusk] fpcSCtRq_phase_CreateProcess: procName=550
[DEBUG | dusk] fpcBs_Create: pid=499 profname=fpcNm_KNOB20_e (550) profile=0x7b605728a0 procSize=1888 unkSize=0
[DEBUG | dusk] fpcSCtRq_phase_CreateProcess: fpcBs_Create OK proc=0xb400007a143660a8
[DEBUG | dusk] [DIAG] fpcSCtRq_phase_Load: procName=550 ret=4
[DEBUG | dusk] fpcSCtRq_phase_CreateProcess: procName=550
[DEBUG | dusk] fpcBs_Create: pid=500 profname=fpcNm_KNOB20_e (550) profile=0x7b605728a0 procSize=1888 unkSize=0
[DEBUG | dusk] fpcSCtRq_phase_CreateProcess: fpcBs_Create OK proc=0xb400007a14365928
[DEBUG | dusk] [DIAG] fpcSCtRq_phase_Load: procName=550 ret=4
[DEBUG | dusk] fpcSCtRq_phase_CreateProcess: procName=550
[DEBUG | dusk] fpcBs_Create: pid=501 profname=fpcNm_KNOB20_e (550) profile=0x7b605728a0 procSize=1888 unkSize=0
[DEBUG | dusk] fpcSCtRq_phase_CreateProcess: fpcBs_Create OK proc=0xb400007a143651a8
[DEBUG | dusk] [DIAG] fpcSCtRq_phase_Load: procName=550 ret=4
[DEBUG | dusk] fpcSCtRq_phase_CreateProcess: procName=550
[DEBUG | dusk] fpcBs_Create: pid=502 profname=fpcNm_KNOB20_e (550) profile=0x7b605728a0 procSize=1888 unkSize=0
[DEBUG | dusk] fpcSCtRq_phase_CreateProcess: fpcBs_Create OK proc=0xb400007a14364a28
[DEBUG | dusk] [DIAG] fpcSCtRq_phase_Load: procName=550 ret=4
[DEBUG | dusk] fpcSCtRq_phase_CreateProcess: procName=550
[DEBUG | dusk] fpcBs_Create: pid=503 profname=fpcNm_KNOB20_e (550) profile=0x7b605728a0 procSize=1888 unkSize=0
[DEBUG | dusk] fpcSCtRq_phase_CreateProcess: fpcBs_Create OK proc=0xb400007a143642a8
[DEBUG | dusk] [DIAG] fpcSCtRq_phase_Load: procName=550 ret=4
[DEBUG | dusk] fpcSCtRq_phase_CreateProcess: procName=550
[DEBUG | dusk] fpcBs_Create: pid=504 profname=fpcNm_KNOB20_e (550) profile=0x7b605728a0 procSize=1888 unkSize=0
[DEBUG | dusk] fpcSCtRq_phase_CreateProcess: fpcBs_Create OK proc=0xb400007a14363b28
[DEBUG | dusk] [DIAG] fpcSCtRq_phase_Load: procName=550 ret=4
[DEBUG | dusk] fpcSCtRq_phase_CreateProcess: procName=550
[DEBUG | dusk] fpcBs_Create: pid=505 profname=fpcNm_KNOB20_e (550) profile=0x7b605728a0 procSize=1888 unkSize=0
[DEBUG | dusk] fpcSCtRq_phase_CreateProcess: fpcBs_Create OK proc=0xb400007a143633a8
[DEBUG | dusk] [DIAG] fpcSCtRq_phase_Load: procName=550 ret=4
[DEBUG | dusk] fpcSCtRq_phase_CreateProcess: procName=550
[DEBUG | dusk] fpcBs_Create: pid=506 profname=fpcNm_KNOB20_e (550) profile=0x7b605728a0 procSize=1888 unkSize=0
[DEBUG | dusk] fpcSCtRq_phase_CreateProcess: fpcBs_Create OK proc=0xb400007a14362c28
[DEBUG | dusk] [DIAG] fpcSCtRq_phase_Load: procName=550 ret=4
[DEBUG | dusk] fpcSCtRq_phase_CreateProcess: procName=550
[DEBUG | dusk] fpcBs_Create: pid=507 profname=fpcNm_KNOB20_e (550) profile=0x7b605728a0 procSize=1888 unkSize=0
[DEBUG | dusk] fpcSCtRq_phase_CreateProcess: fpcBs_Create OK proc=0xb400007a143624a8
[DEBUG | dusk] [DIAG] fpcSCtRq_phase_Load: procName=550 ret=4
[DEBUG | dusk] fpcSCtRq_phase_CreateProcess: procName=550
[DEBUG | dusk] fpcBs_Create: pid=508 profname=fpcNm_KNOB20_e (550) profile=0x7b605728a0 procSize=1888 unkSize=0
[DEBUG | dusk] fpcSCtRq_phase_CreateProcess: fpcBs_Create OK proc=0xb400007a14361d28
[DEBUG | dusk] [DIAG] fpcSCtRq_phase_Load: procName=721 ret=4
[DEBUG | dusk] fpcSCtRq_phase_CreateProcess: procName=721
[DEBUG | dusk] fpcBs_Create: pid=509 profname=fpcNm_TAG_EVENT_e (721) profile=0x7b60574480 procSize=1640 unkSize=0
[DEBUG | dusk] fpcSCtRq_phase_CreateProcess: fpcBs_Create OK proc=0xb400007a1438e5ac
[DEBUG | dusk] [DIAG] fpcSCtRq_phase_Load: procName=708 ret=4
[DEBUG | dusk] fpcSCtRq_phase_CreateProcess: procName=708
[DEBUG | dusk] fpcBs_Create: pid=510 profname=fpcNm_Tag_Mstop_e (708) profile=0x7b6057bde8 procSize=1768 unkSize=0
[DEBUG | dusk] fpcSCtRq_phase_CreateProcess: fpcBs_Create OK proc=0xb400007a14361620
[DEBUG | dusk] [DIAG] fpcSCtRq_phase_Load: procName=708 ret=4
[DEBUG | dusk] fpcSCtRq_phase_CreateProcess: procName=708
[DEBUG | dusk] fpcBs_Create: pid=511 profname=fpcNm_Tag_Mstop_e (708) profile=0x7b6057bde8 procSize=1768 unkSize=0
[DEBUG | dusk] fpcSCtRq_phase_CreateProcess: fpcBs_Create OK proc=0xb400007a14360f18
[DEBUG | dusk] [DIAG] fpcSCtRq_phase_Load: procName=705 ret=4
[DEBUG | dusk] fpcSCtRq_phase_CreateProcess: procName=705
[DEBUG | dusk] fpcBs_Create: pid=512 profname=fpcNm_Tag_Mhint_e (705) profile=0x7b6057bd30 procSize=1768 unkSize=0
[DEBUG | dusk] fpcSCtRq_phase_CreateProcess: fpcBs_Create OK proc=0xb400007a14360810
[DEBUG | dusk] [DIAG] fpcSCtRq_phase_Load: procName=708 ret=4
[DEBUG | dusk] fpcSCtRq_phase_CreateProcess: procName=708
[DEBUG | dusk] fpcBs_Create: pid=513 profname=fpcNm_Tag_Mstop_e (708) profile=0x7b6057bde8 procSize=1768 unkSize=0
[DEBUG | dusk] fpcSCtRq_phase_CreateProcess: fpcBs_Create OK proc=0xb400007a14360108
[DEBUG | dusk] [DIAG] fpcSCtRq_phase_Load: procName=708 ret=4
[DEBUG | dusk] fpcSCtRq_phase_CreateProcess: procName=708
[DEBUG | dusk] fpcBs_Create: pid=514 profname=fpcNm_Tag_Mstop_e (708) profile=0x7b6057bde8 procSize=1768 unkSize=0
[DEBUG | dusk] fpcSCtRq_phase_CreateProcess: fpcBs_Create OK proc=0xb400007a1435fa00
[DEBUG | dusk] [DIAG] fpcSCtRq_phase_Load: procName=708 ret=4
[DEBUG | dusk] fpcSCtRq_phase_CreateProcess: procName=708
[DEBUG | dusk] fpcBs_Create: pid=515 profname=fpcNm_Tag_Mstop_e (708) profile=0x7b6057bde8 procSize=1768 unkSize=0
[DEBUG | dusk] fpcSCtRq_phase_CreateProcess: fpcBs_Create OK proc=0xb400007a1435f2f8
[DEBUG | dusk] [DIAG] fpcSCtRq_phase_Load: procName=549 ret=4
[DEBUG | dusk] fpcSCtRq_phase_CreateProcess: procName=549
[DEBUG | dusk] fpcBs_Create: pid=516 profname=fpcNm_SWC00_e (549) profile=0x7b6057b4d0 procSize=1664 unkSize=0
[DEBUG | dusk] fpcSCtRq_phase_CreateProcess: fpcBs_Create OK proc=0xb400007a1438d15c
[DEBUG | dusk] [DIAG] fpcSCtRq_phase_Load: procName=682 ret=4
[DEBUG | dusk] fpcSCtRq_phase_CreateProcess: procName=682
[DEBUG | dusk] fpcBs_Create: pid=517 profname=fpcNm_KYTAG00_e (682) profile=0x7b60572e70 procSize=1664 unkSize=0
[DEBUG | dusk] fpcSCtRq_phase_CreateProcess: fpcBs_Create OK proc=0xb400007a1435ec58
[DEBUG | dusk] [DIAG] fpcSCtRq_phase_Load: procName=682 ret=4
[DEBUG | dusk] fpcSCtRq_phase_CreateProcess: procName=682
[DEBUG | dusk] fpcBs_Create: pid=518 profname=fpcNm_KYTAG00_e (682) profile=0x7b60572e70 procSize=1664 unkSize=0
[DEBUG | dusk] fpcSCtRq_phase_CreateProcess: fpcBs_Create OK proc=0xb400007a1435e5b8
[DEBUG | dusk] [DIAG] fpcSCtRq_phase_Load: procName=719 ret=4
[DEBUG | dusk] fpcSCtRq_phase_CreateProcess: procName=719
[DEBUG | dusk] fpcBs_Create: pid=519 profname=fpcNm_TAG_CAMERA_e (719) profile=0x7b60574260 procSize=1672 unkSize=0
[DEBUG | dusk] fpcSCtRq_phase_CreateProcess: fpcBs_Create OK proc=0xb400007a1435df10
[DEBUG | dusk] [DIAG] fpcSCtRq_phase_Load: procName=708 ret=4
[DEBUG | dusk] fpcSCtRq_phase_CreateProcess: procName=708
[DEBUG | dusk] fpcBs_Create: pid=520 profname=fpcNm_Tag_Mstop_e (708) profile=0x7b6057bde8 procSize=1768 unkSize=0
[DEBUG | dusk] fpcSCtRq_phase_CreateProcess: fpcBs_Create OK proc=0xb400007a1435d808
[DEBUG | dusk] [DIAG] fpcSCtRq_phase_Load: procName=719 ret=4
[DEBUG | dusk] fpcSCtRq_phase_CreateProcess: procName=719
[DEBUG | dusk] fpcBs_Create: pid=521 profname=fpcNm_TAG_CAMERA_e (719) profile=0x7b60574260 procSize=1672 unkSize=0
[DEBUG | dusk] fpcSCtRq_phase_CreateProcess: fpcBs_Create OK proc=0xb400007a1438cab4
[DEBUG | dusk] [DIAG] fpcSCtRq_phase_Load: procName=429 ret=4
[DEBUG | dusk] fpcSCtRq_phase_CreateProcess: procName=429
[DEBUG | dusk] fpcBs_Create: pid=522 profname=fpcNm_Tag_Spring_e (429) profile=0x7b6057bea0 procSize=1632 unkSize=0
[DEBUG | dusk] fpcSCtRq_phase_CreateProcess: fpcBs_Create OK proc=0xb400007a1435d188
[DEBUG | dusk] [DIAG] fpcSCtRq_phase_Load: procName=705 ret=4
[DEBUG | dusk] fpcSCtRq_phase_CreateProcess: procName=705
[DEBUG | dusk] fpcBs_Create: pid=523 profname=fpcNm_Tag_Mhint_e (705) profile=0x7b6057bd30 procSize=1768 unkSize=0
[DEBUG | dusk] fpcSCtRq_phase_CreateProcess: fpcBs_Create OK proc=0xb400007a1435ca80
[DEBUG | dusk] [DIAG] fpcSCtRq_phase_Load: procName=705 ret=4
[DEBUG | dusk] fpcSCtRq_phase_CreateProcess: procName=705
[DEBUG | dusk] fpcBs_Create: pid=524 profname=fpcNm_Tag_Mhint_e (705) profile=0x7b6057bd30 procSize=1768 unkSize=0
[DEBUG | dusk] fpcSCtRq_phase_CreateProcess: fpcBs_Create OK proc=0xb400007a1435c378
[DEBUG | dusk] [DIAG] fpcSCtRq_phase_Load: procName=706 ret=4
[DEBUG | dusk] fpcSCtRq_phase_CreateProcess: procName=706
[DEBUG | dusk] fpcBs_Create: pid=525 profname=fpcNm_Tag_Mmsg_e (706) profile=0x7b605ab6e8 procSize=1648 unkSize=0
[DEBUG | dusk] fpcSCtRq_phase_CreateProcess: fpcBs_Create OK proc=0xb400007a1435bce8
[DEBUG | dusk] [DIAG] fpcSCtRq_phase_Load: procName=705 ret=4
[DEBUG | dusk] fpcSCtRq_phase_CreateProcess: procName=705
[DEBUG | dusk] fpcBs_Create: pid=526 profname=fpcNm_Tag_Mhint_e (705) profile=0x7b6057bd30 procSize=1768 unkSize=0
[DEBUG | dusk] fpcSCtRq_phase_CreateProcess: fpcBs_Create OK proc=0xb400007a1435b5e0
[DEBUG | dusk] [DIAG] fpcSCtRq_phase_Load: procName=706 ret=4
[DEBUG | dusk] fpcSCtRq_phase_CreateProcess: procName=706
[DEBUG | dusk] fpcBs_Create: pid=527 profname=fpcNm_Tag_Mmsg_e (706) profile=0x7b605ab6e8 procSize=1648 unkSize=0
[DEBUG | dusk] fpcSCtRq_phase_CreateProcess: fpcBs_Create OK proc=0xb400007a1438c424
[DEBUG | dusk] [DIAG] fpcSCtRq_phase_Load: procName=696 ret=4
[DEBUG | dusk] fpcSCtRq_phase_CreateProcess: procName=696
[DEBUG | dusk] fpcBs_Create: pid=528 profname=fpcNm_KYTAG14_e (696) profile=0x7b60576e28 procSize=1640 unkSize=0
[DEBUG | dusk] fpcSCtRq_phase_CreateProcess: fpcBs_Create OK proc=0xb400007a1435af58
[DEBUG | dusk] [DIAG] fpcSCtRq_phase_Load: procName=82 ret=4
[DEBUG | dusk] fpcSCtRq_phase_CreateProcess: procName=82
[DEBUG | dusk] fpcBs_Create: pid=529 profname=fpcNm_Obj_Digholl_e (82) profile=0x7b605973a0 procSize=1640 unkSize=0
[DEBUG | dusk] fpcSCtRq_phase_CreateProcess: fpcBs_Create OK proc=0xb400007a1435a8d0
[DEBUG | dusk] [DIAG] fpcSCtRq_phase_Load: procName=764 ret=4
[DEBUG | dusk] fpcSCtRq_phase_CreateProcess: procName=764
[DEBUG | dusk] fpcBs_Create: pid=530 profname=fpcNm_Obj_Carry_e (764) profile=0x7b60573960 procSize=4768 unkSize=0
[DEBUG | dusk] fpcSCtRq_phase_CreateProcess: fpcBs_Create OK proc=0xb400007a14359610
[DEBUG | dusk] [DIAG] fpcSCtRq_phase_Load: procName=764 ret=4
[DEBUG | dusk] fpcSCtRq_phase_CreateProcess: procName=764
[DEBUG | dusk] fpcBs_Create: pid=531 profname=fpcNm_Obj_Carry_e (764) profile=0x7b60573960 procSize=4768 unkSize=0
[DEBUG | dusk] fpcSCtRq_phase_CreateProcess: fpcBs_Create OK proc=0xb400007a14358350
[DEBUG | dusk] [DIAG] fpcSCtRq_phase_Load: procName=764 ret=4
[DEBUG | dusk] fpcSCtRq_phase_CreateProcess: procName=764
[DEBUG | dusk] fpcBs_Create: pid=532 profname=fpcNm_Obj_Carry_e (764) profile=0x7b60573960 procSize=4768 unkSize=0
[DEBUG | dusk] fpcSCtRq_phase_CreateProcess: fpcBs_Create OK proc=0xb400007a14357090
[DEBUG | dusk] [DIAG] fpcSCtRq_phase_Load: procName=764 ret=4
[DEBUG | dusk] fpcSCtRq_phase_CreateProcess: procName=764
[DEBUG | dusk] fpcBs_Create: pid=533 profname=fpcNm_Obj_Carry_e (764) profile=0x7b60573960 procSize=4768 unkSize=0
[DEBUG | dusk] fpcSCtRq_phase_CreateProcess: fpcBs_Create OK proc=0xb400007a14355dd0
[DEBUG | dusk] [DIAG] fpcSCtRq_phase_Load: procName=711 ret=4
[DEBUG | dusk] fpcSCtRq_phase_CreateProcess: procName=711
[DEBUG | dusk] fpcBs_Create: pid=534 profname=fpcNm_Tag_Wljump_e (711) profile=0x7b605ac950 procSize=1768 unkSize=0
[DEBUG | dusk] fpcSCtRq_phase_CreateProcess: fpcBs_Create OK proc=0xb400007a143556c8
[DEBUG | dusk] [DIAG] fpcSCtRq_phase_Load: procName=283 ret=4
[DEBUG | dusk] fpcSCtRq_phase_CreateProcess: procName=283
[DEBUG | dusk] fpcBs_Create: pid=535 profname=fpcNm_OBJ_KANBAN2_e (283) profile=0x7b60579c80 procSize=3488 unkSize=0
[DEBUG | dusk] fpcSCtRq_phase_CreateProcess: fpcBs_Create OK proc=0xb400007a14354908
[DEBUG | dusk] [DIAG] fpcSCtRq_phase_Load: procName=283 ret=4
[DEBUG | dusk] fpcSCtRq_phase_CreateProcess: procName=283
[DEBUG | dusk] fpcBs_Create: pid=536 profname=fpcNm_OBJ_KANBAN2_e (283) profile=0x7b60579c80 procSize=3488 unkSize=0
[DEBUG | dusk] fpcSCtRq_phase_CreateProcess: fpcBs_Create OK proc=0xb400007a14353b48
[DEBUG | dusk] [DIAG] fpcSCtRq_phase_Load: procName=283 ret=4
[DEBUG | dusk] fpcSCtRq_phase_CreateProcess: procName=283
[DEBUG | dusk] fpcBs_Create: pid=537 profname=fpcNm_OBJ_KANBAN2_e (283) profile=0x7b60579c80 procSize=3488 unkSize=0
[DEBUG | dusk] fpcSCtRq_phase_CreateProcess: fpcBs_Create OK proc=0xb400007a14352d88
[DEBUG | dusk] [DIAG] fpcSCtRq_phase_Load: procName=129 ret=4
[DEBUG | dusk] fpcSCtRq_phase_CreateProcess: procName=129
[DEBUG | dusk] fpcBs_Create: pid=538 profname=fpcNm_Obj_RiderGate_e (129) profile=0x7b605a2de0 procSize=3992 unkSize=0
[DEBUG | dusk] fpcSCtRq_phase_CreateProcess: fpcBs_Create OK proc=0xb400007a14351dd0
[DEBUG | dusk] [DIAG] fpcSCtRq_phase_Load: procName=83 ret=4
[DEBUG | dusk] fpcSCtRq_phase_CreateProcess: procName=83
[DEBUG | dusk] fpcBs_Create: pid=539 profname=fpcNm_Obj_Digpl_e (83) profile=0x7b605797f8 procSize=1712 unkSize=0
[DEBUG | dusk] fpcSCtRq_phase_CreateProcess: fpcBs_Create OK proc=0xb400007a14351700
[DEBUG | dusk] [DIAG] fpcSCtRq_phase_Load: procName=83 ret=4
[DEBUG | dusk] fpcSCtRq_phase_CreateProcess: procName=83
[DEBUG | dusk] fpcBs_Create: pid=540 profname=fpcNm_Obj_Digpl_e (83) profile=0x7b605797f8 procSize=1712 unkSize=0
[DEBUG | dusk] fpcSCtRq_phase_CreateProcess: fpcBs_Create OK proc=0xb400007a14351030
[DEBUG | dusk] [DIAG] fpcSCtRq_phase_Load: procName=83 ret=4
[DEBUG | dusk] fpcSCtRq_phase_CreateProcess: procName=83
[DEBUG | dusk] fpcBs_Create: pid=541 profname=fpcNm_Obj_Digpl_e (83) profile=0x7b605797f8 procSize=1712 unkSize=0
[DEBUG | dusk] fpcSCtRq_phase_CreateProcess: fpcBs_Create OK proc=0xb400007a14350960
[DEBUG | dusk] [DIAG] fpcSCtRq_phase_Load: procName=83 ret=4
[DEBUG | dusk] fpcSCtRq_phase_CreateProcess: procName=83
[DEBUG | dusk] fpcBs_Create: pid=542 profname=fpcNm_Obj_Digpl_e (83) profile=0x7b605797f8 procSize=1712 unkSize=0
[DEBUG | dusk] fpcSCtRq_phase_CreateProcess: fpcBs_Create OK proc=0xb400007a14350290
[DEBUG | dusk] [DIAG] fpcSCtRq_phase_Load: procName=83 ret=4
[DEBUG | dusk] fpcSCtRq_phase_CreateProcess: procName=83
[DEBUG | dusk] fpcBs_Create: pid=543 profname=fpcNm_Obj_Digpl_e (83) profile=0x7b605797f8 procSize=1712 unkSize=0
[DEBUG | dusk] fpcSCtRq_phase_CreateProcess: fpcBs_Create OK proc=0xb400007a1434fbc0
[DEBUG | dusk] [DIAG] fpcSCtRq_phase_Load: procName=283 ret=4
[DEBUG | dusk] fpcSCtRq_phase_CreateProcess: procName=283
[DEBUG | dusk] fpcBs_Create: pid=544 profname=fpcNm_OBJ_KANBAN2_e (283) profile=0x7b60579c80 procSize=3488 unkSize=0
[DEBUG | dusk] fpcSCtRq_phase_CreateProcess: fpcBs_Create OK proc=0xb400007a1434ee00
[DEBUG | dusk] [DIAG] fpcSCtRq_phase_Load: procName=764 ret=4
[DEBUG | dusk] fpcSCtRq_phase_CreateProcess: procName=764
[DEBUG | dusk] fpcBs_Create: pid=545 profname=fpcNm_Obj_Carry_e (764) profile=0x7b60573960 procSize=4768 unkSize=0
[DEBUG | dusk] fpcSCtRq_phase_CreateProcess: fpcBs_Create OK proc=0xb400007a1434db40
[DEBUG | dusk] Loading Resource: j_hako_00.bmd (Size: 13312)
[DEBUG | dusk] Loading Resource: j_hako_00.dzb (Size: 608)
[DEBUG | dusk] [DIAG] fpcSCtRq_phase_Load: procName=764 ret=4
[DEBUG | dusk] fpcSCtRq_phase_CreateProcess: procName=764
[DEBUG | dusk] fpcBs_Create: pid=546 profname=fpcNm_Obj_Carry_e (764) profile=0x7b60573960 procSize=4768 unkSize=0
[DEBUG | dusk] fpcSCtRq_phase_CreateProcess: fpcBs_Create OK proc=0xb400007a1434c880
[DEBUG | dusk] [DIAG] fpcSCtRq_phase_Load: procName=696 ret=4
[DEBUG | dusk] fpcSCtRq_phase_CreateProcess: procName=696
[DEBUG | dusk] fpcBs_Create: pid=547 profname=fpcNm_KYTAG14_e (696) profile=0x7b60576e28 procSize=1640 unkSize=0
[DEBUG | dusk] fpcSCtRq_phase_CreateProcess: fpcBs_Create OK proc=0xb400007a1434c1f8
[DEBUG | dusk] [DIAG] fpcSCtRq_phase_Load: procName=130 ret=4
[DEBUG | dusk] fpcSCtRq_phase_CreateProcess: procName=130
[DEBUG | dusk] fpcBs_Create: pid=548 profname=fpcNm_Obj_Onsen_e (130) profile=0x7b605a1af8 procSize=1736 unkSize=0
[DEBUG | dusk] fpcSCtRq_phase_CreateProcess: fpcBs_Create OK proc=0xb400007a1434bb10
[DEBUG | dusk] [DIAG] fpcSCtRq_phase_Load: procName=733 ret=4
[DEBUG | dusk] fpcSCtRq_phase_CreateProcess: procName=733
[DEBUG | dusk] fpcBs_Create: pid=549 profname=fpcNm_SET_BG_OBJ_e (733) profile=0x7b60573f08 procSize=1664 unkSize=0
[DEBUG | dusk] fpcSCtRq_phase_CreateProcess: fpcBs_Create OK proc=0xb400007a1434b470
[DEBUG | dusk] [DIAG] fpcSCtRq_phase_Load: procName=592 ret=4
[DEBUG | dusk] fpcSCtRq_phase_CreateProcess: procName=592
[DEBUG | dusk] fpcBs_Create: pid=550 profname=fpcNm_NPC_LEN_e (592) profile=0x7b6058c150 procSize=5376 unkSize=0
[DEBUG | dusk] fpcSCtRq_phase_CreateProcess: fpcBs_Create OK proc=0xb400007a14349f50
[DEBUG | dusk] [DIAG] fpcSCtRq_phase_Load: procName=593 ret=4
[DEBUG | dusk] fpcSCtRq_phase_CreateProcess: procName=593
[DEBUG | dusk] fpcBs_Create: pid=551 profname=fpcNm_NPC_LUD_e (593) profile=0x7b6058c5f8 procSize=5352 unkSize=0
[DEBUG | dusk] fpcSCtRq_phase_CreateProcess: fpcBs_Create OK proc=0xb400007a14348a48
[DEBUG | dusk] [DIAG] fpcSCtRq_phase_Load: procName=605 ret=4
[DEBUG | dusk] fpcSCtRq_phase_CreateProcess: procName=605
[DEBUG | dusk] fpcBs_Create: pid=552 profname=fpcNm_NPC_KOLIN_e (605) profile=0x7b60578460 procSize=5432 unkSize=0
[DEBUG | dusk] fpcSCtRq_phase_CreateProcess: fpcBs_Create OK proc=0xb400007a143474f0
[DEBUG | dusk] [DIAG] fpcSCtRq_phase_Load: procName=581 ret=4
[DEBUG | dusk] fpcSCtRq_phase_CreateProcess: procName=581
[DEBUG | dusk] fpcBs_Create: pid=553 profname=fpcNm_NPC_BESU_e (581) profile=0x7b605774a8 procSize=5856 unkSize=0
[DEBUG | dusk] fpcSCtRq_phase_CreateProcess: fpcBs_Create OK proc=0xb400007a14345df0
[DEBUG | dusk] [DIAG] fpcSCtRq_phase_Load: procName=608 ret=4
[DEBUG | dusk] fpcSCtRq_phase_CreateProcess: procName=608
[DEBUG | dusk] fpcBs_Create: pid=554 profname=fpcNm_NPC_MARO_e (608) profile=0x7b60578a00 procSize=5800 unkSize=0
[DEBUG | dusk] fpcSCtRq_phase_CreateProcess: fpcBs_Create OK proc=0xb400007a14344728
[DEBUG | dusk] [DIAG] fpcSCtRq_phase_Load: procName=622 ret=4
[DEBUG | dusk] fpcSCtRq_phase_CreateProcess: procName=622
[DEBUG | dusk] fpcBs_Create: pid=555 profname=fpcNm_NPC_TARO_e (622) profile=0x7b60579050 procSize=6104 unkSize=0
[DEBUG | dusk] fpcSCtRq_phase_CreateProcess: fpcBs_Create OK proc=0xb400007a14342f30
[DEBUG | dusk] [DIAG] fpcSCtRq_phase_Load: procName=592 ret=4
[DEBUG | dusk] fpcSCtRq_phase_CreateProcess: procName=592
[DEBUG | dusk] fpcBs_Create: pid=556 profname=fpcNm_NPC_LEN_e (592) profile=0x7b6058c150 procSize=5376 unkSize=0
[DEBUG | dusk] fpcSCtRq_phase_CreateProcess: fpcBs_Create OK proc=0xb400007a14341a10
[DEBUG | dusk] [DIAG] fpcSCtRq_phase_Load: procName=696 ret=4
[DEBUG | dusk] fpcSCtRq_phase_CreateProcess: procName=696
[DEBUG | dusk] fpcBs_Create: pid=557 profname=fpcNm_KYTAG14_e (696) profile=0x7b60576e28 procSize=1640 unkSize=0
[DEBUG | dusk] fpcSCtRq_phase_CreateProcess: fpcBs_Create OK proc=0xb400007a14341388
[DEBUG | dusk] [DIAG] fpcSCtRq_phase_Load: procName=711 ret=4
[DEBUG | dusk] fpcSCtRq_phase_CreateProcess: procName=711
[DEBUG | dusk] fpcBs_Create: pid=558 profname=fpcNm_Tag_Wljump_e (711) profile=0x7b605ac950 procSize=1768 unkSize=0
[DEBUG | dusk] fpcSCtRq_phase_CreateProcess: fpcBs_Create OK proc=0xb400007a14340c80
[DEBUG | dusk] [DIAG] fpcSCtRq_phase_Load: procName=83 ret=4
[DEBUG | dusk] fpcSCtRq_phase_CreateProcess: procName=83
[DEBUG | dusk] fpcBs_Create: pid=559 profname=fpcNm_Obj_Digpl_e (83) profile=0x7b605797f8 procSize=1712 unkSize=0
[DEBUG | dusk] fpcSCtRq_phase_CreateProcess: fpcBs_Create OK proc=0xb400007a143405b0
[DEBUG | dusk] [DIAG] fpcSCtRq_phase_Load: procName=764 ret=4
[DEBUG | dusk] fpcSCtRq_phase_CreateProcess: procName=764
[DEBUG | dusk] fpcBs_Create: pid=560 profname=fpcNm_Obj_Carry_e (764) profile=0x7b60573960 procSize=4768 unkSize=0
[DEBUG | dusk] fpcSCtRq_phase_CreateProcess: fpcBs_Create OK proc=0xb400007a1433f2f0
[DEBUG | dusk] [DIAG] fpcSCtRq_phase_Load: procName=764 ret=4
[DEBUG | dusk] fpcSCtRq_phase_CreateProcess: procName=764
[DEBUG | dusk] fpcBs_Create: pid=561 profname=fpcNm_Obj_Carry_e (764) profile=0x7b60573960 procSize=4768 unkSize=0
[DEBUG | dusk] fpcSCtRq_phase_CreateProcess: fpcBs_Create OK proc=0xb400007a1433e030
[DEBUG | dusk] [DIAG] fpcSCtRq_phase_Load: procName=333 ret=4
[DEBUG | dusk] fpcSCtRq_phase_CreateProcess: procName=333
[DEBUG | dusk] fpcBs_Create: pid=562 profname=fpcNm_Obj_Yobikusa_e (333) profile=0x7b6057b0c8 procSize=2360 unkSize=0
[DEBUG | dusk] fpcSCtRq_phase_CreateProcess: fpcBs_Create OK proc=0xb400007a1433d6d8
[DEBUG | dusk] [DIAG] fpcSCtRq_phase_Load: procName=333 ret=4
[DEBUG | dusk] fpcSCtRq_phase_CreateProcess: procName=333
[DEBUG | dusk] fpcBs_Create: pid=563 profname=fpcNm_Obj_Yobikusa_e (333) profile=0x7b6057b0c8 procSize=2360 unkSize=0
[DEBUG | dusk] fpcSCtRq_phase_CreateProcess: fpcBs_Create OK proc=0xb400007a1433cd80
[DEBUG | dusk] [DIAG] fpcSCtRq_phase_Load: procName=333 ret=4
[DEBUG | dusk] fpcSCtRq_phase_CreateProcess: procName=333
[DEBUG | dusk] fpcBs_Create: pid=564 profname=fpcNm_Obj_Yobikusa_e (333) profile=0x7b6057b0c8 procSize=2360 unkSize=0
[DEBUG | dusk] fpcSCtRq_phase_CreateProcess: fpcBs_Create OK proc=0xb400007a1433c428
[DEBUG | dusk] [DIAG] fpcSCtRq_phase_Load: procName=333 ret=4
[DEBUG | dusk] fpcSCtRq_phase_CreateProcess: procName=333
[DEBUG | dusk] fpcBs_Create: pid=565 profname=fpcNm_Obj_Yobikusa_e (333) profile=0x7b6057b0c8 procSize=2360 unkSize=0
[DEBUG | dusk] fpcSCtRq_phase_CreateProcess: fpcBs_Create OK proc=0xb400007a1433bad0
[DEBUG | dusk] [DIAG] fpcSCtRq_phase_Load: procName=788 ret=4
[DEBUG | dusk] fpcSCtRq_phase_CreateProcess: procName=788
[DEBUG | dusk] fpcBs_Create: pid=566 profname=fpcNm_MENUWINDOW_e (788) profile=0x7b6056be20 procSize=592 unkSize=0
[DEBUG | dusk] fpcSCtRq_phase_CreateProcess: fpcBs_Create OK proc=0xb400007a14389d98
[DEBUG | dusk] [DIAG] fpcSCtRq_phase_Load: procName=787 ret=4
[DEBUG | dusk] fpcSCtRq_phase_CreateProcess: procName=787
[DEBUG | dusk] fpcBs_Create: pid=567 profname=fpcNm_MSG_OBJECT_e (787) profile=0x7b6056ca98 procSize=1512 unkSize=0
[DEBUG | dusk] fpcSCtRq_phase_CreateProcess: fpcBs_Create OK proc=0xb400007a1433b4c8
[DEBUG | dusk] Loading Resource: al_kantera.bmd (Size: 21024)
[DEBUG | dusk] Loading Resource: ef_ktglow.bmd (Size: 3040)
[DEBUG | dusk] Loading Resource: al.bmd (Size: 176288)
[DEBUG | dusk] Loading Resource: al_bootsh.bmd (Size: 22048)
[DEBUG | dusk] Loading Resource: al_face.bmd (Size: 72576)
[DEBUG | dusk] Loading Resource: al_hands.bmd (Size: 61056)
[DEBUG | dusk] Loading Resource: al_head.bmd (Size: 33851)
[DEBUG | dusk] Loading Resource: al_swb.bmd (Size: 23552)
[DEBUG | dusk] Loading Resource: ef_ktglow.btk (Size: 512)
[DEBUG | dusk] Loading Resource: model0.bmd (Size: 13312)
[DEBUG | dusk] Loading Resource: model1.bmd (Size: 10656)
[DEBUG | dusk] Loading Resource: model0.dzb (Size: 832)
[DEBUG | dusk] Loading Resource: spec.dat (Size: 148)
[DEBUG | dusk] Loading Resource: k_takaraa.bck (Size: 448)
[DEBUG | dusk] Loading Resource: k_takarab.bck (Size: 448)
[DEBUG | dusk] Loading Resource: k_takarab_slow.bck (Size: 448)
[DEBUG | dusk] Loading Resource: boxa.bmd (Size: 22912)
[DEBUG | dusk] Loading Resource: boxb.bmd (Size: 27232)
[DEBUG | dusk] Loading Resource: ef_boxb.bmd (Size: 13504)
[DEBUG | dusk] Loading Resource: k_tboxn.bmd (Size: 2048)
[DEBUG | dusk] Loading Resource: boxa.brk (Size: 416)
[DEBUG | dusk] Loading Resource: ef_boxb.brk (Size: 256)
[DEBUG | dusk] Loading Resource: boxa.btk (Size: 416)
[DEBUG | dusk] Loading Resource: boxac.dzb (Size: 640)
[DEBUG | dusk] Loading Resource: boxao.dzb (Size: 928)
[DEBUG | dusk] Loading Resource: boxbc.dzb (Size: 640)
[DEBUG | dusk] Loading Resource: boxbo.dzb (Size: 928)
[DEBUG | dusk] Loading Resource: fdoora.bck (Size: 352)
[DEBUG | dusk] Loading Resource: fdoorb.bck (Size: 320)
[DEBUG | dusk] Loading Resource: door-knobdummy.bmd (Size: 1792)
[DEBUG | dusk] Loading Resource: door-pushdoubledummy.bmd (Size: 2752)
[DEBUG | dusk] Loading Resource: door-knob.dzb (Size: 480)
[DEBUG | dusk] Loading Resource: door-pushdouble.dzb (Size: 480)
[DEBUG | dusk] Loading Resource: door-shutter.dzb (Size: 448)
[DEBUG | dusk] Loading Resource: door-shutterbig.dzb (Size: 768)
[DEBUG | dusk] Loading Resource: door-shutterboss.dzb (Size: 704)
[DEBUG | dusk] Loading Resource: door-shutterlv9.dzb (Size: 768)
[DEBUG | dusk] Loading Resource: j_kanban00.bmd (Size: 11456)
[DEBUG | dusk] Loading Resource: j_kanban00_01.bmd (Size: 2336)
[DEBUG | dusk] Loading Resource: j_kanban00_02.bmd (Size: 2336)
[DEBUG | dusk] Loading Resource: j_kanban00_03.bmd (Size: 2304)
[DEBUG | dusk] Loading Resource: j_kanban00_04.bmd (Size: 2304)
[DEBUG | dusk] Loading Resource: j_kanban00_05.bmd (Size: 2304)
[DEBUG | dusk] Loading Resource: j_kanban00_06.bmd (Size: 2336)
[DEBUG | dusk] Loading Resource: j_kanban00_07.bmd (Size: 2336)
[DEBUG | dusk] Loading Resource: j_kanban00_08.bmd (Size: 2336)
[DEBUG | dusk] Loading Resource: j_kanban00_09.bmd (Size: 2400)
[DEBUG | dusk] Loading Resource: j_kanban00_10.bmd (Size: 2400)
[DEBUG | dusk] Loading Resource: j_kanban00_11.bmd (Size: 2368)
[DEBUG | dusk] Loading Resource: j_kanban00_12.bmd (Size: 2368)
[DEBUG | dusk] Loading Resource: j_kanban00_13.bmd (Size: 2368)
[DEBUG | dusk] Loading Resource: j_kanban00_14.bmd (Size: 2368)
[DEBUG | dusk] Loading Resource: j_kanban00_15.bmd (Size: 2368)
[DEBUG | dusk] Loading Resource: j_kanban00_16.bmd (Size: 2368)
[DEBUG | dusk] Loading Resource: j_kanban00_17.bmd (Size: 2400)
[DEBUG | dusk] Loading Resource: j_kanban00_18.bmd (Size: 2400)
[DEBUG | dusk] Loading Resource: m_ridergate.bmd (Size: 24544)
[DEBUG | dusk] Loading Resource: m_ridergate_hook.bmd (Size: 3648)
[DEBUG | dusk] Loading Resource: m_ridergate_key.bmd (Size: 3232)
[DEBUG | dusk] Loading Resource: m_ridergate.dzb (Size: 672)
[DEBUG | dusk] Loading Resource: event_list.dat (Size: 2020)
[DEBUG | dusk] Loading Resource: h_kakaonsen.bmd (Size: 3488)
[DEBUG | dusk] Loading Resource: h_kakaonsenb.bmd (Size: 3616)
[DEBUG | dusk] Loading Resource: h_kakaonsenb.btk (Size: 320)
[DEBUG | dusk] Loading Resource: h_kakaonsen.dzb (Size: 1280)
[DEBUG | dusk] Loading Resource: model0.bmd (Size: 20864)
[DEBUG | dusk] Loading Resource: model0.dzb (Size: 9344)
[DEBUG | dusk] Loading Resource: spec.dat (Size: 8)
[DEBUG | dusk] Loading Resource: len_f_talk_a.bck (Size: 2848)
[DEBUG | dusk] Loading Resource: len_step.bck (Size: 3744)
[DEBUG | dusk] Loading Resource: len_wait_a.bck (Size: 3616)
[DEBUG | dusk] Loading Resource: len.bmd (Size: 140032)
[DEBUG | dusk] Loading Resource: len.btk (Size: 256)
[DEBUG | dusk] Loading Resource: len.btp (Size: 128)
[DEBUG | dusk] Loading Resource: len_dislike_a.bck (Size: 3744)
[DEBUG | dusk] Loading Resource: len_dislike_b.bck (Size: 3552)
[DEBUG | dusk] Loading Resource: len_evade_a.bck (Size: 5216)
[DEBUG | dusk] Loading Resource: len_evade_b.bck (Size: 3840)
[DEBUG | dusk] Loading Resource: len_evade_c.bck (Size: 3808)
[DEBUG | dusk] Loading Resource: len_f_dislike_a.bck (Size: 3776)
[DEBUG | dusk] Loading Resource: len_f_dislike_b.bck (Size: 2976)
[DEBUG | dusk] Loading Resource: len_f_evade_a.bck (Size: 3104)
[DEBUG | dusk] Loading Resource: len_f_talk_b.bck (Size: 3040)
[DEBUG | dusk] Loading Resource: len_f_talk_c.bck (Size: 3136)
[DEBUG | dusk] Loading Resource: len_f_talk_d.bck (Size: 3168)
[DEBUG | dusk] Loading Resource: len_f_wait_bc_connect.bck (Size: 2752)
[DEBUG | dusk] Loading Resource: len_f_wait_c.bck (Size: 3680)
[DEBUG | dusk] Loading Resource: len_f_wait_d.bck (Size: 2400)
[DEBUG | dusk] Loading Resource: len_f_wait_e.bck (Size: 2688)
[DEBUG | dusk] Loading Resource: len_fh_dislike_b.bck (Size: 2592)
[DEBUG | dusk] Loading Resource: len_fh_evade_b.bck (Size: 2368)
[DEBUG | dusk] Loading Resource: len_fh_talk_c.bck (Size: 2368)
[DEBUG | dusk] Loading Resource: len_fh_talk_d.bck (Size: 2368)
[DEBUG | dusk] Loading Resource: len_fh_wait_c.bck (Size: 2368)
[DEBUG | dusk] Loading Resource: len_fh_wait_d.bck (Size: 2368)
[DEBUG | dusk] Loading Resource: len_talk_a.bck (Size: 5920)
[DEBUG | dusk] Loading Resource: len_talk_c.bck (Size: 7744)
[DEBUG | dusk] Loading Resource: len_wait_b.bck (Size: 4096)
[DEBUG | dusk] Loading Resource: len_wait_bc_connect.bck (Size: 4064)
[DEBUG | dusk] Loading Resource: len_wait_c.bck (Size: 4192)
[DEBUG | dusk] Loading Resource: len_wait_d.bck (Size: 3840)
[DEBUG | dusk] Loading Resource: len_wait_e.bck (Size: 3968)
[DEBUG | dusk] Loading Resource: len_walk_a.bck (Size: 5440)
[DEBUG | dusk] Loading Resource: len_f_dislike_a.btk (Size: 480)
[DEBUG | dusk] Loading Resource: len_f_dislike_b.btk (Size: 640)
[DEBUG | dusk] Loading Resource: len_fh_dislike_b.btk (Size: 288)
[DEBUG | dusk] Loading Resource: len_f_dislike_a.btp (Size: 288)
[DEBUG | dusk] Loading Resource: len_f_dislike_b.btp (Size: 288)
[DEBUG | dusk] Loading Resource: len_f_evade_a.btp (Size: 288)
[DEBUG | dusk] Loading Resource: len_f_talk_c.btp (Size: 288)
[DEBUG | dusk] Loading Resource: len_f_talk_d.btp (Size: 288)
[DEBUG | dusk] Loading Resource: len_f_wait_c.btp (Size: 288)
[DEBUG | dusk] Loading Resource: len_fh_talk_c.btp (Size: 96)
[DEBUG | dusk] Loading Resource: len_fh_talk_d.btp (Size: 96)
[DEBUG | dusk] Loading Resource: len_fh_wait_c.btp (Size: 96)
[DEBUG | dusk] Loading Resource: event_list.dat (Size: 7916)
[DEBUG | dusk] Loading Resource: lud_f_talk_a.bck (Size: 2688)
[DEBUG | dusk] Loading Resource: lud_step.bck (Size: 3104)
[DEBUG | dusk] Loading Resource: lud_wait_a.bck (Size: 3520)
[DEBUG | dusk] Loading Resource: lud.bmd (Size: 141984)
[DEBUG | dusk] Loading Resource: lud.btk (Size: 256)
[DEBUG | dusk] Loading Resource: lud.btp (Size: 128)
[DEBUG | dusk] Loading Resource: lud_f_fear_a.bck (Size: 2688)
[DEBUG | dusk] Loading Resource: lud_fear_a.bck (Size: 12000)
[DEBUG | dusk] Loading Resource: lud_talk_a.bck (Size: 5760)
[DEBUG | dusk] Loading Resource: lud_talk_b.bck (Size: 4544)
[DEBUG | dusk] Loading Resource: lud_f_fear_a.btp (Size: 288)
[DEBUG | dusk] Loading Resource: kolin_f_talk_a.bck (Size: 2368)
[DEBUG | dusk] Loading Resource: kolin_step.bck (Size: 3680)
[DEBUG | dusk] Loading Resource: kolin_wait_a.bck (Size: 2784)
[DEBUG | dusk] Loading Resource: kolin.bmd (Size: 118848)
[DEBUG | dusk] Loading Resource: kolin.btk (Size: 256)
[DEBUG | dusk] Loading Resource: kolin.btp (Size: 128)
[DEBUG | dusk] Loading Resource: kolin_f_talk_a.btp (Size: 288)
[DEBUG | dusk] Loading Resource: kolin_clup.bck (Size: 10016)
[DEBUG | dusk] Loading Resource: kolin_f_clup.bck (Size: 2752)
[DEBUG | dusk] Loading Resource: kolin_f_happy_talk.bck (Size: 2080)
[DEBUG | dusk] Loading Resource: kolin_f_kizuku.bck (Size: 2368)
[DEBUG | dusk] Loading Resource: kolin_f_normal_talk.bck (Size: 3232)
[DEBUG | dusk] Loading Resource: kolin_f_stone.bck (Size: 1984)
[DEBUG | dusk] Loading Resource: kolin_f_walk_a.bck (Size: 1792)
[DEBUG | dusk] Loading Resource: kolin_fh_kizuku.bck (Size: 1760)
[DEBUG | dusk] Loading Resource: kolin_fh_normal_talk.bck (Size: 1792)
[DEBUG | dusk] Loading Resource: kolin_fh_wait_d.bck (Size: 1792)
[DEBUG | dusk] Loading Resource: kolin_haihai.bck (Size: 4928)
[DEBUG | dusk] Loading Resource: kolin_happy_talk.bck (Size: 3168)
[DEBUG | dusk] Loading Resource: kolin_happy_wait.bck (Size: 2432)
[DEBUG | dusk] Loading Resource: kolin_normal_talk.bck (Size: 5632)
[DEBUG | dusk] Loading Resource: kolin_nozoku.bck (Size: 6560)
[DEBUG | dusk] Loading Resource: kolin_run.bck (Size: 5312)
[DEBUG | dusk] Loading Resource: kolin_stone.bck (Size: 5472)
[DEBUG | dusk] Loading Resource: kolin_talk_a.bck (Size: 4608)
[DEBUG | dusk] Loading Resource: kolin_turn.bck (Size: 4864)
[DEBUG | dusk] Loading Resource: kolin_wait_b.bck (Size: 4896)
[DEBUG | dusk] Loading Resource: kolin_wait_c.bck (Size: 2720)
[DEBUG | dusk] Loading Resource: kolin_wait_d.bck (Size: 3104)
[DEBUG | dusk] Loading Resource: kolin_walk_a.bck (Size: 5632)
[DEBUG | dusk] Loading Resource: kolin_walk_b.bck (Size: 4288)
[DEBUG | dusk] Loading Resource: kolin_clup.btk (Size: 288)
[DEBUG | dusk] Loading Resource: kolin_nozoku.btk (Size: 256)
[DEBUG | dusk] Loading Resource: kolin_stone.btk (Size: 288)
[DEBUG | dusk] Loading Resource: kolin_walk_a.btk (Size: 256)
[DEBUG | dusk] Loading Resource: kolin_f_clup.btp (Size: 256)
[DEBUG | dusk] Loading Resource: kolin_f_kizuku.btp (Size: 160)
[DEBUG | dusk] Loading Resource: kolin_f_stone.btp (Size: 192)
[DEBUG | dusk] Loading Resource: kolin_f_walk_a.btp (Size: 96)
[DEBUG | dusk] Loading Resource: kolin_fh_wait_d.btp (Size: 96)
[DEBUG | dusk] Loading Resource: event_list.dat (Size: 19728)
[DEBUG | dusk] Loading Resource: besu_body_talk.bck (Size: 4288)
[DEBUG | dusk] Loading Resource: besu_body_wait.bck (Size: 2496)
[DEBUG | dusk] Loading Resource: besu_f_talk_c.bck (Size: 2016)
[DEBUG | dusk] Loading Resource: besu_f_yokeru.bck (Size: 1536)
[DEBUG | dusk] Loading Resource: besu_fh_bikkuri.bck (Size: 1536)
[DEBUG | dusk] Loading Resource: besu_mad.bck (Size: 4320)
[DEBUG | dusk] Loading Resource: besu_mad_wait.bck (Size: 2560)
[DEBUG | dusk] Loading Resource: besu_normal_step.bck (Size: 3072)
[DEBUG | dusk] Loading Resource: besu_normal_talk.bck (Size: 4416)
[DEBUG | dusk] Loading Resource: besu_normal_talk_b.bck (Size: 4064)
[DEBUG | dusk] Loading Resource: besu_normal_wait.bck (Size: 2496)
[DEBUG | dusk] Loading Resource: besu_step.bck (Size: 2976)
[DEBUG | dusk] Loading Resource: besu_wait_a.bck (Size: 2560)
[DEBUG | dusk] Loading Resource: besu_wait_c.bck (Size: 2080)
[DEBUG | dusk] Loading Resource: besu_yokeru.bck (Size: 3296)
[DEBUG | dusk] Loading Resource: besu.btk (Size: 256)
[DEBUG | dusk] Loading Resource: besu.btp (Size: 128)
[DEBUG | dusk] Loading Resource: besu_f_yokeru.btp (Size: 160)
[DEBUG | dusk] Loading Resource: besu_fh_bikkuri.btp (Size: 160)
[DEBUG | dusk] Loading Resource: besu_f_madtalk.bck (Size: 2144)
[DEBUG | dusk] Loading Resource: besu_f_talk_a.bck (Size: 2080)
[DEBUG | dusk] Loading Resource: besu_f_talk_b.bck (Size: 2400)
[DEBUG | dusk] Loading Resource: besu_f_wait_b.bck (Size: 1504)
[DEBUG | dusk] Loading Resource: besu_fh_madtalk.bck (Size: 1472)
[DEBUG | dusk] Loading Resource: besu_fh_talk_a.bck (Size: 1504)
[DEBUG | dusk] Loading Resource: besu_fh_talk_b.bck (Size: 1568)
[DEBUG | dusk] Loading Resource: besu_run.bck (Size: 4288)
[DEBUG | dusk] Loading Resource: besu_talk_a.bck (Size: 11136)
[DEBUG | dusk] Loading Resource: besu_talk_b.bck (Size: 6176)
[DEBUG | dusk] Loading Resource: besu_wait_b.bck (Size: 2656)
[DEBUG | dusk] Loading Resource: besu_f_madtalk.btp (Size: 288)
[DEBUG | dusk] Loading Resource: besu_f_talk_a.btp (Size: 288)
[DEBUG | dusk] Loading Resource: besu_f_talk_b.btp (Size: 288)
[DEBUG | dusk] Loading Resource: besu_f_wait_b.btp (Size: 96)
[DEBUG | dusk] Loading Resource: besu_fh_madtalk.btp (Size: 96)
[DEBUG | dusk] Loading Resource: besu_fh_talk_a.btp (Size: 96)
[DEBUG | dusk] Loading Resource: besu_fh_talk_b.btp (Size: 96)
[DEBUG | dusk] Loading Resource: event_list.dat (Size: 11492)
[DEBUG | dusk] Loading Resource: besu3_f_worry.bck (Size: 1952)
[DEBUG | dusk] Loading Resource: besu3_fh_worry.bck (Size: 1504)
[DEBUG | dusk] Loading Resource: besu_f_suprise.bck (Size: 2432)
[DEBUG | dusk] Loading Resource: besu_fh_surprise.bck (Size: 1600)
[DEBUG | dusk] Loading Resource: besu_surprise.bck (Size: 3520)
[DEBUG | dusk] Loading Resource: besu3.bmd (Size: 132032)
[DEBUG | dusk] Loading Resource: besu_surprise.btk (Size: 256)
[DEBUG | dusk] Loading Resource: besu3.btp (Size: 128)
[DEBUG | dusk] Loading Resource: besu3_f_surprise.btp (Size: 288)
[DEBUG | dusk] Loading Resource: besu3_f_worry.btp (Size: 288)
[DEBUG | dusk] Loading Resource: besu3_fh_surprise.btp (Size: 256)
[DEBUG | dusk] Loading Resource: besu3_fh_worry.btp (Size: 96)
[DEBUG | dusk] Loading Resource: event_list.dat (Size: 2776)
[DEBUG | dusk] Loading Resource: maro_f_talk_a.bck (Size: 1824)
[DEBUG | dusk] Loading Resource: maro_step.bck (Size: 3456)
[DEBUG | dusk] Loading Resource: maro_wait_a.bck (Size: 2624)
[DEBUG | dusk] Loading Resource: maro.bmd (Size: 106624)
[DEBUG | dusk] Loading Resource: maro.btk (Size: 256)
[DEBUG | dusk] Loading Resource: maro.btp (Size: 128)
[DEBUG | dusk] Loading Resource: maro_f_talk_a.btp (Size: 224)
[DEBUG | dusk] Loading Resource: maro_f_surprise.bck (Size: 1696)
[DEBUG | dusk] Loading Resource: maro_f_talk_b.bck (Size: 1696)
[DEBUG | dusk] Loading Resource: maro_f_talk_c.bck (Size: 1696)
[DEBUG | dusk] Loading Resource: maro_fh_surprise.bck (Size: 1536)
[DEBUG | dusk] Loading Resource: maro_run.bck (Size: 3968)
[DEBUG | dusk] Loading Resource: maro_stop.bck (Size: 3968)
[DEBUG | dusk] Loading Resource: maro_talk_a.bck (Size: 3200)
[DEBUG | dusk] Loading Resource: maro_talk_b.bck (Size: 5888)
[DEBUG | dusk] Loading Resource: maro_talk_c.bck (Size: 11296)
[DEBUG | dusk] Loading Resource: maro_talk_b.btk (Size: 256)
[DEBUG | dusk] Loading Resource: maro_talk_c.btk (Size: 256)
[DEBUG | dusk] Loading Resource: maro_f_surprise.btp (Size: 192)
[DEBUG | dusk] Loading Resource: maro_f_talk_b.btp (Size: 288)
[DEBUG | dusk] Loading Resource: maro_f_talk_c.btp (Size: 320)
[DEBUG | dusk] Loading Resource: maro_fh_surprise.btp (Size: 96)
[DEBUG | dusk] Loading Resource: event_list.dat (Size: 4392)
[DEBUG | dusk] Loading Resource: taro.bmd (Size: 117440)
[DEBUG | dusk] Loading Resource: taro_f_normal.btp (Size: 128)
[DEBUG | dusk] Loading Resource: taro_defense_a.bck (Size: 3328)
[DEBUG | dusk] Loading Resource: taro_f_close.bck (Size: 1792)
[DEBUG | dusk] Loading Resource: taro_f_normal.bck (Size: 2496)
[DEBUG | dusk] Loading Resource: taro_step.bck (Size: 2944)
[DEBUG | dusk] Loading Resource: taro_wait_a.bck (Size: 2912)
[DEBUG | dusk] Loading Resource: taro.btk (Size: 256)
[DEBUG | dusk] Loading Resource: taro_f_close.btp (Size: 160)
[DEBUG | dusk] Loading Resource: taro_chop_a.bck (Size: 9856)
[DEBUG | dusk] Loading Resource: taro_chop_b.bck (Size: 8480)
[DEBUG | dusk] Loading Resource: taro_f_panic.bck (Size: 2368)
[DEBUG | dusk] Loading Resource: taro_f_s_get.bck (Size: 2176)
[DEBUG | dusk] Loading Resource: taro_f_sad.bck (Size: 2112)
[DEBUG | dusk] Loading Resource: taro_f_shout.bck (Size: 1952)
[DEBUG | dusk] Loading Resource: taro_f_surprise.bck (Size: 1792)
[DEBUG | dusk] Loading Resource: taro_fh_panic.bck (Size: 1664)
[DEBUG | dusk] Loading Resource: taro_fh_sad.bck (Size: 1664)
[DEBUG | dusk] Loading Resource: taro_fh_surprise.bck (Size: 1696)
[DEBUG | dusk] Loading Resource: taro_run.bck (Size: 5152)
[DEBUG | dusk] Loading Resource: taro_s_chop_a.bck (Size: 13504)
[DEBUG | dusk] Loading Resource: taro_s_chop_b.bck (Size: 14592)
[DEBUG | dusk] Loading Resource: taro_s_get.bck (Size: 16864)
[DEBUG | dusk] Loading Resource: taro_s_run.bck (Size: 5184)
[DEBUG | dusk] Loading Resource: taro_s_wait.bck (Size: 3648)
[DEBUG | dusk] Loading Resource: taro_talk_a.bck (Size: 6496)
[DEBUG | dusk] Loading Resource: taro_talk_b.bck (Size: 3616)
[DEBUG | dusk] Loading Resource: taro_wait_b.bck (Size: 4640)
[DEBUG | dusk] Loading Resource: taro_wait_d.bck (Size: 3488)
[DEBUG | dusk] Loading Resource: taro_wait_e.bck (Size: 5408)
[DEBUG | dusk] Loading Resource: taro_wait_f.bck (Size: 2944)
[DEBUG | dusk] Loading Resource: taro_stick_a.bmd (Size: 14688)
[DEBUG | dusk] Loading Resource: taro_swb.bmd (Size: 21664)
[DEBUG | dusk] Loading Resource: taro_s_get.btk (Size: 512)
[DEBUG | dusk] Loading Resource: taro_talk_c.btk (Size: 384)
[DEBUG | dusk] Loading Resource: taro_talk_e.btk (Size: 256)
[DEBUG | dusk] Loading Resource: taro_tark_d.btk (Size: 448)
[DEBUG | dusk] Loading Resource: taro_f_panic.btp (Size: 288)
[DEBUG | dusk] Loading Resource: taro_f_s_get.btp (Size: 320)
[DEBUG | dusk] Loading Resource: taro_f_sad.btp (Size: 288)
[DEBUG | dusk] Loading Resource: taro_f_shout.btp (Size: 192)
[DEBUG | dusk] Loading Resource: taro_f_surprise.btp (Size: 160)
[DEBUG | dusk] Loading Resource: taro_fh_panic.btp (Size: 96)
[DEBUG | dusk] Loading Resource: taro_fh_sad.btp (Size: 96)
[DEBUG | dusk] Loading Resource: taro_fh_surprise.btp (Size: 224)
[DEBUG | dusk] Loading Resource: event_list.dat (Size: 66960)
[DEBUG | dusk] Loading Resource: taro_f_anger.bck (Size: 2208)
[DEBUG | dusk] Loading Resource: taro_f_smile.bck (Size: 2144)
[DEBUG | dusk] Loading Resource: taro_fh_anger.bck (Size: 1632)
[DEBUG | dusk] Loading Resource: taro_fh_smile.bck (Size: 1632)
[DEBUG | dusk] Loading Resource: taro_to_wait_c.bck (Size: 3744)
[DEBUG | dusk] Loading Resource: taro_victory_a.bck (Size: 6048)
[DEBUG | dusk] Loading Resource: taro_wait_c.bck (Size: 3008)
[DEBUG | dusk] Loading Resource: taro_f_anger.btp (Size: 288)
[DEBUG | dusk] Loading Resource: taro_f_smile.btp (Size: 288)
[DEBUG | dusk] Loading Resource: taro_fh_smile.btp (Size: 96)
[DEBUG | dusk] Loading Resource: al_umakusa.bmd (Size: 5984)
[DEBUG | dusk] Loading Resource: j_umakusa.bmd (Size: 13152)
[DEBUG | dusk] Loading Resource: j_umakusa_c.bmd (Size: 9536)
[DEBUG | dusk] [DIAG] fpcSCtRq_phase_Load: procName=734 ret=4
[DEBUG | dusk] fpcSCtRq_phase_CreateProcess: procName=734
[DEBUG | dusk] fpcBs_Create: pid=568 profname=fpcNm_BG_OBJ_e (734) profile=0x7b605724d8 procSize=4344 unkSize=0
[DEBUG | dusk] fpcSCtRq_phase_CreateProcess: fpcBs_Create OK proc=0xb400007a1433a3b0
[DEBUG | dusk] fpcBs_Create: pid=573 profname=fpcNm_Tag_Attp_e (346) profile=0x7b60575d00 procSize=1632 unkSize=0
[DEBUG | dusk] [DIAG] fpcSCtRq_phase_Load: procName=734 ret=4
[DEBUG | dusk] fpcSCtRq_phase_CreateProcess: procName=734
[DEBUG | dusk] fpcBs_Create: pid=569 profname=fpcNm_BG_OBJ_e (734) profile=0x7b605724d8 procSize=4344 unkSize=0
[DEBUG | dusk] fpcSCtRq_phase_CreateProcess: fpcBs_Create OK proc=0xb400007a14338c18
[DEBUG | dusk] fpcBs_Create: pid=575 profname=fpcNm_Tag_Attp_e (346) profile=0x7b60575d00 procSize=1632 unkSize=0
[DEBUG | dusk] [DIAG] fpcSCtRq_phase_Load: procName=734 ret=4
[DEBUG | dusk] fpcSCtRq_phase_CreateProcess: procName=734
[DEBUG | dusk] fpcBs_Create: pid=570 profname=fpcNm_BG_OBJ_e (734) profile=0x7b605724d8 procSize=4344 unkSize=0
[DEBUG | dusk] fpcSCtRq_phase_CreateProcess: fpcBs_Create OK proc=0xb400007a14337480
[DEBUG | dusk] fpcBs_Create: pid=577 profname=fpcNm_Tag_Attp_e (346) profile=0x7b60575d00 procSize=1632 unkSize=0
[DEBUG | dusk] [DIAG] fpcSCtRq_phase_Load: procName=734 ret=4
[DEBUG | dusk] fpcSCtRq_phase_CreateProcess: procName=734
[DEBUG | dusk] fpcBs_Create: pid=571 profname=fpcNm_BG_OBJ_e (734) profile=0x7b605724d8 procSize=4344 unkSize=0
[DEBUG | dusk] fpcSCtRq_phase_CreateProcess: fpcBs_Create OK proc=0xb400007a14335ce8
[DEBUG | dusk] Loading Resource: event_list.dat (Size: 11912)
[DEBUG | dusk] Loading Resource: al_shb.bmd (Size: 15040)
[DEBUG | dusk] [DIAG] fpcSCtRq_phase_Load: procName=255 ret=4
[DEBUG | dusk] fpcSCtRq_phase_CreateProcess: procName=255
[DEBUG | dusk] fpcBs_Create: pid=578 profname=fpcNm_MIDNA_e (255) profile=0x7b60575698 procSize=3360 unkSize=0
[DEBUG | dusk] fpcSCtRq_phase_CreateProcess: fpcBs_Create OK proc=0xb400007a143911e8
[DEBUG | dusk] Loading Resource: s_md_hands.bmd (Size: 19776)
[DEBUG | dusk] Loading Resource: s_md_mask.bmd (Size: 15424)
[DEBUG | dusk] Loading Resource: s_md_gokou.bmd (Size: 3008)
[DEBUG | dusk] Loading Resource: s_md.bmd (Size: 69984)
[DEBUG | dusk] Loading Resource: s_md_hair_hand.bmd (Size: 18944)
[DEBUG | dusk] Loading Resource: s_md_appear.brk (Size: 352)
[DEBUG | dusk] Loading Resource: s_md_gokou_appear.brk (Size: 256)
[DEBUG | dusk] Loading Resource: s_md_hair_hand_appear.brk (Size: 288)
[DEBUG | dusk] Loading Resource: s_md_mask_appear.brk (Size: 256)
[DEBUG | dusk] Loading Resource: s_md_hair_hand_moya.btk (Size: 544)
[DEBUG | dusk] Loading Resource: s_md_hands_moya.btk (Size: 608)
[DEBUG | dusk] Loading Resource: s_md_mask_moya.btk (Size: 320)
[DEBUG | dusk] Loading Resource: s_md_moya.btk (Size: 512)
[DEBUG | dusk] frameInterp: onTypeChange 41 -> 40 (event_type_id=40, leaving_event=false, entering_event=true)
[DEBUG | dusk] frameInterp: presentation sync not requested for ZEV event [CURRENT] (staff idx 25)
[DEBUG | dusk] frameInterp: onTypeChange 40 -> 41 (event_type_id=40, leaving_event=true,
==================== APPLICATION CRASHED ====================
Build:       v2.0.3 (HEAD)
Revision:    f39afb4994aeb85e1f4524f40f32d6bb03808749  Date: Wed Sep 30 08:33:18 2026 -0500  Type: RelWithDebInfo
Platform:    android / arm64
Module:      /data/app/~~WocI3F2KC5-rXMhQ_U-q9g==/dev.twilitrealm.dusk-282FaW02jVrT9CbcoJTqeg==/base.apk!/lib/arm64-v8a/libmain.so
Module base: 0x7b5e027000
Build-ID:    3021f75aced6da670bbefc9c2e3c1463afcafeb9
Reason:      SIGABRT (abort)
Fault addr:  0x286e00007b63
Crash PC:    0x7e08160158 module_base=0x7e08100000 image_size=0xff250 rva=0x60158 module="/apex/com.android.runtime/lib64/bionic/libc.so" build_id=a20a70e70c441395f47417211b62894c
Backtrace:
#00 abs=0x7e08160158 module_base=0x7e08100000 image_size=0xff250 rva=0x60158 module="/apex/com.android.runtime/lib64/bionic/libc.so" build_id=a20a70e70c441395f47417211b62894c abort+0xac
#01 abs=0x50417b5f6e1c7c module_base=0x7b5e027000 rva=0x504100016bac7c module="/data/app/~~WocI3F2KC5-rXMhQ_U-q9g==/dev.twilitrealm.dusk-282FaW02jVrT9CbcoJTqeg==/base.apk!/lib/arm64-v8a/libmain.so" build_id=3021f75aced6da670bbefc9c2e3c1463afcafeb9
#02 abs=0x7b5f6dfa04 module_base=0x7b5e027000 image_size=0x2dd26b8 rva=0x16b8a04 module="/data/app/~~WocI3F2KC5-rXMhQ_U-q9g==/dev.twilitrealm.dusk-282FaW02jVrT9CbcoJTqeg==/base.apk!/lib/arm64-v8a/libmain.so" build_id=3021f75aced6da670bbefc9c2e3c1463afcafeb9
#03 abs=0x7b5f710db8 module_base=0x7b5e027000 image_size=0x2dd26b8 rva=0x16e9db8 module="/data/app/~~WocI3F2KC5-rXMhQ_U-q9g==/dev.twilitrealm.dusk-282FaW02jVrT9CbcoJTqeg==/base.apk!/lib/arm64-v8a/libmain.so" build_id=3021f75aced6da670bbefc9c2e3c1463afcafeb9
#04 abs=0x7b5f70fd1c module_base=0x7b5e027000 image_size=0x2dd26b8 rva=0x16e8d1c module="/data/app/~~WocI3F2KC5-rXMhQ_U-q9g==/dev.twilitrealm.dusk-282FaW02jVrT9CbcoJTqeg==/base.apk!/lib/arm64-v8a/libmain.so" build_id=3021f75aced6da670bbefc9c2e3c1463afcafeb9
#05 abs=0x7b5f70ee8c module_base=0x7b5e027000 image_size=0x2dd26b8 rva=0x16e7e8c module="/data/app/~~WocI3F2KC5-rXMhQ_U-q9g==/dev.twilitrealm.dusk-282FaW02jVrT9CbcoJTqeg==/base.apk!/lib/arm64-v8a/libmain.so" build_id=3021f75aced6da670bbefc9c2e3c1463afcafeb9
#06 abs=0x7b5f70ebec module_base=0x7b5e027000 image_size=0x2dd26b8 rva=0x16e7bec module="/data/app/~~WocI3F2KC5-rXMhQ_U-q9g==/dev.twilitrealm.dusk-282FaW02jVrT9CbcoJTqeg==/base.apk!/lib/arm64-v8a/libmain.so" build_id=3021f75aced6da670bbefc9c2e3c1463afcafeb9
#07 abs=0x7b5f70f4e8 module_base=0x7b5e027000 image_size=0x2dd26b8 rva=0x16e84e8 module="/data/app/~~WocI3F2KC5-rXMhQ_U-q9g==/dev.twilitrealm.dusk-282FaW02jVrT9CbcoJTqeg==/base.apk!/lib/arm64-v8a/libmain.so" build_id=3021f75aced6da670bbefc9c2e3c1463afcafeb9
#08 abs=0x7e08171b40 module_base=0x7e08100000 image_size=0xff250 rva=0x71b40 module="/apex/com.android.runtime/lib64/bionic/libc.so" build_id=a20a70e70c441395f47417211b62894c
#09 abs=0x7e08163c3c module_base=0x7e08100000 image_size=0xff250 rva=0x63c3c module="/apex/com.android.runtime/lib64/bionic/libc.so" build_id=a20a70e70c441395f47417211b62894c
#10 abs=0x25300000000000 module_base=0x7b5e027000 rva=0x252f84a1fd9000 module="/data/app/~~WocI3F2KC5-rXMhQ_U-q9g==/dev.twilitrealm.dusk-282FaW02jVrT9CbcoJTqeg==/base.apk!/lib/arm64-v8a/libmain.so" build_id=3021f75aced6da670bbefc9c2e3c1463afcafeb9
========================================================
