[INFO | borealis::log] File logging initialized
[INFO | dusk] Build: v2.0.3 (rev f39afb4994aeb85e1f4524f40f32d6bb03808749, built Wed Sep 30 08:33:18 2026 -0500, type RelWithDebInfo)
[INFO | dusk] Platform: android
[INFO | dusk::config] Loading config from '/data/data/dev.twilitrealm.dusk/files/config.json'
[INFO | aurora] Aurora initializing
[INFO | aurora::system_info] CPU model: Unknown
[INFO | aurora::system_info] Memory: 15140 MiB
[INFO | aurora::system_info] Architecture: aarch64
[ERROR | aurora::system_info] Failed to open /etc/os-release or /usr/lib/os-release
[INFO | aurora::system_info] OS: Unknown
[INFO | aurora::gpu] Creating WebGPU instance
[INFO | aurora::gpu] Attempting to initialize Vulkan
[INFO | aurora::gpu] Requesting adapter
  Feature level: Compatibility
  Power preference: HighPerformance
  Backend: Vulkan
  Compatible surface: true
[INFO | aurora::gpu] Graphics adapter information
  API: Vulkan
  Device: Adreno (TM) 830 (IntegratedGPU)
  Driver: Qualcomm Technologies Inc. Adreno Vulkan Driver: Driver Build: 3967b80d3b, Ica4ce9bea6, 1770914544
Date: 02/12/26
Compiler Version: E031.47.18.49
Driver Branch: 
 512.800.72
[INFO | aurora::gpu] Using limits:
  maxTextureDimension1D: 16384
  maxTextureDimension2D: 16384
  maxTextureDimension3D: 2048
  maxTextureArrayLayers: 2048
  maxStorageBuffersPerShaderStage: 2
  minUniformBufferOffsetAlignment: 256
  minStorageBufferOffsetAlignment: 64
  maxImmediateSize: 64
[INFO | aurora::gpu] Enabling features: 
  CoreFeaturesAndLimits
  TextureCompressionBC
  TextureCompressionASTC
  DualSourceBlending
  TextureComponentSwizzle
[DEBUG | aurora::gpu::cache] SQLite version 3.51.3
[DEBUG | aurora::gpu::cache] Using dawn cache at /data/data/dev.twilitrealm.dusk/files/dawn_cache.db
[DEBUG | aurora::gpu::cache] SQLite cache init succeeded
[INFO | aurora::gpu] Using surface format RGBA8Unorm, present mode Fifo
[INFO | aurora::gfx::pipeline_cache] No bundled initial pipeline cache found at './initial_pipeline_cache.db'
[INFO | aurora] Using framebuffer size 1920x1080 scale 2.30625
[WARNING | aurora::texture] texture_replacement: failed to load texture TextureReplacement tex1_128x64_6b0c0e381e32c091_14.dds because 45x22 is not aligned to 4x4 texel blocks for format 62
[WARNING | aurora::texture] texture_replacement: failed to load texture TextureReplacement tex1_56x89_m_52820dbae736d0d1_59a43005f82eebd3_9.dds because 41x64 is not aligned to 4x4 texel blocks for format 62
[INFO | aurora::texture] Loaded 4732 texture replacement registrations from /data/data/dev.twilitrealm.dusk/files/texture_replacements
[INFO | dusk] Texture replacement directory loaded: 4732 registration(s)
[INFO | aurora::rmlui] Loaded font face 'Fira Sans' [regular] from 'res/FiraSans-Regular.ttf'.
[INFO | aurora::rmlui] Loaded font face 'Fira Sans' [bold] from 'res/FiraSans-Bold.ttf'.
[INFO | aurora::rmlui] Loaded font face 'Fira Sans Condensed' [regular] from 'res/FiraSansCondensed-Regular.ttf'.
[INFO | aurora::rmlui] Loaded font face 'Fira Sans Condensed' [bold] from 'res/FiraSansCondensed-Bold.ttf'.
[INFO | aurora::rmlui] Loaded font face 'Alegreya SC' [regular] from 'res/AlegreyaSC-Regular.ttf'.
[INFO | aurora::rmlui] Loaded font face 'Alegreya SC' [bold] from 'res/AlegreyaSC-Bold.ttf'.
[INFO | aurora::rmlui] Loaded font face 'Material Symbols Rounded' [regular] from 'res/MaterialSymbolsRounded-Regular.ttf'.
[INFO | aurora::rmlui] Loaded font face 'Noto Mono' [regular] from 'res/NotoMono-Regular.ttf'.
[INFO | dusk] Disc verification status: verified (path: content://com.android.externalstorage.documents/document/primary%3ADusklight%2FLegend%20of%20Zelda%2C%20The%20-%20Twilight%20Princess%20(USA).rvz)
[INFO | dusk] Loading DVD image: content://com.android.externalstorage.documents/document/primary%3ADusklight%2FLegend%20of%20Zelda%2C%20The%20-%20Twilight%20Princess%20(USA).rvz
[INFO | dusk] Loaded game disc is GZ2E01
[INFO | dusk] Initializing mods...
[INFO | dusk::mods::manifest] symbol manifest loaded: 312357 symbols, build id 3021f75aced6da670bbefc9c2e3c1463afcafeb9
[WARNING | birdoflight.link.cloud] icon path 'res/icon.png' not found in bundle
[WARNING | birdoflight.link.cloud] banner path 'res/banner.png' not found in bundle
[WARNING | birdoflight.link.cloud] icon path 'res/icon.png' not found in bundle
[WARNING | birdoflight.link.cloud] banner path 'res/banner.png' not found in bundle
[INFO | birdoflight.link.cloud] found 'Cloud' v1.0.0 by BirdofLight (/data/data/dev.twilitrealm.dusk/files/mods/Link - Cloud.dusk)
[INFO | org.twilight.hd_hud] found 'Twilight HD' v2.5.1 by Hyrule Hysteria (/data/data/dev.twilitrealm.dusk/files/mods/Twilight-HD-HUD.dusk)
[INFO | alexandre.cooper_hat.texture_selector] found 'Cowboy Link' v1.1.0 by XandasLegend (/data/data/dev.twilitrealm.dusk/files/mods/alexandre.cooper_hat.texture_selector.dusk)
[INFO | com.skilarmbabcock.champions_leathers] found 'Champion's Leathers' v1.0.0 by Skilar Babcock (/data/data/dev.twilitrealm.dusk/files/mods/champions_leathers.dusk)
[INFO | com.blueflaregames.cutscene_player] found 'Cutscene Player' v1.0.1 by Blue Flare Games (/data/data/dev.twilitrealm.dusk/files/mods/com.blueflaregames.cutscene_player.dusk)
[INFO | com.blueflaregames.zora_swim] found 'Zora Swim' v1.2.1 by Blue Flare Games (/data/data/dev.twilitrealm.dusk/files/mods/com.blueflaregames.zora_swim.dusk)
[INFO | com.ditrey.linkle] found 'Linkle Mod' v1.1.1 by Ditrey (/data/data/dev.twilitrealm.dusk/files/mods/com.ditrey.linkle.dusk)
[INFO | com.dusklight.twilit_essentials] found 'Twilit Essentials' v2.5.0 by Fimmel (/data/data/dev.twilitrealm.dusk/files/mods/com.dusklight.twilit_essentials.dusk)
[INFO | com.kamilink.lazytweaks] found 'Lazy Shield Rework' v1.0.0 by Kamilink (/data/data/dev.twilitrealm.dusk/files/mods/com.kamilink.lazytweaks.dusk)
[INFO | com.melonspeedruns.rollandsprint] found 'Roll and Sprint' v1.1.0 by MelonSpeedruns (/data/data/dev.twilitrealm.dusk/files/mods/com.melonspeedruns.rollandsprint.dusk)
[INFO | com.mikey022.tp_randomizer_tracker] found 'TPTracker' v0.4.40 by mikey022 (/data/data/dev.twilitrealm.dusk/files/mods/com.mikey022.tp_randomizer_tracker.dusk)
[INFO | com.ordonhero.zeldartist] found 'Ordonian Hero' v1.0.0 by Skilar Babcock (/data/data/dev.twilitrealm.dusk/files/mods/com.ordonhero.zeldartist.dusk)
[INFO | com.skilarmbabcock.hero_of_time] found 'Hero of Time' v1.0.0 by Skilar Babcock (/data/data/dev.twilitrealm.dusk/files/mods/com.skilarmbabcock.hero_of_time.dusk)
[INFO | com.tomtee.no_underwater_filter] found 'No Underwater Filter' v1.0.0 by tomtee (/data/data/dev.twilitrealm.dusk/files/mods/com.tomtee.no_underwater_filter.dusk)
[INFO | dev.baxlek.time_sync_neo] found 'Time Sync Neo' v1.3.1 by baxlek (/data/data/dev.twilitrealm.dusk/files/mods/dev.baxlek.time_sync_neo.dusk)
[INFO | dev.baxlek.unrestricted_items] found 'Unrestricted Items' v1.1.1 by baxlek (/data/data/dev.twilitrealm.dusk/files/mods/dev.baxlek.unrestricted_items.dusk)
[INFO | dev.remiafterdark.coop_mod] found 'Crests of Courage' v1.8.4 by remiafterdark (/data/data/dev.twilitrealm.dusk/files/mods/dev.remiafterdark.coop_mod.dusk)
[INFO | dev.remiafterdark.ganondorf] found 'Ganondorf' v1.0.0 by remiafterdark (/data/data/dev.twilitrealm.dusk/files/mods/dev.remiafterdark.ganondorf.dusk)
[INFO | dev.twilitrealm.randomizer] /data/data/dev.twilitrealm.dusk/files/mods/dev.twilitrealm.randomizer.dusk v1.0.5 shadowed by /data/data/dev.twilitrealm.dusk/files/bundled_mods/randomizer.dusk v1.0.6
[INFO | com.skilarmbabcock.fierce_deity] found 'Fierce Deity' v1.0.0 by Skilar Babcock (/data/data/dev.twilitrealm.dusk/files/mods/fierce_deity.dusk)
[INFO | dev.baxlek.fire_arrows] found 'Fire Arrows Standalone' v1.0.1 by baxlek (/data/data/dev.twilitrealm.dusk/files/mods/fire_arrows.dusk)
[INFO | hopex.dark_link] found 'Dark Link' v1.1.3 by Nozzly (/data/data/dev.twilitrealm.dusk/files/mods/hopex.dark_link.dusk)
[INFO | dev.baxlek.hw_outfit] found 'Hyrule Warriors Outfit' v1.0.0 by baxlek (/data/data/dev.twilitrealm.dusk/files/mods/hw_outfit.dusk)
[INFO | com.snoopier.light_sword_anywhere] found 'Light Sword Anywhere' v0.4.1 by Snoopier (/data/data/dev.twilitrealm.dusk/files/mods/light_sword_anywhere-android.dusk)
[INFO | com.bytheeightdivines.royalshield] found 'Royal Shield' v1.0.0 by ByTheEightDivines (/data/data/dev.twilitrealm.dusk/files/mods/royal_shield.dusk)
[INFO | dev.baxlek.zelda_on_epona] found 'Zelda on Epona' v1.2.2 by baxlek (/data/data/dev.twilitrealm.dusk/files/mods/zelda_on_epona.dusk)
[INFO | dev.twilitrealm.cosmetics] found 'Cosmetics' v1.0.0 by Twilit Realm (/data/data/dev.twilitrealm.dusk/files/bundled_mods/cosmetics.dusk)
[INFO | dev.twilitrealm.luau] found 'Luau Support' v1.0.0 by Twilit Realm (/data/data/dev.twilitrealm.dusk/files/bundled_mods/luau_runtime.dusk)
[INFO | dev.twilitrealm.randomizer] found 'Dusklight Randomizer' v1.0.6 by Twilit Realm (/data/data/dev.twilitrealm.dusk/files/bundled_mods/randomizer.dusk)
[INFO | dusk::mods::loader] initializing 28 mod(s)...
[INFO | birdoflight.link.cloud] disabled by config
[INFO | alexandre.cooper_hat.texture_selector] disabled by config
[INFO | com.skilarmbabcock.champions_leathers] disabled by config
[INFO | com.ditrey.linkle] disabled by config
[INFO | com.kamilink.lazytweaks] disabled by config
[INFO | com.ordonhero.zeldartist] disabled by config
[INFO | com.skilarmbabcock.hero_of_time] disabled by config
[INFO | dev.remiafterdark.coop_mod] disabled by config
[INFO | dev.remiafterdark.ganondorf] disabled by config
[INFO | com.bytheeightdivines.royalshield] disabled by config
[INFO | dev.twilitrealm.cosmetics] activating mod
[INFO | dev.twilitrealm.cosmetics] cosmetics initialized
[INFO | dev.twilitrealm.luau] activating mod
[INFO | dev.twilitrealm.randomizer] activating mod
[INFO | dev.twilitrealm.randomizer] randomizer v1.0.6-HEAD-1f24e81 initialized
[INFO | org.twilight.hd_hud] activating mod
[INFO | org.twilight.hd_hud] Text Font: Dusklight - Fira Sans Bold selected
[INFO | org.twilight.hd_hud] Twilight HD initialized
[INFO | com.blueflaregames.cutscene_player] activating mod
[INFO | com.blueflaregames.cutscene_player] cutscene_player initialized with 37 cutscenes
[INFO | com.blueflaregames.zora_swim] activating mod
[INFO | com.blueflaregames.zora_swim] zora_swim initialized (swim speed 200%)
[INFO | com.dusklight.twilit_essentials] activating mod
[WARNING | com.dusklight.twilit_essentials] hook target 'dusk::getActionBindHold' did not resolve (symbol 'dusk::getActionBindHold' not found); installing this hook will fail
[DEBUG | com.dusklight.twilit_essentials] init menu_tab: OK
[DEBUG | com.dusklight.twilit_essentials] init general: OK
[DEBUG | com.dusklight.twilit_essentials] init damage_vignette: OK
[DEBUG | com.dusklight.twilit_essentials] init oxygen_vignette: OK
[DEBUG | com.dusklight.twilit_essentials] init flurry_vignette: OK
[DEBUG | com.dusklight.twilit_essentials] init bullet_time_vignette: OK
[DEBUG | com.dusklight.twilit_essentials] init leaderboard_blur: OK
[DEBUG | com.dusklight.twilit_essentials] init twilight_hd_compat: OK
[DEBUG | com.dusklight.twilit_essentials] init hp_bars: OK
[DEBUG | com.dusklight.twilit_essentials] init boss_bar: OK
[INFO | com.dusklight.twilit_essentials] [HardMode] Actor Attribute service missing - hard mode only tints the lighting
[DEBUG | com.dusklight.twilit_essentials] init boss_rush: OK
[DEBUG | com.dusklight.twilit_essentials] init boss_rush_portal: OK
[DEBUG | com.dusklight.twilit_essentials] init boss_rush_dpad: OK
[DEBUG | com.dusklight.twilit_essentials] init boss_rush_music: OK
[DEBUG | com.dusklight.twilit_essentials] init boss_rush_gamemode: OK
[DEBUG | com.dusklight.twilit_essentials] init visible_equipment: OK
[INFO | com.dusklight.twilit_essentials] [ZButton/mobile] Midna touch button available
[INFO | com.dusklight.twilit_essentials] [ZButton/mobile] Midna button in Customize Layout available
[DEBUG | com.dusklight.twilit_essentials] init z_button: OK
[DEBUG | com.dusklight.twilit_essentials] init quick_access_bottles: OK
[INFO | com.dusklight.twilit_essentials] [QuickAccess/mobile] touch bar available
[INFO | com.dusklight.twilit_essentials] [QuickAccess/mobile] layout editor support on
[DEBUG | com.dusklight.twilit_essentials] init quick_access: OK
[DEBUG | com.dusklight.twilit_essentials] init quick_access_itemwheel: OK
[DEBUG | com.dusklight.twilit_essentials] init sheathed_spin: OK
[DEBUG | com.dusklight.twilit_essentials] init flurry_rush: OK
[DEBUG | com.dusklight.twilit_essentials] init bullet_time: OK
[DEBUG | com.dusklight.twilit_essentials] init stamina: OK
[DEBUG | com.dusklight.twilit_essentials] init puppet_zelda_pattern: OK
[DEBUG | com.dusklight.twilit_essentials] init collection_menu: OK
[DEBUG | com.dusklight.twilit_essentials] init collection_menu_shield: OK
[DEBUG | com.dusklight.twilit_essentials] init epona: OK
[INFO | com.melonspeedruns.rollandsprint] activating mod
[INFO | com.mikey022.tp_randomizer_tracker] activating mod
[WARNING | com.mikey022.tp_randomizer_tracker] hook target 'src/dusk/mouse.cpp#dusk::mouse::should_show_cursor' did not resolve (symbol 'src/dusk/mouse.cpp#dusk::mouse::should_show_cursor' not found); installing this hook will fail
[INFO | com.mikey022.tp_randomizer_tracker] TPTracker: native map draw hook installed
[INFO | com.mikey022.tp_randomizer_tracker] TPTracker: minimap hooks installed
[INFO | com.tomtee.no_underwater_filter] activating mod
[INFO | dev.baxlek.time_sync_neo] activating mod
[INFO | dev.baxlek.time_sync_neo] time_sync_neo initialized
[INFO | dev.baxlek.unrestricted_items] activating mod
[INFO | dev.baxlek.unrestricted_items] unrestricted_items initialized
[INFO | com.skilarmbabcock.fierce_deity] activating mod
[INFO | dev.baxlek.fire_arrows] activating mod
[INFO | dev.baxlek.fire_arrows] fire_arrows initialized
[INFO | hopex.dark_link] activating mod
[INFO | dev.baxlek.hw_outfit] activating mod
[INFO | com.snoopier.light_sword_anywhere] activating mod
[INFO | com.snoopier.light_sword_anywhere] light_sword_anywhere initialized
[INFO | dev.baxlek.zelda_on_epona] activating mod
[INFO | dev.baxlek.zelda_on_epona] zelda_on_epona initialized
[DEBUG | dusk::mods::overlay] Registering 36 overlay file(s).
[INFO | dusk::mods::textures] [org.twilight.hd_hud] registered 2 texture replacement(s).
[INFO | dusk::mods::textures] [com.dusklight.twilit_essentials] registered 4 texture replacement(s).
[INFO | dusk::mods::textures] [dev.baxlek.hw_outfit] registered 20 texture replacement(s).
[INFO | dusk::mods::loader] 18/28 mod(s) active
[INFO | dusk::osReport] Starting main01 (Game Loop)...
[DEBUG | aurora::ar] Initialized 0x1800000 bytes of ARAM!
[INFO | dusk] COPYDATE=[2006/11/06 18:16
]
[DEBUG | dusk] [DIAG] cDyl_InitCallback: START
[DEBUG | dusk] fopScnM_CreateReq: procName=9 fade=32767
[DEBUG | dusk] fopScnM_CreateReq: result=0 (error=4294967295)
[DEBUG | dusk] cDyl_InitCallback: fpcNm_LOGO_SCENE_e created, DONE
[INFO | aurora::input] Added controller 'Odin Controller' (instance 3, vid 2020, pid 0111, type 1)
[DEBUG | dusk] fapGm_Execute frame=0
[DEBUG | dusk] fpcDw_Handler: before BeforeOfDraw
[DEBUG | dusk] fpcDw_Handler: before draw iteration
[DEBUG | dusk] fpcDw_Handler: before AfterOfDraw
[DEBUG | dusk] fpcDw_Handler: done
[DEBUG | dusk] fpcNdRq_Handler: queue size=1
[DEBUG | dusk] fpcNdRq_phase_Create: name=9 layer=0x7b5d1a5418
[DEBUG | dusk] fpcNdRq_phase_Create: creating_id=1 (error=4294967295)
[DEBUG | dusk] fopScnRq_phase_Execute: ret=0 name=9
[DEBUG | dusk] fapGm_Execute frame=1
[DEBUG | dusk] [DIAG] fpcSCtRq_phase_Load: procName=9 ret=4
[DEBUG | dusk] fpcSCtRq_phase_CreateProcess: procName=9
[DEBUG | dusk] fpcBs_Create: pid=1 profname=fpcNm_LOGO_SCENE_e (9) profile=0x7b5cf72020 procSize=1304 unkSize=0
[DEBUG | dusk] fpcSCtRq_phase_CreateProcess: fpcBs_Create OK proc=0xb400007a12f2fa48
[DEBUG | dusk] [DIAG] dScnLogo_Create: entry i_this=0xb400007a12f2fa48
[DEBUG | dusk] dScnLogo_c::create START
[DEBUG | dusk] dScnLogo_c::create resLoad=0 (need 4 for complete)
[DEBUG | dusk] fpcSCtRq_phase_SubCreateProcess: pid=1 procName=0009 ret=0
[DEBUG | dusk] fpcCtRq_Do: phase=0 process=0xb400007a12f2fa48
[DEBUG | dusk] fpcDw_Handler: before BeforeOfDraw
[DEBUG | dusk] fpcDw_Handler: before draw iteration
[DEBUG | dusk] fpcDw_Handler: before AfterOfDraw
[DEBUG | dusk] fpcDw_Handler: done
[DEBUG | dusk] fpcNdRq_Handler: queue size=1
[DEBUG | dusk] fopScnRq_phase_Execute: ret=0 name=9
[DEBUG | dusk] fapGm_Execute frame=2
[DEBUG | dusk] [DIAG] dScnLogo_Create: entry i_this=0xb400007a12f2fa48
[DEBUG | dusk] fpcSCtRq_phase_SubCreateProcess: pid=1 procName=0009 ret=0
[DEBUG | dusk] fpcCtRq_Do: phase=0 process=0xb400007a12f2fa48
[DEBUG | dusk] fpcDw_Handler: before BeforeOfDraw
[DEBUG | dusk] fpcDw_Handler: before draw iteration
[DEBUG | dusk] fpcDw_Handler: before AfterOfDraw
[DEBUG | dusk] fpcDw_Handler: done
[DEBUG | dusk] fpcNdRq_Handler: queue size=1
[DEBUG | dusk] fopScnRq_phase_Execute: ret=0 name=9
[DEBUG | dusk] fapGm_Execute frame=3
[DEBUG | dusk] [DIAG] dScnLogo_Create: entry i_this=0xb400007a12f2fa48
[DEBUG | dusk] Loading Resource: dolby_p2_232_112.bti (Size: 26016)
[DEBUG | dusk] Loading Resource: nintendo_376x104.bti (Size: 78240)
[DEBUG | dusk] Loading Resource: progressive_choice.bti (Size: 15008)
[DEBUG | dusk] Loading Resource: progressive_inter.bti (Size: 15008)
[DEBUG | dusk] Loading Resource: progressive_no.bti (Size: 2592)
[DEBUG | dusk] Loading Resource: progressive_pro.bti (Size: 15008)
[DEBUG | dusk] Loading Resource: progressive_yes.bti (Size: 2848)
[DEBUG | dusk] Loading Resource: warning.bti (Size: 136224)
[DEBUG | dusk] Loading Resource: warning_pstart.bti (Size: 14624)
[DEBUG | dusk] dScnLogo_c::create resLoad COMPLETE, continuing init...
[DEBUG | dusk] fpcSCtRq_phase_SubCreateProcess: pid=1 procName=0009 ret=2
[DEBUG | dusk] fpcCtRq_Do: phase=4 process=0xb400007a12f2fa48
[DEBUG | dusk] fpcDw_Handler: before BeforeOfDraw
[DEBUG | dusk] fpcDw_Handler: before draw iteration
[DEBUG | dusk] dScnLogo_c::draw: mExecCommand=14 mTimer=0
[DEBUG | dusk] fpcDw_Handler: before AfterOfDraw
[DEBUG | dusk] fpcDw_Handler: done
[DEBUG | dusk] fpcNdRq_Handler: queue size=1
[DEBUG | dusk] fopScnRq_phase_Execute: ret=2 name=9
[DEBUG | dusk] fapGm_Execute frame=4
[DEBUG | dusk] fpcDw_Handler: before BeforeOfDraw
[DEBUG | dusk] fpcDw_Handler: before draw iteration
[DEBUG | dusk] dScnLogo_c::draw: mExecCommand=14 mTimer=0
[DEBUG | dusk] fpcDw_Handler: before AfterOfDraw
[DEBUG | dusk] fpcDw_Handler: done
[DEBUG | dusk] fapGm_Execute frame=5
[DEBUG | dusk] dScnLogo_c::draw: mExecCommand=14 mTimer=0
[DEBUG | dusk] Loading Resource: ef_mizubashira.bck (Size: 672)
[DEBUG | dusk] Loading Resource: f_znc_r_impact.bck (Size: 704)
[DEBUG | dusk] Loading Resource: o_g_hutk.bck (Size: 416)
[DEBUG | dusk] Loading Resource: o_g_hutu.bck (Size: 416)
[DEBUG | dusk] Loading Resource: waita.bck (Size: 768)
[DEBUG | dusk] Loading Resource: zelda_notice_cursor_red.bck (Size: 512)
[DEBUG | dusk] Loading Resource: zelda_notice_cursor_yellow.bck (Size: 416)
[DEBUG | dusk] Loading Resource: o_g_hart.bmd (Size: 5472)
[DEBUG | dusk] Loading Resource: o_g_hutk.bmd (Size: 29376)
[DEBUG | dusk] Loading Resource: o_g_hutu.bmd (Size: 29376)
[DEBUG | dusk] Loading Resource: o_g_rupy.bmd (Size: 8224)
[DEBUG | dusk] Loading Resource: breakwoodbox.bmd (Size: 3744)
[DEBUG | dusk] Loading Resource: d_brockbrk.bmd (Size: 2848)
[DEBUG | dusk] Loading Resource: ef_mizubashira.bmd (Size: 12224)
[DEBUG | dusk] Loading Resource: ef_screen_suityu.bmd (Size: 4128)
[DEBUG | dusk] Loading Resource: ef_thunder01.bmd (Size: 10016)
[DEBUG | dusk] Loading Resource: ef_thunder02.bmd (Size: 10304)
[DEBUG | dusk] Loading Resource: mpm_tubo.bmd (Size: 4704)
[DEBUG | dusk] Loading Resource: nv.bmd (Size: 4256)
[DEBUG | dusk] Loading Resource: o_g_arow.bmd (Size: 4960)
[DEBUG | dusk] Loading Resource: o_g_arow_taba.bmd (Size: 22304)
[DEBUG | dusk] Loading Resource: o_g_tane.bmd (Size: 13152)
[DEBUG | dusk] Loading Resource: zelda_notice_cursor_red.bmd (Size: 7808)
[DEBUG | dusk] Loading Resource: zelda_notice_cursor_yellow.bmd (Size: 10688)
[DEBUG | dusk] Loading Resource: f_znc_r_impact.bpk (Size: 416)
[DEBUG | dusk] Loading Resource: zelda_notice_cursor_red.bpk (Size: 320)
[DEBUG | dusk] Loading Resource: zelda_notice_cursor_yellow.bpk (Size: 320)
[DEBUG | dusk] Loading Resource: ef_mizubashira.brk (Size: 480)
[DEBUG | dusk] Loading Resource: ef_thunder.brk (Size: 640)
[DEBUG | dusk] Loading Resource: f_g_hart.brk (Size: 384)
[DEBUG | dusk] Loading Resource: f_g_rupy.brk (Size: 800)
[DEBUG | dusk] Loading Resource: f_znc_r_impact.brk (Size: 384)
[DEBUG | dusk] Loading Resource: o_g_hutk.brk (Size: 416)
[DEBUG | dusk] Loading Resource: o_g_hutu.brk (Size: 544)
[DEBUG | dusk] Loading Resource: zelda_notice_cursor_red.brk (Size: 288)
[DEBUG | dusk] Loading Resource: zelda_notice_cursor_red_02.brk (Size: 224)
[DEBUG | dusk] Loading Resource: zelda_notice_cursor_yellow.brk (Size: 544)
[DEBUG | dusk] Loading Resource: zelda_notice_cursor_yellow_02.brk (Size: 224)
[DEBUG | dusk] Loading Resource: ef_mizubashira.btk (Size: 704)
[DEBUG | dusk] Loading Resource: ef_screen_suityu.btk (Size: 320)
[DEBUG | dusk] Loading Resource: f_znc_r_impact.btk (Size: 256)
[DEBUG | dusk] Loading Resource: zelda_notice_cursor_red.btk (Size: 256)
[DEBUG | dusk] Loading Resource: zelda_notice_cursor_yellow.btk (Size: 576)
[DEBUG | dusk] Loading Resource: mpm_tubo.btp (Size: 128)
[DEBUG | dusk] Loading Resource: areamapres.bin (Size: 444)
[DEBUG | dusk] Loading Resource: item_table.bin (Size: 128)
[DEBUG | dusk] Loading Resource: a_kusa_rgba.bti (Size: 2080)
[DEBUG | dusk] Loading Resource: ball32_i4.bti (Size: 544)
[DEBUG | dusk] Loading Resource: im_enter_4i_32.bti (Size: 544)
[DEBUG | dusk] Loading Resource: im_map_icon_circle_4i.bti (Size: 64)
[DEBUG | dusk] Loading Resource: im_map_icon_enter_4i.bti (Size: 160)
[DEBUG | dusk] Loading Resource: im_map_icon_nijumaru_4i.bti (Size: 160)
[DEBUG | dusk] Loading Resource: im_map_icon_square_4i.bti (Size: 64)
[DEBUG | dusk] Loading Resource: im_map_icon_tresurebox_4i.bti (Size: 64)
[DEBUG | dusk] Loading Resource: im_map_icon_try_force_4i.bti (Size: 160)
[DEBUG | dusk] Loading Resource: map_icon_circle16x16_4i.bti (Size: 160)
[DEBUG | dusk] Loading Resource: moya.bti (Size: 1056)
[DEBUG | dusk] Loading Resource: rope.bti (Size: 160)
[DEBUG | dusk] Loading Resource: snow.bti (Size: 160)
[DEBUG | dusk] Loading Resource: snow_tex.bti (Size: 1056)
[DEBUG | dusk] Loading Resource: txa_ring_a_32hafe.bti (Size: 544)
[DEBUG | dusk] Loading Resource: txa_tuki_as.bti (Size: 2080)
[DEBUG | dusk] Loading Resource: txa_tuki_bs.bti (Size: 2080)
[DEBUG | dusk] Loading Resource: txa_tuki_cs.bti (Size: 2080)
[DEBUG | dusk] Loading Resource: txa_tuki_ds.bti (Size: 2080)
[DEBUG | dusk] Loading Resource: vr_lenzf_tex.bti (Size: 1056)
[DEBUG | dusk] Loading Resource: warp_tex.bti (Size: 1056)
[DEBUG | dusk] Loading Resource: zl2_polygon_ia8 (Size: 64)
[DEBUG | dusk] Loading Resource: crod_ball_revive_demo.bck (Size: 288)
[DEBUG | dusk] Loading Resource: crod_ball_wait_a.bck (Size: 288)
[DEBUG | dusk] Loading Resource: crod_ball_wait_a_t.bck (Size: 288)
[DEBUG | dusk] Loading Resource: crod_ball_wait_a_t_start.bck (Size: 288)
[DEBUG | dusk] Loading Resource: crod_ball_wait_b.bck (Size: 352)
[DEBUG | dusk] Loading Resource: crod_ball_wait_c.bck (Size: 384)
[DEBUG | dusk] Loading Resource: ef_shippu.bck (Size: 544)
[DEBUG | dusk] Loading Resource: pb_move.bck (Size: 2816)
[DEBUG | dusk] Loading Resource: pb_wait.bck (Size: 928)
[DEBUG | dusk] Loading Resource: spout.bck (Size: 1088)
[DEBUG | dusk] Loading Resource: ef_setboom.bmd (Size: 15392)
[DEBUG | dusk] Loading Resource: al_arrow.bmd (Size: 5024)
[DEBUG | dusk] Loading Resource: al_arrowb.bmd (Size: 9696)
[DEBUG | dusk] Loading Resource: al_bomb.bmd (Size: 11104)
[DEBUG | dusk] Loading Resource: al_boom.bmd (Size: 20000)
[DEBUG | dusk] Loading Resource: al_pachi_nut.bmd (Size: 2176)
[DEBUG | dusk] Loading Resource: al_sp.bmd (Size: 21824)
[DEBUG | dusk] Loading Resource: crod_ball.bmd (Size: 3840)
[DEBUG | dusk] Loading Resource: footmark.bmd (Size: 2272)
[DEBUG | dusk] Loading Resource: hk.bmd (Size: 3648)
[DEBUG | dusk] Loading Resource: inochidama.bmd (Size: 13120)
[DEBUG | dusk] Loading Resource: pb.bmd (Size: 34976)
[DEBUG | dusk] Loading Resource: pg.bmd (Size: 20736)
[DEBUG | dusk] Loading Resource: rod_ukia.bmd (Size: 4384)
[DEBUG | dusk] Loading Resource: rod_ukib.bmd (Size: 2656)
[DEBUG | dusk] Loading Resource: rod_ukic.bmd (Size: 2656)
[DEBUG | dusk] Loading Resource: sango_fook.bmd (Size: 9984)
[DEBUG | dusk] Loading Resource: sfook.bmd (Size: 3456)
[DEBUG | dusk] Loading Resource: uki.bmd (Size: 4928)
[DEBUG | dusk] Loading Resource: uki_saki.bmd (Size: 4160)
[DEBUG | dusk] Loading Resource: wl_change.bmd (Size: 44256)
[DEBUG | dusk] Loading Resource: worm.bmd (Size: 8256)
[DEBUG | dusk] Loading Resource: worm_hole.bmd (Size: 2816)
[DEBUG | dusk] Loading Resource: ef_shippu.bmd (Size: 33216)
[DEBUG | dusk] Loading Resource: al_podm.bmd (Size: 21504)
[DEBUG | dusk] Loading Resource: al_swm.bmd (Size: 22720)
[DEBUG | dusk] Loading Resource: al_poda.bmd (Size: 12032)
[DEBUG | dusk] Loading Resource: al_swa.bmd (Size: 11808)
[DEBUG | dusk] Loading Resource: al_swm.brk (Size: 256)
[DEBUG | dusk] Loading Resource: crod_ball.brk (Size: 736)
[DEBUG | dusk] Loading Resource: inochidama.brk (Size: 288)
[DEBUG | dusk] Loading Resource: al_swa.btk (Size: 320)
[DEBUG | dusk] Loading Resource: al_swm.btk (Size: 320)
[DEBUG | dusk] Loading Resource: crod_ball.btk (Size: 416)
[DEBUG | dusk] Loading Resource: ef_setboom.btk (Size: 704)
[DEBUG | dusk] Loading Resource: ef_shippu.btk (Size: 1120)
[DEBUG | dusk] Loading Resource: inochidama.btk (Size: 672)
[DEBUG | dusk] Loading Resource: zelda_v_cursor_new_orange.blo (Size: 2368)
[DEBUG | dusk] Loading Resource: zelda_v_cursor_new_orange.brk (Size: 320)
[DEBUG | dusk] Loading Resource: zelda_v_cursor_new_orange_02.brk (Size: 384)
[DEBUG | dusk] Loading Resource: zelda_v_cursor_new_red.blo (Size: 2368)
[DEBUG | dusk] Loading Resource: zelda_v_cursor_new_red.brk (Size: 320)
[DEBUG | dusk] Loading Resource: zelda_v_cursor_new_red_02.brk (Size: 384)
[DEBUG | dusk] Loading Resource: zelda_v_cursor_new_yellow.bck (Size: 2016)
[DEBUG | dusk] Loading Resource: zelda_v_cursor_new_yellow.blo (Size: 2336)
[DEBUG | dusk] Loading Resource: zelda_v_cursor_new_yellow.bpk (Size: 448)
[DEBUG | dusk] Loading Resource: zelda_v_cursor_new_yellow.brk (Size: 320)
[DEBUG | dusk] Loading Resource: zelda_v_cursor_new_yellow_02.brk (Size: 352)
[DEBUG | dusk] Loading Resource: blur.bti (Size: 96)
[DEBUG | dusk] Loading Resource: rock_mark.bti (Size: 544)
[DEBUG | dusk] Loading Resource: tt_v_point_128_00_4ia_02.bti (Size: 16416)
[DEBUG | dusk] Loading Resource: tt_map_icon_link_40_4ia_00.bti (Size: 1632)
[DEBUG | dusk] Loading Resource: tt_navi_l.bti (Size: 544)
[DEBUG | dusk] fapGm_Execute frame=6
[DEBUG | dusk] dScnLogo_c::draw: mExecCommand=14 mTimer=0
[DEBUG | dusk] fapGm_Execute frame=7
[DEBUG | dusk] dScnLogo_c::draw: mExecCommand=14 mTimer=0
[DEBUG | dusk] fapGm_Execute frame=8
[DEBUG | dusk] dScnLogo_c::draw: mExecCommand=15 mTimer=0
[DEBUG | dusk] fpcNdRq_Handler: queue size=1
[DEBUG | dusk] fapGm_Execute frame=9
[DEBUG | dusk] [DIAG] fpcSCtRq_phase_Load: procName=0 ret=4
[DEBUG | dusk] fpcSCtRq_phase_CreateProcess: procName=0
[DEBUG | dusk] fpcBs_Create: pid=2 profname=fpcNm_OVERLAP0_e (0) profile=0x7b5cf71b18 procSize=384 unkSize=0
[DEBUG | dusk] fpcSCtRq_phase_CreateProcess: fpcBs_Create OK proc=0xb400007a12f2f8a8
[DEBUG | dusk] fpcSCtRq_phase_SubCreateProcess: pid=2 procName=0000 ret=2
[DEBUG | dusk] fpcCtRq_Do: phase=4 process=0xb400007a12f2f8a8
[DEBUG | dusk] dScnLogo_c::draw: mExecCommand=15 mTimer=0
[DEBUG | dusk] fpcNdRq_Handler: queue size=1
[DEBUG | dusk] dScnLogo_c::draw: mExecCommand=15 mTimer=0
[DEBUG | dusk] fpcNdRq_Handler: queue size=1
[DEBUG | dusk] dScnLogo_c::draw: mExecCommand=15 mTimer=0
[DEBUG | dusk] fpcNdRq_Handler: queue size=1
[DEBUG | dusk] dScnLogo_c::draw: mExecCommand=15 mTimer=0
[DEBUG | dusk] fpcNdRq_Handler: queue size=1
[DEBUG | dusk] fpcNdRq_Handler: queue size=1
[DEBUG | dusk] fpcNdRq_Handler: queue size=1
[DEBUG | dusk] fpcNdRq_Handler: queue size=1
[DEBUG | dusk] fpcNdRq_Handler: queue size=1
[DEBUG | dusk] fpcNdRq_Handler: queue size=1
[DEBUG | dusk] fpcNdRq_Handler: queue size=1
[DEBUG | dusk] fpcNdRq_Handler: queue size=1
[DEBUG | dusk] fpcNdRq_Handler: queue size=1
[DEBUG | dusk] fpcNdRq_Handler: queue size=1
[DEBUG | dusk] fpcNdRq_Handler: queue size=1
[DEBUG | dusk] fpcNdRq_Handler: queue size=1
[DEBUG | dusk] fpcNdRq_Handler: queue size=1
[DEBUG | dusk] fpcNdRq_Handler: queue size=1
[DEBUG | dusk] fpcNdRq_Handler: queue size=1
[DEBUG | dusk] fpcNdRq_Handler: queue size=1
[DEBUG | dusk] fpcNdRq_Handler: queue size=1
[DEBUG | dusk] fpcNdRq_Handler: queue size=1
[DEBUG | dusk] fpcNdRq_Handler: queue size=1
[DEBUG | dev.twilitrealm.cosmetics] Loaded base texture data for al_SP. size: 800 hash: 8F18F04BC30C8091
[DEBUG | dev.twilitrealm.cosmetics] Loaded base texture data for L_al_boom00. size: 2000 hash: A0B9537632BF5353
[DEBUG | dev.twilitrealm.cosmetics] Loaded base texture data for al_SWM. size: 800 hash: B28F966CE362E1B0
[DEBUG | dev.twilitrealm.cosmetics] Loaded base texture data for al_SWgripM. size: 800 hash: 9C3E2139933B9BEF
[DEBUG | dev.twilitrealm.cosmetics] Loaded base texture data for al_SWA. size: 800 hash: 91A45C6361D59DE5
[DEBUG | dev.twilitrealm.cosmetics] Loaded base texture data for al_SWgripA. size: 400 hash: 5EAEFD04199EDE61
[DEBUG | dusk] fpcNdRq_Handler: queue size=1
[DEBUG | dusk] fpcNdRq_Handler: queue size=1
[DEBUG | dusk] fpcNdRq_Handler: queue size=1
[DEBUG | dusk] fopScnRq_phase_Execute: ret=0 name=12
[DEBUG | dusk] fopScnRq_phase_Execute: ret=0 name=12
[INFO | dusk::mods::updates] Checked 28 installed mods for updates
[INFO | dev.baxlek.zelda_on_epona] Pscene181.jpc loaded as particle bank 2, resource heap has 1693328 bytes free
[DEBUG | dusk] fpcNdRq_phase_Create: name=12 layer=0x7b5d1a5418
[DEBUG | dusk] fpcNdRq_phase_Create: creating_id=3 (error=4294967295)
[DEBUG | dusk] fopScnRq_phase_Execute: ret=0 name=12
[DEBUG | dusk] [DIAG] fpcSCtRq_phase_Load: procName=12 ret=4
[DEBUG | dusk] fpcSCtRq_phase_CreateProcess: procName=12
[DEBUG | dusk] fpcBs_Create: pid=3 profname=fpcNm_OPENING_SCENE_e (12) profile=0x7b5cf722a8 procSize=912 unkSize=0
[DEBUG | dusk] fpcSCtRq_phase_CreateProcess: fpcBs_Create OK proc=0xb400007a12f2faf0
[DEBUG | dusk] fpcSCtRq_phase_SubCreateProcess: pid=3 procName=000c ret=0
[DEBUG | dusk] fpcCtRq_Do: phase=0 process=0xb400007a12f2faf0
[DEBUG | dusk] fopScnRq_phase_Execute: ret=0 name=12
[DEBUG | dusk] Loading Resource: vrbox_kasumim.bmd (Size: 2272)
[DEBUG | dusk] Loading Resource: vrbox_kumo.bmd (Size: 69664)
[DEBUG | dusk] Loading Resource: vrbox_sora.bmd (Size: 6624)
[DEBUG | dusk] Loading Resource: vrbox_sun.bmd (Size: 12032)
[DEBUG | dusk] Loading Resource: vrbox_sun.btk (Size: 320)
[DEBUG | dusk] Loading Resource: colordata_tbl.dat (Size: 800)
[DEBUG | dusk] Loading Resource: pol_arg.dat (Size: 128)
[DEBUG | dusk] Loading Resource: pol_effcol.dat (Size: 128)
[DEBUG | dusk] Loading Resource: pol_effcol2.dat (Size: 128)
[DEBUG | dusk] Loading Resource: pol_efftbl.dat (Size: 128)
[DEBUG | dusk] Loading Resource: pol_efftbl2.dat (Size: 128)
[DEBUG | dusk] Loading Resource: pol_sound.dat (Size: 128)
[DEBUG | dusk] Loading Resource: room0.dzs (Size: 5440)
[DEBUG | dusk] Loading Resource: stage.dzs (Size: 1952)
[DEBUG | dusk] Loading Resource: cloudtx_01.bti (Size: 4128)
[DEBUG | dusk] Loading Resource: cloudtx_02.bti (Size: 4128)
[DEBUG | dusk] Loading Resource: cloudtx_03.bti (Size: 4128)
[DEBUG | dusk] Loading Resource: f_moon.bti (Size: 8224)
[DEBUG | dusk] Loading Resource: f_moon_a.bti (Size: 2080)
[DEBUG | dusk] Loading Resource: f_moon_a_a00.bti (Size: 64)
[DEBUG | dusk] Loading Resource: f_moon_a_a01.bti (Size: 544)
[DEBUG | dusk] Loading Resource: f_moon_a_a02.bti (Size: 544)
[DEBUG | dusk] Loading Resource: f_moon_a_a03.bti (Size: 544)
[DEBUG | dusk] fpcSCtRq_phase_SubCreateProcess: pid=3 procName=000c ret=0
[DEBUG | dusk] fpcCtRq_Do: phase=0 process=0xb400007a12f2faf0
[DEBUG | dusk] fopScnRq_phase_Execute: ret=0 name=12
[DEBUG | dusk] Loading Resource: event_list.dat (Size: 106476)
[DEBUG | dusk] Loading Resource: camstyle.dat (Size: 43328)
[DEBUG | dusk] Loading Resource: camtype.dat (Size: 14560)
[DEBUG | dusk] fpcSCtRq_phase_SubCreateProcess: pid=3 procName=000c ret=0
[DEBUG | dusk] fpcCtRq_Do: phase=0 process=0xb400007a12f2faf0
[DEBUG | dusk] fopScnRq_phase_Execute: ret=0 name=12
[DEBUG | dusk] fopScnM_CreateReq: procName=18 fade=32767
[DEBUG | dusk] fopScnM_CreateReq: result=2 (error=4294967295)
[DEBUG | dusk] fpcBs_Create: pid=7 profname=fpcNm_KANKYO_e (19) profile=0x7b5cf6ce60 procSize=440 unkSize=0
[DEBUG | dusk] fpcBs_Create: pid=9 profname=fpcNm_KYEFF_e (785) profile=0x7b5cf6ceb0 procSize=440 unkSize=0
[DEBUG | dusk] fpcBs_Create: pid=11 profname=fpcNm_KYEFF2_e (786) profile=0x7b5cf6cef0 procSize=440 unkSize=0
[DEBUG | dusk] fpcBs_Create: pid=13 profname=fpcNm_ENVSE_e (21) profile=0x7b5cf6bf20 procSize=456 unkSize=0
[DEBUG | dusk] fpcSCtRq_phase_SubCreateProcess: pid=3 procName=000c ret=2
[DEBUG | dusk] fpcCtRq_Do: phase=0 process=0xb400007a12f2faf0
[DEBUG | dusk] fopScnRq_phase_Execute: ret=0 name=12
[DEBUG | dusk] fpcNdRq_phase_Create: name=18 layer=0xb400007a12f2fc48
[DEBUG | dusk] fpcNdRq_phase_Create: creating_id=16 (error=4294967295)
[DEBUG | dusk] fopScnRq_phase_Execute: ret=0 name=18
[DEBUG | dusk] fpcCtRq_Do: phase=0 process=0xb400007a12f2faf0
[DEBUG | dusk] [DIAG] fpcSCtRq_phase_Load: procName=737 ret=4
[DEBUG | dusk] fpcSCtRq_phase_CreateProcess: procName=737
[DEBUG | dusk] fpcBs_Create: pid=4 profname=fpcNm_TITLE_e (737) profile=0x7b5cfafc90 procSize=1872 unkSize=0
[DEBUG | dusk] fpcSCtRq_phase_CreateProcess: fpcBs_Create OK proc=0xb400007a12f2e084
[DEBUG | dusk] fpcSCtRq_phase_SubCreateProcess: pid=4 procName=02e1 ret=0
[DEBUG | dusk] fpcCtRq_Do: phase=0 process=0xb400007a12f2e084
[DEBUG | dusk] [DIAG] fpcSCtRq_phase_Load: procName=781 ret=4
[DEBUG | dusk] fpcSCtRq_phase_CreateProcess: procName=781
[DEBUG | dusk] fpcBs_Create: pid=5 profname=fpcNm_CAMERA_e (781) profile=0x7b5cf6bd68 procSize=4240 unkSize=0
[DEBUG | dusk] fpcSCtRq_phase_CreateProcess: fpcBs_Create OK proc=0xb400007a12f2cfd4
[DEBUG | dusk] fpcSCtRq_phase_SubCreateProcess: pid=5 procName=030d ret=0
[DEBUG | dusk] fpcCtRq_Do: phase=0 process=0xb400007a12f2cfd4
[DEBUG | dusk] fpcCtRq_Do: phase=4 process=0xb400007a12f2f26c
[DEBUG | dusk] fpcCtRq_Do: phase=4 process=0xb400007a12f2efd4
[DEBUG | dusk] fpcCtRq_Do: phase=4 process=0xb400007a12f2ed3c
[DEBUG | dusk] fpcCtRq_Do: phase=4 process=0xb400007a12f2ea94
[DEBUG | dusk] [DIAG] fpcSCtRq_phase_Load: procName=730 ret=4
[DEBUG | dusk] fpcSCtRq_phase_CreateProcess: procName=730
[DEBUG | dusk] fpcBs_Create: pid=14 profname=fpcNm_VRBOX_e (730) profile=0x7b5cf78078 procSize=1648 unkSize=0
[DEBUG | dusk] fpcSCtRq_phase_CreateProcess: fpcBs_Create OK proc=0xb400007a12f2c944
[DEBUG | dusk] fpcSCtRq_phase_SubCreateProcess: pid=14 procName=02da ret=2
[DEBUG | dusk] fpcCtRq_Do: phase=4 process=0xb400007a12f2c944
[DEBUG | dusk] [DIAG] fpcSCtRq_phase_Load: procName=731 ret=4
[DEBUG | dusk] fpcSCtRq_phase_CreateProcess: procName=731
[DEBUG | dusk] fpcBs_Create: pid=15 profname=fpcNm_VRBOX2_e (731) profile=0x7b5cf78130 procSize=1720 unkSize=0
[DEBUG | dusk] fpcSCtRq_phase_CreateProcess: fpcBs_Create OK proc=0xb400007a12f2c26c
[DEBUG | dusk] fpcSCtRq_phase_SubCreateProcess: pid=15 procName=02db ret=2
[DEBUG | dusk] fpcCtRq_Do: phase=4 process=0xb400007a12f2c26c
[DEBUG | dusk] [DIAG] fpcSCtRq_phase_Load: procName=18 ret=4
[DEBUG | dusk] fpcSCtRq_phase_CreateProcess: procName=18
[DEBUG | dusk] fpcBs_Create: pid=16 profname=fpcNm_ROOM_SCENE_e (18) profile=0x7b5cf72388 procSize=912 unkSize=0
[DEBUG | dusk] fpcSCtRq_phase_CreateProcess: fpcBs_Create OK proc=0xb400007a12f2bebc
[DEBUG | dusk] fpcSCtRq_phase_SubCreateProcess: pid=16 procName=0012 ret=0
[DEBUG | dusk] fpcCtRq_Do: phase=0 process=0xb400007a12f2bebc
[DEBUG | dusk] fopScnRq_phase_Execute: ret=0 name=12
[DEBUG | dusk] fopScnRq_phase_Execute: ret=0 name=18
[DEBUG | dusk] fpcCtRq_Do: phase=0 process=0xb400007a12f2faf0
[DEBUG | dusk] Loading Resource: titlelogo.bck (Size: 704)
[DEBUG | dusk] Loading Resource: titlelogo_r.bmd (Size: 1995456)
[DEBUG | dusk] Loading Resource: titlelogo.bpk (Size: 576)
[DEBUG | dusk] Loading Resource: titlelogo.brk (Size: 704)
[DEBUG | dusk] Loading Resource: titlelogo.btk (Size: 672)
[DEBUG | dusk] fpcSCtRq_phase_SubCreateProcess: pid=4 procName=02e1 ret=2
[DEBUG | dusk] fpcCtRq_Do: phase=4 process=0xb400007a12f2e084
[DEBUG | dusk] fpcSCtRq_phase_SubCreateProcess: pid=5 procName=030d ret=0
[DEBUG | dusk] fpcCtRq_Do: phase=0 process=0xb400007a12f2cfd4
[DEBUG | dusk] Loading Resource: model.bmd (Size: 927520)
[DEBUG | dusk] Loading Resource: model1.bmd (Size: 7488)
[DEBUG | dusk] Loading Resource: model2.bmd (Size: 22752)
[DEBUG | dusk] Loading Resource: model3.bmd (Size: 166848)
[DEBUG | dusk] Loading Resource: model4.bmd (Size: 10400)
[DEBUG | dusk] Loading Resource: model.btk (Size: 576)
[DEBUG | dusk] Loading Resource: model1.btk (Size: 320)
[DEBUG | dusk] Loading Resource: model2.btk (Size: 352)
[DEBUG | dusk] Loading Resource: model4.btk (Size: 320)
[DEBUG | dusk] Loading Resource: room.dzr (Size: 7456)
[DEBUG | dusk] Loading Resource: event_list.dat (Size: 5304)
[DEBUG | dusk] Loading Resource: room.kcl (Size: 449804)
[DEBUG | dusk] Loading Resource: room.plc (Size: 608)
[DEBUG | dusk] fpcSCtRq_phase_SubCreateProcess: pid=16 procName=0012 ret=0
[DEBUG | dusk] fpcCtRq_Do: phase=0 process=0xb400007a12f2bebc
[DEBUG | dusk] fopScnRq_phase_Execute: ret=0 name=12
[DEBUG | dusk] fopScnRq_phase_Execute: ret=0 name=18
[DEBUG | dusk] fpcCtRq_Do: phase=0 process=0xb400007a12f2faf0
[DEBUG | dusk] fpcSCtRq_phase_SubCreateProcess: pid=5 procName=030d ret=0
[DEBUG | dusk] fpcCtRq_Do: phase=0 process=0xb400007a12f2cfd4
[DEBUG | dusk] Loading Resource: demo38_wl_cut01_gp_1_o.bck (Size: 8000)
[DEBUG | dusk] Loading Resource: demo38_wl_cut01_gp_1_l.bck (Size: 5088)
[DEBUG | dusk] Loading Resource: demo38_wl_cut00_gp_1_o.bmd (Size: 239584)
[DEBUG | dusk] Loading Resource: demo38_twfilm_cut00_gp_1_o.bmd (Size: 45376)
[DEBUG | dusk] Loading Resource: demo38_01.stb (Size: 9368)
[DEBUG | dusk] Loading Resource: demo38_twfilm_cut00_gp_1_l.btk (Size: 832)
[DEBUG | dusk] fpcSCtRq_phase_SubCreateProcess: pid=16 procName=0012 ret=0
[DEBUG | dusk] fpcCtRq_Do: phase=0 process=0xb400007a12f2bebc
[DEBUG | dusk] [DIAG] fpcSCtRq_phase_Load: procName=253 ret=4
[DEBUG | dusk] fpcSCtRq_phase_CreateProcess: procName=253
[DEBUG | dusk] fpcBs_Create: pid=17 profname=fpcNm_ALINK_e (253) profile=0x7b5cf68250 procSize=18784 unkSize=0
[DEBUG | dusk] fpcSCtRq_phase_CreateProcess: fpcBs_Create OK proc=0xb400007a12f26238
[DEBUG | dusk] fpcSCtRq_phase_SubCreateProcess: pid=17 procName=00fd ret=0
[DEBUG | dusk] fpcCtRq_Do: phase=0 process=0xb400007a12f26238
[DEBUG | dusk] [DIAG] fpcSCtRq_phase_Load: procName=732 ret=4
[DEBUG | dusk] fpcSCtRq_phase_CreateProcess: procName=732
[DEBUG | dusk] fpcBs_Create: pid=18 profname=fpcNm_BG_e (732) profile=0x7b5cf753f8 procSize=1904 unkSize=0
[DEBUG | dusk] fpcSCtRq_phase_CreateProcess: fpcBs_Create OK proc=0xb400007a12f25aa8
[DEBUG | dusk] fpcSCtRq_phase_SubCreateProcess: pid=18 procName=02dc ret=2
[DEBUG | dusk] fpcCtRq_Do: phase=4 process=0xb400007a12f25aa8
[DEBUG | dusk] [DIAG] fpcSCtRq_phase_Load: procName=222 ret=4
[DEBUG | dusk] fpcSCtRq_phase_CreateProcess: procName=222
[DEBUG | dusk] fpcBs_Create: pid=19 profname=fpcNm_OBJ_IHASI_e (222) profile=0x7b5cf9d470 procSize=1752 unkSize=0
[DEBUG | dusk] fpcSCtRq_phase_CreateProcess: fpcBs_Create OK proc=0xb400007a12f253b0
[DEBUG | dusk] fpcCtRq_Do: phase=0 process=0xb400007a12f253b0
[DEBUG | dusk] [DIAG] fpcSCtRq_phase_Load: procName=187 ret=4
[DEBUG | dusk] fpcSCtRq_phase_CreateProcess: procName=187
[DEBUG | dusk] fpcBs_Create: pid=20 profname=fpcNm_CSTAF_e (187) profile=0x7b5cf790f8 procSize=3824 unkSize=0
[DEBUG | dusk] fpcSCtRq_phase_CreateProcess: fpcBs_Create OK proc=0xb400007a12f244a0
[DEBUG | dusk] fpcCtRq_Do: phase=0 process=0xb400007a12f244a0
[DEBUG | dusk] [DIAG] fpcSCtRq_phase_Load: procName=733 ret=4
[DEBUG | dusk] fpcSCtRq_phase_CreateProcess: procName=733
[DEBUG | dusk] fpcBs_Create: pid=21 profname=fpcNm_SET_BG_OBJ_e (733) profile=0x7b5cf76f08 procSize=1664 unkSize=0
[DEBUG | dusk] fpcSCtRq_phase_CreateProcess: fpcBs_Create OK proc=0xb400007a12f23e00
[DEBUG | dusk] fpcCtRq_Do: phase=0 process=0xb400007a12f23e00
[DEBUG | dusk] [DIAG] fpcSCtRq_phase_Load: procName=238 ret=4
[DEBUG | dusk] fpcSCtRq_phase_CreateProcess: procName=238
[DEBUG | dusk] fpcBs_Create: pid=22 profname=fpcNm_HORSE_e (238) profile=0x7b5cf85d10 procSize=8464 unkSize=0
[DEBUG | dusk] fpcSCtRq_phase_CreateProcess: fpcBs_Create OK proc=0xb400007a12f21cd0
[DEBUG | dusk] [DIAG] fpcSCtRq_phase_Load: procName=784 ret=4
[DEBUG | dusk] fpcSCtRq_phase_CreateProcess: procName=784
[DEBUG | dusk] fpcBs_Create: pid=23 profname=fpcNm_GRASS_e (784) profile=0x7b5cf79ae8 procSize=1640 unkSize=0
[DEBUG | dusk] fpcSCtRq_phase_CreateProcess: fpcBs_Create OK proc=0xb400007a12f21648
[DEBUG | dusk] [DIAG] fpcSCtRq_phase_Load: procName=784 ret=4
[DEBUG | dusk] fpcSCtRq_phase_CreateProcess: procName=784
[DEBUG | dusk] fpcBs_Create: pid=24 profname=fpcNm_GRASS_e (784) profile=0x7b5cf79ae8 procSize=1640 unkSize=0
[DEBUG | dusk] fpcSCtRq_phase_CreateProcess: fpcBs_Create OK proc=0xb400007a12f20fc0
[DEBUG | dusk] [DIAG] fpcSCtRq_phase_Load: procName=784 ret=4
[DEBUG | dusk] fpcSCtRq_phase_CreateProcess: procName=784
[DEBUG | dusk] fpcBs_Create: pid=25 profname=fpcNm_GRASS_e (784) profile=0x7b5cf79ae8 procSize=1640 unkSize=0
[DEBUG | dusk] fpcSCtRq_phase_CreateProcess: fpcBs_Create OK proc=0xb400007a12f20938
[DEBUG | dusk] [DIAG] fpcSCtRq_phase_Load: procName=784 ret=4
[DEBUG | dusk] fpcSCtRq_phase_CreateProcess: procName=784
[DEBUG | dusk] fpcBs_Create: pid=26 profname=fpcNm_GRASS_e (784) profile=0x7b5cf79ae8 procSize=1640 unkSize=0
[DEBUG | dusk] fpcSCtRq_phase_CreateProcess: fpcBs_Create OK proc=0xb400007a12f202b0
[DEBUG | dusk] [DIAG] fpcSCtRq_phase_Load: procName=784 ret=4
[DEBUG | dusk] fpcSCtRq_phase_CreateProcess: procName=784
[DEBUG | dusk] fpcBs_Create: pid=27 profname=fpcNm_GRASS_e (784) profile=0x7b5cf79ae8 procSize=1640 unkSize=0
[DEBUG | dusk] fpcSCtRq_phase_CreateProcess: fpcBs_Create OK proc=0xb400007a12f1fc28
[DEBUG | dusk] [DIAG] fpcSCtRq_phase_Load: procName=784 ret=4
[DEBUG | dusk] fpcSCtRq_phase_CreateProcess: procName=784
[DEBUG | dusk] fpcBs_Create: pid=28 profname=fpcNm_GRASS_e (784) profile=0x7b5cf79ae8 procSize=1640 unkSize=0
[DEBUG | dusk] fpcSCtRq_phase_CreateProcess: fpcBs_Create OK proc=0xb400007a12f1f5a0
[DEBUG | dusk] [DIAG] fpcSCtRq_phase_Load: procName=333 ret=4
[DEBUG | dusk] fpcSCtRq_phase_CreateProcess: procName=333
[DEBUG | dusk] fpcBs_Create: pid=29 profname=fpcNm_Obj_Yobikusa_e (333) profile=0x7b5cf7e0c8 procSize=2360 unkSize=0
[DEBUG | dusk] fpcSCtRq_phase_CreateProcess: fpcBs_Create OK proc=0xb400007a12f1ec48
[DEBUG | dusk] [DIAG] fpcSCtRq_phase_Load: procName=333 ret=4
[DEBUG | dusk] fpcSCtRq_phase_CreateProcess: procName=333
[DEBUG | dusk] fpcBs_Create: pid=30 profname=fpcNm_Obj_Yobikusa_e (333) profile=0x7b5cf7e0c8 procSize=2360 unkSize=0
[DEBUG | dusk] fpcSCtRq_phase_CreateProcess: fpcBs_Create OK proc=0xb400007a12f1e2f0
[DEBUG | dusk] [DIAG] fpcSCtRq_phase_Load: procName=333 ret=4
[DEBUG | dusk] fpcSCtRq_phase_CreateProcess: procName=333
[DEBUG | dusk] fpcBs_Create: pid=31 profname=fpcNm_Obj_Yobikusa_e (333) profile=0x7b5cf7e0c8 procSize=2360 unkSize=0
[DEBUG | dusk] fpcSCtRq_phase_CreateProcess: fpcBs_Create OK proc=0xb400007a12f1d998
[DEBUG | dusk] [DIAG] fpcSCtRq_phase_Load: procName=333 ret=4
[DEBUG | dusk] fpcSCtRq_phase_CreateProcess: procName=333
[DEBUG | dusk] fpcBs_Create: pid=32 profname=fpcNm_Obj_Yobikusa_e (333) profile=0x7b5cf7e0c8 procSize=2360 unkSize=0
[DEBUG | dusk] fpcSCtRq_phase_CreateProcess: fpcBs_Create OK proc=0xb400007a12f1d040
[DEBUG | dusk] [DIAG] fpcSCtRq_phase_Load: procName=333 ret=4
[DEBUG | dusk] fpcSCtRq_phase_CreateProcess: procName=333
[DEBUG | dusk] fpcBs_Create: pid=33 profname=fpcNm_Obj_Yobikusa_e (333) profile=0x7b5cf7e0c8 procSize=2360 unkSize=0
[DEBUG | dusk] fpcSCtRq_phase_CreateProcess: fpcBs_Create OK proc=0xb400007a12f1c6e8
[DEBUG | dusk] [DIAG] fpcSCtRq_phase_Load: procName=333 ret=4
[DEBUG | dusk] fpcSCtRq_phase_CreateProcess: procName=333
[DEBUG | dusk] fpcBs_Create: pid=34 profname=fpcNm_Obj_Yobikusa_e (333) profile=0x7b5cf7e0c8 procSize=2360 unkSize=0
[DEBUG | dusk] fpcSCtRq_phase_CreateProcess: fpcBs_Create OK proc=0xb400007a12f1bd90
[DEBUG | dusk] [DIAG] fpcSCtRq_phase_Load: procName=733 ret=4
[DEBUG | dusk] fpcSCtRq_phase_CreateProcess: procName=733
[DEBUG | dusk] fpcBs_Create: pid=35 profname=fpcNm_SET_BG_OBJ_e (733) profile=0x7b5cf76f08 procSize=1664 unkSize=0
[DEBUG | dusk] fpcSCtRq_phase_CreateProcess: fpcBs_Create OK proc=0xb400007a12f1b6f0
[DEBUG | dusk] [DIAG] fpcSCtRq_phase_Load: procName=733 ret=4
[DEBUG | dusk] fpcSCtRq_phase_CreateProcess: procName=733
[DEBUG | dusk] fpcBs_Create: pid=36 profname=fpcNm_SET_BG_OBJ_e (733) profile=0x7b5cf76f08 procSize=1664 unkSize=0
[DEBUG | dusk] fpcSCtRq_phase_CreateProcess: fpcBs_Create OK proc=0xb400007a12f1b050
[DEBUG | dusk] [DIAG] fpcSCtRq_phase_Load: procName=733 ret=4
[DEBUG | dusk] fpcSCtRq_phase_CreateProcess: procName=733
[DEBUG | dusk] fpcBs_Create: pid=37 profname=fpcNm_SET_BG_OBJ_e (733) profile=0x7b5cf76f08 procSize=1664 unkSize=0
[DEBUG | dusk] fpcSCtRq_phase_CreateProcess: fpcBs_Create OK proc=0xb400007a12f1a9b0
[DEBUG | dusk] fopScnRq_phase_Execute: ret=0 name=12
[DEBUG | dusk] fopScnRq_phase_Execute: ret=0 name=18
[DEBUG | dusk] Loading Resource: al_kantera.bmd (Size: 21024)
[DEBUG | dusk] Loading Resource: ef_ktglow.bmd (Size: 3040)
[DEBUG | dusk] Loading Resource: al.bmd (Size: 176288)
[DEBUG | dusk] Loading Resource: al_bootsh.bmd (Size: 22048)
[DEBUG | dusk] Loading Resource: al_face.bmd (Size: 72576)
[DEBUG | dusk] Loading Resource: al_hands.bmd (Size: 61056)
[DEBUG | dusk] Loading Resource: al_head.bmd (Size: 33851)
[DEBUG | dusk] Loading Resource: al_swb.bmd (Size: 23552)
[DEBUG | dusk] Loading Resource: ef_ktglow.btk (Size: 512)
[DEBUG | dusk] Loading Resource: i_bajyohasiparts.bmd (Size: 76032)
[DEBUG | dusk] Loading Resource: i_bajyohasiparts_ef.bmd (Size: 37088)
[DEBUG | dusk] Loading Resource: i_bajyohasiparts_ef.btk (Size: 512)
[DEBUG | dusk] Loading Resource: i_bajyohasiparts.dzb (Size: 6848)
[DEBUG | dusk] Loading Resource: cs_f_b_fall.bck (Size: 448)
[DEBUG | dusk] Loading Resource: cs_f_b_swing_reaction.bck (Size: 416)
[DEBUG | dusk] Loading Resource: cs_f_b_walk.bck (Size: 544)
[DEBUG | dusk] Loading Resource: cs_f_b.bmd (Size: 66176)
[DEBUG | dusk] Loading Resource: cs_f_cover.bmd (Size: 30112)
[DEBUG | dusk] Loading Resource: cs_f_b_start.brk (Size: 352)
[DEBUG | dusk] Loading Resource: cs_f_b_stop.brk (Size: 320)
[DEBUG | dusk] Loading Resource: cs_f_cover_vanish.brk (Size: 544)
[DEBUG | dusk] Loading Resource: cs_f_b_start.btk (Size: 512)
[DEBUG | dusk] Loading Resource: cs_f_cover_vanish.btk (Size: 896)
[DEBUG | dusk] Loading Resource: cs_f_b.dzb (Size: 544)
[DEBUG | dusk] Loading Resource: model0.bmd (Size: 22624)
[DEBUG | dusk] Loading Resource: spec.dat (Size: 16)
[DEBUG | dusk] Loading Resource: hs_back_walk.bck (Size: 5536)
[DEBUG | dusk] Loading Resource: hs_back_walk_start.bck (Size: 6304)
[DEBUG | dusk] Loading Resource: hs_excitement.bck (Size: 11968)
[DEBUG | dusk] Loading Resource: hs_excitement_2.bck (Size: 14144)
[DEBUG | dusk] Loading Resource: hs_jump_end.bck (Size: 5344)
[DEBUG | dusk] Loading Resource: hs_jump_middle.bck (Size: 4640)
[DEBUG | dusk] Loading Resource: hs_jump_start.bck (Size: 4832)
[DEBUG | dusk] Loading Resource: hs_jump_start_clift.bck (Size: 5248)
[DEBUG | dusk] Loading Resource: hs_lash.bck (Size: 3200)
[DEBUG | dusk] Loading Resource: hs_neck_waitback_left.bck (Size: 2880)
[DEBUG | dusk] Loading Resource: hs_neck_waitback_right.bck (Size: 2848)
[DEBUG | dusk] Loading Resource: hs_run_dash.bck (Size: 7680)
[DEBUG | dusk] Loading Resource: hs_run_fast.bck (Size: 6688)
[DEBUG | dusk] Loading Resource: hs_run_slow.bck (Size: 7712)
[DEBUG | dusk] Loading Resource: hs_stand.bck (Size: 17984)
[DEBUG | dusk] Loading Resource: hs_stop_slow.bck (Size: 14208)
[DEBUG | dusk] Loading Resource: hs_stop_stand.bck (Size: 16352)
[DEBUG | dusk] Loading Resource: hs_turn_left.bck (Size: 9632)
[DEBUG | dusk] Loading Resource: hs_turn_left_start.bck (Size: 5248)
[DEBUG | dusk] Loading Resource: hs_turn_right.bck (Size: 9472)
[DEBUG | dusk] Loading Resource: hs_turn_right_start.bck (Size: 5344)
[DEBUG | dusk] Loading Resource: hs_wait_01.bck (Size: 4768)
[DEBUG | dusk] Loading Resource: hs_wait_01b.bck (Size: 4672)
[DEBUG | dusk] Loading Resource: hs_wait_01b_connect.bck (Size: 4672)
[DEBUG | dusk] Loading Resource: hs_wait_02.bck (Size: 8928)
[DEBUG | dusk] Loading Resource: hs_wait_03.bck (Size: 7552)
[DEBUG | dusk] Loading Resource: hs_wait_04.bck (Size: 12640)
[DEBUG | dusk] Loading Resource: hs_wait_05.bck (Size: 10528)
[DEBUG | dusk] Loading Resource: hs_walk_fast.bck (Size: 5792)
[DEBUG | dusk] Loading Resource: hs_walk_slow.bck (Size: 5600)
[DEBUG | dusk] Loading Resource: hs.bmd (Size: 131264)
[DEBUG | dusk] Loading Resource: hs_eye.btp (Size: 128)
[DEBUG | dusk] Loading Resource: tazuna.bti (Size: 160)
[DEBUG | dusk] Loading Resource: al_umakusa.bmd (Size: 5984)
[DEBUG | dusk] Loading Resource: j_umakusa.bmd (Size: 13152)
[DEBUG | dusk] Loading Resource: j_umakusa_c.bmd (Size: 9536)
[DEBUG | dusk] Loading Resource: model0.bmd (Size: 13312)
[DEBUG | dusk] Loading Resource: model1.bmd (Size: 10656)
[DEBUG | dusk] Loading Resource: model0.dzb (Size: 832)
[DEBUG | dusk] Loading Resource: spec.dat (Size: 148)
[DEBUG | dusk] [DIAG] fpcSCtRq_phase_Load: procName=734 ret=4
[DEBUG | dusk] fpcSCtRq_phase_CreateProcess: procName=734
[DEBUG | dusk] fpcBs_Create: pid=38 profname=fpcNm_BG_OBJ_e (734) profile=0x7b5cf754d8 procSize=4344 unkSize=0
[DEBUG | dusk] fpcSCtRq_phase_CreateProcess: fpcBs_Create OK proc=0xb400007a12f19898
[DEBUG | dusk] [DIAG] fpcSCtRq_phase_Load: procName=734 ret=4
[DEBUG | dusk] fpcSCtRq_phase_CreateProcess: procName=734
[DEBUG | dusk] fpcBs_Create: pid=39 profname=fpcNm_BG_OBJ_e (734) profile=0x7b5cf754d8 procSize=4344 unkSize=0
[DEBUG | dusk] fpcSCtRq_phase_CreateProcess: fpcBs_Create OK proc=0xb400007a12f18780
[DEBUG | dusk] fpcBs_Create: pid=43 profname=fpcNm_Tag_Attp_e (346) profile=0x7b5cf78d00 procSize=1632 unkSize=0
[DEBUG | dusk] [DIAG] fpcSCtRq_phase_Load: procName=734 ret=4
[DEBUG | dusk] fpcSCtRq_phase_CreateProcess: procName=734
[DEBUG | dusk] fpcBs_Create: pid=40 profname=fpcNm_BG_OBJ_e (734) profile=0x7b5cf754d8 procSize=4344 unkSize=0
[DEBUG | dusk] fpcSCtRq_phase_CreateProcess: fpcBs_Create OK proc=0xb400007a12f17668
[DEBUG | dusk] fpcBs_Create: pid=45 profname=fpcNm_Tag_Attp_e (346) profile=0x7b5cf78d00 procSize=1632 unkSize=0
[DEBUG | dusk] [DIAG] fpcSCtRq_phase_Load: procName=734 ret=4
[DEBUG | dusk] fpcSCtRq_phase_CreateProcess: procName=734
[DEBUG | dusk] fpcBs_Create: pid=41 profname=fpcNm_BG_OBJ_e (734) profile=0x7b5cf754d8 procSize=4344 unkSize=0
[DEBUG | dusk] fpcSCtRq_phase_CreateProcess: fpcBs_Create OK proc=0xb400007a12f15ed0
[DEBUG | dusk] fpcBs_Create: pid=47 profname=fpcNm_Tag_Attp_e (346) profile=0x7b5cf78d00 procSize=1632 unkSize=0
[DEBUG | dusk] fopScnRq_phase_Execute: ret=0 name=12
[DEBUG | dusk] fopScnRq_phase_Execute: ret=0 name=18
[DEBUG | dusk] [DIAG] fpcSCtRq_phase_Load: procName=548 ret=4
[DEBUG | dusk] fpcSCtRq_phase_CreateProcess: procName=548
[DEBUG | dusk] fpcBs_Create: pid=48 profname=fpcNm_HOZELDA_e (548) profile=0x7b5cf85e40 procSize=2368 unkSize=0
[DEBUG | dusk] fpcSCtRq_phase_CreateProcess: fpcBs_Create OK proc=0xb400007a12f20ce8
[DEBUG | dusk] fopScnRq_phase_Execute: ret=0 name=12
[DEBUG | dusk] fopScnRq_phase_Execute: ret=0 name=18
[DEBUG | dusk] Loading Resource: al_sha.bmd (Size: 24288)
[DEBUG | dusk] Loading Resource: zelh_aldieh.bck (Size: 6240)
[DEBUG | dusk] Loading Resource: zelh_arelordh.bck (Size: 9280)
[DEBUG | dusk] Loading Resource: zelh_ashooth.bck (Size: 5216)
[DEBUG | dusk] Loading Resource: zelh_atbh.bck (Size: 4064)
[DEBUG | dusk] Loading Resource: zelh_barelordh.bck (Size: 1216)
[DEBUG | dusk] Loading Resource: zelh_bashooth.bck (Size: 1952)
[DEBUG | dusk] Loading Resource: zelh_damh.bck (Size: 4864)
[DEBUG | dusk] Loading Resource: zelh_dashh.bck (Size: 6976)
[DEBUG | dusk] Loading Resource: zelh_dstarth.bck (Size: 7584)
[DEBUG | dusk] Loading Resource: zelh_egnd_wh.bck (Size: 6048)
[DEBUG | dusk] Loading Resource: zelh_egnd_whb.bck (Size: 5344)
[DEBUG | dusk] Loading Resource: zelh_jumph.bck (Size: 5600)
[DEBUG | dusk] Loading Resource: zelh_jumphed.bck (Size: 5568)
[DEBUG | dusk] Loading Resource: zelh_jumphst.bck (Size: 4896)
[DEBUG | dusk] Loading Resource: zelh_numbh.bck (Size: 4704)
[DEBUG | dusk] Loading Resource: zelh_standh.bck (Size: 10624)
[DEBUG | dusk] Loading Resource: zelh_standhwc.bck (Size: 14176)
[DEBUG | dusk] Loading Resource: zelh_stoph.bck (Size: 8064)
[DEBUG | dusk] Loading Resource: zelh_stoptostandh.bck (Size: 11648)
[DEBUG | dusk] Loading Resource: zelh_waitbh.bck (Size: 6656)
[DEBUG | dusk] Loading Resource: zelh_waitch.bck (Size: 5184)
[DEBUG | dusk] Loading Resource: zelh_waith.bck (Size: 5216)
[DEBUG | dusk] Loading Resource: o_zg_arow.bmd (Size: 9312)
[DEBUG | dusk] Loading Resource: o_zg_bow.bmd (Size: 17120)
[DEBUG | dusk] Loading Resource: zelh.bmd (Size: 240768)
[DEBUG | dusk] Loading Resource: zelh_fa.btk (Size: 352)
[DEBUG | dusk] Loading Resource: zelh_faldieh.btk (Size: 992)
[DEBUG | dusk] Loading Resource: zelh_fegnd_wh.btk (Size: 352)
[DEBUG | dusk] Loading Resource: zelh_fa.btp (Size: 128)
[DEBUG | dusk] Loading Resource: zelh_faldieh.btp (Size: 864)
[DEBUG | dusk] Loading Resource: zelh_fb.btp (Size: 128)
[DEBUG | dusk] Loading Resource: zelh_fc.btp (Size: 128)
[DEBUG | dusk] Loading Resource: zelh_fmaba01.btp (Size: 160)
[DEBUG | dusk] fopScnRq_phase_Execute: ret=0 name=12
[DEBUG | dusk] fopScnRq_phase_Execute: ret=0 name=18
[DEBUG | dusk] fopScnRq_phase_Execute: ret=0 name=12
[DEBUG | dusk] fopScnRq_phase_Execute: ret=0 name=18
[DEBUG | dusk] [DIAG] fpcSCtRq_phase_Load: procName=255 ret=4
[DEBUG | dusk] fpcSCtRq_phase_CreateProcess: procName=255
[DEBUG | dusk] fpcBs_Create: pid=49 profname=fpcNm_MIDNA_e (255) profile=0x7b5cf78698 procSize=3360 unkSize=0
[DEBUG | dusk] fpcSCtRq_phase_CreateProcess: fpcBs_Create OK proc=0xb400007a12f1ffa8
[DEBUG | dusk] fopScnRq_phase_Execute: ret=0 name=12
[DEBUG | dusk] fopScnRq_phase_Execute: ret=0 name=18
[DEBUG | dusk] Loading Resource: s_md_hands.bmd (Size: 19776)
[DEBUG | dusk] Loading Resource: s_md_mask.bmd (Size: 15424)
[DEBUG | dusk] Loading Resource: s_md_gokou.bmd (Size: 3008)
[DEBUG | dusk] Loading Resource: s_md.bmd (Size: 69984)
[DEBUG | dusk] Loading Resource: s_md_hair_hand.bmd (Size: 18944)
[DEBUG | dusk] Loading Resource: s_md_appear.brk (Size: 352)
[DEBUG | dusk] Loading Resource: s_md_gokou_appear.brk (Size: 256)
[DEBUG | dusk] Loading Resource: s_md_hair_hand_appear.brk (Size: 288)
[DEBUG | dusk] Loading Resource: s_md_mask_appear.brk (Size: 256)
[DEBUG | dusk] Loading Resource: s_md_hair_hand_moya.btk (Size: 544)
[DEBUG | dusk] Loading Resource: s_md_hands_moya.btk (Size: 608)
[DEBUG | dusk] Loading Resource: s_md_mask_moya.btk (Size: 320)
[DEBUG | dusk] Loading Resource: s_md_moya.btk (Size: 512)
[DEBUG | dusk] fopScnRq_phase_Execute: ret=0 name=12
[DEBUG | dusk] fopScnRq_phase_Execute: ret=0 name=18
[DEBUG | dusk] fpcBs_Create: pid=51 profname=fpcNm_DEMO00_e (718) profile=0x7b5cf78470 procSize=11112 unkSize=0
[DEBUG | dusk] fpcBs_Create: pid=53 profname=fpcNm_DEMO00_e (718) profile=0x7b5cf78470 procSize=11112 unkSize=0
[DEBUG | dusk] fpcBs_Create: pid=55 profname=fpcNm_DEMO00_e (718) profile=0x7b5cf78470 procSize=11112 unkSize=0
[DEBUG | dusk] fpcBs_Create: pid=57 profname=fpcNm_DEMO00_e (718) profile=0x7b5cf78470 procSize=11112 unkSize=0
[DEBUG | dusk] frameInterp: onTypeChange 41 -> 40 (event_type_id=40, leaving_event=false, entering_event=true)
[DEBUG | dusk] frameInterp: presentation sync not requested for ZEV event [STBWAIT] (staff idx 12)
[DEBUG | dev.twilitrealm.cosmetics] Loaded base texture data for al_bootsH. size: 2000 hash: C9F8C58AA332C5E6
[DEBUG | dev.twilitrealm.cosmetics] Loaded base texture data for al_SWB. size: 4000 hash: 1071499E19799A7D
[DEBUG | dev.twilitrealm.cosmetics] Loaded base texture data for hs_body. size: 8000 hash: F473331D6D5B148D
[DEBUG | dev.twilitrealm.cosmetics] Loaded base texture data for hs_eye.1. size: 200 hash: 24B0258CCF8EED45
[DEBUG | dev.twilitrealm.cosmetics] Loaded base texture data for hs_eye.2. size: 200 hash: 1B47C467FC5CA5BC
[DEBUG | dev.twilitrealm.cosmetics] Loaded base texture data for hs_eye.3. size: 200 hash: EC429699463FDDB2
[DEBUG | dev.twilitrealm.cosmetics] Loaded base texture data for al_hair. size: 4000 hash: 582A10908B80C70E
[DEBUG | dev.twilitrealm.cosmetics] Loaded base texture data for al_lowbody. size: 2000 hash: C4790EAFCB60026F
[DEBUG | dev.twilitrealm.cosmetics] Loaded base texture data for al_upbody. size: 4000 hash: 33E862A57F216822
[DEBUG | dev.twilitrealm.cosmetics] Registered replacement for al_lowbody.
[DEBUG | dev.twilitrealm.cosmetics] Registered replacement for al_upbody.
[INFO | aurora::card] CARD API Initialized BUILT <Sep 30 2026 13:39:06>
[INFO | aurora::card] Loaded GC Card Image: /data/data/dev.twilitrealm.dusk/files/USA/Card A
[DEBUG | aurora::gpu::cache] Dawn cache prune completed; no stale entries found
[INFO | org.twilight.hd_hud] Text Font: replacement drawing active; original advances preserved
[INFO | org.twilight.hd_hud] Text Font: original cell=24x24 ascent=21 descent=3 scale=18.00x18.00
[DEBUG | dusk] fapGm_Execute frame=300
[DEBUG | dusk] [DIAG] fpcSCtRq_phase_Load: procName=0 ret=4
[DEBUG | dusk] fpcSCtRq_phase_CreateProcess: procName=0
[DEBUG | dusk] fpcBs_Create: pid=58 profname=fpcNm_OVERLAP0_e (0) profile=0x7b5cf71b18 procSize=384 unkSize=0
[DEBUG | dusk] fpcSCtRq_phase_CreateProcess: fpcBs_Create OK proc=0xb400007a12f0a650
[DEBUG | dusk] fpcNdRq_phase_Create: name=13 layer=0x7b5d1a5418
[DEBUG | dusk] fpcNdRq_phase_Create: creating_id=59 (error=4294967295)
[WARNING | dusk::mods::actor] Attempted to delete actor with ID (48) but it doesn't exist!
[DEBUG | dusk] [DIAG] fpcSCtRq_phase_Load: procName=13 ret=4
[DEBUG | dusk] fpcSCtRq_phase_CreateProcess: procName=13
[DEBUG | dusk] fpcBs_Create: pid=59 profname=fpcNm_NAME_SCENE_e (13) profile=0x7b5cf72138 procSize=1704 unkSize=0
[DEBUG | dusk] fpcSCtRq_phase_CreateProcess: fpcBs_Create OK proc=0xb400007a12f2f7d8
[DEBUG | dusk] Loading Resource: zelda_file_select.bck (Size: 23584)
[DEBUG | dusk] Loading Resource: zelda_file_select.blo (Size: 176800)
[DEBUG | dusk] Loading Resource: zelda_file_select.bpk (Size: 288)
[DEBUG | dusk] Loading Resource: zelda_file_select.brk (Size: 544)
[DEBUG | dusk] Loading Resource: zelda_file_select.btk (Size: 1408)
[DEBUG | dusk] Loading Resource: zelda_file_select_02.btk (Size: 544)
[DEBUG | dusk] Loading Resource: zelda_file_select_03.btk (Size: 544)
[DEBUG | dusk] Loading Resource: zelda_file_select_04.btk (Size: 448)
[DEBUG | dusk] Loading Resource: zelda_file_select_05.btk (Size: 800)
[DEBUG | dusk] Loading Resource: zelda_file_select_3menu_window.bck (Size: 5568)
[DEBUG | dusk] Loading Resource: zelda_file_select_3menu_window.blo (Size: 12992)
[DEBUG | dusk] Loading Resource: zelda_file_select_3menu_window.bpk (Size: 288)
[DEBUG | dusk] Loading Resource: zelda_file_select_3menu_window.btk (Size: 768)
[DEBUG | dusk] Loading Resource: zelda_file_select_copy_select.bck (Size: 5632)
[DEBUG | dusk] Loading Resource: zelda_file_select_copy_select.blo (Size: 55488)
[DEBUG | dusk] Loading Resource: zelda_file_select_copy_select.bpk (Size: 256)
[DEBUG | dusk] Loading Resource: zelda_file_select_copy_select.brk (Size: 416)
[DEBUG | dusk] Loading Resource: zelda_file_select_copy_select.btk (Size: 1120)
[DEBUG | dusk] Loading Resource: zelda_file_select_copy_select_02.btk (Size: 448)
[DEBUG | dusk] Loading Resource: zelda_file_select_copy_select_03.btk (Size: 608)
[DEBUG | dusk] Loading Resource: zelda_file_select_details.blo (Size: 23904)
[DEBUG | dusk] Loading Resource: zelda_file_select_details.btk (Size: 832)
[DEBUG | dusk] Loading Resource: zelda_file_select_info_text.blo (Size: 13728)
[DEBUG | dusk] Loading Resource: zelda_file_select_warning_window.bck (Size: 1088)
[DEBUG | dusk] Loading Resource: zelda_file_select_warning_window.blo (Size: 4704)
[DEBUG | dusk] Loading Resource: zelda_file_select_yes_no_window.bck (Size: 2944)
[DEBUG | dusk] Loading Resource: zelda_file_select_yes_no_window.blo (Size: 9024)
[DEBUG | dusk] Loading Resource: zelda_file_select_yes_no_window.bpk (Size: 224)
[DEBUG | dusk] Loading Resource: zelda_file_select_yes_no_window.btk (Size: 576)
[DEBUG | dusk] Loading Resource: zelda_option_check.blo (Size: 48832)
[DEBUG | dusk] Loading Resource: ak_kagerou_battle_rr.bti (Size: 2720)
[DEBUG | dusk] Loading Resource: ak_ocarina_fire_00.bti (Size: 32800)
[DEBUG | dusk] Loading Resource: ak_ocarina_fire_01.bti (Size: 32800)
[DEBUG | dusk] Loading Resource: ak_ocarina_ind_00.bti (Size: 32800)
[DEBUG | dusk] Loading Resource: black_80.bti (Size: 3232)
[DEBUG | dusk] Loading Resource: bow_light.bti (Size: 320)
[DEBUG | dusk] Loading Resource: i4_gra.bti (Size: 1056)
[DEBUG | dusk] Loading Resource: im_b_button_00.bti (Size: 1184)
[DEBUG | dusk] Loading Resource: im_kinobou_48.bti (Size: 2592)
[DEBUG | dusk] Loading Resource: navi_l.bti (Size: 544)
[DEBUG | dusk] Loading Resource: ni_hairianotate_48.bti (Size: 2816)
[DEBUG | dusk] Loading Resource: ni_kinotate_48.bti (Size: 2656)
[DEBUG | dusk] Loading Resource: ni_magicarmor_48.bti (Size: 2784)
[DEBUG | dusk] Loading Resource: ni_mastersword_48.bti (Size: 2688)
[DEBUG | dusk] Loading Resource: ni_zouranofuku_48.bti (Size: 2752)
[DEBUG | dusk] Loading Resource: ttdelunotate_s3_tc.bti (Size: 2592)
[DEBUG | dusk] Loading Resource: tt_1_metal_40x40.bti (Size: 1632)
[DEBUG | dusk] Loading Resource: tt_2_metal_40x40.bti (Size: 1632)
[DEBUG | dusk] Loading Resource: tt_3setu_w_l.bti (Size: 92960)
[DEBUG | dusk] Loading Resource: tt_3_metal_40x40.bti (Size: 1632)
[DEBUG | dusk] Loading Resource: tt_black_32.bti (Size: 1056)
[DEBUG | dusk] Loading Resource: tt_block128_00.bti (Size: 8224)
[DEBUG | dusk] Loading Resource: tt_block8x8.bti (Size: 64)
[DEBUG | dusk] Loading Resource: tt_book_meramera_00.bti (Size: 6944)
[DEBUG | dusk] Loading Resource: tt_button_base0_center_tate.bti (Size: 1312)
[DEBUG | dusk] Loading Resource: tt_button_base0_side.bti (Size: 1312)
[DEBUG | dusk] Loading Resource: tt_gold_uzu_long2.bti (Size: 4832)
[DEBUG | dusk] Loading Resource: tt_heart_00.bti (Size: 1312)
[DEBUG | dusk] Loading Resource: tt_horiwaku_lu.bti (Size: 1600)
[DEBUG | dusk] Loading Resource: tt_horiwaku_side_l_rr.bti (Size: 928)
[DEBUG | dusk] Loading Resource: tt_horiwaku_side_r_rr.bti (Size: 928)
[DEBUG | dusk] Loading Resource: tt_horiwaku_top_rr.bti (Size: 1056)
[DEBUG | dusk] Loading Resource: tt_i4_gra.bti (Size: 1056)
[DEBUG | dusk] Loading Resource: tt_iastarrr.bti (Size: 1056)
[DEBUG | dusk] Loading Resource: tt_itumonofuku_s3tc.bti (Size: 2624)
[DEBUG | dusk] Loading Resource: tt_kazari_kani_00.bti (Size: 4128)
[DEBUG | dusk] Loading Resource: tt_kazari_kani_02.bti (Size: 4128)
[DEBUG | dusk] Loading Resource: tt_kokirinoken_s3_tc.bti (Size: 2592)
[DEBUG | dusk] Loading Resource: tt_line2.bti (Size: 96)
[DEBUG | dusk] Loading Resource: tt_metal_cube_00.bti (Size: 1184)
[DEBUG | dusk] Loading Resource: tt_spot_square3.bti (Size: 2080)
[DEBUG | dusk] Loading Resource: tt_uzumaki_00.bti (Size: 16160)
[DEBUG | dusk] Loading Resource: tt_w08_160_gra.bti (Size: 6432)
[DEBUG | dusk] Loading Resource: tt_yakushima.bti (Size: 8224)
[DEBUG | dusk] Loading Resource: tt_zelda_button_ab_maru.bti (Size: 1632)
[DEBUG | dusk] Loading Resource: tt_zelda_button_a_8ia.bti (Size: 1568)
[DEBUG | dusk] Loading Resource: tt_zelda_button_a_text.bti (Size: 800)
[DEBUG | dusk] Loading Resource: tt_zelda_button_b_text.bti (Size: 512)
[DEBUG | dusk] Loading Resource: tt_zelda_revo_maru_button_64_8ia_01.bti (Size: 8736)
[WARNING | com.mikey022.tp_randomizer_tracker] TPTracker: selected save seed metadata unavailable: Seed metadata unavailable: /data/data/dev.twilitrealm.dusk/files/USA/Card A/01-GZ2E-gczelda2.mods/dev.twilitrealm.randomizer.json. Preserve the card, its .mods folder and the matching randomizer seed folder together.
[DEBUG | dusk] [DIAG] fpcSCtRq_phase_Load: procName=0 ret=4
[DEBUG | dusk] fpcSCtRq_phase_CreateProcess: procName=0
[DEBUG | dusk] fpcBs_Create: pid=60 profname=fpcNm_OVERLAP0_e (0) profile=0x7b5cf71b18 procSize=384 unkSize=0
[DEBUG | dusk] fpcSCtRq_phase_CreateProcess: fpcBs_Create OK proc=0xb400007a12f2f558
[DEBUG | dusk] fpcNdRq_phase_Create: name=11 layer=0x7b5d1a5418
[DEBUG | dusk] fpcNdRq_phase_Create: creating_id=61 (error=4294967295)
[DEBUG | dusk] [DIAG] fpcSCtRq_phase_Load: procName=11 ret=4
[DEBUG | dusk] fpcSCtRq_phase_CreateProcess: procName=11
[DEBUG | dusk] fpcBs_Create: pid=61 profname=fpcNm_PLAY_SCENE_e (11) profile=0x7b5cf72268 procSize=912 unkSize=0
[DEBUG | dusk] fpcSCtRq_phase_CreateProcess: fpcBs_Create OK proc=0xb400007a12f2faf0
[DEBUG | dusk] Loading Resource: vrbox_kasumim.bmd (Size: 2592)
[DEBUG | dusk] Loading Resource: vrbox_kumo.bmd (Size: 70048)
[DEBUG | dusk] Loading Resource: vrbox_sora.bmd (Size: 7136)
[DEBUG | dusk] Loading Resource: vrbox_sun.bmd (Size: 12032)
[DEBUG | dusk] Loading Resource: door-knob_00.bmd (Size: 9088)
[DEBUG | dusk] Loading Resource: door-knob_01.bmd (Size: 9248)
[DEBUG | dusk] Loading Resource: bank.bin (Size: 448)
[DEBUG | dusk] Loading Resource: name.bin (Size: 32)
[DEBUG | dusk] Loading Resource: vrbox_sun.btk (Size: 320)
[DEBUG | dusk] Loading Resource: colordata_tbl.dat (Size: 800)
[DEBUG | dusk] Loading Resource: pol_arg.dat (Size: 128)
[DEBUG | dusk] Loading Resource: pol_effcol.dat (Size: 128)
[DEBUG | dusk] Loading Resource: pol_effcol2.dat (Size: 128)
[DEBUG | dusk] Loading Resource: pol_efftbl.dat (Size: 128)
[DEBUG | dusk] Loading Resource: pol_efftbl2.dat (Size: 128)
[DEBUG | dusk] Loading Resource: pol_sound.dat (Size: 128)
[DEBUG | dusk] Loading Resource: stage.dzs (Size: 4064)
[DEBUG | dusk] Loading Resource: cloudtx_01.bti (Size: 4128)
[DEBUG | dusk] Loading Resource: cloudtx_02.bti (Size: 4128)
[DEBUG | dusk] Loading Resource: cloudtx_03.bti (Size: 4128)
[DEBUG | dusk] Loading Resource: f_moon.bti (Size: 8224)
[DEBUG | dusk] Loading Resource: f_moon_a.bti (Size: 2080)
[DEBUG | dusk] Loading Resource: f_moon_a_a00.bti (Size: 64)
[DEBUG | dusk] Loading Resource: f_moon_a_a01.bti (Size: 544)
[DEBUG | dusk] Loading Resource: f_moon_a_a02.bti (Size: 544)
[DEBUG | dusk] Loading Resource: f_moon_a_a03.bti (Size: 544)
[DEBUG | dusk] Loading Resource: i_kumo.bti (Size: 10784)
[DEBUG | dusk] Loading Resource: i_sakunenrin.bti (Size: 2080)
[DEBUG | dusk] Loading Resource: i_sakuwood.bti (Size: 10784)
[DEBUG | dusk] Loading Resource: event_list.dat (Size: 106476)
[DEBUG | dusk] Loading Resource: camstyle.dat (Size: 43328)
[DEBUG | dusk] Loading Resource: camtype.dat (Size: 14560)
[DEBUG | dusk] fpcBs_Create: pid=65 profname=fpcNm_SUSPEND_e (783) profile=0x7b5cf78c48 procSize=1632 unkSize=0
[DEBUG | dusk] fopScnM_CreateReq: procName=18 fade=32767
[DEBUG | dusk] fopScnM_CreateReq: result=5 (error=4294967295)
[DEBUG | dusk] fpcBs_Create: pid=67 profname=fpcNm_KANKYO_e (19) profile=0x7b5cf6ce60 procSize=440 unkSize=0
[DEBUG | dusk] fpcBs_Create: pid=69 profname=fpcNm_KYEFF_e (785) profile=0x7b5cf6ceb0 procSize=440 unkSize=0
[DEBUG | dusk] fpcBs_Create: pid=71 profname=fpcNm_KYEFF2_e (786) profile=0x7b5cf6cef0 procSize=440 unkSize=0
[DEBUG | dusk] fpcBs_Create: pid=73 profname=fpcNm_ENVSE_e (21) profile=0x7b5cf6bf20 procSize=456 unkSize=0
[DEBUG | dusk] fpcNdRq_phase_Create: name=18 layer=0xb400007a12f2fc48
[DEBUG | dusk] fpcNdRq_phase_Create: creating_id=76 (error=4294967295)
[DEBUG | dusk] [DIAG] fpcSCtRq_phase_Load: procName=781 ret=4
[DEBUG | dusk] fpcSCtRq_phase_CreateProcess: procName=781
[DEBUG | dusk] fpcBs_Create: pid=62 profname=fpcNm_CAMERA_e (781) profile=0x7b5cf6bd68 procSize=4240 unkSize=0
[DEBUG | dusk] fpcSCtRq_phase_CreateProcess: fpcBs_Create OK proc=0xb400007a12f2cd8c
[DEBUG | dusk] [DIAG] fpcSCtRq_phase_Load: procName=25 ret=4
[DEBUG | dusk] fpcSCtRq_phase_CreateProcess: procName=25
[DEBUG | dusk] fpcBs_Create: pid=63 profname=fpcNm_Tag_Gstart_e (25) profile=0x7b5cf7e860 procSize=1632 unkSize=0
[DEBUG | dusk] fpcSCtRq_phase_CreateProcess: fpcBs_Create OK proc=0xb400007a12f2c70c
[DEBUG | dusk] [DIAG] fpcSCtRq_phase_Load: procName=730 ret=4
[DEBUG | dusk] fpcSCtRq_phase_CreateProcess: procName=730
[DEBUG | dusk] fpcBs_Create: pid=74 profname=fpcNm_VRBOX_e (730) profile=0x7b5cf78078 procSize=1648 unkSize=0
[DEBUG | dusk] fpcSCtRq_phase_CreateProcess: fpcBs_Create OK proc=0xb400007a12f2c07c
[DEBUG | dusk] [DIAG] fpcSCtRq_phase_Load: procName=731 ret=4
[DEBUG | dusk] fpcSCtRq_phase_CreateProcess: procName=731
[DEBUG | dusk] fpcBs_Create: pid=75 profname=fpcNm_VRBOX2_e (731) profile=0x7b5cf78130 procSize=1720 unkSize=0
[DEBUG | dusk] fpcSCtRq_phase_CreateProcess: fpcBs_Create OK proc=0xb400007a12f2b9a4
[DEBUG | dusk] [DIAG] fpcSCtRq_phase_Load: procName=18 ret=4
[DEBUG | dusk] fpcSCtRq_phase_CreateProcess: procName=18
[DEBUG | dusk] fpcBs_Create: pid=76 profname=fpcNm_ROOM_SCENE_e (18) profile=0x7b5cf72388 procSize=912 unkSize=0
[DEBUG | dusk] fpcSCtRq_phase_CreateProcess: fpcBs_Create OK proc=0xb400007a12f2b5f4
[DEBUG | dusk] Loading Resource: model.bmd (Size: 778304)
[DEBUG | dusk] Loading Resource: model1.bmd (Size: 18208)
[DEBUG | dusk] Loading Resource: model2.bmd (Size: 2336)
[DEBUG | dusk] Loading Resource: model1.btk (Size: 352)
[DEBUG | dusk] Loading Resource: room.dzr (Size: 10432)
[DEBUG | dusk] Loading Resource: event_list.dat (Size: 9984)
[DEBUG | dusk] Loading Resource: ztw_opening.stb (Size: 2956)
[DEBUG | dusk] Loading Resource: room.kcl (Size: 174576)
[DEBUG | dusk] Loading Resource: room.plc (Size: 416)
[DEBUG | dusk] Loading Resource: @bg0034.arc (Size: 14624)
[DEBUG | dusk] Loading Resource: model0.bmd (Size: 13376)
[DEBUG | dusk] Loading Resource: model0.dzb (Size: 736)
[DEBUG | dusk] Loading Resource: spec.dat (Size: 8)
[DEBUG | dusk] Loading Resource: @bg004f.arc (Size: 5280)
[DEBUG | dusk] Loading Resource: model0.bmd (Size: 4384)
[DEBUG | dusk] Loading Resource: model0.dzb (Size: 384)
[DEBUG | dusk] Loading Resource: spec.dat (Size: 8)
[DEBUG | dusk] Loading Resource: a_iwaato.arc (Size: 16672)
[DEBUG | dusk] Loading Resource: a_iwaato.bti (Size: 16416)
[DEBUG | dusk] Loading Resource: bd.arc (Size: 15808)
[DEBUG | dusk] Loading Resource: bd_fly.bck (Size: 672)
[DEBUG | dusk] Loading Resource: bd_kakku.bck (Size: 512)
[DEBUG | dusk] Loading Resource: bd_kakku1.bck (Size: 512)
[DEBUG | dusk] Loading Resource: bd_pita_down.bck (Size: 512)
[DEBUG | dusk] Loading Resource: bd_pita_leftup.bck (Size: 512)
[DEBUG | dusk] Loading Resource: bd_pita_right.bck (Size: 512)
[DEBUG | dusk] Loading Resource: bd_pyon.bck (Size: 672)
[DEBUG | dusk] Loading Resource: bd.bmd (Size: 10560)
[DEBUG | dusk] Loading Resource: bd.btk (Size: 640)
[DEBUG | dusk] Loading Resource: besu.arc (Size: 132160)
[DEBUG | dusk] Loading Resource: besu.bmd (Size: 131904)
[DEBUG | dusk] Loading Resource: besu_p1.arc (Size: 23776)
[DEBUG | dusk] Loading Resource: besu_f_madtalk.bck (Size: 1888)
[DEBUG | dusk] Loading Resource: besu_f_talk_a.bck (Size: 1856)
[DEBUG | dusk] Loading Resource: besu_f_talk_c.bck (Size: 2016)
[DEBUG | dusk] Loading Resource: besu_f_yokeru.bck (Size: 1568)
[DEBUG | dusk] Loading Resource: besu_fh_madtalk.bck (Size: 1472)
[DEBUG | dusk] Loading Resource: besu_normal_talk_b.bck (Size: 4064)
[DEBUG | dusk] Loading Resource: besu_step.bck (Size: 2464)
[DEBUG | dusk] Loading Resource: besu_wait_a.bck (Size: 2432)
[DEBUG | dusk] Loading Resource: besu_yokeru.bck (Size: 4160)
[DEBUG | dusk] Loading Resource: besu.btk (Size: 256)
[DEBUG | dusk] Loading Resource: besu.btp (Size: 128)
[DEBUG | dusk] Loading Resource: besu_f_madtalk.btp (Size: 288)
[DEBUG | dusk] Loading Resource: besu_f_yokeru.btp (Size: 160)
[DEBUG | dusk] Loading Resource: besu_fh_madtalk.btp (Size: 96)
[DEBUG | dusk] Loading Resource: bou.arc (Size: 142016)
[DEBUG | dusk] Loading Resource: bou_f_talk_a.bck (Size: 3680)
[DEBUG | dusk] Loading Resource: bou_step.bck (Size: 4128)
[DEBUG | dusk] Loading Resource: bou_wait_a.bck (Size: 4416)
[DEBUG | dusk] Loading Resource: bou.bmd (Size: 128736)
[DEBUG | dusk] Loading Resource: bou.btk (Size: 256)
[DEBUG | dusk] Loading Resource: bou.btp (Size: 96)
[DEBUG | dusk] Loading Resource: doork10.arc (Size: 12192)
[DEBUG | dusk] Loading Resource: event_list.dat (Size: 11912)
[DEBUG | dusk] Loading Resource: d_srock.arc (Size: 4960)
[DEBUG | dusk] Loading Resource: d_srock.bmd (Size: 4704)
[DEBUG | dusk] Loading Resource: e_ga.arc (Size: 2688)
[DEBUG | dusk] Loading Resource: ga.bmd (Size: 2432)
[DEBUG | dusk] Loading Resource: fr.arc (Size: 31328)
[DEBUG | dusk] Loading Resource: fr_jump01.bck (Size: 2016)
[DEBUG | dusk] Loading Resource: fr_jump02.bck (Size: 1856)
[DEBUG | dusk] Loading Resource: fr_move01.bck (Size: 1472)
[DEBUG | dusk] Loading Resource: fr_move02.bck (Size: 896)
[DEBUG | dusk] Loading Resource: fr_move03.bck (Size: 1632)
[DEBUG | dusk] Loading Resource: fr_swim.bck (Size: 1664)
[DEBUG | dusk] Loading Resource: fr_wait.bck (Size: 1088)
[DEBUG | dusk] Loading Resource: fr.bmd (Size: 19712)
[DEBUG | dusk] Loading Resource: fr.btk (Size: 288)
[DEBUG | dusk] Loading Resource: j_hatake.arc (Size: 34240)
[DEBUG | dusk] Loading Resource: j_hatake00.bmd (Size: 33952)
[DEBUG | dusk] Loading Resource: j_hyosatu.arc (Size: 10304)
[DEBUG | dusk] Loading Resource: j_hyousatu.bmd (Size: 10016)
[DEBUG | dusk] Loading Resource: j_kazami.arc (Size: 6496)
[DEBUG | dusk] Loading Resource: arm.bmd (Size: 3008)
[DEBUG | dusk] Loading Resource: pole.bmd (Size: 3168)
[DEBUG | dusk] Loading Resource: j_necktie.arc (Size: 24832)
[DEBUG | dusk] Loading Resource: j_necktie.bmd (Size: 23872)
[DEBUG | dusk] Loading Resource: j_necktie.btk (Size: 544)
[DEBUG | dusk] Loading Resource: j_tobi.arc (Size: 39104)
[DEBUG | dusk] Loading Resource: al_tobikusa.bmd (Size: 6016)
[DEBUG | dusk] Loading Resource: j_tobi.bmd (Size: 17888)
[DEBUG | dusk] Loading Resource: j_tobi_c.bmd (Size: 14880)
[DEBUG | dusk] Loading Resource: kolin.arc (Size: 129120)
[DEBUG | dusk] Loading Resource: kolin_f_talk_a.bck (Size: 2368)
[DEBUG | dusk] Loading Resource: kolin_step.bck (Size: 3680)
[DEBUG | dusk] Loading Resource: kolin_wait_a.bck (Size: 2784)
[DEBUG | dusk] Loading Resource: kolin.bmd (Size: 118848)
[DEBUG | dusk] Loading Resource: kolin.btk (Size: 256)
[DEBUG | dusk] Loading Resource: kolin.btp (Size: 128)
[DEBUG | dusk] Loading Resource: kolin_f_talk_a.btp (Size: 288)
[DEBUG | dusk] Loading Resource: kolin_p1.arc (Size: 9856)
[DEBUG | dusk] Loading Resource: kolin_f_happy_talk.bck (Size: 2080)
[DEBUG | dusk] Loading Resource: kolin_fh_normal_talk.bck (Size: 1792)
[DEBUG | dusk] Loading Resource: kolin_normal_talk.bck (Size: 5632)
[DEBUG | dusk] Loading Resource: mg_f_bg.arc (Size: 12512)
[DEBUG | dusk] Loading Resource: bg.bmd (Size: 12256)
[DEBUG | dusk] Loading Resource: mg_f_cf.arc (Size: 18208)
[DEBUG | dusk] Loading Resource: cf.bmd (Size: 17952)
[DEBUG | dusk] Loading Resource: moi.arc (Size: 175360)
[DEBUG | dusk] Loading Resource: moi_f_talk_a.bck (Size: 2272)
[DEBUG | dusk] Loading Resource: moi_step.bck (Size: 3712)
[DEBUG | dusk] Loading Resource: moi_wait_a.bck (Size: 3328)
[DEBUG | dusk] Loading Resource: moi.bmd (Size: 136384)
[DEBUG | dusk] Loading Resource: moi_saya.bmd (Size: 17696)
[DEBUG | dusk] Loading Resource: moi_swa.bmd (Size: 10560)
[DEBUG | dusk] Loading Resource: moi.btk (Size: 256)
[DEBUG | dusk] Loading Resource: moi.btp (Size: 128)
[DEBUG | dusk] Loading Resource: moi_f_talk_a.btp (Size: 224)
[DEBUG | dusk] Loading Resource: moi1.arc (Size: 123968)
[DEBUG | dusk] Loading Resource: moi_bored.bck (Size: 8608)
[DEBUG | dusk] Loading Resource: moi_f_bittersmil.bck (Size: 2688)
[DEBUG | dusk] Loading Resource: moi_f_hold_s.bck (Size: 2816)
[DEBUG | dusk] Loading Resource: moi_f_serious.bck (Size: 3168)
[DEBUG | dusk] Loading Resource: moi_f_talk_b.bck (Size: 2752)
[DEBUG | dusk] Loading Resource: moi_f_wonder.bck (Size: 2816)
[DEBUG | dusk] Loading Resource: moi_fh_bittersmil.bck (Size: 1792)
[DEBUG | dusk] Loading Resource: moi_fh_hold_s.bck (Size: 1760)
[DEBUG | dusk] Loading Resource: moi_fh_serious.bck (Size: 1792)
[DEBUG | dusk] Loading Resource: moi_fh_talk_b.bck (Size: 1792)
[DEBUG | dusk] Loading Resource: moi_fh_wonder.bck (Size: 1792)
[DEBUG | dusk] Loading Resource: moi_hold_s.bck (Size: 2752)
[DEBUG | dusk] Loading Resource: moi_s_f_lesson.bck (Size: 2528)
[DEBUG | dusk] Loading Resource: moi_s_lesson.bck (Size: 19616)
[DEBUG | dusk] Loading Resource: moi_s_put.bck (Size: 2880)
[DEBUG | dusk] Loading Resource: moi_s_puttalk.bck (Size: 5280)
[DEBUG | dusk] Loading Resource: moi_search.bck (Size: 6080)
[DEBUG | dusk] Loading Resource: moi_set_s.bck (Size: 5344)
[DEBUG | dusk] Loading Resource: moi_talk_a.bck (Size: 4928)
[DEBUG | dusk] Loading Resource: moi_talk_b.bck (Size: 6784)
[DEBUG | dusk] Loading Resource: moi_talk_c.bck (Size: 5088)
[DEBUG | dusk] Loading Resource: moi_talk_d.bck (Size: 3776)
[DEBUG | dusk] Loading Resource: moi_talk_e.bck (Size: 5600)
[DEBUG | dusk] Loading Resource: moi_wait_b.bck (Size: 3040)
[DEBUG | dusk] Loading Resource: moi_wait_c.bck (Size: 2848)
[DEBUG | dusk] Loading Resource: moi_wait_d.bck (Size: 2752)
[DEBUG | dusk] Loading Resource: moi_walk_a.bck (Size: 5344)
[DEBUG | dusk] Loading Resource: moi_hold_s.btk (Size: 256)
[DEBUG | dusk] Loading Resource: moi_s_lesson.btk (Size: 384)
[DEBUG | dusk] Loading Resource: moi_f_bittersmil.btp (Size: 288)
[DEBUG | dusk] Loading Resource: moi_f_hold_s.btp (Size: 288)
[DEBUG | dusk] Loading Resource: moi_f_serious.btp (Size: 288)
[DEBUG | dusk] Loading Resource: moi_f_talk_b.btp (Size: 320)
[DEBUG | dusk] Loading Resource: moi_f_wonder.btp (Size: 288)
[DEBUG | dusk] Loading Resource: moi_fh_bittersmil.btp (Size: 96)
[DEBUG | dusk] Loading Resource: moi_fh_hold_s.btp (Size: 224)
[DEBUG | dusk] Loading Resource: moi_fh_serious.btp (Size: 96)
[DEBUG | dusk] Loading Resource: moi_fh_talk_b.btp (Size: 96)
[DEBUG | dusk] Loading Resource: moi_fh_wonder.btp (Size: 224)
[DEBUG | dusk] Loading Resource: moi_s_f_lesson.btp (Size: 352)
[DEBUG | dusk] Loading Resource: event_list.dat (Size: 2336)
[DEBUG | dusk] Loading Resource: ni.arc (Size: 71264)
[DEBUG | dusk] Loading Resource: ni_fall.bck (Size: 1888)
[DEBUG | dusk] Loading Resource: ni_fly.bck (Size: 1280)
[DEBUG | dusk] Loading Resource: ni_ikaku.bck (Size: 2912)
[DEBUG | dusk] Loading Resource: ni_miwatasi.bck (Size: 2400)
[DEBUG | dusk] Loading Resource: ni_mogaku.bck (Size: 2176)
[DEBUG | dusk] Loading Resource: ni_naku.bck (Size: 1824)
[DEBUG | dusk] Loading Resource: ni_wait1.bck (Size: 2144)
[DEBUG | dusk] Loading Resource: ni_walk_a.bck (Size: 1984)
[DEBUG | dusk] Loading Resource: ni_walk_b.bck (Size: 1696)
[DEBUG | dusk] Loading Resource: ni.bmd (Size: 51936)
[DEBUG | dusk] Loading Resource: ni.btk (Size: 288)
[DEBUG | dusk] Loading Resource: npc_tk.arc (Size: 65472)
[DEBUG | dusk] Loading Resource: tk_breaking.bck (Size: 3360)
[DEBUG | dusk] Loading Resource: tk_fly.bck (Size: 2336)
[DEBUG | dusk] Loading Resource: tk_hovering.bck (Size: 2592)
[DEBUG | dusk] Loading Resource: tk_kakku.bck (Size: 1984)
[DEBUG | dusk] Loading Resource: tk_land.bck (Size: 4544)
[DEBUG | dusk] Loading Resource: tk_pick_a.bck (Size: 2240)
[DEBUG | dusk] Loading Resource: tk_pick_b.bck (Size: 2880)
[DEBUG | dusk] Loading Resource: tk_wait_a.bck (Size: 1888)
[DEBUG | dusk] Loading Resource: tk.bmd (Size: 36128)
[DEBUG | dusk] Loading Resource: event_list.dat (Size: 6760)
[DEBUG | dusk] Loading Resource: obj_kn2.arc (Size: 54816)
[DEBUG | dusk] Loading Resource: j_kanban00.bmd (Size: 11456)
[DEBUG | dusk] Loading Resource: j_kanban00_01.bmd (Size: 2336)
[DEBUG | dusk] Loading Resource: j_kanban00_02.bmd (Size: 2336)
[DEBUG | dusk] Loading Resource: j_kanban00_03.bmd (Size: 2304)
[DEBUG | dusk] Loading Resource: j_kanban00_04.bmd (Size: 2304)
[DEBUG | dusk] Loading Resource: j_kanban00_05.bmd (Size: 2304)
[DEBUG | dusk] Loading Resource: j_kanban00_06.bmd (Size: 2336)
[DEBUG | dusk] Loading Resource: j_kanban00_07.bmd (Size: 2336)
[DEBUG | dusk] Loading Resource: j_kanban00_08.bmd (Size: 2336)
[DEBUG | dusk] Loading Resource: j_kanban00_09.bmd (Size: 2400)
[DEBUG | dusk] Loading Resource: j_kanban00_10.bmd (Size: 2400)
[DEBUG | dusk] Loading Resource: j_kanban00_11.bmd (Size: 2368)
[DEBUG | dusk] Loading Resource: j_kanban00_12.bmd (Size: 2368)
[DEBUG | dusk] Loading Resource: j_kanban00_13.bmd (Size: 2368)
[DEBUG | dusk] Loading Resource: j_kanban00_14.bmd (Size: 2368)
[DEBUG | dusk] Loading Resource: j_kanban00_15.bmd (Size: 2368)
[DEBUG | dusk] Loading Resource: j_kanban00_16.bmd (Size: 2368)
[DEBUG | dusk] Loading Resource: j_kanban00_17.bmd (Size: 2400)
[DEBUG | dusk] Loading Resource: j_kanban00_18.bmd (Size: 2400)
[DEBUG | dusk] Loading Resource: obj_lp.arc (Size: 3552)
[DEBUG | dusk] Loading Resource: hasu.bmd (Size: 3296)
[DEBUG | dusk] Loading Resource: obj_ndoor.arc (Size: 3104)
[DEBUG | dusk] Loading Resource: m_nekodoor.bmd (Size: 2816)
[DEBUG | dusk] Loading Resource: obj_sui.arc (Size: 30816)
[DEBUG | dusk] Loading Resource: m_suisya.bmd (Size: 30560)
[DEBUG | dusk] Loading Resource: pumpkin.arc (Size: 18080)
[DEBUG | dusk] Loading Resource: pumpkin.bmd (Size: 17824)
[DEBUG | dusk] Loading Resource: seira_p1.arc (Size: 33568)
[DEBUG | dusk] Loading Resource: sera_f_happytalk.bck (Size: 2880)
[DEBUG | dusk] Loading Resource: sera_f_sad.bck (Size: 2752)
[DEBUG | dusk] Loading Resource: sera_f_smile.bck (Size: 2048)
[DEBUG | dusk] Loading Resource: sera_f_talk_a.bck (Size: 3136)
[DEBUG | dusk] Loading Resource: sera_f_worrytalk.bck (Size: 2464)
[DEBUG | dusk] Loading Resource: sera_fh_sad.bck (Size: 1952)
[DEBUG | dusk] Loading Resource: sera_lookaround.bck (Size: 4576)
[DEBUG | dusk] Loading Resource: sera_step.bck (Size: 3264)
[DEBUG | dusk] Loading Resource: sera_talk_a.bck (Size: 4768)
[DEBUG | dusk] Loading Resource: sera_wait_a.bck (Size: 3168)
[DEBUG | dusk] Loading Resource: sera.btk (Size: 256)
[DEBUG | dusk] Loading Resource: sera.btp (Size: 128)
[DEBUG | dusk] Loading Resource: sera_f_happytalk.btp (Size: 256)
[DEBUG | dusk] Loading Resource: sera_f_sad.btp (Size: 288)
[DEBUG | dusk] Loading Resource: sera_f_smile.btp (Size: 256)
[DEBUG | dusk] Loading Resource: sera_f_worrytalk.btp (Size: 256)
[DEBUG | dusk] Loading Resource: sera_fh_sad.btp (Size: 96)
[DEBUG | dusk] Loading Resource: sera.arc (Size: 128864)
[DEBUG | dusk] Loading Resource: sera.bmd (Size: 123456)
[DEBUG | dusk] Loading Resource: event_list.dat (Size: 4984)
[DEBUG | dusk] [DIAG] fpcSCtRq_phase_Load: procName=253 ret=4
[DEBUG | dusk] fpcSCtRq_phase_CreateProcess: procName=253
[DEBUG | dusk] fpcBs_Create: pid=77 profname=fpcNm_ALINK_e (253) profile=0x7b5cf68250 procSize=18784 unkSize=0
[DEBUG | dusk] fpcSCtRq_phase_CreateProcess: fpcBs_Create OK proc=0xb400007a12f23980
[DEBUG | dusk] [DIAG] fpcSCtRq_phase_Load: procName=790 ret=4
[DEBUG | dusk] fpcSCtRq_phase_CreateProcess: procName=790
[DEBUG | dusk] fpcBs_Create: pid=78 profname=fpcNm_METER2_e (790) profile=0x7b5cf6f430 procSize=1504 unkSize=0
[DEBUG | dusk] fpcSCtRq_phase_CreateProcess: fpcBs_Create OK proc=0xb400007a12f23380
[DEBUG | dusk] [DIAG] fpcSCtRq_phase_Load: procName=732 ret=4
[DEBUG | dusk] fpcSCtRq_phase_CreateProcess: procName=732
[DEBUG | dusk] fpcBs_Create: pid=79 profname=fpcNm_BG_e (732) profile=0x7b5cf753f8 procSize=1904 unkSize=0
[DEBUG | dusk] fpcSCtRq_phase_CreateProcess: fpcBs_Create OK proc=0xb400007a12f22a30
[DEBUG | dusk] [DIAG] fpcSCtRq_phase_Load: procName=550 ret=4
[DEBUG | dusk] fpcSCtRq_phase_CreateProcess: procName=550
[DEBUG | dusk] fpcBs_Create: pid=80 profname=fpcNm_KNOB20_e (550) profile=0x7b5cf758a0 procSize=1888 unkSize=0
[DEBUG | dusk] fpcSCtRq_phase_CreateProcess: fpcBs_Create OK proc=0xb400007a12f222b0
[DEBUG | dusk] [DIAG] fpcSCtRq_phase_Load: procName=768 ret=4
[DEBUG | dusk] fpcSCtRq_phase_CreateProcess: procName=768
[DEBUG | dusk] fpcBs_Create: pid=81 profname=fpcNm_BD_e (768) profile=0x7b5cf78f48 procSize=3312 unkSize=0
[DEBUG | dusk] fpcSCtRq_phase_CreateProcess: fpcBs_Create OK proc=0xb400007a12f215a0
[DEBUG | dusk] [DIAG] fpcSCtRq_phase_Load: procName=768 ret=4
[DEBUG | dusk] fpcSCtRq_phase_CreateProcess: procName=768
[DEBUG | dusk] fpcBs_Create: pid=82 profname=fpcNm_BD_e (768) profile=0x7b5cf78f48 procSize=3312 unkSize=0
[DEBUG | dusk] fpcSCtRq_phase_CreateProcess: fpcBs_Create OK proc=0xb400007a12f20890
[DEBUG | dusk] [DIAG] fpcSCtRq_phase_Load: procName=687 ret=4
[DEBUG | dusk] fpcSCtRq_phase_CreateProcess: procName=687
[DEBUG | dusk] fpcBs_Create: pid=83 profname=fpcNm_KYTAG05_e (687) profile=0x7b5cf79c00 procSize=1640 unkSize=0
[DEBUG | dusk] fpcSCtRq_phase_CreateProcess: fpcBs_Create OK proc=0xb400007a12f20208
[DEBUG | dusk] [DIAG] fpcSCtRq_phase_Load: procName=256 ret=4
[DEBUG | dusk] fpcSCtRq_phase_CreateProcess: procName=256
[DEBUG | dusk] fpcBs_Create: pid=84 profname=fpcNm_NPC_TK_e (256) profile=0x7b5cf941a0 procSize=3824 unkSize=0
[DEBUG | dusk] fpcSCtRq_phase_CreateProcess: fpcBs_Create OK proc=0xb400007a12f1f2f8
[DEBUG | dusk] [DIAG] fpcSCtRq_phase_Load: procName=336 ret=4
[DEBUG | dusk] fpcSCtRq_phase_CreateProcess: procName=336
[DEBUG | dusk] fpcBs_Create: pid=85 profname=fpcNm_Obj_NamePlate_e (336) profile=0x7b5cf7d8d0 procSize=2360 unkSize=0
[DEBUG | dusk] fpcSCtRq_phase_CreateProcess: fpcBs_Create OK proc=0xb400007a12f1e9a0
[DEBUG | dusk] [DIAG] fpcSCtRq_phase_Load: procName=337 ret=4
[DEBUG | dusk] fpcSCtRq_phase_CreateProcess: procName=337
[DEBUG | dusk] fpcBs_Create: pid=86 profname=fpcNm_Obj_OnCloth_e (337) profile=0x7b5cf7d988 procSize=2000 unkSize=0
[DEBUG | dusk] fpcSCtRq_phase_CreateProcess: fpcBs_Create OK proc=0xb400007a12f1e1b0
[DEBUG | dusk] [DIAG] fpcSCtRq_phase_Load: procName=696 ret=4
[DEBUG | dusk] fpcSCtRq_phase_CreateProcess: procName=696
[DEBUG | dusk] fpcBs_Create: pid=87 profname=fpcNm_KYTAG14_e (696) profile=0x7b5cf79e28 procSize=1640 unkSize=0
[DEBUG | dusk] fpcSCtRq_phase_CreateProcess: fpcBs_Create OK proc=0xb400007a12f1db28
[DEBUG | dusk] [DIAG] fpcSCtRq_phase_Load: procName=561 ret=4
[DEBUG | dusk] fpcSCtRq_phase_CreateProcess: procName=561
[DEBUG | dusk] fpcBs_Create: pid=88 profname=fpcNm_ANDSW2_e (561) profile=0x7b5cf78e70 procSize=1632 unkSize=0
[DEBUG | dusk] fpcSCtRq_phase_CreateProcess: fpcBs_Create OK proc=0xb400007a12f1d4a8
[DEBUG | dusk] [DIAG] fpcSCtRq_phase_Load: procName=83 ret=4
[DEBUG | dusk] fpcSCtRq_phase_CreateProcess: procName=83
[DEBUG | dusk] fpcBs_Create: pid=89 profname=fpcNm_Obj_Digpl_e (83) profile=0x7b5cf7c7f8 procSize=1712 unkSize=0
[DEBUG | dusk] fpcSCtRq_phase_CreateProcess: fpcBs_Create OK proc=0xb400007a12f1cdd8
[DEBUG | dusk] [DIAG] fpcSCtRq_phase_Load: procName=784 ret=4
[DEBUG | dusk] fpcSCtRq_phase_CreateProcess: procName=784
[DEBUG | dusk] fpcBs_Create: pid=90 profname=fpcNm_GRASS_e (784) profile=0x7b5cf79ae8 procSize=1640 unkSize=0
[DEBUG | dusk] fpcSCtRq_phase_CreateProcess: fpcBs_Create OK proc=0xb400007a12f1c750
[DEBUG | dusk] [DIAG] fpcSCtRq_phase_Load: procName=784 ret=4
[DEBUG | dusk] fpcSCtRq_phase_CreateProcess: procName=784
[DEBUG | dusk] fpcBs_Create: pid=91 profname=fpcNm_GRASS_e (784) profile=0x7b5cf79ae8 procSize=1640 unkSize=0
[DEBUG | dusk] fpcSCtRq_phase_CreateProcess: fpcBs_Create OK proc=0xb400007a12f1c0c8
[DEBUG | dusk] [DIAG] fpcSCtRq_phase_Load: procName=784 ret=4
[DEBUG | dusk] fpcSCtRq_phase_CreateProcess: procName=784
[DEBUG | dusk] fpcBs_Create: pid=92 profname=fpcNm_GRASS_e (784) profile=0x7b5cf79ae8 procSize=1640 unkSize=0
[DEBUG | dusk] fpcSCtRq_phase_CreateProcess: fpcBs_Create OK proc=0xb400007a12f1ba40
[DEBUG | dusk] [DIAG] fpcSCtRq_phase_Load: procName=784 ret=4
[DEBUG | dusk] fpcSCtRq_phase_CreateProcess: procName=784
[DEBUG | dusk] fpcBs_Create: pid=93 profname=fpcNm_GRASS_e (784) profile=0x7b5cf79ae8 procSize=1640 unkSize=0
[DEBUG | dusk] fpcSCtRq_phase_CreateProcess: fpcBs_Create OK proc=0xb400007a12f1b3b8
[DEBUG | dusk] [DIAG] fpcSCtRq_phase_Load: procName=784 ret=4
[DEBUG | dusk] fpcSCtRq_phase_CreateProcess: procName=784
[DEBUG | dusk] fpcBs_Create: pid=94 profname=fpcNm_GRASS_e (784) profile=0x7b5cf79ae8 procSize=1640 unkSize=0
[DEBUG | dusk] fpcSCtRq_phase_CreateProcess: fpcBs_Create OK proc=0xb400007a12f1ad30
[DEBUG | dusk] [DIAG] fpcSCtRq_phase_Load: procName=784 ret=4
[DEBUG | dusk] fpcSCtRq_phase_CreateProcess: procName=784
[DEBUG | dusk] fpcBs_Create: pid=95 profname=fpcNm_GRASS_e (784) profile=0x7b5cf79ae8 procSize=1640 unkSize=0
[DEBUG | dusk] fpcSCtRq_phase_CreateProcess: fpcBs_Create OK proc=0xb400007a12f1a6a8
[DEBUG | dusk] [DIAG] fpcSCtRq_phase_Load: procName=784 ret=4
[DEBUG | dusk] fpcSCtRq_phase_CreateProcess: procName=784
[DEBUG | dusk] fpcBs_Create: pid=96 profname=fpcNm_GRASS_e (784) profile=0x7b5cf79ae8 procSize=1640 unkSize=0
[DEBUG | dusk] fpcSCtRq_phase_CreateProcess: fpcBs_Create OK proc=0xb400007a12f1a020
[DEBUG | dusk] [DIAG] fpcSCtRq_phase_Load: procName=784 ret=4
[DEBUG | dusk] fpcSCtRq_phase_CreateProcess: procName=784
[DEBUG | dusk] fpcBs_Create: pid=97 profname=fpcNm_GRASS_e (784) profile=0x7b5cf79ae8 procSize=1640 unkSize=0
[DEBUG | dusk] fpcSCtRq_phase_CreateProcess: fpcBs_Create OK proc=0xb400007a12f19998
[DEBUG | dusk] [DIAG] fpcSCtRq_phase_Load: procName=784 ret=4
[DEBUG | dusk] fpcSCtRq_phase_CreateProcess: procName=784
[DEBUG | dusk] fpcBs_Create: pid=98 profname=fpcNm_GRASS_e (784) profile=0x7b5cf79ae8 procSize=1640 unkSize=0
[DEBUG | dusk] fpcSCtRq_phase_CreateProcess: fpcBs_Create OK proc=0xb400007a12f19310
[DEBUG | dusk] [DIAG] fpcSCtRq_phase_Load: procName=784 ret=4
[DEBUG | dusk] fpcSCtRq_phase_CreateProcess: procName=784
[DEBUG | dusk] fpcBs_Create: pid=99 profname=fpcNm_GRASS_e (784) profile=0x7b5cf79ae8 procSize=1640 unkSize=0
[DEBUG | dusk] fpcSCtRq_phase_CreateProcess: fpcBs_Create OK proc=0xb400007a12f18c88
[DEBUG | dusk] [DIAG] fpcSCtRq_phase_Load: procName=784 ret=4
[DEBUG | dusk] fpcSCtRq_phase_CreateProcess: procName=784
[DEBUG | dusk] fpcBs_Create: pid=100 profname=fpcNm_GRASS_e (784) profile=0x7b5cf79ae8 procSize=1640 unkSize=0
[DEBUG | dusk] fpcSCtRq_phase_CreateProcess: fpcBs_Create OK proc=0xb400007a12f18600
[DEBUG | dusk] [DIAG] fpcSCtRq_phase_Load: procName=784 ret=4
[DEBUG | dusk] fpcSCtRq_phase_CreateProcess: procName=784
[DEBUG | dusk] fpcBs_Create: pid=101 profname=fpcNm_GRASS_e (784) profile=0x7b5cf79ae8 procSize=1640 unkSize=0
[DEBUG | dusk] fpcSCtRq_phase_CreateProcess: fpcBs_Create OK proc=0xb400007a12f17f78
[DEBUG | dusk] [DIAG] fpcSCtRq_phase_Load: procName=745 ret=4
[DEBUG | dusk] fpcSCtRq_phase_CreateProcess: procName=745
[DEBUG | dusk] fpcBs_Create: pid=102 profname=fpcNm_TAG_EVTAREA_e (745) profile=0x7b5cf77600 procSize=1632 unkSize=0
[DEBUG | dusk] fpcSCtRq_phase_CreateProcess: fpcBs_Create OK proc=0xb400007a12f178f8
[DEBUG | dusk] [DIAG] fpcSCtRq_phase_Load: procName=719 ret=4
[DEBUG | dusk] fpcSCtRq_phase_CreateProcess: procName=719
[DEBUG | dusk] fpcBs_Create: pid=103 profname=fpcNm_TAG_CAMERA_e (719) profile=0x7b5cf77260 procSize=1672 unkSize=0
[DEBUG | dusk] fpcSCtRq_phase_CreateProcess: fpcBs_Create OK proc=0xb400007a12f17250
[DEBUG | dusk] [DIAG] fpcSCtRq_phase_Load: procName=719 ret=4
[DEBUG | dusk] fpcSCtRq_phase_CreateProcess: procName=719
[DEBUG | dusk] fpcBs_Create: pid=104 profname=fpcNm_TAG_CAMERA_e (719) profile=0x7b5cf77260 procSize=1672 unkSize=0
[DEBUG | dusk] fpcSCtRq_phase_CreateProcess: fpcBs_Create OK proc=0xb400007a12f16ba8
[DEBUG | dusk] [DIAG] fpcSCtRq_phase_Load: procName=549 ret=4
[DEBUG | dusk] fpcSCtRq_phase_CreateProcess: procName=549
[DEBUG | dusk] fpcBs_Create: pid=105 profname=fpcNm_SWC00_e (549) profile=0x7b5cf7e4d0 procSize=1664 unkSize=0
[DEBUG | dusk] fpcSCtRq_phase_CreateProcess: fpcBs_Create OK proc=0xb400007a12f16508
[DEBUG | dusk] [DIAG] fpcSCtRq_phase_Load: procName=549 ret=4
[DEBUG | dusk] fpcSCtRq_phase_CreateProcess: procName=549
[DEBUG | dusk] fpcBs_Create: pid=106 profname=fpcNm_SWC00_e (549) profile=0x7b5cf7e4d0 procSize=1664 unkSize=0
[DEBUG | dusk] fpcSCtRq_phase_CreateProcess: fpcBs_Create OK proc=0xb400007a12f15e68
[DEBUG | dusk] [DIAG] fpcSCtRq_phase_Load: procName=549 ret=4
[DEBUG | dusk] fpcSCtRq_phase_CreateProcess: procName=549
[DEBUG | dusk] fpcBs_Create: pid=107 profname=fpcNm_SWC00_e (549) profile=0x7b5cf7e4d0 procSize=1664 unkSize=0
[DEBUG | dusk] fpcSCtRq_phase_CreateProcess: fpcBs_Create OK proc=0xb400007a12f29f20
[DEBUG | dusk] [DIAG] fpcSCtRq_phase_Load: procName=549 ret=4
[DEBUG | dusk] fpcSCtRq_phase_CreateProcess: procName=549
[DEBUG | dusk] fpcBs_Create: pid=108 profname=fpcNm_SWC00_e (549) profile=0x7b5cf7e4d0 procSize=1664 unkSize=0
[DEBUG | dusk] fpcSCtRq_phase_CreateProcess: fpcBs_Create OK proc=0xb400007a12f157c8
[DEBUG | dusk] [DIAG] fpcSCtRq_phase_Load: procName=549 ret=4
[DEBUG | dusk] fpcSCtRq_phase_CreateProcess: procName=549
[DEBUG | dusk] fpcBs_Create: pid=109 profname=fpcNm_SWC00_e (549) profile=0x7b5cf7e4d0 procSize=1664 unkSize=0
[DEBUG | dusk] fpcSCtRq_phase_CreateProcess: fpcBs_Create OK proc=0xb400007a12f15128
[DEBUG | dusk] [DIAG] fpcSCtRq_phase_Load: procName=745 ret=4
[DEBUG | dusk] fpcSCtRq_phase_CreateProcess: procName=745
[DEBUG | dusk] fpcBs_Create: pid=110 profname=fpcNm_TAG_EVTAREA_e (745) profile=0x7b5cf77600 procSize=1632 unkSize=0
[DEBUG | dusk] fpcSCtRq_phase_CreateProcess: fpcBs_Create OK proc=0xb400007a12f14aa8
[DEBUG | dusk] [DIAG] fpcSCtRq_phase_Load: procName=549 ret=4
[DEBUG | dusk] fpcSCtRq_phase_CreateProcess: procName=549
[DEBUG | dusk] fpcBs_Create: pid=111 profname=fpcNm_SWC00_e (549) profile=0x7b5cf7e4d0 procSize=1664 unkSize=0
[DEBUG | dusk] fpcSCtRq_phase_CreateProcess: fpcBs_Create OK proc=0xb400007a12f14408
[DEBUG | dusk] [DIAG] fpcSCtRq_phase_Load: procName=780 ret=4
[DEBUG | dusk] fpcSCtRq_phase_CreateProcess: procName=780
[DEBUG | dusk] fpcBs_Create: pid=112 profname=fpcNm_SCENE_EXIT_e (780) profile=0x7b5cf76e48 procSize=1680 unkSize=0
[DEBUG | dusk] fpcSCtRq_phase_CreateProcess: fpcBs_Create OK proc=0xb400007a12f13d58
[DEBUG | dusk] [DIAG] fpcSCtRq_phase_Load: procName=426 ret=4
[DEBUG | dusk] fpcSCtRq_phase_CreateProcess: procName=426
[DEBUG | dusk] fpcBs_Create: pid=113 profname=fpcNm_Tag_AttackItem_e (426) profile=0x7b5cf7e730 procSize=2200 unkSize=0
[DEBUG | dusk] fpcSCtRq_phase_CreateProcess: fpcBs_Create OK proc=0xb400007a12f134a0
[DEBUG | dusk] [DIAG] fpcSCtRq_phase_Load: procName=426 ret=4
[DEBUG | dusk] fpcSCtRq_phase_CreateProcess: procName=426
[DEBUG | dusk] fpcBs_Create: pid=114 profname=fpcNm_Tag_AttackItem_e (426) profile=0x7b5cf7e730 procSize=2200 unkSize=0
[DEBUG | dusk] fpcSCtRq_phase_CreateProcess: fpcBs_Create OK proc=0xb400007a12f12be8
[DEBUG | dusk] [DIAG] fpcSCtRq_phase_Load: procName=426 ret=4
[DEBUG | dusk] fpcSCtRq_phase_CreateProcess: procName=426
[DEBUG | dusk] fpcBs_Create: pid=115 profname=fpcNm_Tag_AttackItem_e (426) profile=0x7b5cf7e730 procSize=2200 unkSize=0
[DEBUG | dusk] fpcSCtRq_phase_CreateProcess: fpcBs_Create OK proc=0xb400007a12f12330
[DEBUG | dusk] [DIAG] fpcSCtRq_phase_Load: procName=426 ret=4
[DEBUG | dusk] fpcSCtRq_phase_CreateProcess: procName=426
[DEBUG | dusk] fpcBs_Create: pid=116 profname=fpcNm_Tag_AttackItem_e (426) profile=0x7b5cf7e730 procSize=2200 unkSize=0
[DEBUG | dusk] fpcSCtRq_phase_CreateProcess: fpcBs_Create OK proc=0xb400007a12f11a78
[DEBUG | dusk] [DIAG] fpcSCtRq_phase_Load: procName=426 ret=4
[DEBUG | dusk] fpcSCtRq_phase_CreateProcess: procName=426
[DEBUG | dusk] fpcBs_Create: pid=117 profname=fpcNm_Tag_AttackItem_e (426) profile=0x7b5cf7e730 procSize=2200 unkSize=0
[DEBUG | dusk] fpcSCtRq_phase_CreateProcess: fpcBs_Create OK proc=0xb400007a12f111c0
[DEBUG | dusk] [DIAG] fpcSCtRq_phase_Load: procName=426 ret=4
[DEBUG | dusk] fpcSCtRq_phase_CreateProcess: procName=426
[DEBUG | dusk] fpcBs_Create: pid=118 profname=fpcNm_Tag_AttackItem_e (426) profile=0x7b5cf7e730 procSize=2200 unkSize=0
[DEBUG | dusk] fpcSCtRq_phase_CreateProcess: fpcBs_Create OK proc=0xb400007a12f10908
[DEBUG | dusk] [DIAG] fpcSCtRq_phase_Load: procName=426 ret=4
[DEBUG | dusk] fpcSCtRq_phase_CreateProcess: procName=426
[DEBUG | dusk] fpcBs_Create: pid=119 profname=fpcNm_Tag_AttackItem_e (426) profile=0x7b5cf7e730 procSize=2200 unkSize=0
[DEBUG | dusk] fpcSCtRq_phase_CreateProcess: fpcBs_Create OK proc=0xb400007a12f2916c
[DEBUG | dusk] [DIAG] fpcSCtRq_phase_Load: procName=579 ret=4
[DEBUG | dusk] fpcSCtRq_phase_CreateProcess: procName=579
[DEBUG | dusk] fpcBs_Create: pid=120 profname=fpcNm_NPC_ARU_e (579) profile=0x7b5cf87420 procSize=5344 unkSize=0
[DEBUG | dusk] fpcSCtRq_phase_CreateProcess: fpcBs_Create OK proc=0xb400007a12f0f408
[DEBUG | dusk] [DIAG] fpcSCtRq_phase_Load: procName=765 ret=4
[DEBUG | dusk] fpcSCtRq_phase_CreateProcess: procName=765
[DEBUG | dusk] fpcBs_Create: pid=121 profname=fpcNm_Obj_Stone_e (765) profile=0x7b5cfa8480 procSize=3192 unkSize=0
[DEBUG | dusk] fpcSCtRq_phase_CreateProcess: fpcBs_Create OK proc=0xb400007a12f0e770
[DEBUG | dusk] [DIAG] fpcSCtRq_phase_Load: procName=765 ret=4
[DEBUG | dusk] fpcSCtRq_phase_CreateProcess: procName=765
[DEBUG | dusk] fpcBs_Create: pid=122 profname=fpcNm_Obj_Stone_e (765) profile=0x7b5cfa8480 procSize=3192 unkSize=0
[DEBUG | dusk] fpcSCtRq_phase_CreateProcess: fpcBs_Create OK proc=0xb400007a12f0dad8
[DEBUG | dusk] [DIAG] fpcSCtRq_phase_Load: procName=765 ret=4
[DEBUG | dusk] fpcSCtRq_phase_CreateProcess: procName=765
[DEBUG | dusk] fpcBs_Create: pid=123 profname=fpcNm_Obj_Stone_e (765) profile=0x7b5cfa8480 procSize=3192 unkSize=0
[DEBUG | dusk] fpcSCtRq_phase_CreateProcess: fpcBs_Create OK proc=0xb400007a12f0ce40
[DEBUG | dusk] [DIAG] fpcSCtRq_phase_Load: procName=765 ret=4
[DEBUG | dusk] fpcSCtRq_phase_CreateProcess: procName=765
[DEBUG | dusk] fpcBs_Create: pid=124 profname=fpcNm_Obj_Stone_e (765) profile=0x7b5cfa8480 procSize=3192 unkSize=0
[DEBUG | dusk] fpcSCtRq_phase_CreateProcess: fpcBs_Create OK proc=0xb400007a12f0c1a8
[DEBUG | dusk] [DIAG] fpcSCtRq_phase_Load: procName=765 ret=4
[DEBUG | dusk] fpcSCtRq_phase_CreateProcess: procName=765
[DEBUG | dusk] fpcBs_Create: pid=125 profname=fpcNm_Obj_Stone_e (765) profile=0x7b5cfa8480 procSize=3192 unkSize=0
[DEBUG | dusk] fpcSCtRq_phase_CreateProcess: fpcBs_Create OK proc=0xb400007a12f0b510
[DEBUG | dusk] [DIAG] fpcSCtRq_phase_Load: procName=577 ret=4
[DEBUG | dusk] fpcSCtRq_phase_CreateProcess: procName=577
[DEBUG | dusk] fpcBs_Create: pid=126 profname=fpcNm_NPC_KAKASHI_e (577) profile=0x7b5cf7acc8 procSize=6712 unkSize=0
[DEBUG | dusk] fpcSCtRq_phase_CreateProcess: fpcBs_Create OK proc=0xb400007a12f09ab8
[DEBUG | dusk] [DIAG] fpcSCtRq_phase_Load: procName=266 ret=4
[DEBUG | dusk] fpcSCtRq_phase_CreateProcess: procName=266
[DEBUG | dusk] fpcBs_Create: pid=127 profname=fpcNm_SQ_e (266) profile=0x7b5cf7e3c8 procSize=3768 unkSize=0
[DEBUG | dusk] fpcSCtRq_phase_CreateProcess: fpcBs_Create OK proc=0xb400007a12f08be0
[DEBUG | dusk] [DIAG] fpcSCtRq_phase_Load: procName=238 ret=4
[DEBUG | dusk] fpcSCtRq_phase_CreateProcess: procName=238
[DEBUG | dusk] fpcBs_Create: pid=128 profname=fpcNm_HORSE_e (238) profile=0x7b5cf85d10 procSize=8464 unkSize=0
[DEBUG | dusk] fpcSCtRq_phase_CreateProcess: fpcBs_Create OK proc=0xb400007a12f06ab0
[DEBUG | dusk] [DIAG] fpcSCtRq_phase_Load: procName=696 ret=4
[DEBUG | dusk] fpcSCtRq_phase_CreateProcess: procName=696
[DEBUG | dusk] fpcBs_Create: pid=129 profname=fpcNm_KYTAG14_e (696) profile=0x7b5cf79e28 procSize=1640 unkSize=0
[DEBUG | dusk] fpcSCtRq_phase_CreateProcess: fpcBs_Create OK proc=0xb400007a12f06428
[DEBUG | dusk] [DIAG] fpcSCtRq_phase_Load: procName=693 ret=4
[DEBUG | dusk] fpcSCtRq_phase_CreateProcess: procName=693
[DEBUG | dusk] fpcBs_Create: pid=130 profname=fpcNm_KYTAG11_e (693) profile=0x7b5cf79d70 procSize=1640 unkSize=0
[DEBUG | dusk] fpcSCtRq_phase_CreateProcess: fpcBs_Create OK proc=0xb400007a12f05da0
[DEBUG | dusk] [DIAG] fpcSCtRq_phase_Load: procName=788 ret=4
[DEBUG | dusk] fpcSCtRq_phase_CreateProcess: procName=788
[DEBUG | dusk] fpcBs_Create: pid=131 profname=fpcNm_MENUWINDOW_e (788) profile=0x7b5cf6ee20 procSize=592 unkSize=0
[DEBUG | dusk] fpcSCtRq_phase_CreateProcess: fpcBs_Create OK proc=0xb400007a12f2b384
[DEBUG | dusk] [DIAG] fpcSCtRq_phase_Load: procName=787 ret=4
[DEBUG | dusk] fpcSCtRq_phase_CreateProcess: procName=787
[DEBUG | dusk] fpcBs_Create: pid=132 profname=fpcNm_MSG_OBJECT_e (787) profile=0x7b5cf6fa98 procSize=1512 unkSize=0
[DEBUG | dusk] fpcSCtRq_phase_CreateProcess: fpcBs_Create OK proc=0xb400007a12f05798
[DEBUG | dusk] [DIAG] fpcSCtRq_phase_Load: procName=369 ret=4
[DEBUG | dusk] fpcSCtRq_phase_CreateProcess: procName=369
[DEBUG | dusk] fpcBs_Create: pid=133 profname=fpcNm_Obj_StoneMark_e (369) profile=0x7b5cf7ddb0 procSize=2640 unkSize=0
[DEBUG | dusk] fpcSCtRq_phase_CreateProcess: fpcBs_Create OK proc=0xb400007a12f04d28
[DEBUG | dusk] [DIAG] fpcSCtRq_phase_Load: procName=369 ret=4
[DEBUG | dusk] fpcSCtRq_phase_CreateProcess: procName=369
[DEBUG | dusk] fpcBs_Create: pid=134 profname=fpcNm_Obj_StoneMark_e (369) profile=0x7b5cf7ddb0 procSize=2640 unkSize=0
[DEBUG | dusk] fpcSCtRq_phase_CreateProcess: fpcBs_Create OK proc=0xb400007a12f042b8
[DEBUG | dusk] [DIAG] fpcSCtRq_phase_Load: procName=369 ret=4
[DEBUG | dusk] fpcSCtRq_phase_CreateProcess: procName=369
[DEBUG | dusk] fpcBs_Create: pid=135 profname=fpcNm_Obj_StoneMark_e (369) profile=0x7b5cf7ddb0 procSize=2640 unkSize=0
[DEBUG | dusk] fpcSCtRq_phase_CreateProcess: fpcBs_Create OK proc=0xb400007a12f03848
[DEBUG | dusk] [DIAG] fpcSCtRq_phase_Load: procName=369 ret=4
[DEBUG | dusk] fpcSCtRq_phase_CreateProcess: procName=369
[DEBUG | dusk] fpcBs_Create: pid=136 profname=fpcNm_Obj_StoneMark_e (369) profile=0x7b5cf7ddb0 procSize=2640 unkSize=0
[DEBUG | dusk] fpcSCtRq_phase_CreateProcess: fpcBs_Create OK proc=0xb400007a12f02dd8
[DEBUG | dusk] [DIAG] fpcSCtRq_phase_Load: procName=369 ret=4
[DEBUG | dusk] fpcSCtRq_phase_CreateProcess: procName=369
[DEBUG | dusk] fpcBs_Create: pid=137 profname=fpcNm_Obj_StoneMark_e (369) profile=0x7b5cf7ddb0 procSize=2640 unkSize=0
[DEBUG | dusk] fpcSCtRq_phase_CreateProcess: fpcBs_Create OK proc=0xb400007a12f02368
[DEBUG | dusk] Loading Resource: al_kantera.bmd (Size: 21024)
[DEBUG | dusk] Loading Resource: ef_ktglow.bmd (Size: 3040)
[DEBUG | dusk] Loading Resource: al_bootsh.bmd (Size: 22048)
[DEBUG | dusk] Loading Resource: al_face.bmd (Size: 72576)
[DEBUG | dusk] Loading Resource: al_swb.bmd (Size: 23552)
[DEBUG | dusk] Loading Resource: bl.bmd (Size: 165088)
[DEBUG | dusk] Loading Resource: bl_hands.bmd (Size: 63744)
[DEBUG | dusk] Loading Resource: bl_head.bmd (Size: 33568)
[DEBUG | dusk] Loading Resource: ef_ktglow.btk (Size: 512)
[DEBUG | dusk] Loading Resource: fdoora.bck (Size: 352)
[DEBUG | dusk] Loading Resource: fdoorb.bck (Size: 320)
[DEBUG | dusk] Loading Resource: door-knobdummy.bmd (Size: 1792)
[DEBUG | dusk] Loading Resource: door-pushdoubledummy.bmd (Size: 2752)
[DEBUG | dusk] Loading Resource: door-knob.dzb (Size: 480)
[DEBUG | dusk] Loading Resource: door-pushdouble.dzb (Size: 480)
[DEBUG | dusk] Loading Resource: door-shutter.dzb (Size: 448)
[DEBUG | dusk] Loading Resource: door-shutterbig.dzb (Size: 768)
[DEBUG | dusk] Loading Resource: door-shutterboss.dzb (Size: 704)
[DEBUG | dusk] Loading Resource: door-shutterlv9.dzb (Size: 768)
[DEBUG | dusk] Loading Resource: aru_f_normal.bck (Size: 4128)
[DEBUG | dusk] Loading Resource: aru_fh_normal.bck (Size: 2688)
[DEBUG | dusk] Loading Resource: aru_step_r.bck (Size: 5088)
[DEBUG | dusk] Loading Resource: aru_wait_a.bck (Size: 3648)
[DEBUG | dusk] Loading Resource: aru.bmd (Size: 124224)
[DEBUG | dusk] Loading Resource: aru.btk (Size: 256)
[DEBUG | dusk] Loading Resource: aru.btp (Size: 128)
[DEBUG | dusk] Loading Resource: aru_fh_normal.btp (Size: 224)
[DEBUG | dusk] Loading Resource: aru_f_bittersmile.bck (Size: 4000)
[DEBUG | dusk] Loading Resource: aru_f_grumpy.bck (Size: 4096)
[DEBUG | dusk] Loading Resource: aru_f_serious.bck (Size: 3680)
[DEBUG | dusk] Loading Resource: aru_f_smile.bck (Size: 4000)
[DEBUG | dusk] Loading Resource: aru_f_worry.bck (Size: 4448)
[DEBUG | dusk] Loading Resource: aru_fh_bittersmile.bck (Size: 2496)
[DEBUG | dusk] Loading Resource: aru_fh_grumpy.bck (Size: 2976)
[DEBUG | dusk] Loading Resource: aru_fh_serious.bck (Size: 3072)
[DEBUG | dusk] Loading Resource: aru_fh_smile.bck (Size: 2336)
[DEBUG | dusk] Loading Resource: aru_fh_worry.bck (Size: 2592)
[DEBUG | dusk] Loading Resource: aru_hi.bck (Size: 7264)
[DEBUG | dusk] Loading Resource: aru_lookback.bck (Size: 4864)
[DEBUG | dusk] Loading Resource: aru_lookover.bck (Size: 4448)
[DEBUG | dusk] Loading Resource: aru_run.bck (Size: 4928)
[DEBUG | dusk] Loading Resource: aru_talk_a.bck (Size: 4640)
[DEBUG | dusk] Loading Resource: aru_talk_b.bck (Size: 5472)
[DEBUG | dusk] Loading Resource: aru_talk_c.bck (Size: 5344)
[DEBUG | dusk] Loading Resource: aru_talk_d.bck (Size: 4704)
[DEBUG | dusk] Loading Resource: aru_talk_e.bck (Size: 6560)
[DEBUG | dusk] Loading Resource: aru_wait_c.bck (Size: 3808)
[DEBUG | dusk] Loading Resource: aru_wait_d.bck (Size: 3584)
[DEBUG | dusk] Loading Resource: aru_lookback.btk (Size: 352)
[DEBUG | dusk] Loading Resource: aru_lookover.btk (Size: 384)
[DEBUG | dusk] Loading Resource: aru_talk_c.btk (Size: 256)
[DEBUG | dusk] Loading Resource: aru_talk_d.btk (Size: 352)
[DEBUG | dusk] Loading Resource: aru_f_bittersmile.btp (Size: 288)
[DEBUG | dusk] Loading Resource: aru_f_grumpy.btp (Size: 320)
[DEBUG | dusk] Loading Resource: aru_f_serious.btp (Size: 288)
[DEBUG | dusk] Loading Resource: aru_f_smile.btp (Size: 288)
[DEBUG | dusk] Loading Resource: aru_f_worry.btp (Size: 288)
[DEBUG | dusk] Loading Resource: aru_fh_bittersmile.btp (Size: 224)
[DEBUG | dusk] Loading Resource: aru_fh_grumpy.btp (Size: 224)
[DEBUG | dusk] Loading Resource: aru_fh_serious.btp (Size: 224)
[DEBUG | dusk] Loading Resource: aru_fh_smile.btp (Size: 96)
[DEBUG | dusk] Loading Resource: aru_fh_worry.btp (Size: 224)
[DEBUG | dusk] Loading Resource: event_list.dat (Size: 24172)
[DEBUG | dusk] Loading Resource: kakashi_fall.bck (Size: 2688)
[DEBUG | dusk] Loading Resource: backetl.bmd (Size: 20416)
[DEBUG | dusk] Loading Resource: backetr.bmd (Size: 18752)
[DEBUG | dusk] Loading Resource: kakashi.bmd (Size: 51936)
[DEBUG | dusk] Loading Resource: event_list.dat (Size: 46244)
[DEBUG | dusk] Loading Resource: sq_demo.bck (Size: 1216)
[DEBUG | dusk] Loading Resource: sq_drop.bck (Size: 2336)
[DEBUG | dusk] Loading Resource: sq_run.bck (Size: 2016)
[DEBUG | dusk] Loading Resource: sq_run_climb.bck (Size: 1984)
[DEBUG | dusk] Loading Resource: sq_wait1.bck (Size: 1152)
[DEBUG | dusk] Loading Resource: sq_wait2_01.bck (Size: 1216)
[DEBUG | dusk] Loading Resource: sq_wait2_02.bck (Size: 1152)
[DEBUG | dusk] Loading Resource: sq_wait2_03.bck (Size: 1152)
[DEBUG | dusk] Loading Resource: sq_wait3.bck (Size: 1056)
[DEBUG | dusk] Loading Resource: sq_wait4.bck (Size: 1120)
[DEBUG | dusk] Loading Resource: sq.bmd (Size: 28128)
[DEBUG | dusk] Loading Resource: sq.btk (Size: 288)
[DEBUG | dusk] Loading Resource: hs_back_walk.bck (Size: 5536)
[DEBUG | dusk] Loading Resource: hs_back_walk_start.bck (Size: 6304)
[DEBUG | dusk] Loading Resource: hs_excitement.bck (Size: 11968)
[DEBUG | dusk] Loading Resource: hs_excitement_2.bck (Size: 14144)
[DEBUG | dusk] Loading Resource: hs_jump_end.bck (Size: 5344)
[DEBUG | dusk] Loading Resource: hs_jump_middle.bck (Size: 4640)
[DEBUG | dusk] Loading Resource: hs_jump_start.bck (Size: 4832)
[DEBUG | dusk] Loading Resource: hs_jump_start_clift.bck (Size: 5248)
[DEBUG | dusk] Loading Resource: hs_lash.bck (Size: 3200)
[DEBUG | dusk] Loading Resource: hs_neck_waitback_left.bck (Size: 2880)
[DEBUG | dusk] Loading Resource: hs_neck_waitback_right.bck (Size: 2848)
[DEBUG | dusk] Loading Resource: hs_run_dash.bck (Size: 7680)
[DEBUG | dusk] Loading Resource: hs_run_fast.bck (Size: 6688)
[DEBUG | dusk] Loading Resource: hs_run_slow.bck (Size: 7712)
[DEBUG | dusk] Loading Resource: hs_stand.bck (Size: 17984)
[DEBUG | dusk] Loading Resource: hs_stop_slow.bck (Size: 14208)
[DEBUG | dusk] Loading Resource: hs_stop_stand.bck (Size: 16352)
[DEBUG | dusk] Loading Resource: hs_turn_left.bck (Size: 9632)
[DEBUG | dusk] Loading Resource: hs_turn_left_start.bck (Size: 5248)
[DEBUG | dusk] Loading Resource: hs_turn_right.bck (Size: 9472)
[DEBUG | dusk] Loading Resource: hs_turn_right_start.bck (Size: 5344)
[DEBUG | dusk] Loading Resource: hs_wait_01.bck (Size: 4768)
[DEBUG | dusk] Loading Resource: hs_wait_01b.bck (Size: 4672)
[DEBUG | dusk] Loading Resource: hs_wait_01b_connect.bck (Size: 4672)
[DEBUG | dusk] Loading Resource: hs_wait_02.bck (Size: 8928)
[DEBUG | dusk] Loading Resource: hs_wait_03.bck (Size: 7552)
[DEBUG | dusk] Loading Resource: hs_wait_04.bck (Size: 12640)
[DEBUG | dusk] Loading Resource: hs_wait_05.bck (Size: 10528)
[DEBUG | dusk] Loading Resource: hs_walk_fast.bck (Size: 5792)
[DEBUG | dusk] Loading Resource: hs_walk_slow.bck (Size: 5600)
[DEBUG | dusk] Loading Resource: hs.bmd (Size: 131264)
[DEBUG | dusk] Loading Resource: hs_eye.btp (Size: 128)
[DEBUG | dusk] Loading Resource: tazuna.bti (Size: 160)
[DEBUG | dusk] [DIAG] fpcSCtRq_phase_Load: procName=548 ret=4
[DEBUG | dusk] fpcSCtRq_phase_CreateProcess: procName=548
[DEBUG | dusk] fpcBs_Create: pid=138 profname=fpcNm_HOZELDA_e (548) profile=0x7b5cf85e40 procSize=2368 unkSize=0
[DEBUG | dusk] fpcSCtRq_phase_CreateProcess: fpcBs_Create OK proc=0xb400007a12f2aa24
[DEBUG | dusk] Loading Resource: al_shb.bmd (Size: 15040)
[DEBUG | dusk] Loading Resource: zelh_aldieh.bck (Size: 6240)
[DEBUG | dusk] Loading Resource: zelh_arelordh.bck (Size: 9280)
[DEBUG | dusk] Loading Resource: zelh_ashooth.bck (Size: 5216)
[DEBUG | dusk] Loading Resource: zelh_atbh.bck (Size: 4064)
[DEBUG | dusk] Loading Resource: zelh_barelordh.bck (Size: 1216)
[DEBUG | dusk] Loading Resource: zelh_bashooth.bck (Size: 1952)
[DEBUG | dusk] Loading Resource: zelh_damh.bck (Size: 4864)
[DEBUG | dusk] Loading Resource: zelh_dashh.bck (Size: 6976)
[DEBUG | dusk] Loading Resource: zelh_dstarth.bck (Size: 7584)
[DEBUG | dusk] Loading Resource: zelh_egnd_wh.bck (Size: 6048)
[DEBUG | dusk] Loading Resource: zelh_egnd_whb.bck (Size: 5344)
[DEBUG | dusk] Loading Resource: zelh_jumph.bck (Size: 5600)
[DEBUG | dusk] Loading Resource: zelh_jumphed.bck (Size: 5568)
[DEBUG | dusk] Loading Resource: zelh_jumphst.bck (Size: 4896)
[DEBUG | dusk] Loading Resource: zelh_numbh.bck (Size: 4704)
[DEBUG | dusk] Loading Resource: zelh_standh.bck (Size: 10624)
[DEBUG | dusk] Loading Resource: zelh_standhwc.bck (Size: 14176)
[DEBUG | dusk] Loading Resource: zelh_stoph.bck (Size: 8064)
[DEBUG | dusk] Loading Resource: zelh_stoptostandh.bck (Size: 11648)
[DEBUG | dusk] Loading Resource: zelh_waitbh.bck (Size: 6656)
[DEBUG | dusk] Loading Resource: zelh_waitch.bck (Size: 5184)
[DEBUG | dusk] Loading Resource: zelh_waith.bck (Size: 5216)
[DEBUG | dusk] Loading Resource: o_zg_arow.bmd (Size: 9312)
[DEBUG | dusk] Loading Resource: o_zg_bow.bmd (Size: 17120)
[DEBUG | dusk] Loading Resource: zelh.bmd (Size: 240768)
[DEBUG | dusk] Loading Resource: zelh_fa.btk (Size: 352)
[DEBUG | dusk] Loading Resource: zelh_faldieh.btk (Size: 992)
[DEBUG | dusk] Loading Resource: zelh_fegnd_wh.btk (Size: 352)
[DEBUG | dusk] Loading Resource: zelh_fa.btp (Size: 128)
[DEBUG | dusk] Loading Resource: zelh_faldieh.btp (Size: 864)
[DEBUG | dusk] Loading Resource: zelh_fb.btp (Size: 128)
[DEBUG | dusk] Loading Resource: zelh_fc.btp (Size: 128)
[DEBUG | dusk] Loading Resource: zelh_fmaba01.btp (Size: 160)
[DEBUG | dusk] [DIAG] fpcSCtRq_phase_Load: procName=255 ret=4
[DEBUG | dusk] fpcSCtRq_phase_CreateProcess: procName=255
[DEBUG | dusk] fpcBs_Create: pid=139 profname=fpcNm_MIDNA_e (255) profile=0x7b5cf78698 procSize=3360 unkSize=0
[DEBUG | dusk] fpcSCtRq_phase_CreateProcess: fpcBs_Create OK proc=0xb400007a12f2842c
[DEBUG | dusk] Loading Resource: s_md_hands.bmd (Size: 19776)
[DEBUG | dusk] Loading Resource: s_md_mask.bmd (Size: 15424)
[DEBUG | dusk] Loading Resource: s_md_gokou.bmd (Size: 3008)
[DEBUG | dusk] Loading Resource: s_md.bmd (Size: 69984)
[DEBUG | dusk] Loading Resource: s_md_hair_hand.bmd (Size: 18944)
[DEBUG | dusk] Loading Resource: s_md_appear.brk (Size: 352)
[DEBUG | dusk] Loading Resource: s_md_gokou_appear.brk (Size: 256)
[DEBUG | dusk] Loading Resource: s_md_hair_hand_appear.brk (Size: 288)
[DEBUG | dusk] Loading Resource: s_md_mask_appear.brk (Size: 256)
[DEBUG | dusk] Loading Resource: s_md_hair_hand_moya.btk (Size: 544)
[DEBUG | dusk] Loading Resource: s_md_hands_moya.btk (Size: 608)
[DEBUG | dusk] Loading Resource: s_md_mask_moya.btk (Size: 320)
[DEBUG | dusk] Loading Resource: s_md_moya.btk (Size: 512)
[DEBUG | dusk] frameInterp: onTypeChange 46 -> 40 (event_type_id=40, leaving_event=false, entering_event=true)
[DEBUG | dusk] frameInterp: presentation sync not requested for ZEV event [CURRENT] (staff idx 25)
[DEBUG | dev.twilitrealm.cosmetics] Loaded base texture data for al_bootsH. size: 2000 hash: C9F8C58AA332C5E6
[DEBUG | dev.twilitrealm.cosmetics] Loaded base texture data for al_SWB. size: 4000 hash: 1071499E19799A7D
[DEBUG | dev.twilitrealm.cosmetics] Loaded base texture data for bl_hair. size: 4000 hash: 582A10908B80C70E
[DEBUG | dusk] frameInterp: onTypeChange 40 -> 46 (event_type_id=40, leaving_event=true, entering_event=false)
[DEBUG | dusk] fapGm_Execute frame=600
[DEBUG | dusk] [DIAG] fpcSCtRq_phase_Load: procName=2 ret=4
[DEBUG | dusk] fpcSCtRq_phase_CreateProcess: procName=2
[DEBUG | dusk] fpcBs_Create: pid=140 profname=fpcNm_OVERLAP3_e (2) profile=0x7b5cf71d98 procSize=464 unkSize=0
[DEBUG | dusk] fpcSCtRq_phase_CreateProcess: fpcBs_Create OK proc=0xb400007a12f02178
[DEBUG | dusk] fpcNdRq_phase_Create: name=11 layer=0x7b5d1a5418
[DEBUG | dusk] fpcNdRq_phase_Create: creating_id=141 (error=4294967295)
[WARNING | dusk::mods::actor] Attempted to delete actor with ID (138) but it doesn't exist!
[DEBUG | dusk] [DIAG] fpcSCtRq_phase_Load: procName=11 ret=4
[DEBUG | dusk] fpcSCtRq_phase_CreateProcess: procName=11
[DEBUG | dusk] fpcBs_Create: pid=141 profname=fpcNm_PLAY_SCENE_e (11) profile=0x7b5cf72268 procSize=912 unkSize=0
[DEBUG | dusk] fpcSCtRq_phase_CreateProcess: fpcBs_Create OK proc=0xb400007a12f2faf0
[DEBUG | dusk] Loading Resource: vrbox_kasumim.bmd (Size: 2272)
[DEBUG | dusk] Loading Resource: vrbox_kumo.bmd (Size: 69664)
[DEBUG | dusk] Loading Resource: vrbox_sora.bmd (Size: 6624)
[DEBUG | dusk] Loading Resource: vrbox_sun.bmd (Size: 12032)
[DEBUG | dusk] Loading Resource: vrbox_sun.btk (Size: 320)
[DEBUG | dusk] Loading Resource: colordata_tbl.dat (Size: 800)
[DEBUG | dusk] Loading Resource: pol_arg.dat (Size: 128)
[DEBUG | dusk] Loading Resource: pol_effcol.dat (Size: 128)
[DEBUG | dusk] Loading Resource: pol_effcol2.dat (Size: 128)
[DEBUG | dusk] Loading Resource: pol_efftbl.dat (Size: 128)
[DEBUG | dusk] Loading Resource: pol_efftbl2.dat (Size: 128)
[DEBUG | dusk] Loading Resource: pol_sound.dat (Size: 128)
[DEBUG | dusk] Loading Resource: stage.dzs (Size: 5984)
[DEBUG | dusk] Loading Resource: event_list.dat (Size: 856)
[DEBUG | dusk] Loading Resource: cloudtx_01.bti (Size: 4128)
[DEBUG | dusk] Loading Resource: cloudtx_02.bti (Size: 4128)
[DEBUG | dusk] Loading Resource: cloudtx_03.bti (Size: 4128)
[DEBUG | dusk] Loading Resource: f_moon.bti (Size: 8224)
[DEBUG | dusk] Loading Resource: f_moon_a.bti (Size: 2080)
[DEBUG | dusk] Loading Resource: f_moon_a_a00.bti (Size: 64)
[DEBUG | dusk] Loading Resource: f_moon_a_a01.bti (Size: 544)
[DEBUG | dusk] Loading Resource: f_moon_a_a02.bti (Size: 544)
[DEBUG | dusk] Loading Resource: f_moon_a_a03.bti (Size: 544)
[DEBUG | dusk] Loading Resource: event_list.dat (Size: 106476)
[DEBUG | dusk] Loading Resource: camstyle.dat (Size: 43328)
[DEBUG | dusk] Loading Resource: camtype.dat (Size: 14560)
[DEBUG | dusk] fpcBs_Create: pid=145 profname=fpcNm_SUSPEND_e (783) profile=0x7b5cf78c48 procSize=1632 unkSize=0
[DEBUG | dusk] fopScnM_CreateReq: procName=18 fade=32767
[DEBUG | dusk] fopScnM_CreateReq: result=7 (error=4294967295)
[DEBUG | dusk] fpcBs_Create: pid=147 profname=fpcNm_KANKYO_e (19) profile=0x7b5cf6ce60 procSize=440 unkSize=0
[DEBUG | dusk] fpcBs_Create: pid=149 profname=fpcNm_KYEFF_e (785) profile=0x7b5cf6ceb0 procSize=440 unkSize=0
[DEBUG | dusk] fpcBs_Create: pid=151 profname=fpcNm_KYEFF2_e (786) profile=0x7b5cf6cef0 procSize=440 unkSize=0
[DEBUG | dusk] fpcBs_Create: pid=153 profname=fpcNm_ENVSE_e (21) profile=0x7b5cf6bf20 procSize=456 unkSize=0
[DEBUG | dusk] fpcNdRq_phase_Create: name=18 layer=0xb400007a12f2fc48
[DEBUG | dusk] fpcNdRq_phase_Create: creating_id=156 (error=4294967295)
[DEBUG | dusk] [DIAG] fpcSCtRq_phase_Load: procName=781 ret=4
[DEBUG | dusk] fpcSCtRq_phase_CreateProcess: procName=781
[DEBUG | dusk] fpcBs_Create: pid=142 profname=fpcNm_CAMERA_e (781) profile=0x7b5cf6bd68 procSize=4240 unkSize=0
[DEBUG | dusk] fpcSCtRq_phase_CreateProcess: fpcBs_Create OK proc=0xb400007a12f28974
[DEBUG | dusk] [DIAG] fpcSCtRq_phase_Load: procName=686 ret=4
[DEBUG | dusk] fpcSCtRq_phase_CreateProcess: procName=686
[DEBUG | dusk] fpcBs_Create: pid=143 profname=fpcNm_KYTAG04_e (686) profile=0x7b5cf75f28 procSize=1784 unkSize=0
[DEBUG | dusk] fpcSCtRq_phase_CreateProcess: fpcBs_Create OK proc=0xb400007a12f27cd0
[DEBUG | dusk] [DIAG] fpcSCtRq_phase_Load: procName=730 ret=4
[DEBUG | dusk] fpcSCtRq_phase_CreateProcess: procName=730
[DEBUG | dusk] fpcBs_Create: pid=154 profname=fpcNm_VRBOX_e (730) profile=0x7b5cf78078 procSize=1648 unkSize=0
[DEBUG | dusk] fpcSCtRq_phase_CreateProcess: fpcBs_Create OK proc=0xb400007a12f29f4c
[DEBUG | dusk] [DIAG] fpcSCtRq_phase_Load: procName=731 ret=4
[DEBUG | dusk] fpcSCtRq_phase_CreateProcess: procName=731
[DEBUG | dusk] fpcBs_Create: pid=155 profname=fpcNm_VRBOX2_e (731) profile=0x7b5cf78130 procSize=1720 unkSize=0
[DEBUG | dusk] fpcSCtRq_phase_CreateProcess: fpcBs_Create OK proc=0xb400007a12f275f8
[DEBUG | dusk] [DIAG] fpcSCtRq_phase_Load: procName=18 ret=4
[DEBUG | dusk] fpcSCtRq_phase_CreateProcess: procName=18
[DEBUG | dusk] fpcBs_Create: pid=156 profname=fpcNm_ROOM_SCENE_e (18) profile=0x7b5cf72388 procSize=912 unkSize=0
[DEBUG | dusk] fpcSCtRq_phase_CreateProcess: fpcBs_Create OK proc=0xb400007a12f285c4
[DEBUG | dusk] Loading Resource: ef_portal.bmd (Size: 60192)
[DEBUG | dusk] Loading Resource: ef_portal_blue_app.brk (Size: 896)
[DEBUG | dusk] Loading Resource: ef_portal_blue_disapp.brk (Size: 896)
[DEBUG | dusk] Loading Resource: ef_portal_red_app.brk (Size: 896)
[DEBUG | dusk] Loading Resource: ef_portal_red_disapp.brk (Size: 896)
[DEBUG | dusk] Loading Resource: ef_portal.btk (Size: 1792)
[DEBUG | dusk] Loading Resource: model.bmd (Size: 1166848)
[DEBUG | dusk] Loading Resource: model1.bmd (Size: 26272)
[DEBUG | dusk] Loading Resource: model2.bmd (Size: 25216)
[DEBUG | dusk] Loading Resource: model.btk (Size: 3360)
[DEBUG | dusk] Loading Resource: model1.btk (Size: 320)
[DEBUG | dusk] Loading Resource: model2.btk (Size: 352)
[DEBUG | dusk] Loading Resource: room.dzr (Size: 12416)
[DEBUG | dusk] Loading Resource: event_list.dat (Size: 15264)
[DEBUG | dusk] Loading Resource: machina01$0.stb (Size: 756)
[DEBUG | dusk] Loading Resource: machina01.stb (Size: 2844)
[DEBUG | dusk] Loading Resource: room.kcl (Size: 511900)
[DEBUG | dusk] Loading Resource: room.plc (Size: 480)
[DEBUG | dusk] [DIAG] fpcSCtRq_phase_Load: procName=253 ret=4
[DEBUG | dusk] fpcSCtRq_phase_CreateProcess: procName=253
[DEBUG | dusk] fpcBs_Create: pid=157 profname=fpcNm_ALINK_e (253) profile=0x7b5cf68250 procSize=18784 unkSize=0
[DEBUG | dusk] fpcSCtRq_phase_CreateProcess: fpcBs_Create OK proc=0xb400007a12f1e840
[DEBUG | dusk] [DIAG] fpcSCtRq_phase_Load: procName=790 ret=4
[DEBUG | dusk] fpcSCtRq_phase_CreateProcess: procName=790
[DEBUG | dusk] fpcBs_Create: pid=158 profname=fpcNm_METER2_e (790) profile=0x7b5cf6f430 procSize=1504 unkSize=0
[DEBUG | dusk] fpcSCtRq_phase_CreateProcess: fpcBs_Create OK proc=0xb400007a12f233ec
[DEBUG | dusk] [DIAG] fpcSCtRq_phase_Load: procName=732 ret=4
[DEBUG | dusk] fpcSCtRq_phase_CreateProcess: procName=732
[DEBUG | dusk] fpcBs_Create: pid=159 profname=fpcNm_BG_e (732) profile=0x7b5cf753f8 procSize=1904 unkSize=0
[DEBUG | dusk] fpcSCtRq_phase_CreateProcess: fpcBs_Create OK proc=0xb400007a12f1def0
[DEBUG | dusk] [DIAG] fpcSCtRq_phase_Load: procName=44 ret=4
[DEBUG | dusk] fpcSCtRq_phase_CreateProcess: procName=44
[DEBUG | dusk] fpcBs_Create: pid=160 profname=fpcNm_OBJ_BRG_e (44) profile=0x7b5cf98e68 procSize=54520 unkSize=0
[DEBUG | dusk] fpcSCtRq_phase_CreateProcess: fpcBs_Create OK proc=0xb400007a12f06ef0
[DEBUG | dusk] [DIAG] fpcSCtRq_phase_Load: procName=535 ret=4
[DEBUG | dusk] fpcSCtRq_phase_CreateProcess: procName=535
[DEBUG | dusk] fpcBs_Create: pid=161 profname=fpcNm_E_WAP_e (535) profile=0x7b5cf84da8 procSize=1928 unkSize=0
[DEBUG | dusk] fpcSCtRq_phase_CreateProcess: fpcBs_Create OK proc=0xb400007a12f1d748
[DEBUG | dusk] [DIAG] fpcSCtRq_phase_Load: procName=83 ret=4
[DEBUG | dusk] fpcSCtRq_phase_CreateProcess: procName=83
[DEBUG | dusk] fpcBs_Create: pid=162 profname=fpcNm_Obj_Digpl_e (83) profile=0x7b5cf7c7f8 procSize=1712 unkSize=0
[DEBUG | dusk] fpcSCtRq_phase_CreateProcess: fpcBs_Create OK proc=0xb400007a12f1d078
[DEBUG | dusk] [DIAG] fpcSCtRq_phase_Load: procName=765 ret=4
[DEBUG | dusk] fpcSCtRq_phase_CreateProcess: procName=765
[DEBUG | dusk] fpcBs_Create: pid=163 profname=fpcNm_Obj_Stone_e (765) profile=0x7b5cfa8480 procSize=3192 unkSize=0
[DEBUG | dusk] fpcSCtRq_phase_CreateProcess: fpcBs_Create OK proc=0xb400007a12f18480
[DEBUG | dusk] [DIAG] fpcSCtRq_phase_Load: procName=765 ret=4
[DEBUG | dusk] fpcSCtRq_phase_CreateProcess: procName=765
[DEBUG | dusk] fpcBs_Create: pid=164 profname=fpcNm_Obj_Stone_e (765) profile=0x7b5cfa8480 procSize=3192 unkSize=0
[DEBUG | dusk] fpcSCtRq_phase_CreateProcess: fpcBs_Create OK proc=0xb400007a12f177e8
[DEBUG | dusk] [DIAG] fpcSCtRq_phase_Load: procName=765 ret=4
[DEBUG | dusk] fpcSCtRq_phase_CreateProcess: procName=765
[DEBUG | dusk] fpcBs_Create: pid=165 profname=fpcNm_Obj_Stone_e (765) profile=0x7b5cfa8480 procSize=3192 unkSize=0
[DEBUG | dusk] fpcSCtRq_phase_CreateProcess: fpcBs_Create OK proc=0xb400007a12f16b50
[DEBUG | dusk] [DIAG] fpcSCtRq_phase_Load: procName=765 ret=4
[DEBUG | dusk] fpcSCtRq_phase_CreateProcess: procName=765
[DEBUG | dusk] fpcBs_Create: pid=166 profname=fpcNm_Obj_Stone_e (765) profile=0x7b5cfa8480 procSize=3192 unkSize=0
[DEBUG | dusk] fpcSCtRq_phase_CreateProcess: fpcBs_Create OK proc=0xb400007a12f15eb8
[DEBUG | dusk] [DIAG] fpcSCtRq_phase_Load: procName=765 ret=4
[DEBUG | dusk] fpcSCtRq_phase_CreateProcess: procName=765
[DEBUG | dusk] fpcBs_Create: pid=167 profname=fpcNm_Obj_Stone_e (765) profile=0x7b5cfa8480 procSize=3192 unkSize=0
[DEBUG | dusk] fpcSCtRq_phase_CreateProcess: fpcBs_Create OK proc=0xb400007a12f15220
[DEBUG | dusk] [DIAG] fpcSCtRq_phase_Load: procName=765 ret=4
[DEBUG | dusk] fpcSCtRq_phase_CreateProcess: procName=765
[DEBUG | dusk] fpcBs_Create: pid=168 profname=fpcNm_Obj_Stone_e (765) profile=0x7b5cfa8480 procSize=3192 unkSize=0
[DEBUG | dusk] fpcSCtRq_phase_CreateProcess: fpcBs_Create OK proc=0xb400007a12f06258
[DEBUG | dusk] [DIAG] fpcSCtRq_phase_Load: procName=765 ret=4
[DEBUG | dusk] fpcSCtRq_phase_CreateProcess: procName=765
[DEBUG | dusk] fpcBs_Create: pid=169 profname=fpcNm_Obj_Stone_e (765) profile=0x7b5cfa8480 procSize=3192 unkSize=0
[DEBUG | dusk] fpcSCtRq_phase_CreateProcess: fpcBs_Create OK proc=0xb400007a12f055c0
[DEBUG | dusk] [DIAG] fpcSCtRq_phase_Load: procName=784 ret=4
[DEBUG | dusk] fpcSCtRq_phase_CreateProcess: procName=784
[DEBUG | dusk] fpcBs_Create: pid=170 profname=fpcNm_GRASS_e (784) profile=0x7b5cf79ae8 procSize=1640 unkSize=0
[DEBUG | dusk] fpcSCtRq_phase_CreateProcess: fpcBs_Create OK proc=0xb400007a12f1c9f0
[DEBUG | dusk] [DIAG] fpcSCtRq_phase_Load: procName=784 ret=4
[DEBUG | dusk] fpcSCtRq_phase_CreateProcess: procName=784
[DEBUG | dusk] fpcBs_Create: pid=171 profname=fpcNm_GRASS_e (784) profile=0x7b5cf79ae8 procSize=1640 unkSize=0
[DEBUG | dusk] fpcSCtRq_phase_CreateProcess: fpcBs_Create OK proc=0xb400007a12f14b98
[DEBUG | dusk] [DIAG] fpcSCtRq_phase_Load: procName=784 ret=4
[DEBUG | dusk] fpcSCtRq_phase_CreateProcess: procName=784
[DEBUG | dusk] fpcBs_Create: pid=172 profname=fpcNm_GRASS_e (784) profile=0x7b5cf79ae8 procSize=1640 unkSize=0
[DEBUG | dusk] fpcSCtRq_phase_CreateProcess: fpcBs_Create OK proc=0xb400007a12f04f38
[DEBUG | dusk] [DIAG] fpcSCtRq_phase_Load: procName=784 ret=4
[DEBUG | dusk] fpcSCtRq_phase_CreateProcess: procName=784
[DEBUG | dusk] fpcBs_Create: pid=173 profname=fpcNm_GRASS_e (784) profile=0x7b5cf79ae8 procSize=1640 unkSize=0
[DEBUG | dusk] fpcSCtRq_phase_CreateProcess: fpcBs_Create OK proc=0xb400007a12f048b0
[DEBUG | dusk] [DIAG] fpcSCtRq_phase_Load: procName=784 ret=4
[DEBUG | dusk] fpcSCtRq_phase_CreateProcess: procName=784
[DEBUG | dusk] fpcBs_Create: pid=174 profname=fpcNm_GRASS_e (784) profile=0x7b5cf79ae8 procSize=1640 unkSize=0
[DEBUG | dusk] fpcSCtRq_phase_CreateProcess: fpcBs_Create OK proc=0xb400007a12f04228
[DEBUG | dusk] [DIAG] fpcSCtRq_phase_Load: procName=784 ret=4
[DEBUG | dusk] fpcSCtRq_phase_CreateProcess: procName=784
[DEBUG | dusk] fpcBs_Create: pid=175 profname=fpcNm_GRASS_e (784) profile=0x7b5cf79ae8 procSize=1640 unkSize=0
[DEBUG | dusk] fpcSCtRq_phase_CreateProcess: fpcBs_Create OK proc=0xb400007a12f03ba0
[DEBUG | dusk] [DIAG] fpcSCtRq_phase_Load: procName=784 ret=4
[DEBUG | dusk] fpcSCtRq_phase_CreateProcess: procName=784
[DEBUG | dusk] fpcBs_Create: pid=176 profname=fpcNm_GRASS_e (784) profile=0x7b5cf79ae8 procSize=1640 unkSize=0
[DEBUG | dusk] fpcSCtRq_phase_CreateProcess: fpcBs_Create OK proc=0xb400007a12f03518
[DEBUG | dusk] [DIAG] fpcSCtRq_phase_Load: procName=784 ret=4
[DEBUG | dusk] fpcSCtRq_phase_CreateProcess: procName=784
[DEBUG | dusk] fpcBs_Create: pid=177 profname=fpcNm_GRASS_e (784) profile=0x7b5cf79ae8 procSize=1640 unkSize=0
[DEBUG | dusk] fpcSCtRq_phase_CreateProcess: fpcBs_Create OK proc=0xb400007a12f02e90
[DEBUG | dusk] [DIAG] fpcSCtRq_phase_Load: procName=784 ret=4
[DEBUG | dusk] fpcSCtRq_phase_CreateProcess: procName=784
[DEBUG | dusk] fpcBs_Create: pid=178 profname=fpcNm_GRASS_e (784) profile=0x7b5cf79ae8 procSize=1640 unkSize=0
[DEBUG | dusk] fpcSCtRq_phase_CreateProcess: fpcBs_Create OK proc=0xb400007a12f02808
[DEBUG | dusk] [DIAG] fpcSCtRq_phase_Load: procName=784 ret=4
[DEBUG | dusk] fpcSCtRq_phase_CreateProcess: procName=784
[DEBUG | dusk] fpcBs_Create: pid=179 profname=fpcNm_GRASS_e (784) profile=0x7b5cf79ae8 procSize=1640 unkSize=0
[DEBUG | dusk] fpcSCtRq_phase_CreateProcess: fpcBs_Create OK proc=0xb400007a12f01af0
[DEBUG | dusk] [DIAG] fpcSCtRq_phase_Load: procName=719 ret=4
[DEBUG | dusk] fpcSCtRq_phase_CreateProcess: procName=719
[DEBUG | dusk] fpcBs_Create: pid=180 profname=fpcNm_TAG_CAMERA_e (719) profile=0x7b5cf77260 procSize=1672 unkSize=0
[DEBUG | dusk] fpcSCtRq_phase_CreateProcess: fpcBs_Create OK proc=0xb400007a12f01448
[DEBUG | dusk] [DIAG] fpcSCtRq_phase_Load: procName=549 ret=4
[DEBUG | dusk] fpcSCtRq_phase_CreateProcess: procName=549
[DEBUG | dusk] fpcBs_Create: pid=181 profname=fpcNm_SWC00_e (549) profile=0x7b5cf7e4d0 procSize=1664 unkSize=0
[DEBUG | dusk] fpcSCtRq_phase_CreateProcess: fpcBs_Create OK proc=0xb400007a12f00da8
[DEBUG | dusk] [DIAG] fpcSCtRq_phase_Load: procName=549 ret=4
[DEBUG | dusk] fpcSCtRq_phase_CreateProcess: procName=549
[DEBUG | dusk] fpcBs_Create: pid=182 profname=fpcNm_SWC00_e (549) profile=0x7b5cf7e4d0 procSize=1664 unkSize=0
[DEBUG | dusk] fpcSCtRq_phase_CreateProcess: fpcBs_Create OK proc=0xb400007a12f00708
[DEBUG | dusk] [DIAG] fpcSCtRq_phase_Load: procName=549 ret=4
[DEBUG | dusk] fpcSCtRq_phase_CreateProcess: procName=549
[DEBUG | dusk] fpcBs_Create: pid=183 profname=fpcNm_SWC00_e (549) profile=0x7b5cf7e4d0 procSize=1664 unkSize=0
[DEBUG | dusk] fpcSCtRq_phase_CreateProcess: fpcBs_Create OK proc=0xb400007a12f00068
[DEBUG | dusk] [DIAG] fpcSCtRq_phase_Load: procName=549 ret=4
[DEBUG | dusk] fpcSCtRq_phase_CreateProcess: procName=549
[DEBUG | dusk] fpcBs_Create: pid=184 profname=fpcNm_SWC00_e (549) profile=0x7b5cf7e4d0 procSize=1664 unkSize=0
[DEBUG | dusk] fpcSCtRq_phase_CreateProcess: fpcBs_Create OK proc=0xb400007a12eff9c8
[DEBUG | dusk] [DIAG] fpcSCtRq_phase_Load: procName=719 ret=4
[DEBUG | dusk] fpcSCtRq_phase_CreateProcess: procName=719
[DEBUG | dusk] fpcBs_Create: pid=185 profname=fpcNm_TAG_CAMERA_e (719) profile=0x7b5cf77260 procSize=1672 unkSize=0
[DEBUG | dusk] fpcSCtRq_phase_CreateProcess: fpcBs_Create OK proc=0xb400007a12f26548
[DEBUG | dusk] [DIAG] fpcSCtRq_phase_Load: procName=549 ret=4
[DEBUG | dusk] fpcSCtRq_phase_CreateProcess: procName=549
[DEBUG | dusk] fpcBs_Create: pid=186 profname=fpcNm_SWC00_e (549) profile=0x7b5cf7e4d0 procSize=1664 unkSize=0
[DEBUG | dusk] fpcSCtRq_phase_CreateProcess: fpcBs_Create OK proc=0xb400007a12eff328
[DEBUG | dusk] [DIAG] fpcSCtRq_phase_Load: procName=549 ret=4
[DEBUG | dusk] fpcSCtRq_phase_CreateProcess: procName=549
[DEBUG | dusk] fpcBs_Create: pid=187 profname=fpcNm_SWC00_e (549) profile=0x7b5cf7e4d0 procSize=1664 unkSize=0
[DEBUG | dusk] fpcSCtRq_phase_CreateProcess: fpcBs_Create OK proc=0xb400007a12efec88
[DEBUG | dusk] [DIAG] fpcSCtRq_phase_Load: procName=719 ret=4
[DEBUG | dusk] fpcSCtRq_phase_CreateProcess: procName=719
[DEBUG | dusk] fpcBs_Create: pid=188 profname=fpcNm_TAG_CAMERA_e (719) profile=0x7b5cf77260 procSize=1672 unkSize=0
[DEBUG | dusk] fpcSCtRq_phase_CreateProcess: fpcBs_Create OK proc=0xb400007a12efe5e0
[DEBUG | dusk] [DIAG] fpcSCtRq_phase_Load: procName=549 ret=4
[DEBUG | dusk] fpcSCtRq_phase_CreateProcess: procName=549
[DEBUG | dusk] fpcBs_Create: pid=189 profname=fpcNm_SWC00_e (549) profile=0x7b5cf7e4d0 procSize=1664 unkSize=0
[DEBUG | dusk] fpcSCtRq_phase_CreateProcess: fpcBs_Create OK proc=0xb400007a12efdf40
[DEBUG | dusk] [DIAG] fpcSCtRq_phase_Load: procName=549 ret=4
[DEBUG | dusk] fpcSCtRq_phase_CreateProcess: procName=549
[DEBUG | dusk] fpcBs_Create: pid=190 profname=fpcNm_SWC00_e (549) profile=0x7b5cf7e4d0 procSize=1664 unkSize=0
[DEBUG | dusk] fpcSCtRq_phase_CreateProcess: fpcBs_Create OK proc=0xb400007a12efd8a0
[DEBUG | dusk] [DIAG] fpcSCtRq_phase_Load: procName=719 ret=4
[DEBUG | dusk] fpcSCtRq_phase_CreateProcess: procName=719
[DEBUG | dusk] fpcBs_Create: pid=191 profname=fpcNm_TAG_CAMERA_e (719) profile=0x7b5cf77260 procSize=1672 unkSize=0
[DEBUG | dusk] fpcSCtRq_phase_CreateProcess: fpcBs_Create OK proc=0xb400007a12f25ea0
[DEBUG | dusk] [DIAG] fpcSCtRq_phase_Load: procName=236 ret=4
[DEBUG | dusk] fpcSCtRq_phase_CreateProcess: procName=236
[DEBUG | dusk] fpcBs_Create: pid=192 profname=fpcNm_Tag_Hstop_e (236) profile=0x7b5cf7eae8 procSize=1656 unkSize=0
[DEBUG | dusk] fpcSCtRq_phase_CreateProcess: fpcBs_Create OK proc=0xb400007a12efd208
[DEBUG | dusk] [DIAG] fpcSCtRq_phase_Load: procName=236 ret=4
[DEBUG | dusk] fpcSCtRq_phase_CreateProcess: procName=236
[DEBUG | dusk] fpcBs_Create: pid=193 profname=fpcNm_Tag_Hstop_e (236) profile=0x7b5cf7eae8 procSize=1656 unkSize=0
[DEBUG | dusk] fpcSCtRq_phase_CreateProcess: fpcBs_Create OK proc=0xb400007a12efcb70
[DEBUG | dusk] [DIAG] fpcSCtRq_phase_Load: procName=236 ret=4
[DEBUG | dusk] fpcSCtRq_phase_CreateProcess: procName=236
[DEBUG | dusk] fpcBs_Create: pid=194 profname=fpcNm_Tag_Hstop_e (236) profile=0x7b5cf7eae8 procSize=1656 unkSize=0
[DEBUG | dusk] fpcSCtRq_phase_CreateProcess: fpcBs_Create OK proc=0xb400007a12efc4d8
[DEBUG | dusk] [DIAG] fpcSCtRq_phase_Load: procName=236 ret=4
[DEBUG | dusk] fpcSCtRq_phase_CreateProcess: procName=236
[DEBUG | dusk] fpcBs_Create: pid=195 profname=fpcNm_Tag_Hstop_e (236) profile=0x7b5cf7eae8 procSize=1656 unkSize=0
[DEBUG | dusk] fpcSCtRq_phase_CreateProcess: fpcBs_Create OK proc=0xb400007a12efbe40
[DEBUG | dusk] [DIAG] fpcSCtRq_phase_Load: procName=426 ret=4
[DEBUG | dusk] fpcSCtRq_phase_CreateProcess: procName=426
[DEBUG | dusk] fpcBs_Create: pid=196 profname=fpcNm_Tag_AttackItem_e (426) profile=0x7b5cf7e730 procSize=2200 unkSize=0
[DEBUG | dusk] fpcSCtRq_phase_CreateProcess: fpcBs_Create OK proc=0xb400007a12efb588
[DEBUG | dusk] [DIAG] fpcSCtRq_phase_Load: procName=426 ret=4
[DEBUG | dusk] fpcSCtRq_phase_CreateProcess: procName=426
[DEBUG | dusk] fpcBs_Create: pid=197 profname=fpcNm_Tag_AttackItem_e (426) profile=0x7b5cf7e730 procSize=2200 unkSize=0
[DEBUG | dusk] fpcSCtRq_phase_CreateProcess: fpcBs_Create OK proc=0xb400007a12efacd0
[DEBUG | dusk] [DIAG] fpcSCtRq_phase_Load: procName=549 ret=4
[DEBUG | dusk] fpcSCtRq_phase_CreateProcess: procName=549
[DEBUG | dusk] fpcBs_Create: pid=198 profname=fpcNm_SWC00_e (549) profile=0x7b5cf7e4d0 procSize=1664 unkSize=0
[DEBUG | dusk] fpcSCtRq_phase_CreateProcess: fpcBs_Create OK proc=0xb400007a12f25800
[DEBUG | dusk] [DIAG] fpcSCtRq_phase_Load: procName=549 ret=4
[DEBUG | dusk] fpcSCtRq_phase_CreateProcess: procName=549
[DEBUG | dusk] fpcBs_Create: pid=199 profname=fpcNm_SWC00_e (549) profile=0x7b5cf7e4d0 procSize=1664 unkSize=0
[DEBUG | dusk] fpcSCtRq_phase_CreateProcess: fpcBs_Create OK proc=0xb400007a12efa630
[DEBUG | dusk] [DIAG] fpcSCtRq_phase_Load: procName=722 ret=4
[DEBUG | dusk] fpcSCtRq_phase_CreateProcess: procName=722
[DEBUG | dusk] fpcBs_Create: pid=200 profname=fpcNm_TAG_EVT_e (722) profile=0x7b5cf77568 procSize=1800 unkSize=0
[DEBUG | dusk] fpcSCtRq_phase_CreateProcess: fpcBs_Create OK proc=0xb400007a12ef9f08
[DEBUG | dusk] [DIAG] fpcSCtRq_phase_Load: procName=719 ret=4
[DEBUG | dusk] fpcSCtRq_phase_CreateProcess: procName=719
[DEBUG | dusk] fpcBs_Create: pid=201 profname=fpcNm_TAG_CAMERA_e (719) profile=0x7b5cf77260 procSize=1672 unkSize=0
[DEBUG | dusk] fpcSCtRq_phase_CreateProcess: fpcBs_Create OK proc=0xb400007a12ef9860
[DEBUG | dusk] [DIAG] fpcSCtRq_phase_Load: procName=722 ret=4
[DEBUG | dusk] fpcSCtRq_phase_CreateProcess: procName=722
[DEBUG | dusk] fpcBs_Create: pid=202 profname=fpcNm_TAG_EVT_e (722) profile=0x7b5cf77568 procSize=1800 unkSize=0
[DEBUG | dusk] fpcSCtRq_phase_CreateProcess: fpcBs_Create OK proc=0xb400007a12ef9138
[DEBUG | dusk] [DIAG] fpcSCtRq_phase_Load: procName=426 ret=4
[DEBUG | dusk] fpcSCtRq_phase_CreateProcess: procName=426
[DEBUG | dusk] fpcBs_Create: pid=203 profname=fpcNm_Tag_AttackItem_e (426) profile=0x7b5cf7e730 procSize=2200 unkSize=0
[DEBUG | dusk] fpcSCtRq_phase_CreateProcess: fpcBs_Create OK proc=0xb400007a12ef8880
[DEBUG | dusk] [DIAG] fpcSCtRq_phase_Load: procName=426 ret=4
[DEBUG | dusk] fpcSCtRq_phase_CreateProcess: procName=426
[DEBUG | dusk] fpcBs_Create: pid=204 profname=fpcNm_Tag_AttackItem_e (426) profile=0x7b5cf7e730 procSize=2200 unkSize=0
[DEBUG | dusk] fpcSCtRq_phase_CreateProcess: fpcBs_Create OK proc=0xb400007a12ef7fc8
[DEBUG | dusk] [DIAG] fpcSCtRq_phase_Load: procName=426 ret=4
[DEBUG | dusk] fpcSCtRq_phase_CreateProcess: procName=426
[DEBUG | dusk] fpcBs_Create: pid=205 profname=fpcNm_Tag_AttackItem_e (426) profile=0x7b5cf7e730 procSize=2200 unkSize=0
[DEBUG | dusk] fpcSCtRq_phase_CreateProcess: fpcBs_Create OK proc=0xb400007a12ef7710
[DEBUG | dusk] [DIAG] fpcSCtRq_phase_Load: procName=426 ret=4
[DEBUG | dusk] fpcSCtRq_phase_CreateProcess: procName=426
[DEBUG | dusk] fpcBs_Create: pid=206 profname=fpcNm_Tag_AttackItem_e (426) profile=0x7b5cf7e730 procSize=2200 unkSize=0
[DEBUG | dusk] fpcSCtRq_phase_CreateProcess: fpcBs_Create OK proc=0xb400007a12ef6e58
[DEBUG | dusk] [DIAG] fpcSCtRq_phase_Load: procName=426 ret=4
[DEBUG | dusk] fpcSCtRq_phase_CreateProcess: procName=426
[DEBUG | dusk] fpcBs_Create: pid=207 profname=fpcNm_Tag_AttackItem_e (426) profile=0x7b5cf7e730 procSize=2200 unkSize=0
[DEBUG | dusk] fpcSCtRq_phase_CreateProcess: fpcBs_Create OK proc=0xb400007a12ef65a0
[DEBUG | dusk] [DIAG] fpcSCtRq_phase_Load: procName=426 ret=4
[DEBUG | dusk] fpcSCtRq_phase_CreateProcess: procName=426
[DEBUG | dusk] fpcBs_Create: pid=208 profname=fpcNm_Tag_AttackItem_e (426) profile=0x7b5cf7e730 procSize=2200 unkSize=0
[DEBUG | dusk] fpcSCtRq_phase_CreateProcess: fpcBs_Create OK proc=0xb400007a12ef5ce8
[DEBUG | dusk] [DIAG] fpcSCtRq_phase_Load: procName=634 ret=4
[DEBUG | dusk] fpcSCtRq_phase_CreateProcess: procName=634
[DEBUG | dusk] fpcBs_Create: pid=209 profname=fpcNm_NPC_YELIA_e (634) profile=0x7b5cf95b78 procSize=5376 unkSize=0
[DEBUG | dusk] fpcSCtRq_phase_CreateProcess: fpcBs_Create OK proc=0xb400007a12ef47c8
[DEBUG | dusk] [DIAG] fpcSCtRq_phase_Load: procName=100 ret=4
[DEBUG | dusk] fpcSCtRq_phase_CreateProcess: procName=100
[DEBUG | dusk] fpcBs_Create: pid=210 profname=fpcNm_Obj_MGate_e (100) profile=0x7b5cf7d7d0 procSize=1760 unkSize=0
[DEBUG | dusk] fpcSCtRq_phase_CreateProcess: fpcBs_Create OK proc=0xb400007a12f24928
[DEBUG | dusk] [DIAG] fpcSCtRq_phase_Load: procName=100 ret=4
[DEBUG | dusk] fpcSCtRq_phase_CreateProcess: procName=100
[DEBUG | dusk] fpcBs_Create: pid=211 profname=fpcNm_Obj_MGate_e (100) profile=0x7b5cf7d7d0 procSize=1760 unkSize=0
[DEBUG | dusk] fpcSCtRq_phase_CreateProcess: fpcBs_Create OK proc=0xb400007a12ef40c8
[DEBUG | dusk] [DIAG] fpcSCtRq_phase_Load: procName=100 ret=4
[DEBUG | dusk] fpcSCtRq_phase_CreateProcess: procName=100
[DEBUG | dusk] fpcBs_Create: pid=212 profname=fpcNm_Obj_MGate_e (100) profile=0x7b5cf7d7d0 procSize=1760 unkSize=0
[DEBUG | dusk] fpcSCtRq_phase_CreateProcess: fpcBs_Create OK proc=0xb400007a12ef39c8
[DEBUG | dusk] [DIAG] fpcSCtRq_phase_Load: procName=100 ret=4
[DEBUG | dusk] fpcSCtRq_phase_CreateProcess: procName=100
[DEBUG | dusk] fpcBs_Create: pid=213 profname=fpcNm_Obj_MGate_e (100) profile=0x7b5cf7d7d0 procSize=1760 unkSize=0
[DEBUG | dusk] fpcSCtRq_phase_CreateProcess: fpcBs_Create OK proc=0xb400007a12ef32c8
[DEBUG | dusk] [DIAG] fpcSCtRq_phase_Load: procName=233 ret=4
[DEBUG | dusk] fpcSCtRq_phase_CreateProcess: procName=233
[DEBUG | dusk] fpcBs_Create: pid=214 profname=fpcNm_Tag_Hinit_e (233) profile=0x7b5cf7e918 procSize=1640 unkSize=0
[DEBUG | dusk] fpcSCtRq_phase_CreateProcess: fpcBs_Create OK proc=0xb400007a12ef2c40
[DEBUG | dusk] [DIAG] fpcSCtRq_phase_Load: procName=333 ret=4
[DEBUG | dusk] fpcSCtRq_phase_CreateProcess: procName=333
[DEBUG | dusk] fpcBs_Create: pid=215 profname=fpcNm_Obj_Yobikusa_e (333) profile=0x7b5cf7e0c8 procSize=2360 unkSize=0
[DEBUG | dusk] fpcSCtRq_phase_CreateProcess: fpcBs_Create OK proc=0xb400007a12ef22e8
[DEBUG | dusk] [DIAG] fpcSCtRq_phase_Load: procName=333 ret=4
[DEBUG | dusk] fpcSCtRq_phase_CreateProcess: procName=333
[DEBUG | dusk] fpcBs_Create: pid=216 profname=fpcNm_Obj_Yobikusa_e (333) profile=0x7b5cf7e0c8 procSize=2360 unkSize=0
[DEBUG | dusk] fpcSCtRq_phase_CreateProcess: fpcBs_Create OK proc=0xb400007a12ef1990
[DEBUG | dusk] [DIAG] fpcSCtRq_phase_Load: procName=333 ret=4
[DEBUG | dusk] fpcSCtRq_phase_CreateProcess: procName=333
[DEBUG | dusk] fpcBs_Create: pid=217 profname=fpcNm_Obj_Yobikusa_e (333) profile=0x7b5cf7e0c8 procSize=2360 unkSize=0
[DEBUG | dusk] fpcSCtRq_phase_CreateProcess: fpcBs_Create OK proc=0xb400007a12ef1038
[DEBUG | dusk] [DIAG] fpcSCtRq_phase_Load: procName=333 ret=4
[DEBUG | dusk] fpcSCtRq_phase_CreateProcess: procName=333
[DEBUG | dusk] fpcBs_Create: pid=218 profname=fpcNm_Obj_Yobikusa_e (333) profile=0x7b5cf7e0c8 procSize=2360 unkSize=0
[DEBUG | dusk] fpcSCtRq_phase_CreateProcess: fpcBs_Create OK proc=0xb400007a12ef06e0
[DEBUG | dusk] [DIAG] fpcSCtRq_phase_Load: procName=333 ret=4
[DEBUG | dusk] fpcSCtRq_phase_CreateProcess: procName=333
[DEBUG | dusk] fpcBs_Create: pid=219 profname=fpcNm_Obj_Yobikusa_e (333) profile=0x7b5cf7e0c8 procSize=2360 unkSize=0
[DEBUG | dusk] fpcSCtRq_phase_CreateProcess: fpcBs_Create OK proc=0xb400007a12eefd88
[DEBUG | dusk] [DIAG] fpcSCtRq_phase_Load: procName=233 ret=4
[DEBUG | dusk] fpcSCtRq_phase_CreateProcess: procName=233
[DEBUG | dusk] fpcBs_Create: pid=220 profname=fpcNm_Tag_Hinit_e (233) profile=0x7b5cf7e918 procSize=1640 unkSize=0
[DEBUG | dusk] fpcSCtRq_phase_CreateProcess: fpcBs_Create OK proc=0xb400007a12eef700
[DEBUG | dusk] [DIAG] fpcSCtRq_phase_Load: procName=238 ret=4
[DEBUG | dusk] fpcSCtRq_phase_CreateProcess: procName=238
[DEBUG | dusk] fpcBs_Create: pid=221 profname=fpcNm_HORSE_e (238) profile=0x7b5cf85d10 procSize=8464 unkSize=0
[DEBUG | dusk] fpcSCtRq_phase_CreateProcess: fpcBs_Create OK proc=0xb400007a12eed5d0
[DEBUG | dusk] [DIAG] fpcSCtRq_phase_Load: procName=788 ret=4
[DEBUG | dusk] fpcSCtRq_phase_CreateProcess: procName=788
[DEBUG | dusk] fpcBs_Create: pid=222 profname=fpcNm_MENUWINDOW_e (788) profile=0x7b5cf6ee20 procSize=592 unkSize=0
[DEBUG | dusk] fpcSCtRq_phase_CreateProcess: fpcBs_Create OK proc=0xb400007a12f27388
[DEBUG | dusk] [DIAG] fpcSCtRq_phase_Load: procName=787 ret=4
[DEBUG | dusk] fpcSCtRq_phase_CreateProcess: procName=787
[DEBUG | dusk] fpcBs_Create: pid=223 profname=fpcNm_MSG_OBJECT_e (787) profile=0x7b5cf6fa98 procSize=1512 unkSize=0
[DEBUG | dusk] fpcSCtRq_phase_CreateProcess: fpcBs_Create OK proc=0xb400007a12eecfc8
[DEBUG | dusk] Loading Resource: al_kantera.bmd (Size: 21024)
[DEBUG | dusk] Loading Resource: ef_ktglow.bmd (Size: 3040)
[DEBUG | dusk] Loading Resource: al_bootsh.bmd (Size: 22048)
[DEBUG | dusk] Loading Resource: al_face.bmd (Size: 72576)
[DEBUG | dusk] Loading Resource: al_swb.bmd (Size: 23552)
[DEBUG | dusk] Loading Resource: bl.bmd (Size: 165088)
[DEBUG | dusk] Loading Resource: bl_hands.bmd (Size: 63744)
[DEBUG | dusk] Loading Resource: bl_head.bmd (Size: 33568)
[DEBUG | dusk] Loading Resource: ef_ktglow.btk (Size: 512)
[DEBUG | dusk] Loading Resource: k_bridge00.bmd (Size: 6432)
[DEBUG | dusk] Loading Resource: k_bridge01.bmd (Size: 6464)
[DEBUG | dusk] Loading Resource: m_bridge00.bmd (Size: 10560)
[DEBUG | dusk] Loading Resource: m_knot00.bmd (Size: 2624)
[DEBUG | dusk] Loading Resource: mbrdg.dzb (Size: 9312)
[DEBUG | dusk] Loading Resource: mbrdg2.dzb (Size: 9312)
[DEBUG | dusk] Loading Resource: brg_rope.bti (Size: 160)
[DEBUG | dusk] Loading Resource: m_wire00.bti (Size: 64)
[DEBUG | dusk] Loading Resource: d_srock.bmd (Size: 4704)
[DEBUG | dusk] Loading Resource: d_brock.bmd (Size: 4704)
[DEBUG | dusk] Loading Resource: event_list.dat (Size: 1028)
[DEBUG | dusk] Loading Resource: yelia.bmd (Size: 165728)
[DEBUG | dusk] Loading Resource: yelia_f_happy_talk.bck (Size: 4128)
[DEBUG | dusk] Loading Resource: yelia_f_listen.bck (Size: 3200)
[DEBUG | dusk] Loading Resource: yelia_f_talk_a.bck (Size: 2816)
[DEBUG | dusk] Loading Resource: yelia_fh_happytalk.bck (Size: 2240)
[DEBUG | dusk] Loading Resource: yelia_fh_listen.bck (Size: 2240)
[DEBUG | dusk] Loading Resource: yelia_happytalk.bck (Size: 4800)
[DEBUG | dusk] Loading Resource: yelia_listen.bck (Size: 4448)
[DEBUG | dusk] Loading Resource: yelia_step.bck (Size: 4288)
[DEBUG | dusk] Loading Resource: yelia_wait_a.bck (Size: 3584)
[DEBUG | dusk] Loading Resource: yelia.btk (Size: 256)
[DEBUG | dusk] Loading Resource: yelia.btp (Size: 128)
[DEBUG | dusk] Loading Resource: yelia_f_happy_talk.btp (Size: 288)
[DEBUG | dusk] Loading Resource: yelia_f_listen.btp (Size: 288)
[DEBUG | dusk] Loading Resource: yelia_fh_happytalk.btp (Size: 96)
[DEBUG | dusk] Loading Resource: yelia_fh_listen.btp (Size: 96)
[DEBUG | dusk] Loading Resource: yelia_f_horse_lookback.bck (Size: 2752)
[DEBUG | dusk] Loading Resource: yelia_f_horse_return.bck (Size: 2688)
[DEBUG | dusk] Loading Resource: yelia_horse_lookback.bck (Size: 5248)
[DEBUG | dusk] Loading Resource: yelia_horse_return.bck (Size: 4960)
[DEBUG | dusk] Loading Resource: yelia_horse_talk_a.bck (Size: 4768)
[DEBUG | dusk] Loading Resource: yelia_horse_wait_a.bck (Size: 4416)
[DEBUG | dusk] Loading Resource: yelia_horse_wait_c.bck (Size: 3680)
[DEBUG | dusk] Loading Resource: yelia_horse_return.btk (Size: 320)
[DEBUG | dusk] Loading Resource: yelia_horse_wait_a.btk (Size: 256)
[DEBUG | dusk] Loading Resource: yelia_f_horse_lookback.btp (Size: 160)
[DEBUG | dusk] Loading Resource: yelia_f_horse_return.btp (Size: 160)
[DEBUG | dusk] Loading Resource: yelb.bmd (Size: 163968)
[DEBUG | dusk] Loading Resource: yelia_f_kaisou_talk.bck (Size: 3136)
[DEBUG | dusk] Loading Resource: yelia_f_kaisou_wait_a.bck (Size: 2560)
[DEBUG | dusk] Loading Resource: yelia_f_kaisou_wait_b.bck (Size: 2400)
[DEBUG | dusk] Loading Resource: yelia_fh_kaisou_talk.bck (Size: 2240)
[DEBUG | dusk] Loading Resource: yelia_kaisou_talk.bck (Size: 5344)
[DEBUG | dusk] Loading Resource: yelia_kaisou_wait_a.bck (Size: 3584)
[DEBUG | dusk] Loading Resource: yelia_kaisou_wait_b.bck (Size: 3360)
[DEBUG | dusk] Loading Resource: yelia_kaisou_talk.btk (Size: 320)
[DEBUG | dusk] Loading Resource: yelia_kaisou_wait_a.btk (Size: 320)
[DEBUG | dusk] Loading Resource: yelia_kaisou_wait_b.btk (Size: 288)
[DEBUG | dusk] Loading Resource: yelia_f_kaisou_talk.btp (Size: 256)
[DEBUG | dusk] Loading Resource: yelia_f_kaisou_wait_a.btp (Size: 224)
[DEBUG | dusk] Loading Resource: yelia_ask.bck (Size: 4224)
[DEBUG | dusk] Loading Resource: yelia_ask_step.bck (Size: 3904)
[DEBUG | dusk] Loading Resource: yelia_asking.bck (Size: 3328)
[DEBUG | dusk] Loading Resource: yelia_f_ask.bck (Size: 3424)
[DEBUG | dusk] Loading Resource: yelia_f_intense.bck (Size: 3264)
[DEBUG | dusk] Loading Resource: yelia_f_kizuku.bck (Size: 2944)
[DEBUG | dusk] Loading Resource: yelia_f_remember.bck (Size: 2880)
[DEBUG | dusk] Loading Resource: yelia_f_remembering.bck (Size: 3168)
[DEBUG | dusk] Loading Resource: yelia_f_sad.bck (Size: 2912)
[DEBUG | dusk] Loading Resource: yelia_f_think.bck (Size: 2848)
[DEBUG | dusk] Loading Resource: yelia_f_to_think.bck (Size: 2720)
[DEBUG | dusk] Loading Resource: yelia_fh_ask.bck (Size: 2240)
[DEBUG | dusk] Loading Resource: yelia_fh_intense.bck (Size: 2240)
[DEBUG | dusk] Loading Resource: yelia_fh_kizuku.bck (Size: 2240)
[DEBUG | dusk] Loading Resource: yelia_fh_remembering.bck (Size: 2240)
[DEBUG | dusk] Loading Resource: yelia_fh_sad.bck (Size: 2240)
[DEBUG | dusk] Loading Resource: yelia_fh_think.bck (Size: 2240)
[DEBUG | dusk] Loading Resource: yelia_kizuku.bck (Size: 5056)
[DEBUG | dusk] Loading Resource: yelia_kizuku_wait.bck (Size: 3072)
[DEBUG | dusk] Loading Resource: yelia_look.bck (Size: 3328)
[DEBUG | dusk] Loading Resource: yelia_looking.bck (Size: 3328)
[DEBUG | dusk] Loading Resource: yelia_remember.bck (Size: 4256)
[DEBUG | dusk] Loading Resource: yelia_remembering.bck (Size: 3488)
[DEBUG | dusk] Loading Resource: yelia_sittalk_a.bck (Size: 3456)
[DEBUG | dusk] Loading Resource: yelia_think.bck (Size: 3520)
[DEBUG | dusk] Loading Resource: yelia_to_think.bck (Size: 5344)
[DEBUG | dusk] Loading Resource: yelia_to_worry.bck (Size: 4384)
[DEBUG | dusk] Loading Resource: yelia_wait_utumuku.bck (Size: 3456)
[DEBUG | dusk] Loading Resource: yelia_wait_wonder.bck (Size: 3552)
[DEBUG | dusk] Loading Resource: yelia_wait_worry.bck (Size: 3712)
[DEBUG | dusk] Loading Resource: yelia_look.btk (Size: 256)
[DEBUG | dusk] Loading Resource: yelia_looking.btk (Size: 288)
[DEBUG | dusk] Loading Resource: yelia_wait_utumuku.btk (Size: 256)
[DEBUG | dusk] Loading Resource: yelia_wait_wonder.btk (Size: 256)
[DEBUG | dusk] Loading Resource: yelia_f_ask.btp (Size: 288)
[DEBUG | dusk] Loading Resource: yelia_f_intense.btp (Size: 288)
[DEBUG | dusk] Loading Resource: yelia_f_kizuku.btp (Size: 352)
[DEBUG | dusk] Loading Resource: yelia_f_remember.btp (Size: 160)
[DEBUG | dusk] Loading Resource: yelia_f_remembering.btp (Size: 288)
[DEBUG | dusk] Loading Resource: yelia_f_sad.btp (Size: 288)
[DEBUG | dusk] Loading Resource: yelia_f_think.btp (Size: 96)
[DEBUG | dusk] Loading Resource: yelia_f_to_think.btp (Size: 96)
[DEBUG | dusk] Loading Resource: yelia_fh_ask.btp (Size: 96)
[DEBUG | dusk] Loading Resource: yelia_fh_intense.btp (Size: 96)
[DEBUG | dusk] Loading Resource: yelia_fh_kizuku.btp (Size: 96)
[DEBUG | dusk] Loading Resource: yelia_fh_remembering.btp (Size: 96)
[DEBUG | dusk] Loading Resource: yelia_fh_sad.btp (Size: 96)
[DEBUG | dusk] Loading Resource: yelia_fh_think.btp (Size: 96)
[DEBUG | dusk] Loading Resource: event_list.dat (Size: 21524)
[DEBUG | dusk] Loading Resource: yelia_demo_wait_sit.bck (Size: 3456)
[DEBUG | dusk] Loading Resource: yelb_tw.bmd (Size: 142720)
[DEBUG | dusk] Loading Resource: event_list.dat (Size: 8752)
[DEBUG | dusk] Loading Resource: m_igatekey.bmd (Size: 5440)
[DEBUG | dusk] Loading Resource: al_umakusa.bmd (Size: 5984)
[DEBUG | dusk] Loading Resource: j_umakusa.bmd (Size: 13152)
[DEBUG | dusk] Loading Resource: j_umakusa_c.bmd (Size: 9536)
[DEBUG | dusk] Loading Resource: hs_back_walk.bck (Size: 5536)
[DEBUG | dusk] Loading Resource: hs_back_walk_start.bck (Size: 6304)
[DEBUG | dusk] Loading Resource: hs_excitement.bck (Size: 11968)
[DEBUG | dusk] Loading Resource: hs_excitement_2.bck (Size: 14144)
[DEBUG | dusk] Loading Resource: hs_jump_end.bck (Size: 5344)
[DEBUG | dusk] Loading Resource: hs_jump_middle.bck (Size: 4640)
[DEBUG | dusk] Loading Resource: hs_jump_start.bck (Size: 4832)
[DEBUG | dusk] Loading Resource: hs_jump_start_clift.bck (Size: 5248)
[DEBUG | dusk] Loading Resource: hs_lash.bck (Size: 3200)
[DEBUG | dusk] Loading Resource: hs_neck_waitback_left.bck (Size: 2880)
[DEBUG | dusk] Loading Resource: hs_neck_waitback_right.bck (Size: 2848)
[DEBUG | dusk] Loading Resource: hs_run_dash.bck (Size: 7680)
[DEBUG | dusk] Loading Resource: hs_run_fast.bck (Size: 6688)
[DEBUG | dusk] Loading Resource: hs_run_slow.bck (Size: 7712)
[DEBUG | dusk] Loading Resource: hs_stand.bck (Size: 17984)
[DEBUG | dusk] Loading Resource: hs_stop_slow.bck (Size: 14208)
[DEBUG | dusk] Loading Resource: hs_stop_stand.bck (Size: 16352)
[DEBUG | dusk] Loading Resource: hs_turn_left.bck (Size: 9632)
[DEBUG | dusk] Loading Resource: hs_turn_left_start.bck (Size: 5248)
[DEBUG | dusk] Loading Resource: hs_turn_right.bck (Size: 9472)
[DEBUG | dusk] Loading Resource: hs_turn_right_start.bck (Size: 5344)
[DEBUG | dusk] Loading Resource: hs_wait_01.bck (Size: 4768)
[DEBUG | dusk] Loading Resource: hs_wait_01b.bck (Size: 4672)
[DEBUG | dusk] Loading Resource: hs_wait_01b_connect.bck (Size: 4672)
[DEBUG | dusk] Loading Resource: hs_wait_02.bck (Size: 8928)
[DEBUG | dusk] Loading Resource: hs_wait_03.bck (Size: 7552)
[DEBUG | dusk] Loading Resource: hs_wait_04.bck (Size: 12640)
[DEBUG | dusk] Loading Resource: hs_wait_05.bck (Size: 10528)
[DEBUG | dusk] Loading Resource: hs_walk_fast.bck (Size: 5792)
[DEBUG | dusk] Loading Resource: hs_walk_slow.bck (Size: 5600)
[DEBUG | dusk] Loading Resource: hs.bmd (Size: 131264)
[DEBUG | dusk] Loading Resource: hs_eye.btp (Size: 128)
[DEBUG | dusk] Loading Resource: tazuna.bti (Size: 160)
[DEBUG | dusk] [DIAG] fpcSCtRq_phase_Load: procName=369 ret=4
[DEBUG | dusk] fpcSCtRq_phase_CreateProcess: procName=369
[DEBUG | dusk] fpcBs_Create: pid=224 profname=fpcNm_Obj_StoneMark_e (369) profile=0x7b5cf7ddb0 procSize=2640 unkSize=0
[DEBUG | dusk] fpcSCtRq_phase_CreateProcess: fpcBs_Create OK proc=0xb400007a12eec558
[DEBUG | dusk] [DIAG] fpcSCtRq_phase_Load: procName=369 ret=4
[DEBUG | dusk] fpcSCtRq_phase_CreateProcess: procName=369
[DEBUG | dusk] fpcBs_Create: pid=225 profname=fpcNm_Obj_StoneMark_e (369) profile=0x7b5cf7ddb0 procSize=2640 unkSize=0
[DEBUG | dusk] fpcSCtRq_phase_CreateProcess: fpcBs_Create OK proc=0xb400007a12eebae8
[DEBUG | dusk] [DIAG] fpcSCtRq_phase_Load: procName=369 ret=4
[DEBUG | dusk] fpcSCtRq_phase_CreateProcess: procName=369
[DEBUG | dusk] fpcBs_Create: pid=226 profname=fpcNm_Obj_StoneMark_e (369) profile=0x7b5cf7ddb0 procSize=2640 unkSize=0
[DEBUG | dusk] fpcSCtRq_phase_CreateProcess: fpcBs_Create OK proc=0xb400007a12eeb078
[DEBUG | dusk] [DIAG] fpcSCtRq_phase_Load: procName=369 ret=4
[DEBUG | dusk] fpcSCtRq_phase_CreateProcess: procName=369
[DEBUG | dusk] fpcBs_Create: pid=227 profname=fpcNm_Obj_StoneMark_e (369) profile=0x7b5cf7ddb0 procSize=2640 unkSize=0
[DEBUG | dusk] fpcSCtRq_phase_CreateProcess: fpcBs_Create OK proc=0xb400007a12eea608
[DEBUG | dusk] [DIAG] fpcSCtRq_phase_Load: procName=369 ret=4
[DEBUG | dusk] fpcSCtRq_phase_CreateProcess: procName=369
[DEBUG | dusk] fpcBs_Create: pid=228 profname=fpcNm_Obj_StoneMark_e (369) profile=0x7b5cf7ddb0 procSize=2640 unkSize=0
[DEBUG | dusk] fpcSCtRq_phase_CreateProcess: fpcBs_Create OK proc=0xb400007a12ee9b98
[DEBUG | dusk] [DIAG] fpcSCtRq_phase_Load: procName=369 ret=4
[DEBUG | dusk] fpcSCtRq_phase_CreateProcess: procName=369
[DEBUG | dusk] fpcBs_Create: pid=229 profname=fpcNm_Obj_StoneMark_e (369) profile=0x7b5cf7ddb0 procSize=2640 unkSize=0
[DEBUG | dusk] fpcSCtRq_phase_CreateProcess: fpcBs_Create OK proc=0xb400007a12ee9128
[DEBUG | dusk] [DIAG] fpcSCtRq_phase_Load: procName=369 ret=4
[DEBUG | dusk] fpcSCtRq_phase_CreateProcess: procName=369
[DEBUG | dusk] fpcBs_Create: pid=230 profname=fpcNm_Obj_StoneMark_e (369) profile=0x7b5cf7ddb0 procSize=2640 unkSize=0
[DEBUG | dusk] fpcSCtRq_phase_CreateProcess: fpcBs_Create OK proc=0xb400007a12ee86b8
[DEBUG | dusk] Loading Resource: m_izumigate.bmd (Size: 69760)
[DEBUG | dusk] Loading Resource: m_izumigate.dzb (Size: 1280)
[DEBUG | dusk] Loading Resource: m_hashigate.bmd (Size: 55616)
[DEBUG | dusk] Loading Resource: m_hashigate.dzb (Size: 1152)
[DEBUG | dusk] Loading Resource: a_iwaato.bti (Size: 16416)
[DEBUG | dusk] [DIAG] fpcSCtRq_phase_Load: procName=548 ret=4
[DEBUG | dusk] fpcSCtRq_phase_CreateProcess: procName=548
[DEBUG | dusk] fpcBs_Create: pid=231 profname=fpcNm_HOZELDA_e (548) profile=0x7b5cf85e40 procSize=2368 unkSize=0
[DEBUG | dusk] fpcSCtRq_phase_CreateProcess: fpcBs_Create OK proc=0xb400007a12f23fc8
[DEBUG | dusk] Loading Resource: al_shb.bmd (Size: 15040)
[DEBUG | dusk] Loading Resource: zelh_aldieh.bck (Size: 6240)
[DEBUG | dusk] Loading Resource: zelh_arelordh.bck (Size: 9280)
[DEBUG | dusk] Loading Resource: zelh_ashooth.bck (Size: 5216)
[DEBUG | dusk] Loading Resource: zelh_atbh.bck (Size: 4064)
[DEBUG | dusk] Loading Resource: zelh_barelordh.bck (Size: 1216)
[DEBUG | dusk] Loading Resource: zelh_bashooth.bck (Size: 1952)
[DEBUG | dusk] Loading Resource: zelh_damh.bck (Size: 4864)
[DEBUG | dusk] Loading Resource: zelh_dashh.bck (Size: 6976)
[DEBUG | dusk] Loading Resource: zelh_dstarth.bck (Size: 7584)
[DEBUG | dusk] Loading Resource: zelh_egnd_wh.bck (Size: 6048)
[DEBUG | dusk] Loading Resource: zelh_egnd_whb.bck (Size: 5344)
[DEBUG | dusk] Loading Resource: zelh_jumph.bck (Size: 5600)
[DEBUG | dusk] Loading Resource: zelh_jumphed.bck (Size: 5568)
[DEBUG | dusk] Loading Resource: zelh_jumphst.bck (Size: 4896)
[DEBUG | dusk] Loading Resource: zelh_numbh.bck (Size: 4704)
[DEBUG | dusk] Loading Resource: zelh_standh.bck (Size: 10624)
[DEBUG | dusk] Loading Resource: zelh_standhwc.bck (Size: 14176)
[DEBUG | dusk] Loading Resource: zelh_stoph.bck (Size: 8064)
[DEBUG | dusk] Loading Resource: zelh_stoptostandh.bck (Size: 11648)
[DEBUG | dusk] Loading Resource: zelh_waitbh.bck (Size: 6656)
[DEBUG | dusk] Loading Resource: zelh_waitch.bck (Size: 5184)
[DEBUG | dusk] Loading Resource: zelh_waith.bck (Size: 5216)
[DEBUG | dusk] Loading Resource: o_zg_arow.bmd (Size: 9312)
[DEBUG | dusk] Loading Resource: o_zg_bow.bmd (Size: 17120)
[DEBUG | dusk] Loading Resource: zelh.bmd (Size: 240768)
[DEBUG | dusk] Loading Resource: zelh_fa.btk (Size: 352)
[DEBUG | dusk] Loading Resource: zelh_faldieh.btk (Size: 992)
[DEBUG | dusk] Loading Resource: zelh_fegnd_wh.btk (Size: 352)
[DEBUG | dusk] Loading Resource: zelh_fa.btp (Size: 128)
[DEBUG | dusk] Loading Resource: zelh_faldieh.btp (Size: 864)
[DEBUG | dusk] Loading Resource: zelh_fb.btp (Size: 128)
[DEBUG | dusk] Loading Resource: zelh_fc.btp (Size: 128)
[DEBUG | dusk] Loading Resource: zelh_fmaba01.btp (Size: 160)
[DEBUG | dusk] [DIAG] fpcSCtRq_phase_Load: procName=255 ret=4
[DEBUG | dusk] fpcSCtRq_phase_CreateProcess: procName=255
[DEBUG | dusk] fpcBs_Create: pid=232 profname=fpcNm_MIDNA_e (255) profile=0x7b5cf78698 procSize=3360 unkSize=0
[DEBUG | dusk] fpcSCtRq_phase_CreateProcess: fpcBs_Create OK proc=0xb400007a12f04880
[DEBUG | dusk] Loading Resource: s_md_hands.bmd (Size: 19776)
[DEBUG | dusk] Loading Resource: s_md_mask.bmd (Size: 15424)
[DEBUG | dusk] Loading Resource: s_md_gokou.bmd (Size: 3008)
[DEBUG | dusk] Loading Resource: s_md.bmd (Size: 69984)
[DEBUG | dusk] Loading Resource: s_md_hair_hand.bmd (Size: 18944)
[DEBUG | dusk] Loading Resource: s_md_appear.brk (Size: 352)
[DEBUG | dusk] Loading Resource: s_md_gokou_appear.brk (Size: 256)
[DEBUG | dusk] Loading Resource: s_md_hair_hand_appear.brk (Size: 288)
[DEBUG | dusk] Loading Resource: s_md_mask_appear.brk (Size: 256)
[DEBUG | dusk] Loading Resource: s_md_hair_hand_moya.btk (Size: 544)
[DEBUG | dusk] Loading Resource: s_md_hands_moya.btk (Size: 608)
[DEBUG | dusk] Loading Resource: s_md_mask_moya.btk (Size: 320)
[DEBUG | dusk] Loading Resource: s_md_moya.btk (Size: 512)
[DEBUG | dusk] frameInterp: onTypeChange 46 -> 40 (event_type_id=40, leaving_event=false, entering_event=true)
[DEBUG | dusk] frameInterp: presentation sync not requested for ZEV event [CURRENT] (staff idx 25)
[DEBUG | dusk] frameInterp: onTypeChange 40 -> 46 (event_type_id=40, leaving_event=true, entering_event=false)
[DEBUG | dusk] [DIAG] fpcSCtRq_phase_Load: procName=548 ret=4
[DEBUG | dusk] fpcSCtRq_phase_CreateProcess: procName=548
[DEBUG | dusk] fpcBs_Create: pid=233 profname=fpcNm_HOZELDA_e (548) profile=0x7b5cf85e40 procSize=2368 unkSize=0
[DEBUG | dusk] fpcSCtRq_phase_CreateProcess: fpcBs_Create OK proc=0xb400007a12ee7d58
[DEBUG | dusk] Loading Resource: zelh_aldieh.bck (Size: 6240)
[DEBUG | dusk] Loading Resource: zelh_arelordh.bck (Size: 9280)
[DEBUG | dusk] Loading Resource: zelh_ashooth.bck (Size: 5216)
[DEBUG | dusk] Loading Resource: zelh_atbh.bck (Size: 4064)
[DEBUG | dusk] Loading Resource: zelh_barelordh.bck (Size: 1216)
[DEBUG | dusk] Loading Resource: zelh_bashooth.bck (Size: 1952)
[DEBUG | dusk] Loading Resource: zelh_damh.bck (Size: 4864)
[DEBUG | dusk] Loading Resource: zelh_dashh.bck (Size: 6976)
[DEBUG | dusk] Loading Resource: zelh_dstarth.bck (Size: 7584)
[DEBUG | dusk] Loading Resource: zelh_egnd_wh.bck (Size: 6048)
[DEBUG | dusk] Loading Resource: zelh_egnd_whb.bck (Size: 5344)
[DEBUG | dusk] Loading Resource: zelh_jumph.bck (Size: 5600)
[DEBUG | dusk] Loading Resource: zelh_jumphed.bck (Size: 5568)
[DEBUG | dusk] Loading Resource: zelh_jumphst.bck (Size: 4896)
[DEBUG | dusk] Loading Resource: zelh_numbh.bck (Size: 4704)
[DEBUG | dusk] Loading Resource: zelh_standh.bck (Size: 10624)
[DEBUG | dusk] Loading Resource: zelh_standhwc.bck (Size: 14176)
[DEBUG | dusk] Loading Resource: zelh_stoph.bck (Size: 8064)
[DEBUG | dusk] Loading Resource: zelh_stoptostandh.bck (Size: 11648)
[DEBUG | dusk] Loading Resource: zelh_waitbh.bck (Size: 6656)
[DEBUG | dusk] Loading Resource: zelh_waitch.bck (Size: 5184)
[DEBUG | dusk] Loading Resource: zelh_waith.bck (Size: 5216)
[DEBUG | dusk] Loading Resource: o_zg_arow.bmd (Size: 9312)
[DEBUG | dusk] Loading Resource: o_zg_bow.bmd (Size: 17120)
[DEBUG | dusk] Loading Resource: zelh.bmd (Size: 240768)
[DEBUG | dusk] Loading Resource: zelh_fa.btk (Size: 352)
[DEBUG | dusk] Loading Resource: zelh_faldieh.btk (Size: 992)
[DEBUG | dusk] Loading Resource: zelh_fegnd_wh.btk (Size: 352)
[DEBUG | dusk] Loading Resource: zelh_fa.btp (Size: 128)
[DEBUG | dusk] Loading Resource: zelh_faldieh.btp (Size: 864)
[DEBUG | dusk] Loading Resource: zelh_fb.btp (Size: 128)
[DEBUG | dusk] Loading Resourc
==================== APPLICATION CRASHED ====================
Build:       v2.0.3 (HEAD)
Revision:    f39afb4994aeb85e1f4524f40f32d6bb03808749  Date: Wed Sep 30 08:33:18 2026 -0500  Type: RelWithDebInfo
Platform:    android / arm64
Module:      /data/app/~~WocI3F2KC5-rXMhQ_U-q9g==/dev.twilitrealm.dusk-282FaW02jVrT9CbcoJTqeg==/base.apk!/lib/arm64-v8a/libmain.so
Module base: 0x7b5aa2a000
Build-ID:    3021f75aced6da670bbefc9c2e3c1463afcafeb9
Reason:      SIGABRT (abort)
Fault addr:  0x286e00007991
Crash PC:    0x7e08160158 module_base=0x7e08100000 image_size=0xff250 rva=0x60158 module="/apex/com.android.runtime/lib64/bionic/libc.so" build_id=a20a70e70c441395f47417211b62894c
Backtrace:
#00 abs=0x7e08160158 module_base=0x7e08100000 image_size=0xff250 rva=0x60158 module="/apex/com.android.runtime/lib64/bionic/libc.so" build_id=a20a70e70c441395f47417211b62894c abort+0xac
#01 abs=0x2ffc7b5c0e4c7c module_base=0x7b5aa2a000 rva=0x2ffc00016bac7c module="/data/app/~~WocI3F2KC5-rXMhQ_U-q9g==/dev.twilitrealm.dusk-282FaW02jVrT9CbcoJTqeg==/base.apk!/lib/arm64-v8a/libmain.so" build_id=3021f75aced6da670bbefc9c2e3c1463afcafeb9
#02 abs=0x7b5c0e2a04 module_base=0x7b5aa2a000 image_size=0x2dd26b8 rva=0x16b8a04 module="/data/app/~~WocI3F2KC5-rXMhQ_U-q9g==/dev.twilitrealm.dusk-282FaW02jVrT9CbcoJTqeg==/base.apk!/lib/arm64-v8a/libmain.so" build_id=3021f75aced6da670bbefc9c2e3c1463afcafeb9
#03 abs=0x7b5c113db8 module_base=0x7b5aa2a000 image_size=0x2dd26b8 rva=0x16e9db8 module="/data/app/~~WocI3F2KC5-rXMhQ_U-q9g==/dev.twilitrealm.dusk-282FaW02jVrT9CbcoJTqeg==/base.apk!/lib/arm64-v8a/libmain.so" build_id=3021f75aced6da670bbefc9c2e3c1463afcafeb9
#04 abs=0x7b5c112d1c module_base=0x7b5aa2a000 image_size=0x2dd26b8 rva=0x16e8d1c module="/data/app/~~WocI3F2KC5-rXMhQ_U-q9g==/dev.twilitrealm.dusk-282FaW02jVrT9CbcoJTqeg==/base.apk!/lib/arm64-v8a/libmain.so" build_id=3021f75aced6da670bbefc9c2e3c1463afcafeb9
#05 abs=0x7b5c111e8c module_base=0x7b5aa2a000 image_size=0x2dd26b8 rva=0x16e7e8c module="/data/app/~~WocI3F2KC5-rXMhQ_U-q9g==/dev.twilitrealm.dusk-282FaW02jVrT9CbcoJTqeg==/base.apk!/lib/arm64-v8a/libmain.so" build_id=3021f75aced6da670bbefc9c2e3c1463afcafeb9
#06 abs=0x7b5c111bec module_base=0x7b5aa2a000 image_size=0x2dd26b8 rva=0x16e7bec module="/data/app/~~WocI3F2KC5-rXMhQ_U-q9g==/dev.twilitrealm.dusk-282FaW02jVrT9CbcoJTqeg==/base.apk!/lib/arm64-v8a/libmain.so" build_id=3021f75aced6da670bbefc9c2e3c1463afcafeb9
#07 abs=0x7b5c1124e8 module_base=0x7b5aa2a000 image_size=0x2dd26b8 rva=0x16e84e8 module="/data/app/~~WocI3F2KC5-rXMhQ_U-q9g==/dev.twilitrealm.dusk-282FaW02jVrT9CbcoJTqeg==/base.apk!/lib/arm64-v8a/libmain.so" build_id=3021f75aced6da670bbefc9c2e3c1463afcafeb9
#08 abs=0x7e08171b40 module_base=0x7e08100000 image_size=0xff250 rva=0x71b40 module="/apex/com.android.runtime/lib64/bionic/libc.so" build_id=a20a70e70c441395f47417211b62894c
#09 abs=0x7e08163c3c module_base=0x7e08100000 image_size=0xff250 rva=0x63c3c module="/apex/com.android.runtime/lib64/bionic/libc.so" build_id=a20a70e70c441395f47417211b62894c
#10 abs=0x7fe80000000000 module_base=0x7b5aa2a000 rva=0x7fe784a55d6000 module="/data/app/~~WocI3F2KC5-rXMhQ_U-q9g==/dev.twilitrealm.dusk-282FaW02jVrT9CbcoJTqeg==/base.apk!/lib/arm64-v8a/libmain.so" build_id=3021f75aced6da670bbefc9c2e3c1463afcafeb9
========================================================
