[INFO | borealis::log] File logging initialized
[INFO | dusk] Build: v2.0.3 (rev f39afb4994aeb85e1f4524f40f32d6bb03808749, built Wed Sep 30 08:33:18 2026 -0500, type RelWithDebInfo)
[INFO | dusk] Platform: android
[INFO | dusk::config] Loading config from '/data/data/dev.twilitrealm.dusk/files/config.json'
[INFO | aurora] Aurora initializing
[INFO | aurora::system_info] CPU model: Unknown
[INFO | aurora::system_info] Memory: 15140 MiB
[INFO | aurora::system_info] Architecture: aarch64
[ERROR | aurora::system_info] Failed to open /etc/os-release or /usr/lib/os-release
[INFO | aurora::system_info] OS: Unknown
[INFO | aurora::gpu] Creating WebGPU instance
[INFO | aurora::gpu] Attempting to initialize Vulkan
[INFO | aurora::gpu] Requesting adapter
  Feature level: Compatibility
  Power preference: HighPerformance
  Backend: Vulkan
  Compatible surface: true
[INFO | aurora::gpu] Graphics adapter information
  API: Vulkan
  Device: Adreno (TM) 830 (IntegratedGPU)
  Driver: Qualcomm Technologies Inc. Adreno Vulkan Driver: Driver Build: 3967b80d3b, Ica4ce9bea6, 1770914544
Date: 02/12/26
Compiler Version: E031.47.18.49
Driver Branch: 
 512.800.72
[INFO | aurora::gpu] Using limits:
  maxTextureDimension1D: 16384
  maxTextureDimension2D: 16384
  maxTextureDimension3D: 2048
  maxTextureArrayLayers: 2048
  maxStorageBuffersPerShaderStage: 2
  minUniformBufferOffsetAlignment: 256
  minStorageBufferOffsetAlignment: 64
  maxImmediateSize: 64
[INFO | aurora::gpu] Enabling features: 
  CoreFeaturesAndLimits
  TextureCompressionBC
  TextureCompressionASTC
  DualSourceBlending
  TextureComponentSwizzle
[DEBUG | aurora::gpu::cache] SQLite version 3.51.3
[DEBUG | aurora::gpu::cache] Using dawn cache at /data/data/dev.twilitrealm.dusk/files/dawn_cache.db
[DEBUG | aurora::gpu::cache] SQLite cache init succeeded
[INFO | aurora::gpu] Using surface format RGBA8Unorm, present mode Fifo
[INFO | aurora::gfx::pipeline_cache] No bundled initial pipeline cache found at './initial_pipeline_cache.db'
[INFO | aurora] Using framebuffer size 1920x1080 scale 2.30625
[WARNING | aurora::texture] texture_replacement: failed to load texture TextureReplacement tex1_128x64_6b0c0e381e32c091_14.dds because 45x22 is not aligned to 4x4 texel blocks for format 62
[WARNING | aurora::texture] texture_replacement: failed to load texture TextureReplacement tex1_56x89_m_52820dbae736d0d1_59a43005f82eebd3_9.dds because 41x64 is not aligned to 4x4 texel blocks for format 62
[INFO | aurora::texture] Loaded 4732 texture replacement registrations from /data/data/dev.twilitrealm.dusk/files/texture_replacements
[INFO | dusk] Texture replacement directory loaded: 4732 registration(s)
[INFO | aurora::rmlui] Loaded font face 'Fira Sans' [regular] from 'res/FiraSans-Regular.ttf'.
[INFO | aurora::rmlui] Loaded font face 'Fira Sans' [bold] from 'res/FiraSans-Bold.ttf'.
[INFO | aurora::rmlui] Loaded font face 'Fira Sans Condensed' [regular] from 'res/FiraSansCondensed-Regular.ttf'.
[INFO | aurora::rmlui] Loaded font face 'Fira Sans Condensed' [bold] from 'res/FiraSansCondensed-Bold.ttf'.
[INFO | aurora::rmlui] Loaded font face 'Alegreya SC' [regular] from 'res/AlegreyaSC-Regular.ttf'.
[INFO | aurora::rmlui] Loaded font face 'Alegreya SC' [bold] from 'res/AlegreyaSC-Bold.ttf'.
[INFO | aurora::rmlui] Loaded font face 'Material Symbols Rounded' [regular] from 'res/MaterialSymbolsRounded-Regular.ttf'.
[INFO | aurora::rmlui] Loaded font face 'Noto Mono' [regular] from 'res/NotoMono-Regular.ttf'.
[INFO | dusk] Disc verification status: verified (path: content://com.android.externalstorage.documents/document/primary%3ADusklight%2FLegend%20of%20Zelda%2C%20The%20-%20Twilight%20Princess%20(USA).rvz)
[INFO | dusk] Loading DVD image: content://com.android.externalstorage.documents/document/primary%3ADusklight%2FLegend%20of%20Zelda%2C%20The%20-%20Twilight%20Princess%20(USA).rvz
[INFO | dusk] Loaded game disc is GZ2E01
[INFO | dusk] Initializing mods...
[INFO | dusk::mods::manifest] symbol manifest loaded: 312357 symbols, build id 3021f75aced6da670bbefc9c2e3c1463afcafeb9
[WARNING | birdoflight.link.cloud] icon path 'res/icon.png' not found in bundle
[WARNING | birdoflight.link.cloud] banner path 'res/banner.png' not found in bundle
[WARNING | birdoflight.link.cloud] icon path 'res/icon.png' not found in bundle
[WARNING | birdoflight.link.cloud] banner path 'res/banner.png' not found in bundle
[INFO | birdoflight.link.cloud] found 'Cloud' v1.0.0 by BirdofLight (/data/data/dev.twilitrealm.dusk/files/mods/Link - Cloud.dusk)
[INFO | org.twilight.hd_hud] found 'Twilight HD' v2.5.2 by Hyrule Hysteria (/data/data/dev.twilitrealm.dusk/files/mods/Twilight-HD-HUD.dusk)
[INFO | alexandre.cooper_hat.texture_selector] found 'Cowboy Link' v1.1.0 by XandasLegend (/data/data/dev.twilitrealm.dusk/files/mods/alexandre.cooper_hat.texture_selector.dusk)
[INFO | com.skilarmbabcock.champions_leathers] found 'Champion's Leathers' v1.0.0 by Skilar Babcock (/data/data/dev.twilitrealm.dusk/files/mods/champions_leathers.dusk)
[INFO | com.blueflaregames.cutscene_player] found 'Cutscene Player' v1.0.1 by Blue Flare Games (/data/data/dev.twilitrealm.dusk/files/mods/com.blueflaregames.cutscene_player.dusk)
[INFO | com.blueflaregames.zora_swim] found 'Zora Swim' v1.2.1 by Blue Flare Games (/data/data/dev.twilitrealm.dusk/files/mods/com.blueflaregames.zora_swim.dusk)
[INFO | com.ditrey.linkle] found 'Linkle Mod' v1.1.1 by Ditrey (/data/data/dev.twilitrealm.dusk/files/mods/com.ditrey.linkle.dusk)
[INFO | com.dusklight.twilit_essentials] found 'Twilit Essentials' v2.6.7 by Fimmel (/data/data/dev.twilitrealm.dusk/files/mods/com.dusklight.twilit_essentials.dusk)
[INFO | com.kamilink.lazytweaks] found 'Lazy Shield Rework' v1.0.0 by Kamilink (/data/data/dev.twilitrealm.dusk/files/mods/com.kamilink.lazytweaks.dusk)
[INFO | com.melonspeedruns.rollandsprint] found 'Roll and Sprint' v1.1.0 by MelonSpeedruns (/data/data/dev.twilitrealm.dusk/files/mods/com.melonspeedruns.rollandsprint.dusk)
[INFO | com.mikey022.tp_randomizer_tracker] found 'TPTracker' v0.4.40 by mikey022 (/data/data/dev.twilitrealm.dusk/files/mods/com.mikey022.tp_randomizer_tracker.dusk)
[INFO | com.ordonhero.zeldartist] found 'Ordonian Hero' v1.0.0 by Skilar Babcock (/data/data/dev.twilitrealm.dusk/files/mods/com.ordonhero.zeldartist.dusk)
[INFO | com.skilarmbabcock.hero_of_time] found 'Hero of Time' v1.0.0 by Skilar Babcock (/data/data/dev.twilitrealm.dusk/files/mods/com.skilarmbabcock.hero_of_time.dusk)
[INFO | com.tomtee.no_underwater_filter] found 'No Underwater Filter' v1.0.0 by tomtee (/data/data/dev.twilitrealm.dusk/files/mods/com.tomtee.no_underwater_filter.dusk)
[INFO | dev.baxlek.time_sync_neo] found 'Time Sync Neo' v1.3.1 by baxlek (/data/data/dev.twilitrealm.dusk/files/mods/dev.baxlek.time_sync_neo.dusk)
[INFO | dev.baxlek.unrestricted_items] found 'Unrestricted Items' v1.1.1 by baxlek (/data/data/dev.twilitrealm.dusk/files/mods/dev.baxlek.unrestricted_items.dusk)
[INFO | dev.remiafterdark.coop_mod] found 'Crests of Courage' v1.9.0 by remiafterdark (/data/data/dev.twilitrealm.dusk/files/mods/dev.remiafterdark.coop_mod.dusk)
[INFO | dev.remiafterdark.ganondorf] found 'Ganondorf' v1.0.0 by remiafterdark (/data/data/dev.twilitrealm.dusk/files/mods/dev.remiafterdark.ganondorf.dusk)
[INFO | dev.twilitrealm.randomizer] /data/data/dev.twilitrealm.dusk/files/mods/dev.twilitrealm.randomizer.dusk v1.0.5 shadowed by /data/data/dev.twilitrealm.dusk/files/bundled_mods/randomizer.dusk v1.0.6
[INFO | com.skilarmbabcock.fierce_deity] found 'Fierce Deity' v1.0.0 by Skilar Babcock (/data/data/dev.twilitrealm.dusk/files/mods/fierce_deity.dusk)
[INFO | dev.baxlek.fire_arrows] found 'Fire Arrows Standalone' v1.0.1 by baxlek (/data/data/dev.twilitrealm.dusk/files/mods/fire_arrows.dusk)
[INFO | hopex.dark_link] found 'Dark Link' v1.1.3 by Nozzly (/data/data/dev.twilitrealm.dusk/files/mods/hopex.dark_link.dusk)
[INFO | dev.baxlek.hw_outfit] found 'Hyrule Warriors Outfit' v1.0.0 by baxlek (/data/data/dev.twilitrealm.dusk/files/mods/hw_outfit.dusk)
[INFO | com.snoopier.light_sword_anywhere] found 'Light Sword Anywhere' v0.4.1 by Snoopier (/data/data/dev.twilitrealm.dusk/files/mods/light_sword_anywhere-android.dusk)
[INFO | com.bytheeightdivines.royalshield] found 'Royal Shield' v1.0.0 by ByTheEightDivines (/data/data/dev.twilitrealm.dusk/files/mods/royal_shield.dusk)
[INFO | dev.baxlek.zelda_on_epona] found 'Zelda on Epona' v1.2.3 by baxlek (/data/data/dev.twilitrealm.dusk/files/mods/zelda_on_epona.dusk)
[INFO | dev.twilitrealm.cosmetics] found 'Cosmetics' v1.0.0 by Twilit Realm (/data/data/dev.twilitrealm.dusk/files/bundled_mods/cosmetics.dusk)
[INFO | dev.twilitrealm.luau] found 'Luau Support' v1.0.0 by Twilit Realm (/data/data/dev.twilitrealm.dusk/files/bundled_mods/luau_runtime.dusk)
[INFO | dev.twilitrealm.randomizer] found 'Dusklight Randomizer' v1.0.6 by Twilit Realm (/data/data/dev.twilitrealm.dusk/files/bundled_mods/randomizer.dusk)
[INFO | dusk::mods::loader] initializing 28 mod(s)...
[INFO | birdoflight.link.cloud] disabled by config
[INFO | alexandre.cooper_hat.texture_selector] disabled by config
[INFO | com.skilarmbabcock.champions_leathers] disabled by config
[INFO | com.blueflaregames.cutscene_player] disabled by config
[INFO | com.ditrey.linkle] disabled by config
[INFO | com.dusklight.twilit_essentials] disabled by config
[INFO | com.kamilink.lazytweaks] disabled by config
[INFO | com.mikey022.tp_randomizer_tracker] disabled by config
[INFO | com.ordonhero.zeldartist] disabled by config
[INFO | com.skilarmbabcock.hero_of_time] disabled by config
[INFO | dev.remiafterdark.coop_mod] disabled by config
[INFO | dev.remiafterdark.ganondorf] disabled by config
[INFO | com.bytheeightdivines.royalshield] disabled by config
[INFO | dev.twilitrealm.cosmetics] activating mod
[INFO | dev.twilitrealm.cosmetics] cosmetics initialized
[INFO | dev.twilitrealm.luau] activating mod
[INFO | dev.twilitrealm.randomizer] activating mod
[INFO | dev.twilitrealm.randomizer] randomizer v1.0.6-HEAD-1f24e81 initialized
[INFO | org.twilight.hd_hud] activating mod
[INFO | org.twilight.hd_hud] Text Font: Dusklight - Fira Sans Bold selected
[INFO | org.twilight.hd_hud] Twilight HD initialized
[INFO | com.blueflaregames.zora_swim] activating mod
[INFO | com.blueflaregames.zora_swim] zora_swim initialized (swim speed 200%)
[INFO | com.melonspeedruns.rollandsprint] activating mod
[INFO | com.tomtee.no_underwater_filter] activating mod
[INFO | dev.baxlek.time_sync_neo] activating mod
[INFO | dev.baxlek.time_sync_neo] time_sync_neo initialized
[INFO | dev.baxlek.unrestricted_items] activating mod
[INFO | dev.baxlek.unrestricted_items] unrestricted_items initialized
[INFO | com.skilarmbabcock.fierce_deity] activating mod
[INFO | dev.baxlek.fire_arrows] activating mod
[INFO | dev.baxlek.fire_arrows] fire_arrows initialized
[INFO | hopex.dark_link] activating mod
[INFO | dev.baxlek.hw_outfit] activating mod
[INFO | com.snoopier.light_sword_anywhere] activating mod
[INFO | com.snoopier.light_sword_anywhere] light_sword_anywhere initialized
[INFO | dev.baxlek.zelda_on_epona] activating mod
[INFO | dev.baxlek.zelda_on_epona] zelda_on_epona initialized
[DEBUG | dusk::mods::overlay] Registering 36 overlay file(s).
[INFO | dusk::mods::textures] [org.twilight.hd_hud] registered 2 texture replacement(s).
[INFO | dusk::mods::textures] [dev.baxlek.hw_outfit] registered 20 texture replacement(s).
[INFO | dusk::mods::loader] 15/28 mod(s) active
[INFO | dusk::osReport] Starting main01 (Game Loop)...
[DEBUG | aurora::ar] Initialized 0x1800000 bytes of ARAM!
[INFO | dusk] COPYDATE=[2006/11/06 18:16
]
[DEBUG | dusk] [DIAG] cDyl_InitCallback: START
[DEBUG | dusk] fopScnM_CreateReq: procName=9 fade=32767
[DEBUG | dusk] fopScnM_CreateReq: result=0 (error=4294967295)
[DEBUG | dusk] cDyl_InitCallback: fpcNm_LOGO_SCENE_e created, DONE
[INFO | aurora::input] Added controller 'Odin Controller' (instance 3, vid 2020, pid 0111, type 1)
[DEBUG | dusk] fapGm_Execute frame=0
[DEBUG | dusk] fpcDw_Handler: before BeforeOfDraw
[DEBUG | dusk] fpcDw_Handler: before draw iteration
[DEBUG | dusk] fpcDw_Handler: before AfterOfDraw
[DEBUG | dusk] fpcDw_Handler: done
[DEBUG | dusk] fpcNdRq_Handler: queue size=1
[DEBUG | dusk] fpcNdRq_phase_Create: name=9 layer=0x7b5ef85418
[DEBUG | dusk] fpcNdRq_phase_Create: creating_id=1 (error=4294967295)
[DEBUG | dusk] fopScnRq_phase_Execute: ret=0 name=9
[DEBUG | dusk] fapGm_Execute frame=1
[DEBUG | dusk] [DIAG] fpcSCtRq_phase_Load: procName=9 ret=4
[DEBUG | dusk] fpcSCtRq_phase_CreateProcess: procName=9
[DEBUG | dusk] fpcBs_Create: pid=1 profname=fpcNm_LOGO_SCENE_e (9) profile=0x7b5ed52020 procSize=1304 unkSize=0
[DEBUG | dusk] fpcSCtRq_phase_CreateProcess: fpcBs_Create OK proc=0xb400007a13b05a48
[DEBUG | dusk] [DIAG] dScnLogo_Create: entry i_this=0xb400007a13b05a48
[DEBUG | dusk] dScnLogo_c::create START
[DEBUG | dusk] dScnLogo_c::create resLoad=0 (need 4 for complete)
[DEBUG | dusk] fpcSCtRq_phase_SubCreateProcess: pid=1 procName=0009 ret=0
[DEBUG | dusk] fpcCtRq_Do: phase=0 process=0xb400007a13b05a48
[DEBUG | dusk] fpcDw_Handler: before BeforeOfDraw
[DEBUG | dusk] fpcDw_Handler: before draw iteration
[DEBUG | dusk] fpcDw_Handler: before AfterOfDraw
[DEBUG | dusk] fpcDw_Handler: done
[DEBUG | dusk] fpcNdRq_Handler: queue size=1
[DEBUG | dusk] fopScnRq_phase_Execute: ret=0 name=9
[DEBUG | dusk] fapGm_Execute frame=2
[DEBUG | dusk] [DIAG] dScnLogo_Create: entry i_this=0xb400007a13b05a48
[DEBUG | dusk] fpcSCtRq_phase_SubCreateProcess: pid=1 procName=0009 ret=0
[DEBUG | dusk] fpcCtRq_Do: phase=0 process=0xb400007a13b05a48
[DEBUG | dusk] fpcDw_Handler: before BeforeOfDraw
[DEBUG | dusk] fpcDw_Handler: before draw iteration
[DEBUG | dusk] fpcDw_Handler: before AfterOfDraw
[DEBUG | dusk] fpcDw_Handler: done
[DEBUG | dusk] fpcNdRq_Handler: queue size=1
[DEBUG | dusk] fopScnRq_phase_Execute: ret=0 name=9
[DEBUG | dusk] fapGm_Execute frame=3
[DEBUG | dusk] [DIAG] dScnLogo_Create: entry i_this=0xb400007a13b05a48
[DEBUG | dusk] Loading Resource: dolby_p2_232_112.bti (Size: 26016)
[DEBUG | dusk] Loading Resource: nintendo_376x104.bti (Size: 78240)
[DEBUG | dusk] Loading Resource: progressive_choice.bti (Size: 15008)
[DEBUG | dusk] Loading Resource: progressive_inter.bti (Size: 15008)
[DEBUG | dusk] Loading Resource: progressive_no.bti (Size: 2592)
[DEBUG | dusk] Loading Resource: progressive_pro.bti (Size: 15008)
[DEBUG | dusk] Loading Resource: progressive_yes.bti (Size: 2848)
[DEBUG | dusk] Loading Resource: warning.bti (Size: 136224)
[DEBUG | dusk] Loading Resource: warning_pstart.bti (Size: 14624)
[DEBUG | dusk] dScnLogo_c::create resLoad COMPLETE, continuing init...
[DEBUG | dusk] fpcSCtRq_phase_SubCreateProcess: pid=1 procName=0009 ret=2
[DEBUG | dusk] fpcCtRq_Do: phase=4 process=0xb400007a13b05a48
[DEBUG | dusk] fpcDw_Handler: before BeforeOfDraw
[DEBUG | dusk] fpcDw_Handler: before draw iteration
[DEBUG | dusk] dScnLogo_c::draw: mExecCommand=14 mTimer=0
[DEBUG | dusk] fpcDw_Handler: before AfterOfDraw
[DEBUG | dusk] fpcDw_Handler: done
[DEBUG | dusk] fpcNdRq_Handler: queue size=1
[DEBUG | dusk] fopScnRq_phase_Execute: ret=2 name=9
[DEBUG | dusk] fapGm_Execute frame=4
[DEBUG | dusk] fpcDw_Handler: before BeforeOfDraw
[DEBUG | dusk] fpcDw_Handler: before draw iteration
[DEBUG | dusk] dScnLogo_c::draw: mExecCommand=14 mTimer=0
[DEBUG | dusk] fpcDw_Handler: before AfterOfDraw
[DEBUG | dusk] fpcDw_Handler: done
[DEBUG | dusk] fapGm_Execute frame=5
[DEBUG | dusk] dScnLogo_c::draw: mExecCommand=14 mTimer=0
[DEBUG | dusk] Loading Resource: ef_mizubashira.bck (Size: 672)
[DEBUG | dusk] Loading Resource: f_znc_r_impact.bck (Size: 704)
[DEBUG | dusk] Loading Resource: o_g_hutk.bck (Size: 416)
[DEBUG | dusk] Loading Resource: o_g_hutu.bck (Size: 416)
[DEBUG | dusk] Loading Resource: waita.bck (Size: 768)
[DEBUG | dusk] Loading Resource: zelda_notice_cursor_red.bck (Size: 512)
[DEBUG | dusk] Loading Resource: zelda_notice_cursor_yellow.bck (Size: 416)
[DEBUG | dusk] Loading Resource: o_g_hart.bmd (Size: 5472)
[DEBUG | dusk] Loading Resource: o_g_hutk.bmd (Size: 29376)
[DEBUG | dusk] Loading Resource: o_g_hutu.bmd (Size: 29376)
[DEBUG | dusk] Loading Resource: o_g_rupy.bmd (Size: 8224)
[DEBUG | dusk] Loading Resource: breakwoodbox.bmd (Size: 3744)
[DEBUG | dusk] Loading Resource: d_brockbrk.bmd (Size: 2848)
[DEBUG | dusk] Loading Resource: ef_mizubashira.bmd (Size: 12224)
[DEBUG | dusk] Loading Resource: ef_screen_suityu.bmd (Size: 4128)
[DEBUG | dusk] Loading Resource: ef_thunder01.bmd (Size: 10016)
[DEBUG | dusk] Loading Resource: ef_thunder02.bmd (Size: 10304)
[DEBUG | dusk] Loading Resource: mpm_tubo.bmd (Size: 4704)
[DEBUG | dusk] Loading Resource: nv.bmd (Size: 4256)
[DEBUG | dusk] Loading Resource: o_g_arow.bmd (Size: 4960)
[DEBUG | dusk] Loading Resource: o_g_arow_taba.bmd (Size: 22304)
[DEBUG | dusk] Loading Resource: o_g_tane.bmd (Size: 13152)
[DEBUG | dusk] Loading Resource: zelda_notice_cursor_red.bmd (Size: 7808)
[DEBUG | dusk] Loading Resource: zelda_notice_cursor_yellow.bmd (Size: 10688)
[DEBUG | dusk] Loading Resource: f_znc_r_impact.bpk (Size: 416)
[DEBUG | dusk] Loading Resource: zelda_notice_cursor_red.bpk (Size: 320)
[DEBUG | dusk] Loading Resource: zelda_notice_cursor_yellow.bpk (Size: 320)
[DEBUG | dusk] Loading Resource: ef_mizubashira.brk (Size: 480)
[DEBUG | dusk] Loading Resource: ef_thunder.brk (Size: 640)
[DEBUG | dusk] Loading Resource: f_g_hart.brk (Size: 384)
[DEBUG | dusk] Loading Resource: f_g_rupy.brk (Size: 800)
[DEBUG | dusk] Loading Resource: f_znc_r_impact.brk (Size: 384)
[DEBUG | dusk] Loading Resource: o_g_hutk.brk (Size: 416)
[DEBUG | dusk] Loading Resource: o_g_hutu.brk (Size: 544)
[DEBUG | dusk] Loading Resource: zelda_notice_cursor_red.brk (Size: 288)
[DEBUG | dusk] Loading Resource: zelda_notice_cursor_red_02.brk (Size: 224)
[DEBUG | dusk] Loading Resource: zelda_notice_cursor_yellow.brk (Size: 544)
[DEBUG | dusk] Loading Resource: zelda_notice_cursor_yellow_02.brk (Size: 224)
[DEBUG | dusk] Loading Resource: ef_mizubashira.btk (Size: 704)
[DEBUG | dusk] Loading Resource: ef_screen_suityu.btk (Size: 320)
[DEBUG | dusk] Loading Resource: f_znc_r_impact.btk (Size: 256)
[DEBUG | dusk] Loading Resource: zelda_notice_cursor_red.btk (Size: 256)
[DEBUG | dusk] Loading Resource: zelda_notice_cursor_yellow.btk (Size: 576)
[DEBUG | dusk] Loading Resource: mpm_tubo.btp (Size: 128)
[DEBUG | dusk] Loading Resource: areamapres.bin (Size: 444)
[DEBUG | dusk] Loading Resource: item_table.bin (Size: 128)
[DEBUG | dusk] Loading Resource: a_kusa_rgba.bti (Size: 2080)
[DEBUG | dusk] Loading Resource: ball32_i4.bti (Size: 544)
[DEBUG | dusk] Loading Resource: im_enter_4i_32.bti (Size: 544)
[DEBUG | dusk] Loading Resource: im_map_icon_circle_4i.bti (Size: 64)
[DEBUG | dusk] Loading Resource: im_map_icon_enter_4i.bti (Size: 160)
[DEBUG | dusk] Loading Resource: im_map_icon_nijumaru_4i.bti (Size: 160)
[DEBUG | dusk] Loading Resource: im_map_icon_square_4i.bti (Size: 64)
[DEBUG | dusk] Loading Resource: im_map_icon_tresurebox_4i.bti (Size: 64)
[DEBUG | dusk] Loading Resource: im_map_icon_try_force_4i.bti (Size: 160)
[DEBUG | dusk] Loading Resource: map_icon_circle16x16_4i.bti (Size: 160)
[DEBUG | dusk] Loading Resource: moya.bti (Size: 1056)
[DEBUG | dusk] Loading Resource: rope.bti (Size: 160)
[DEBUG | dusk] Loading Resource: snow.bti (Size: 160)
[DEBUG | dusk] Loading Resource: snow_tex.bti (Size: 1056)
[DEBUG | dusk] Loading Resource: txa_ring_a_32hafe.bti (Size: 544)
[DEBUG | dusk] Loading Resource: txa_tuki_as.bti (Size: 2080)
[DEBUG | dusk] Loading Resource: txa_tuki_bs.bti (Size: 2080)
[DEBUG | dusk] Loading Resource: txa_tuki_cs.bti (Size: 2080)
[DEBUG | dusk] Loading Resource: txa_tuki_ds.bti (Size: 2080)
[DEBUG | dusk] Loading Resource: vr_lenzf_tex.bti (Size: 1056)
[DEBUG | dusk] Loading Resource: warp_tex.bti (Size: 1056)
[DEBUG | dusk] Loading Resource: zl2_polygon_ia8 (Size: 64)
[DEBUG | dusk] Loading Resource: crod_ball_revive_demo.bck (Size: 288)
[DEBUG | dusk] Loading Resource: crod_ball_wait_a.bck (Size: 288)
[DEBUG | dusk] Loading Resource: crod_ball_wait_a_t.bck (Size: 288)
[DEBUG | dusk] Loading Resource: crod_ball_wait_a_t_start.bck (Size: 288)
[DEBUG | dusk] Loading Resource: crod_ball_wait_b.bck (Size: 352)
[DEBUG | dusk] Loading Resource: crod_ball_wait_c.bck (Size: 384)
[DEBUG | dusk] Loading Resource: ef_shippu.bck (Size: 544)
[DEBUG | dusk] Loading Resource: pb_move.bck (Size: 2816)
[DEBUG | dusk] Loading Resource: pb_wait.bck (Size: 928)
[DEBUG | dusk] Loading Resource: spout.bck (Size: 1088)
[DEBUG | dusk] Loading Resource: ef_setboom.bmd (Size: 15392)
[DEBUG | dusk] Loading Resource: al_arrow.bmd (Size: 5024)
[DEBUG | dusk] Loading Resource: al_arrowb.bmd (Size: 9696)
[DEBUG | dusk] Loading Resource: al_bomb.bmd (Size: 11104)
[DEBUG | dusk] Loading Resource: al_boom.bmd (Size: 20000)
[DEBUG | dusk] Loading Resource: al_pachi_nut.bmd (Size: 2176)
[DEBUG | dusk] Loading Resource: al_sp.bmd (Size: 21824)
[DEBUG | dusk] Loading Resource: crod_ball.bmd (Size: 3840)
[DEBUG | dusk] Loading Resource: footmark.bmd (Size: 2272)
[DEBUG | dusk] Loading Resource: hk.bmd (Size: 3648)
[DEBUG | dusk] Loading Resource: inochidama.bmd (Size: 13120)
[DEBUG | dusk] Loading Resource: pb.bmd (Size: 34976)
[DEBUG | dusk] Loading Resource: pg.bmd (Size: 20736)
[DEBUG | dusk] Loading Resource: rod_ukia.bmd (Size: 4384)
[DEBUG | dusk] Loading Resource: rod_ukib.bmd (Size: 2656)
[DEBUG | dusk] Loading Resource: rod_ukic.bmd (Size: 2656)
[DEBUG | dusk] Loading Resource: sango_fook.bmd (Size: 9984)
[DEBUG | dusk] Loading Resource: sfook.bmd (Size: 3456)
[DEBUG | dusk] Loading Resource: uki.bmd (Size: 4928)
[DEBUG | dusk] Loading Resource: uki_saki.bmd (Size: 4160)
[DEBUG | dusk] Loading Resource: wl_change.bmd (Size: 44256)
[DEBUG | dusk] Loading Resource: worm.bmd (Size: 8256)
[DEBUG | dusk] Loading Resource: worm_hole.bmd (Size: 2816)
[DEBUG | dusk] Loading Resource: ef_shippu.bmd (Size: 33216)
[DEBUG | dusk] Loading Resource: al_podm.bmd (Size: 21504)
[DEBUG | dusk] Loading Resource: al_swm.bmd (Size: 22720)
[DEBUG | dusk] Loading Resource: al_poda.bmd (Size: 12032)
[DEBUG | dusk] Loading Resource: al_swa.bmd (Size: 11808)
[DEBUG | dusk] Loading Resource: al_swm.brk (Size: 256)
[DEBUG | dusk] Loading Resource: crod_ball.brk (Size: 736)
[DEBUG | dusk] Loading Resource: inochidama.brk (Size: 288)
[DEBUG | dusk] Loading Resource: al_swa.btk (Size: 320)
[DEBUG | dusk] Loading Resource: al_swm.btk (Size: 320)
[DEBUG | dusk] Loading Resource: crod_ball.btk (Size: 416)
[DEBUG | dusk] Loading Resource: ef_setboom.btk (Size: 704)
[DEBUG | dusk] Loading Resource: ef_shippu.btk (Size: 1120)
[DEBUG | dusk] Loading Resource: inochidama.btk (Size: 672)
[DEBUG | dusk] Loading Resource: zelda_v_cursor_new_orange.blo (Size: 2368)
[DEBUG | dusk] Loading Resource: zelda_v_cursor_new_orange.brk (Size: 320)
[DEBUG | dusk] Loading Resource: zelda_v_cursor_new_orange_02.brk (Size: 384)
[DEBUG | dusk] Loading Resource: zelda_v_cursor_new_red.blo (Size: 2368)
[DEBUG | dusk] Loading Resource: zelda_v_cursor_new_red.brk (Size: 320)
[DEBUG | dusk] Loading Resource: zelda_v_cursor_new_red_02.brk (Size: 384)
[DEBUG | dusk] Loading Resource: zelda_v_cursor_new_yellow.bck (Size: 2016)
[DEBUG | dusk] Loading Resource: zelda_v_cursor_new_yellow.blo (Size: 2336)
[DEBUG | dusk] Loading Resource: zelda_v_cursor_new_yellow.bpk (Size: 448)
[DEBUG | dusk] Loading Resource: zelda_v_cursor_new_yellow.brk (Size: 320)
[DEBUG | dusk] Loading Resource: zelda_v_cursor_new_yellow_02.brk (Size: 352)
[DEBUG | dusk] Loading Resource: blur.bti (Size: 96)
[DEBUG | dusk] Loading Resource: rock_mark.bti (Size: 544)
[DEBUG | dusk] Loading Resource: tt_v_point_128_00_4ia_02.bti (Size: 16416)
[DEBUG | dusk] Loading Resource: tt_map_icon_link_40_4ia_00.bti (Size: 1632)
[DEBUG | dusk] Loading Resource: tt_navi_l.bti (Size: 544)
[DEBUG | dusk] fapGm_Execute frame=6
[DEBUG | dusk] dScnLogo_c::draw: mExecCommand=14 mTimer=0
[DEBUG | dusk] fapGm_Execute frame=7
[DEBUG | dusk] dScnLogo_c::draw: mExecCommand=14 mTimer=0
[DEBUG | dusk] fapGm_Execute frame=8
[DEBUG | dusk] dScnLogo_c::draw: mExecCommand=14 mTimer=0
[DEBUG | dusk] fapGm_Execute frame=9
[DEBUG | dusk] dScnLogo_c::draw: mExecCommand=15 mTimer=0
[DEBUG | dusk] fpcNdRq_Handler: queue size=1
[DEBUG | dusk] [DIAG] fpcSCtRq_phase_Load: procName=0 ret=4
[DEBUG | dusk] fpcSCtRq_phase_CreateProcess: procName=0
[DEBUG | dusk] fpcBs_Create: pid=2 profname=fpcNm_OVERLAP0_e (0) profile=0x7b5ed51b18 procSize=384 unkSize=0
[DEBUG | dusk] fpcSCtRq_phase_CreateProcess: fpcBs_Create OK proc=0xb400007a13b058a8
[DEBUG | dusk] fpcSCtRq_phase_SubCreateProcess: pid=2 procName=0000 ret=2
[DEBUG | dusk] fpcCtRq_Do: phase=4 process=0xb400007a13b058a8
[DEBUG | dusk] dScnLogo_c::draw: mExecCommand=15 mTimer=0
[DEBUG | dusk] fpcNdRq_Handler: queue size=1
[DEBUG | dusk] dScnLogo_c::draw: mExecCommand=15 mTimer=0
[DEBUG | dusk] fpcNdRq_Handler: queue size=1
[DEBUG | dusk] dScnLogo_c::draw: mExecCommand=15 mTimer=0
[DEBUG | dusk] fpcNdRq_Handler: queue size=1
[DEBUG | dusk] fpcNdRq_Handler: queue size=1
[DEBUG | dusk] fpcNdRq_Handler: queue size=1
[DEBUG | dusk] fpcNdRq_Handler: queue size=1
[DEBUG | dusk] fpcNdRq_Handler: queue size=1
[DEBUG | dusk] fpcNdRq_Handler: queue size=1
[DEBUG | dusk] fpcNdRq_Handler: queue size=1
[DEBUG | dusk] fpcNdRq_Handler: queue size=1
[DEBUG | dusk] fpcNdRq_Handler: queue size=1
[DEBUG | dusk] fpcNdRq_Handler: queue size=1
[DEBUG | dusk] fpcNdRq_Handler: queue size=1
[DEBUG | dusk] fpcNdRq_Handler: queue size=1
[DEBUG | dusk] fpcNdRq_Handler: queue size=1
[DEBUG | dusk] fpcNdRq_Handler: queue size=1
[DEBUG | dusk] fpcNdRq_Handler: queue size=1
[DEBUG | dusk] fpcNdRq_Handler: queue size=1
[DEBUG | dusk] fpcNdRq_Handler: queue size=1
[DEBUG | dusk] fpcNdRq_Handler: queue size=1
[DEBUG | dusk] fpcNdRq_Handler: queue size=1
[DEBUG | dev.twilitrealm.cosmetics] Loaded base texture data for al_SP. size: 800 hash: 8F18F04BC30C8091
[DEBUG | dev.twilitrealm.cosmetics] Loaded base texture data for L_al_boom00. size: 2000 hash: A0B9537632BF5353
[DEBUG | dev.twilitrealm.cosmetics] Loaded base texture data for al_SWM. size: 800 hash: B28F966CE362E1B0
[DEBUG | dev.twilitrealm.cosmetics] Loaded base texture data for al_SWgripM. size: 800 hash: 9C3E2139933B9BEF
[DEBUG | dev.twilitrealm.cosmetics] Loaded base texture data for al_SWA. size: 800 hash: 91A45C6361D59DE5
[DEBUG | dev.twilitrealm.cosmetics] Loaded base texture data for al_SWgripA. size: 400 hash: 5EAEFD04199EDE61
[DEBUG | dusk] fpcNdRq_Handler: queue size=1
[DEBUG | dusk] fpcNdRq_Handler: queue size=1
[DEBUG | dusk] fpcNdRq_Handler: queue size=1
[DEBUG | dusk] fpcNdRq_Handler: queue size=1
[INFO | aurora::card] CARD API Initialized BUILT <Sep 30 2026 13:39:06>
[INFO | aurora::card] Loaded GC Card Image: /data/data/dev.twilitrealm.dusk/files/USA/Card A
[INFO | dusk::mods::updates] Checked 28 installed mods for updates
[DEBUG | dusk] fopScnRq_phase_Execute: ret=0 name=12
[DEBUG | dusk] fopScnRq_phase_Execute: ret=0 name=12
[INFO | dev.baxlek.zelda_on_epona] Pscene181.jpc loaded as particle bank 2, resource heap has 1693328 bytes free
[DEBUG | dusk] fpcNdRq_phase_Create: name=12 layer=0x7b5ef85418
[DEBUG | dusk] fpcNdRq_phase_Create: creating_id=3 (error=4294967295)
[DEBUG | dusk] fopScnRq_phase_Execute: ret=0 name=12
[DEBUG | dusk] [DIAG] fpcSCtRq_phase_Load: procName=12 ret=4
[DEBUG | dusk] fpcSCtRq_phase_CreateProcess: procName=12
[DEBUG | dusk] fpcBs_Create: pid=3 profname=fpcNm_OPENING_SCENE_e (12) profile=0x7b5ed522a8 procSize=912 unkSize=0
[DEBUG | dusk] fpcSCtRq_phase_CreateProcess: fpcBs_Create OK proc=0xb400007a13b05af0
[DEBUG | dusk] fpcSCtRq_phase_SubCreateProcess: pid=3 procName=000c ret=0
[DEBUG | dusk] fpcCtRq_Do: phase=0 process=0xb400007a13b05af0
[DEBUG | dusk] fopScnRq_phase_Execute: ret=0 name=12
[DEBUG | dusk] Loading Resource: vrbox_kasumim.bmd (Size: 2272)
[DEBUG | dusk] Loading Resource: vrbox_kumo.bmd (Size: 69664)
[DEBUG | dusk] Loading Resource: vrbox_sora.bmd (Size: 6624)
[DEBUG | dusk] Loading Resource: vrbox_sun.bmd (Size: 12032)
[DEBUG | dusk] Loading Resource: vrbox_sun.btk (Size: 320)
[DEBUG | dusk] Loading Resource: colordata_tbl.dat (Size: 800)
[DEBUG | dusk] Loading Resource: pol_arg.dat (Size: 128)
[DEBUG | dusk] Loading Resource: pol_effcol.dat (Size: 128)
[DEBUG | dusk] Loading Resource: pol_effcol2.dat (Size: 128)
[DEBUG | dusk] Loading Resource: pol_efftbl.dat (Size: 128)
[DEBUG | dusk] Loading Resource: pol_efftbl2.dat (Size: 128)
[DEBUG | dusk] Loading Resource: pol_sound.dat (Size: 128)
[DEBUG | dusk] Loading Resource: room0.dzs (Size: 5440)
[DEBUG | dusk] Loading Resource: stage.dzs (Size: 1952)
[DEBUG | dusk] Loading Resource: cloudtx_01.bti (Size: 4128)
[DEBUG | dusk] Loading Resource: cloudtx_02.bti (Size: 4128)
[DEBUG | dusk] Loading Resource: cloudtx_03.bti (Size: 4128)
[DEBUG | dusk] Loading Resource: f_moon.bti (Size: 8224)
[DEBUG | dusk] Loading Resource: f_moon_a.bti (Size: 2080)
[DEBUG | dusk] Loading Resource: f_moon_a_a00.bti (Size: 64)
[DEBUG | dusk] Loading Resource: f_moon_a_a01.bti (Size: 544)
[DEBUG | dusk] Loading Resource: f_moon_a_a02.bti (Size: 544)
[DEBUG | dusk] Loading Resource: f_moon_a_a03.bti (Size: 544)
[DEBUG | dusk] fpcSCtRq_phase_SubCreateProcess: pid=3 procName=000c ret=0
[DEBUG | dusk] fpcCtRq_Do: phase=0 process=0xb400007a13b05af0
[DEBUG | dusk] fopScnRq_phase_Execute: ret=0 name=12
[DEBUG | dusk] Loading Resource: event_list.dat (Size: 106476)
[DEBUG | dusk] Loading Resource: camstyle.dat (Size: 43328)
[DEBUG | dusk] Loading Resource: camtype.dat (Size: 14560)
[DEBUG | dusk] fpcSCtRq_phase_SubCreateProcess: pid=3 procName=000c ret=0
[DEBUG | dusk] fpcCtRq_Do: phase=0 process=0xb400007a13b05af0
[DEBUG | dusk] fopScnRq_phase_Execute: ret=0 name=12
[DEBUG | dusk] fopScnM_CreateReq: procName=18 fade=32767
[DEBUG | dusk] fopScnM_CreateReq: result=2 (error=4294967295)
[DEBUG | dusk] fpcBs_Create: pid=7 profname=fpcNm_KANKYO_e (19) profile=0x7b5ed4ce60 procSize=440 unkSize=0
[DEBUG | dusk] fpcBs_Create: pid=9 profname=fpcNm_KYEFF_e (785) profile=0x7b5ed4ceb0 procSize=440 unkSize=0
[DEBUG | dusk] fpcBs_Create: pid=11 profname=fpcNm_KYEFF2_e (786) profile=0x7b5ed4cef0 procSize=440 unkSize=0
[DEBUG | dusk] fpcBs_Create: pid=13 profname=fpcNm_ENVSE_e (21) profile=0x7b5ed4bf20 procSize=456 unkSize=0
[DEBUG | dusk] fpcSCtRq_phase_SubCreateProcess: pid=3 procName=000c ret=2
[DEBUG | dusk] fpcCtRq_Do: phase=0 process=0xb400007a13b05af0
[DEBUG | dusk] fopScnRq_phase_Execute: ret=0 name=12
[DEBUG | dusk] fpcNdRq_phase_Create: name=18 layer=0xb400007a13b05c48
[DEBUG | dusk] fpcNdRq_phase_Create: creating_id=16 (error=4294967295)
[DEBUG | dusk] fopScnRq_phase_Execute: ret=0 name=18
[DEBUG | dusk] fpcCtRq_Do: phase=0 process=0xb400007a13b05af0
[DEBUG | dusk] [DIAG] fpcSCtRq_phase_Load: procName=737 ret=4
[DEBUG | dusk] fpcSCtRq_phase_CreateProcess: procName=737
[DEBUG | dusk] fpcBs_Create: pid=4 profname=fpcNm_TITLE_e (737) profile=0x7b5ed8fc90 procSize=1872 unkSize=0
[DEBUG | dusk] fpcSCtRq_phase_CreateProcess: fpcBs_Create OK proc=0xb400007a13b04084
[DEBUG | dusk] fpcSCtRq_phase_SubCreateProcess: pid=4 procName=02e1 ret=0
[DEBUG | dusk] fpcCtRq_Do: phase=0 process=0xb400007a13b04084
[DEBUG | dusk] [DIAG] fpcSCtRq_phase_Load: procName=781 ret=4
[DEBUG | dusk] fpcSCtRq_phase_CreateProcess: procName=781
[DEBUG | dusk] fpcBs_Create: pid=5 profname=fpcNm_CAMERA_e (781) profile=0x7b5ed4bd68 procSize=4240 unkSize=0
[DEBUG | dusk] fpcSCtRq_phase_CreateProcess: fpcBs_Create OK proc=0xb400007a13b02fd4
[DEBUG | dusk] fpcSCtRq_phase_SubCreateProcess: pid=5 procName=030d ret=0
[DEBUG | dusk] fpcCtRq_Do: phase=0 process=0xb400007a13b02fd4
[DEBUG | dusk] fpcCtRq_Do: phase=4 process=0xb400007a13b0526c
[DEBUG | dusk] fpcCtRq_Do: phase=4 process=0xb400007a13b04fd4
[DEBUG | dusk] fpcCtRq_Do: phase=4 process=0xb400007a13b04d3c
[DEBUG | dusk] fpcCtRq_Do: phase=4 process=0xb400007a13b04a94
[DEBUG | dusk] [DIAG] fpcSCtRq_phase_Load: procName=730 ret=4
[DEBUG | dusk] fpcSCtRq_phase_CreateProcess: procName=730
[DEBUG | dusk] fpcBs_Create: pid=14 profname=fpcNm_VRBOX_e (730) profile=0x7b5ed58078 procSize=1648 unkSize=0
[DEBUG | dusk] fpcSCtRq_phase_CreateProcess: fpcBs_Create OK proc=0xb400007a13b02944
[DEBUG | dusk] fpcSCtRq_phase_SubCreateProcess: pid=14 procName=02da ret=2
[DEBUG | dusk] fpcCtRq_Do: phase=4 process=0xb400007a13b02944
[DEBUG | dusk] [DIAG] fpcSCtRq_phase_Load: procName=731 ret=4
[DEBUG | dusk] fpcSCtRq_phase_CreateProcess: procName=731
[DEBUG | dusk] fpcBs_Create: pid=15 profname=fpcNm_VRBOX2_e (731) profile=0x7b5ed58130 procSize=1720 unkSize=0
[DEBUG | dusk] fpcSCtRq_phase_CreateProcess: fpcBs_Create OK proc=0xb400007a13b0226c
[DEBUG | dusk] fpcSCtRq_phase_SubCreateProcess: pid=15 procName=02db ret=2
[DEBUG | dusk] fpcCtRq_Do: phase=4 process=0xb400007a13b0226c
[DEBUG | dusk] [DIAG] fpcSCtRq_phase_Load: procName=18 ret=4
[DEBUG | dusk] fpcSCtRq_phase_CreateProcess: procName=18
[DEBUG | dusk] fpcBs_Create: pid=16 profname=fpcNm_ROOM_SCENE_e (18) profile=0x7b5ed52388 procSize=912 unkSize=0
[DEBUG | dusk] fpcSCtRq_phase_CreateProcess: fpcBs_Create OK proc=0xb400007a13b01ebc
[DEBUG | dusk] fpcSCtRq_phase_SubCreateProcess: pid=16 procName=0012 ret=0
[DEBUG | dusk] fpcCtRq_Do: phase=0 process=0xb400007a13b01ebc
[DEBUG | dusk] fopScnRq_phase_Execute: ret=0 name=12
[DEBUG | dusk] fopScnRq_phase_Execute: ret=0 name=18
[DEBUG | dusk] fpcCtRq_Do: phase=0 process=0xb400007a13b05af0
[DEBUG | dusk] Loading Resource: titlelogo.bck (Size: 704)
[DEBUG | dusk] Loading Resource: titlelogo_r.bmd (Size: 1995456)
[DEBUG | dusk] Loading Resource: titlelogo.bpk (Size: 576)
[DEBUG | dusk] Loading Resource: titlelogo.brk (Size: 704)
[DEBUG | dusk] Loading Resource: titlelogo.btk (Size: 672)
[DEBUG | dusk] fpcSCtRq_phase_SubCreateProcess: pid=4 procName=02e1 ret=2
[DEBUG | dusk] fpcCtRq_Do: phase=4 process=0xb400007a13b04084
[DEBUG | dusk] fpcSCtRq_phase_SubCreateProcess: pid=5 procName=030d ret=0
[DEBUG | dusk] fpcCtRq_Do: phase=0 process=0xb400007a13b02fd4
[DEBUG | dusk] Loading Resource: model.bmd (Size: 927520)
[DEBUG | dusk] Loading Resource: model1.bmd (Size: 7488)
[DEBUG | dusk] Loading Resource: model2.bmd (Size: 22752)
[DEBUG | dusk] Loading Resource: model3.bmd (Size: 166848)
[DEBUG | dusk] Loading Resource: model4.bmd (Size: 10400)
[DEBUG | dusk] Loading Resource: model.btk (Size: 576)
[DEBUG | dusk] Loading Resource: model1.btk (Size: 320)
[DEBUG | dusk] Loading Resource: model2.btk (Size: 352)
[DEBUG | dusk] Loading Resource: model4.btk (Size: 320)
[DEBUG | dusk] Loading Resource: room.dzr (Size: 7456)
[DEBUG | dusk] Loading Resource: event_list.dat (Size: 5304)
[DEBUG | dusk] Loading Resource: room.kcl (Size: 449804)
[DEBUG | dusk] Loading Resource: room.plc (Size: 608)
[DEBUG | dusk] fpcSCtRq_phase_SubCreateProcess: pid=16 procName=0012 ret=0
[DEBUG | dusk] fpcCtRq_Do: phase=0 process=0xb400007a13b01ebc
[DEBUG | dusk] fopScnRq_phase_Execute: ret=0 name=12
[DEBUG | dusk] fopScnRq_phase_Execute: ret=0 name=18
[DEBUG | dusk] fpcCtRq_Do: phase=0 process=0xb400007a13b05af0
[DEBUG | dusk] fpcSCtRq_phase_SubCreateProcess: pid=5 procName=030d ret=0
[DEBUG | dusk] fpcCtRq_Do: phase=0 process=0xb400007a13b02fd4
[DEBUG | dusk] Loading Resource: demo38_wl_cut01_gp_1_o.bck (Size: 8000)
[DEBUG | dusk] Loading Resource: demo38_wl_cut01_gp_1_l.bck (Size: 5088)
[DEBUG | dusk] Loading Resource: demo38_wl_cut00_gp_1_o.bmd (Size: 239584)
[DEBUG | dusk] Loading Resource: demo38_twfilm_cut00_gp_1_o.bmd (Size: 45376)
[DEBUG | dusk] Loading Resource: demo38_01.stb (Size: 9368)
[DEBUG | dusk] Loading Resource: demo38_twfilm_cut00_gp_1_l.btk (Size: 832)
[DEBUG | dusk] fpcSCtRq_phase_SubCreateProcess: pid=16 procName=0012 ret=0
[DEBUG | dusk] fpcCtRq_Do: phase=0 process=0xb400007a13b01ebc
[DEBUG | dusk] [DIAG] fpcSCtRq_phase_Load: procName=253 ret=4
[DEBUG | dusk] fpcSCtRq_phase_CreateProcess: procName=253
[DEBUG | dusk] fpcBs_Create: pid=17 profname=fpcNm_ALINK_e (253) profile=0x7b5ed48250 procSize=18784 unkSize=0
[DEBUG | dusk] fpcSCtRq_phase_CreateProcess: fpcBs_Create OK proc=0xb400007a13afc238
[DEBUG | dusk] fpcSCtRq_phase_SubCreateProcess: pid=17 procName=00fd ret=0
[DEBUG | dusk] fpcCtRq_Do: phase=0 process=0xb400007a13afc238
[DEBUG | dusk] [DIAG] fpcSCtRq_phase_Load: procName=732 ret=4
[DEBUG | dusk] fpcSCtRq_phase_CreateProcess: procName=732
[DEBUG | dusk] fpcBs_Create: pid=18 profname=fpcNm_BG_e (732) profile=0x7b5ed553f8 procSize=1904 unkSize=0
[DEBUG | dusk] fpcSCtRq_phase_CreateProcess: fpcBs_Create OK proc=0xb400007a13afbaa8
[DEBUG | dusk] fpcSCtRq_phase_SubCreateProcess: pid=18 procName=02dc ret=2
[DEBUG | dusk] fpcCtRq_Do: phase=4 process=0xb400007a13afbaa8
[DEBUG | dusk] [DIAG] fpcSCtRq_phase_Load: procName=222 ret=4
[DEBUG | dusk] fpcSCtRq_phase_CreateProcess: procName=222
[DEBUG | dusk] fpcBs_Create: pid=19 profname=fpcNm_OBJ_IHASI_e (222) profile=0x7b5ed7d470 procSize=1752 unkSize=0
[DEBUG | dusk] fpcSCtRq_phase_CreateProcess: fpcBs_Create OK proc=0xb400007a13afb3b0
[DEBUG | dusk] fpcCtRq_Do: phase=0 process=0xb400007a13afb3b0
[DEBUG | dusk] [DIAG] fpcSCtRq_phase_Load: procName=187 ret=4
[DEBUG | dusk] fpcSCtRq_phase_CreateProcess: procName=187
[DEBUG | dusk] fpcBs_Create: pid=20 profname=fpcNm_CSTAF_e (187) profile=0x7b5ed590f8 procSize=3824 unkSize=0
[DEBUG | dusk] fpcSCtRq_phase_CreateProcess: fpcBs_Create OK proc=0xb400007a13afa4a0
[DEBUG | dusk] fpcCtRq_Do: phase=0 process=0xb400007a13afa4a0
[DEBUG | dusk] [DIAG] fpcSCtRq_phase_Load: procName=733 ret=4
[DEBUG | dusk] fpcSCtRq_phase_CreateProcess: procName=733
[DEBUG | dusk] fpcBs_Create: pid=21 profname=fpcNm_SET_BG_OBJ_e (733) profile=0x7b5ed56f08 procSize=1664 unkSize=0
[DEBUG | dusk] fpcSCtRq_phase_CreateProcess: fpcBs_Create OK proc=0xb400007a13af9e00
[DEBUG | dusk] fpcCtRq_Do: phase=0 process=0xb400007a13af9e00
[DEBUG | dusk] [DIAG] fpcSCtRq_phase_Load: procName=238 ret=4
[DEBUG | dusk] fpcSCtRq_phase_CreateProcess: procName=238
[DEBUG | dusk] fpcBs_Create: pid=22 profname=fpcNm_HORSE_e (238) profile=0x7b5ed65d10 procSize=8464 unkSize=0
[DEBUG | dusk] fpcSCtRq_phase_CreateProcess: fpcBs_Create OK proc=0xb400007a13af7cd0
[DEBUG | dusk] [DIAG] fpcSCtRq_phase_Load: procName=784 ret=4
[DEBUG | dusk] fpcSCtRq_phase_CreateProcess: procName=784
[DEBUG | dusk] fpcBs_Create: pid=23 profname=fpcNm_GRASS_e (784) profile=0x7b5ed59ae8 procSize=1640 unkSize=0
[DEBUG | dusk] fpcSCtRq_phase_CreateProcess: fpcBs_Create OK proc=0xb400007a13af7648
[DEBUG | dusk] [DIAG] fpcSCtRq_phase_Load: procName=784 ret=4
[DEBUG | dusk] fpcSCtRq_phase_CreateProcess: procName=784
[DEBUG | dusk] fpcBs_Create: pid=24 profname=fpcNm_GRASS_e (784) profile=0x7b5ed59ae8 procSize=1640 unkSize=0
[DEBUG | dusk] fpcSCtRq_phase_CreateProcess: fpcBs_Create OK proc=0xb400007a13af6fc0
[DEBUG | dusk] [DIAG] fpcSCtRq_phase_Load: procName=784 ret=4
[DEBUG | dusk] fpcSCtRq_phase_CreateProcess: procName=784
[DEBUG | dusk] fpcBs_Create: pid=25 profname=fpcNm_GRASS_e (784) profile=0x7b5ed59ae8 procSize=1640 unkSize=0
[DEBUG | dusk] fpcSCtRq_phase_CreateProcess: fpcBs_Create OK proc=0xb400007a13af6938
[DEBUG | dusk] [DIAG] fpcSCtRq_phase_Load: procName=784 ret=4
[DEBUG | dusk] fpcSCtRq_phase_CreateProcess: procName=784
[DEBUG | dusk] fpcBs_Create: pid=26 profname=fpcNm_GRASS_e (784) profile=0x7b5ed59ae8 procSize=1640 unkSize=0
[DEBUG | dusk] fpcSCtRq_phase_CreateProcess: fpcBs_Create OK proc=0xb400007a13af62b0
[DEBUG | dusk] [DIAG] fpcSCtRq_phase_Load: procName=784 ret=4
[DEBUG | dusk] fpcSCtRq_phase_CreateProcess: procName=784
[DEBUG | dusk] fpcBs_Create: pid=27 profname=fpcNm_GRASS_e (784) profile=0x7b5ed59ae8 procSize=1640 unkSize=0
[DEBUG | dusk] fpcSCtRq_phase_CreateProcess: fpcBs_Create OK proc=0xb400007a13af5c28
[DEBUG | dusk] [DIAG] fpcSCtRq_phase_Load: procName=784 ret=4
[DEBUG | dusk] fpcSCtRq_phase_CreateProcess: procName=784
[DEBUG | dusk] fpcBs_Create: pid=28 profname=fpcNm_GRASS_e (784) profile=0x7b5ed59ae8 procSize=1640 unkSize=0
[DEBUG | dusk] fpcSCtRq_phase_CreateProcess: fpcBs_Create OK proc=0xb400007a13af55a0
[DEBUG | dusk] [DIAG] fpcSCtRq_phase_Load: procName=333 ret=4
[DEBUG | dusk] fpcSCtRq_phase_CreateProcess: procName=333
[DEBUG | dusk] fpcBs_Create: pid=29 profname=fpcNm_Obj_Yobikusa_e (333) profile=0x7b5ed5e0c8 procSize=2360 unkSize=0
[DEBUG | dusk] fpcSCtRq_phase_CreateProcess: fpcBs_Create OK proc=0xb400007a13af4c48
[DEBUG | dusk] [DIAG] fpcSCtRq_phase_Load: procName=333 ret=4
[DEBUG | dusk] fpcSCtRq_phase_CreateProcess: procName=333
[DEBUG | dusk] fpcBs_Create: pid=30 profname=fpcNm_Obj_Yobikusa_e (333) profile=0x7b5ed5e0c8 procSize=2360 unkSize=0
[DEBUG | dusk] fpcSCtRq_phase_CreateProcess: fpcBs_Create OK proc=0xb400007a13af42f0
[DEBUG | dusk] [DIAG] fpcSCtRq_phase_Load: procName=333 ret=4
[DEBUG | dusk] fpcSCtRq_phase_CreateProcess: procName=333
[DEBUG | dusk] fpcBs_Create: pid=31 profname=fpcNm_Obj_Yobikusa_e (333) profile=0x7b5ed5e0c8 procSize=2360 unkSize=0
[DEBUG | dusk] fpcSCtRq_phase_CreateProcess: fpcBs_Create OK proc=0xb400007a13af3998
[DEBUG | dusk] [DIAG] fpcSCtRq_phase_Load: procName=333 ret=4
[DEBUG | dusk] fpcSCtRq_phase_CreateProcess: procName=333
[DEBUG | dusk] fpcBs_Create: pid=32 profname=fpcNm_Obj_Yobikusa_e (333) profile=0x7b5ed5e0c8 procSize=2360 unkSize=0
[DEBUG | dusk] fpcSCtRq_phase_CreateProcess: fpcBs_Create OK proc=0xb400007a13af3040
[DEBUG | dusk] [DIAG] fpcSCtRq_phase_Load: procName=333 ret=4
[DEBUG | dusk] fpcSCtRq_phase_CreateProcess: procName=333
[DEBUG | dusk] fpcBs_Create: pid=33 profname=fpcNm_Obj_Yobikusa_e (333) profile=0x7b5ed5e0c8 procSize=2360 unkSize=0
[DEBUG | dusk] fpcSCtRq_phase_CreateProcess: fpcBs_Create OK proc=0xb400007a13af26e8
[DEBUG | dusk] [DIAG] fpcSCtRq_phase_Load: procName=333 ret=4
[DEBUG | dusk] fpcSCtRq_phase_CreateProcess: procName=333
[DEBUG | dusk] fpcBs_Create: pid=34 profname=fpcNm_Obj_Yobikusa_e (333) profile=0x7b5ed5e0c8 procSize=2360 unkSize=0
[DEBUG | dusk] fpcSCtRq_phase_CreateProcess: fpcBs_Create OK proc=0xb400007a13af1d90
[DEBUG | dusk] [DIAG] fpcSCtRq_phase_Load: procName=733 ret=4
[DEBUG | dusk] fpcSCtRq_phase_CreateProcess: procName=733
[DEBUG | dusk] fpcBs_Create: pid=35 profname=fpcNm_SET_BG_OBJ_e (733) profile=0x7b5ed56f08 procSize=1664 unkSize=0
[DEBUG | dusk] fpcSCtRq_phase_CreateProcess: fpcBs_Create OK proc=0xb400007a13af16f0
[DEBUG | dusk] [DIAG] fpcSCtRq_phase_Load: procName=733 ret=4
[DEBUG | dusk] fpcSCtRq_phase_CreateProcess: procName=733
[DEBUG | dusk] fpcBs_Create: pid=36 profname=fpcNm_SET_BG_OBJ_e (733) profile=0x7b5ed56f08 procSize=1664 unkSize=0
[DEBUG | dusk] fpcSCtRq_phase_CreateProcess: fpcBs_Create OK proc=0xb400007a13af1050
[DEBUG | dusk] [DIAG] fpcSCtRq_phase_Load: procName=733 ret=4
[DEBUG | dusk] fpcSCtRq_phase_CreateProcess: procName=733
[DEBUG | dusk] fpcBs_Create: pid=37 profname=fpcNm_SET_BG_OBJ_e (733) profile=0x7b5ed56f08 procSize=1664 unkSize=0
[DEBUG | dusk] fpcSCtRq_phase_CreateProcess: fpcBs_Create OK proc=0xb400007a13af09b0
[DEBUG | dusk] fopScnRq_phase_Execute: ret=0 name=12
[DEBUG | dusk] fopScnRq_phase_Execute: ret=0 name=18
[DEBUG | dusk] Loading Resource: al_kantera.bmd (Size: 21024)
[DEBUG | dusk] Loading Resource: ef_ktglow.bmd (Size: 3040)
[DEBUG | dusk] Loading Resource: al.bmd (Size: 176288)
[DEBUG | dusk] Loading Resource: al_bootsh.bmd (Size: 22048)
[DEBUG | dusk] Loading Resource: al_face.bmd (Size: 72576)
[DEBUG | dusk] Loading Resource: al_hands.bmd (Size: 61056)
[DEBUG | dusk] Loading Resource: al_head.bmd (Size: 33851)
[DEBUG | dusk] Loading Resource: al_swb.bmd (Size: 23552)
[DEBUG | dusk] Loading Resource: ef_ktglow.btk (Size: 512)
[DEBUG | dusk] Loading Resource: i_bajyohasiparts.bmd (Size: 76032)
[DEBUG | dusk] Loading Resource: i_bajyohasiparts_ef.bmd (Size: 37088)
[DEBUG | dusk] Loading Resource: i_bajyohasiparts_ef.btk (Size: 512)
[DEBUG | dusk] Loading Resource: i_bajyohasiparts.dzb (Size: 6848)
[DEBUG | dusk] Loading Resource: cs_f_b_fall.bck (Size: 448)
[DEBUG | dusk] Loading Resource: cs_f_b_swing_reaction.bck (Size: 416)
[DEBUG | dusk] Loading Resource: cs_f_b_walk.bck (Size: 544)
[DEBUG | dusk] Loading Resource: cs_f_b.bmd (Size: 66176)
[DEBUG | dusk] Loading Resource: cs_f_cover.bmd (Size: 30112)
[DEBUG | dusk] Loading Resource: cs_f_b_start.brk (Size: 352)
[DEBUG | dusk] Loading Resource: cs_f_b_stop.brk (Size: 320)
[DEBUG | dusk] Loading Resource: cs_f_cover_vanish.brk (Size: 544)
[DEBUG | dusk] Loading Resource: cs_f_b_start.btk (Size: 512)
[DEBUG | dusk] Loading Resource: cs_f_cover_vanish.btk (Size: 896)
[DEBUG | dusk] Loading Resource: cs_f_b.dzb (Size: 544)
[DEBUG | dusk] Loading Resource: model0.bmd (Size: 22624)
[DEBUG | dusk] Loading Resource: spec.dat (Size: 16)
[DEBUG | dusk] Loading Resource: hs_back_walk.bck (Size: 5536)
[DEBUG | dusk] Loading Resource: hs_back_walk_start.bck (Size: 6304)
[DEBUG | dusk] Loading Resource: hs_excitement.bck (Size: 11968)
[DEBUG | dusk] Loading Resource: hs_excitement_2.bck (Size: 14144)
[DEBUG | dusk] Loading Resource: hs_jump_end.bck (Size: 5344)
[DEBUG | dusk] Loading Resource: hs_jump_middle.bck (Size: 4640)
[DEBUG | dusk] Loading Resource: hs_jump_start.bck (Size: 4832)
[DEBUG | dusk] Loading Resource: hs_jump_start_clift.bck (Size: 5248)
[DEBUG | dusk] Loading Resource: hs_lash.bck (Size: 3200)
[DEBUG | dusk] Loading Resource: hs_neck_waitback_left.bck (Size: 2880)
[DEBUG | dusk] Loading Resource: hs_neck_waitback_right.bck (Size: 2848)
[DEBUG | dusk] Loading Resource: hs_run_dash.bck (Size: 7680)
[DEBUG | dusk] Loading Resource: hs_run_fast.bck (Size: 6688)
[DEBUG | dusk] Loading Resource: hs_run_slow.bck (Size: 7712)
[DEBUG | dusk] Loading Resource: hs_stand.bck (Size: 17984)
[DEBUG | dusk] Loading Resource: hs_stop_slow.bck (Size: 14208)
[DEBUG | dusk] Loading Resource: hs_stop_stand.bck (Size: 16352)
[DEBUG | dusk] Loading Resource: hs_turn_left.bck (Size: 9632)
[DEBUG | dusk] Loading Resource: hs_turn_left_start.bck (Size: 5248)
[DEBUG | dusk] Loading Resource: hs_turn_right.bck (Size: 9472)
[DEBUG | dusk] Loading Resource: hs_turn_right_start.bck (Size: 5344)
[DEBUG | dusk] Loading Resource: hs_wait_01.bck (Size: 4768)
[DEBUG | dusk] Loading Resource: hs_wait_01b.bck (Size: 4672)
[DEBUG | dusk] Loading Resource: hs_wait_01b_connect.bck (Size: 4672)
[DEBUG | dusk] Loading Resource: hs_wait_02.bck (Size: 8928)
[DEBUG | dusk] Loading Resource: hs_wait_03.bck (Size: 7552)
[DEBUG | dusk] Loading Resource: hs_wait_04.bck (Size: 12640)
[DEBUG | dusk] Loading Resource: hs_wait_05.bck (Size: 10528)
[DEBUG | dusk] Loading Resource: hs_walk_fast.bck (Size: 5792)
[DEBUG | dusk] Loading Resource: hs_walk_slow.bck (Size: 5600)
[DEBUG | dusk] Loading Resource: hs.bmd (Size: 131264)
[DEBUG | dusk] Loading Resource: hs_eye.btp (Size: 128)
[DEBUG | dusk] Loading Resource: tazuna.bti (Size: 160)
[DEBUG | dusk] Loading Resource: al_umakusa.bmd (Size: 5984)
[DEBUG | dusk] Loading Resource: j_umakusa.bmd (Size: 13152)
[DEBUG | dusk] Loading Resource: j_umakusa_c.bmd (Size: 9536)
[DEBUG | dusk] Loading Resource: model0.bmd (Size: 13312)
[DEBUG | dusk] Loading Resource: model1.bmd (Size: 10656)
[DEBUG | dusk] Loading Resource: model0.dzb (Size: 832)
[DEBUG | dusk] Loading Resource: spec.dat (Size: 148)
[DEBUG | dusk] [DIAG] fpcSCtRq_phase_Load: procName=734 ret=4
[DEBUG | dusk] fpcSCtRq_phase_CreateProcess: procName=734
[DEBUG | dusk] fpcBs_Create: pid=38 profname=fpcNm_BG_OBJ_e (734) profile=0x7b5ed554d8 procSize=4344 unkSize=0
[DEBUG | dusk] fpcSCtRq_phase_CreateProcess: fpcBs_Create OK proc=0xb400007a13aef898
[DEBUG | dusk] [DIAG] fpcSCtRq_phase_Load: procName=734 ret=4
[DEBUG | dusk] fpcSCtRq_phase_CreateProcess: procName=734
[DEBUG | dusk] fpcBs_Create: pid=39 profname=fpcNm_BG_OBJ_e (734) profile=0x7b5ed554d8 procSize=4344 unkSize=0
[DEBUG | dusk] fpcSCtRq_phase_CreateProcess: fpcBs_Create OK proc=0xb400007a13aee780
[DEBUG | dusk] fpcBs_Create: pid=43 profname=fpcNm_Tag_Attp_e (346) profile=0x7b5ed58d00 procSize=1632 unkSize=0
[DEBUG | dusk] [DIAG] fpcSCtRq_phase_Load: procName=734 ret=4
[DEBUG | dusk] fpcSCtRq_phase_CreateProcess: procName=734
[DEBUG | dusk] fpcBs_Create: pid=40 profname=fpcNm_BG_OBJ_e (734) profile=0x7b5ed554d8 procSize=4344 unkSize=0
[DEBUG | dusk] fpcSCtRq_phase_CreateProcess: fpcBs_Create OK proc=0xb400007a13aed668
[DEBUG | dusk] fpcBs_Create: pid=45 profname=fpcNm_Tag_Attp_e (346) profile=0x7b5ed58d00 procSize=1632 unkSize=0
[DEBUG | dusk] [DIAG] fpcSCtRq_phase_Load: procName=734 ret=4
[DEBUG | dusk] fpcSCtRq_phase_CreateProcess: procName=734
[DEBUG | dusk] fpcBs_Create: pid=41 profname=fpcNm_BG_OBJ_e (734) profile=0x7b5ed554d8 procSize=4344 unkSize=0
[DEBUG | dusk] fpcSCtRq_phase_CreateProcess: fpcBs_Create OK proc=0xb400007a13aebed0
[DEBUG | dusk] fpcBs_Create: pid=47 profname=fpcNm_Tag_Attp_e (346) profile=0x7b5ed58d00 procSize=1632 unkSize=0
[DEBUG | dusk] fopScnRq_phase_Execute: ret=0 name=12
[DEBUG | dusk] fopScnRq_phase_Execute: ret=0 name=18
[DEBUG | dusk] [DIAG] fpcSCtRq_phase_Load: procName=548 ret=4
[DEBUG | dusk] fpcSCtRq_phase_CreateProcess: procName=548
[DEBUG | dusk] fpcBs_Create: pid=48 profname=fpcNm_HOZELDA_e (548) profile=0x7b5ed65e40 procSize=2368 unkSize=0
[DEBUG | dusk] fpcSCtRq_phase_CreateProcess: fpcBs_Create OK proc=0xb400007a13af6ce8
[DEBUG | dusk] fopScnRq_phase_Execute: ret=0 name=12
[DEBUG | dusk] fopScnRq_phase_Execute: ret=0 name=18
[DEBUG | dusk] Loading Resource: al_sha.bmd (Size: 24288)
[DEBUG | dusk] Loading Resource: zelh_aldieh.bck (Size: 6240)
[DEBUG | dusk] Loading Resource: zelh_arelordh.bck (Size: 9280)
[DEBUG | dusk] Loading Resource: zelh_ashooth.bck (Size: 5216)
[DEBUG | dusk] Loading Resource: zelh_atbh.bck (Size: 4064)
[DEBUG | dusk] Loading Resource: zelh_barelordh.bck (Size: 1216)
[DEBUG | dusk] Loading Resource: zelh_bashooth.bck (Size: 1952)
[DEBUG | dusk] Loading Resource: zelh_damh.bck (Size: 4864)
[DEBUG | dusk] Loading Resource: zelh_dashh.bck (Size: 6976)
[DEBUG | dusk] Loading Resource: zelh_dstarth.bck (Size: 7584)
[DEBUG | dusk] Loading Resource: zelh_egnd_wh.bck (Size: 6048)
[DEBUG | dusk] Loading Resource: zelh_egnd_whb.bck (Size: 5344)
[DEBUG | dusk] Loading Resource: zelh_jumph.bck (Size: 5600)
[DEBUG | dusk] Loading Resource: zelh_jumphed.bck (Size: 5568)
[DEBUG | dusk] Loading Resource: zelh_jumphst.bck (Size: 4896)
[DEBUG | dusk] Loading Resource: zelh_numbh.bck (Size: 4704)
[DEBUG | dusk] Loading Resource: zelh_standh.bck (Size: 10624)
[DEBUG | dusk] Loading Resource: zelh_standhwc.bck (Size: 14176)
[DEBUG | dusk] Loading Resource: zelh_stoph.bck (Size: 8064)
[DEBUG | dusk] Loading Resource: zelh_stoptostandh.bck (Size: 11648)
[DEBUG | dusk] Loading Resource: zelh_waitbh.bck (Size: 6656)
[DEBUG | dusk] Loading Resource: zelh_waitch.bck (Size: 5184)
[DEBUG | dusk] Loading Resource: zelh_waith.bck (Size: 5216)
[DEBUG | dusk] Loading Resource: o_zg_arow.bmd (Size: 9312)
[DEBUG | dusk] Loading Resource: o_zg_bow.bmd (Size: 17120)
[DEBUG | dusk] Loading Resource: zelh.bmd (Size: 240768)
[DEBUG | dusk] Loading Resource: zelh_fa.btk (Size: 352)
[DEBUG | dusk] Loading Resource: zelh_faldieh.btk (Size: 992)
[DEBUG | dusk] Loading Resource: zelh_fegnd_wh.btk (Size: 352)
[DEBUG | dusk] Loading Resource: zelh_fa.btp (Size: 128)
[DEBUG | dusk] Loading Resource: zelh_faldieh.btp (Size: 864)
[DEBUG | dusk] Loading Resource: zelh_fb.btp (Size: 128)
[DEBUG | dusk] Loading Resource: zelh_fc.btp (Size: 128)
[DEBUG | dusk] Loading Resource: zelh_fmaba01.btp (Size: 160)
[DEBUG | dusk] fopScnRq_phase_Execute: ret=0 name=12
[DEBUG | dusk] fopScnRq_phase_Execute: ret=0 name=18
[DEBUG | dusk] fopScnRq_phase_Execute: ret=0 name=12
[DEBUG | dusk] fopScnRq_phase_Execute: ret=0 name=18
[DEBUG | dusk] [DIAG] fpcSCtRq_phase_Load: procName=255 ret=4
[DEBUG | dusk] fpcSCtRq_phase_CreateProcess: procName=255
[DEBUG | dusk] fpcBs_Create: pid=49 profname=fpcNm_MIDNA_e (255) profile=0x7b5ed58698 procSize=3360 unkSize=0
[DEBUG | dusk] fpcSCtRq_phase_CreateProcess: fpcBs_Create OK proc=0xb400007a13af5fa8
[DEBUG | dusk] fopScnRq_phase_Execute: ret=0 name=12
[DEBUG | dusk] fopScnRq_phase_Execute: ret=0 name=18
[DEBUG | dusk] Loading Resource: s_md_hands.bmd (Size: 19776)
[DEBUG | dusk] Loading Resource: s_md_mask.bmd (Size: 15424)
[DEBUG | dusk] Loading Resource: s_md_gokou.bmd (Size: 3008)
[DEBUG | dusk] Loading Resource: s_md.bmd (Size: 69984)
[DEBUG | dusk] Loading Resource: s_md_hair_hand.bmd (Size: 18944)
[DEBUG | dusk] Loading Resource: s_md_appear.brk (Size: 352)
[DEBUG | dusk] Loading Resource: s_md_gokou_appear.brk (Size: 256)
[DEBUG | dusk] Loading Resource: s_md_hair_hand_appear.brk (Size: 288)
[DEBUG | dusk] Loading Resource: s_md_mask_appear.brk (Size: 256)
[DEBUG | dusk] Loading Resource: s_md_hair_hand_moya.btk (Size: 544)
[DEBUG | dusk] Loading Resource: s_md_hands_moya.btk (Size: 608)
[DEBUG | dusk] Loading Resource: s_md_mask_moya.btk (Size: 320)
[DEBUG | dusk] Loading Resource: s_md_moya.btk (Size: 512)
[DEBUG | dusk] fopScnRq_phase_Execute: ret=0 name=12
[DEBUG | dusk] fopScnRq_phase_Execute: ret=0 name=18
[DEBUG | dusk] fpcBs_Create: pid=51 profname=fpcNm_DEMO00_e (718) profile=0x7b5ed58470 procSize=11112 unkSize=0
[DEBUG | dusk] fpcBs_Create: pid=53 profname=fpcNm_DEMO00_e (718) profile=0x7b5ed58470 procSize=11112 unkSize=0
[DEBUG | dusk] fpcBs_Create: pid=55 profname=fpcNm_DEMO00_e (718) profile=0x7b5ed58470 procSize=11112 unkSize=0
[DEBUG | dusk] fpcBs_Create: pid=57 profname=fpcNm_DEMO00_e (718) profile=0x7b5ed58470 procSize=11112 unkSize=0
[DEBUG | dusk] frameInterp: onTypeChange 41 -> 40 (event_type_id=40, leaving_event=false, entering_event=true)
[DEBUG | dusk] frameInterp: presentation sync not requested for ZEV event [STBWAIT] (staff idx 12)
[DEBUG | dev.twilitrealm.cosmetics] Loaded base texture data for al_bootsH. size: 2000 hash: C9F8C58AA332C5E6
[DEBUG | dev.twilitrealm.cosmetics] Loaded base texture data for al_SWB. size: 4000 hash: 1071499E19799A7D
[DEBUG | dev.twilitrealm.cosmetics] Loaded base texture data for hs_body. size: 8000 hash: F473331D6D5B148D
[DEBUG | dev.twilitrealm.cosmetics] Loaded base texture data for hs_eye.1. size: 200 hash: 24B0258CCF8EED45
[DEBUG | dev.twilitrealm.cosmetics] Loaded base texture data for hs_eye.2. size: 200 hash: 1B47C467FC5CA5BC
[DEBUG | dev.twilitrealm.cosmetics] Loaded base texture data for hs_eye.3. size: 200 hash: EC429699463FDDB2
[DEBUG | dev.twilitrealm.cosmetics] Loaded base texture data for al_hair. size: 4000 hash: 582A10908B80C70E
[DEBUG | dev.twilitrealm.cosmetics] Loaded base texture data for al_lowbody. size: 2000 hash: C4790EAFCB60026F
[DEBUG | dev.twilitrealm.cosmetics] Loaded base texture data for al_upbody. size: 4000 hash: 33E862A57F216822
[DEBUG | dev.twilitrealm.cosmetics] Registered replacement for al_lowbody.
[DEBUG | dev.twilitrealm.cosmetics] Registered replacement for al_upbody.
[INFO | dusk::config] Saving config to '/data/data/dev.twilitrealm.dusk/files/config.json'
[DEBUG | aurora::gpu::cache] Dawn cache prune completed; no stale entries found
[DEBUG | dusk] fapGm_Execute frame=300
[INFO | dusk::config] Saving config to '/data/data/dev.twilitrealm.dusk/files/config.json'
[INFO | dusk::config] Saving config to '/data/data/dev.twilitrealm.dusk/files/config.json'
[INFO | org.twilight.hd_hud] Text Font: replacement drawing active; original advances preserved
[INFO | org.twilight.hd_hud] Text Font: original cell=24x24 ascent=21 descent=3 scale=18.00x18.00
[DEBUG | dusk] [DIAG] fpcSCtRq_phase_Load: procName=0 ret=4
[DEBUG | dusk] fpcSCtRq_phase_CreateProcess: procName=0
[DEBUG | dusk] fpcBs_Create: pid=58 profname=fpcNm_OVERLAP0_e (0) profile=0x7b5ed51b18 procSize=384 unkSize=0
[DEBUG | dusk] fpcSCtRq_phase_CreateProcess: fpcBs_Create OK proc=0xb400007a13ae0650
[DEBUG | dusk] fpcNdRq_phase_Create: name=13 layer=0x7b5ef85418
[DEBUG | dusk] fpcNdRq_phase_Create: creating_id=59 (error=4294967295)
[WARNING | dusk::mods::actor] Attempted to delete actor with ID (48) but it doesn't exist!
[DEBUG | dusk] [DIAG] fpcSCtRq_phase_Load: procName=13 ret=4
[DEBUG | dusk] fpcSCtRq_phase_CreateProcess: procName=13
[DEBUG | dusk] fpcBs_Create: pid=59 profname=fpcNm_NAME_SCENE_e (13) profile=0x7b5ed52138 procSize=1704 unkSize=0
[DEBUG | dusk] fpcSCtRq_phase_CreateProcess: fpcBs_Create OK proc=0xb400007a13b057d8
[DEBUG | dusk] Loading Resource: zelda_file_select.bck (Size: 23584)
[DEBUG | dusk] Loading Resource: zelda_file_select.blo (Size: 176800)
[DEBUG | dusk] Loading Resource: zelda_file_select.bpk (Size: 288)
[DEBUG | dusk] Loading Resource: zelda_file_select.brk (Size: 544)
[DEBUG | dusk] Loading Resource: zelda_file_select.btk (Size: 1408)
[DEBUG | dusk] Loading Resource: zelda_file_select_02.btk (Size: 544)
[DEBUG | dusk] Loading Resource: zelda_file_select_03.btk (Size: 544)
[DEBUG | dusk] Loading Resource: zelda_file_select_04.btk (Size: 448)
[DEBUG | dusk] Loading Resource: zelda_file_select_05.btk (Size: 800)
[DEBUG | dusk] Loading Resource: zelda_file_select_3menu_window.bck (Size: 5568)
[DEBUG | dusk] Loading Resource: zelda_file_select_3menu_window.blo (Size: 12992)
[DEBUG | dusk] Loading Resource: zelda_file_select_3menu_window.bpk (Size: 288)
[DEBUG | dusk] Loading Resource: zelda_file_select_3menu_window.btk (Size: 768)
[DEBUG | dusk] Loading Resource: zelda_file_select_copy_select.bck (Size: 5632)
[DEBUG | dusk] Loading Resource: zelda_file_select_copy_select.blo (Size: 55488)
[DEBUG | dusk] Loading Resource: zelda_file_select_copy_select.bpk (Size: 256)
[DEBUG | dusk] Loading Resource: zelda_file_select_copy_select.brk (Size: 416)
[DEBUG | dusk] Loading Resource: zelda_file_select_copy_select.btk (Size: 1120)
[DEBUG | dusk] Loading Resource: zelda_file_select_copy_select_02.btk (Size: 448)
[DEBUG | dusk] Loading Resource: zelda_file_select_copy_select_03.btk (Size: 608)
[DEBUG | dusk] Loading Resource: zelda_file_select_details.blo (Size: 23904)
[DEBUG | dusk] Loading Resource: zelda_file_select_details.btk (Size: 832)
[DEBUG | dusk] Loading Resource: zelda_file_select_info_text.blo (Size: 13728)
[DEBUG | dusk] Loading Resource: zelda_file_select_warning_window.bck (Size: 1088)
[DEBUG | dusk] Loading Resource: zelda_file_select_warning_window.blo (Size: 4704)
[DEBUG | dusk] Loading Resource: zelda_file_select_yes_no_window.bck (Size: 2944)
[DEBUG | dusk] Loading Resource: zelda_file_select_yes_no_window.blo (Size: 9024)
[DEBUG | dusk] Loading Resource: zelda_file_select_yes_no_window.bpk (Size: 224)
[DEBUG | dusk] Loading Resource: zelda_file_select_yes_no_window.btk (Size: 576)
[DEBUG | dusk] Loading Resource: zelda_option_check.blo (Size: 48832)
[DEBUG | dusk] Loading Resource: ak_kagerou_battle_rr.bti (Size: 2720)
[DEBUG | dusk] Loading Resource: ak_ocarina_fire_00.bti (Size: 32800)
[DEBUG | dusk] Loading Resource: ak_ocarina_fire_01.bti (Size: 32800)
[DEBUG | dusk] Loading Resource: ak_ocarina_ind_00.bti (Size: 32800)
[DEBUG | dusk] Loading Resource: black_80.bti (Size: 3232)
[DEBUG | dusk] Loading Resource: bow_light.bti (Size: 320)
[DEBUG | dusk] Loading Resource: i4_gra.bti (Size: 1056)
[DEBUG | dusk] Loading Resource: im_b_button_00.bti (Size: 1184)
[DEBUG | dusk] Loading Resource: im_kinobou_48.bti (Size: 2592)
[DEBUG | dusk] Loading Resource: navi_l.bti (Size: 544)
[DEBUG | dusk] Loading Resource: ni_hairianotate_48.bti (Size: 2816)
[DEBUG | dusk] Loading Resource: ni_kinotate_48.bti (Size: 2656)
[DEBUG | dusk] Loading Resource: ni_magicarmor_48.bti (Size: 2784)
[DEBUG | dusk] Loading Resource: ni_mastersword_48.bti (Size: 2688)
[DEBUG | dusk] Loading Resource: ni_zouranofuku_48.bti (Size: 2752)
[DEBUG | dusk] Loading Resource: ttdelunotate_s3_tc.bti (Size: 2592)
[DEBUG | dusk] Loading Resource: tt_1_metal_40x40.bti (Size: 1632)
[DEBUG | dusk] Loading Resource: tt_2_metal_40x40.bti (Size: 1632)
[DEBUG | dusk] Loading Resource: tt_3setu_w_l.bti (Size: 92960)
[DEBUG | dusk] Loading Resource: tt_3_metal_40x40.bti (Size: 1632)
[DEBUG | dusk] Loading Resource: tt_black_32.bti (Size: 1056)
[DEBUG | dusk] Loading Resource: tt_block128_00.bti (Size: 8224)
[DEBUG | dusk] Loading Resource: tt_block8x8.bti (Size: 64)
[DEBUG | dusk] Loading Resource: tt_book_meramera_00.bti (Size: 6944)
[DEBUG | dusk] Loading Resource: tt_button_base0_center_tate.bti (Size: 1312)
[DEBUG | dusk] Loading Resource: tt_button_base0_side.bti (Size: 1312)
[DEBUG | dusk] Loading Resource: tt_gold_uzu_long2.bti (Size: 4832)
[DEBUG | dusk] Loading Resource: tt_heart_00.bti (Size: 1312)
[DEBUG | dusk] Loading Resource: tt_horiwaku_lu.bti (Size: 1600)
[DEBUG | dusk] Loading Resource: tt_horiwaku_side_l_rr.bti (Size: 928)
[DEBUG | dusk] Loading Resource: tt_horiwaku_side_r_rr.bti (Size: 928)
[DEBUG | dusk] Loading Resource: tt_horiwaku_top_rr.bti (Size: 1056)
[DEBUG | dusk] Loading Resource: tt_i4_gra.bti (Size: 1056)
[DEBUG | dusk] Loading Resource: tt_iastarrr.bti (Size: 1056)
[DEBUG | dusk] Loading Resource: tt_itumonofuku_s3tc.bti (Size: 2624)
[DEBUG | dusk] Loading Resource: tt_kazari_kani_00.bti (Size: 4128)
[DEBUG | dusk] Loading Resource: tt_kazari_kani_02.bti (Size: 4128)
[DEBUG | dusk] Loading Resource: tt_kokirinoken_s3_tc.bti (Size: 2592)
[DEBUG | dusk] Loading Resource: tt_line2.bti (Size: 96)
[DEBUG | dusk] Loading Resource: tt_metal_cube_00.bti (Size: 1184)
[DEBUG | dusk] Loading Resource: tt_spot_square3.bti (Size: 2080)
[DEBUG | dusk] Loading Resource: tt_uzumaki_00.bti (Size: 16160)
[DEBUG | dusk] Loading Resource: tt_w08_160_gra.bti (Size: 6432)
[DEBUG | dusk] Loading Resource: tt_yakushima.bti (Size: 8224)
[DEBUG | dusk] Loading Resource: tt_zelda_button_ab_maru.bti (Size: 1632)
[DEBUG | dusk] Loading Resource: tt_zelda_button_a_8ia.bti (Size: 1568)
[DEBUG | dusk] Loading Resource: tt_zelda_button_a_text.bti (Size: 800)
[DEBUG | dusk] Loading Resource: tt_zelda_button_b_text.bti (Size: 512)
[DEBUG | dusk] Loading Resource: tt_zelda_revo_maru_button_64_8ia_01.bti (Size: 8736)
[DEBUG | dusk] [DIAG] fpcSCtRq_phase_Load: procName=0 ret=4
[DEBUG | dusk] fpcSCtRq_phase_CreateProcess: procName=0
[DEBUG | dusk] fpcBs_Create: pid=60 profname=fpcNm_OVERLAP0_e (0) profile=0x7b5ed51b18 procSize=384 unkSize=0
[DEBUG | dusk] fpcSCtRq_phase_CreateProcess: fpcBs_Create OK proc=0xb400007a13b05558
[DEBUG | dusk] fpcNdRq_phase_Create: name=11 layer=0x7b5ef85418
[DEBUG | dusk] fpcNdRq_phase_Create: creating_id=61 (error=4294967295)
[DEBUG | dusk] [DIAG] fpcSCtRq_phase_Load: procName=11 ret=4
[DEBUG | dusk] fpcSCtRq_phase_CreateProcess: procName=11
[DEBUG | dusk] fpcBs_Create: pid=61 profname=fpcNm_PLAY_SCENE_e (11) profile=0x7b5ed52268 procSize=912 unkSize=0
[DEBUG | dusk] fpcSCtRq_phase_CreateProcess: fpcBs_Create OK proc=0xb400007a13b05af0
[DEBUG | dusk] Loading Resource: vrbox_kasumim.bmd (Size: 2272)
[DEBUG | dusk] Loading Resource: vrbox_kumo.bmd (Size: 69664)
[DEBUG | dusk] Loading Resource: vrbox_sora.bmd (Size: 6624)
[DEBUG | dusk] Loading Resource: vrbox_sun.bmd (Size: 12032)
[DEBUG | dusk] Loading Resource: door-knob_00.bmd (Size: 10400)
[DEBUG | dusk] Loading Resource: door-knob_01.bmd (Size: 7904)
[DEBUG | dusk] Loading Resource: door-knob_02.bmd (Size: 9408)
[DEBUG | dusk] Loading Resource: vrbox_sun.btk (Size: 320)
[DEBUG | dusk] Loading Resource: colordata_tbl.dat (Size: 800)
[DEBUG | dusk] Loading Resource: pol_arg.dat (Size: 128)
[DEBUG | dusk] Loading Resource: pol_effcol.dat (Size: 128)
[DEBUG | dusk] Loading Resource: pol_effcol2.dat (Size: 128)
[DEBUG | dusk] Loading Resource: pol_efftbl.dat (Size: 128)
[DEBUG | dusk] Loading Resource: pol_efftbl2.dat (Size: 128)
[DEBUG | dusk] Loading Resource: pol_sound.dat (Size: 128)
[DEBUG | dusk] Loading Resource: stage.dzs (Size: 5088)
[DEBUG | dusk] Loading Resource: cloudtx_01.bti (Size: 4128)
[DEBUG | dusk] Loading Resource: cloudtx_02.bti (Size: 4128)
[DEBUG | dusk] Loading Resource: cloudtx_03.bti (Size: 4128)
[DEBUG | dusk] Loading Resource: f_moon.bti (Size: 8224)
[DEBUG | dusk] Loading Resource: f_moon_a.bti (Size: 2080)
[DEBUG | dusk] Loading Resource: f_moon_a_a00.bti (Size: 64)
[DEBUG | dusk] Loading Resource: f_moon_a_a01.bti (Size: 544)
[DEBUG | dusk] Loading Resource: f_moon_a_a02.bti (Size: 544)
[DEBUG | dusk] Loading Resource: f_moon_a_a03.bti (Size: 544)
[DEBUG | dusk] Loading Resource: event_list.dat (Size: 106476)
[DEBUG | dusk] Loading Resource: camstyle.dat (Size: 43328)
[DEBUG | dusk] Loading Resource: camtype.dat (Size: 14560)
[DEBUG | dusk] fpcBs_Create: pid=66 profname=fpcNm_SUSPEND_e (783) profile=0x7b5ed58c48 procSize=1632 unkSize=0
[DEBUG | dusk] fopScnM_CreateReq: procName=18 fade=32767
[DEBUG | dusk] fopScnM_CreateReq: result=5 (error=4294967295)
[DEBUG | dusk] fpcBs_Create: pid=70 profname=fpcNm_KANKYO_e (19) profile=0x7b5ed4ce60 procSize=440 unkSize=0
[DEBUG | dusk] fpcBs_Create: pid=72 profname=fpcNm_KYEFF_e (785) profile=0x7b5ed4ceb0 procSize=440 unkSize=0
[DEBUG | dusk] fpcBs_Create: pid=74 profname=fpcNm_KYEFF2_e (786) profile=0x7b5ed4cef0 procSize=440 unkSize=0
[DEBUG | dusk] fpcBs_Create: pid=76 profname=fpcNm_ENVSE_e (21) profile=0x7b5ed4bf20 procSize=456 unkSize=0
[DEBUG | dusk] fpcNdRq_phase_Create: name=18 layer=0xb400007a13b05c48
[DEBUG | dusk] fpcNdRq_phase_Create: creating_id=79 (error=4294967295)
[DEBUG | dusk] [DIAG] fpcSCtRq_phase_Load: procName=781 ret=4
[DEBUG | dusk] fpcSCtRq_phase_CreateProcess: procName=781
[DEBUG | dusk] fpcBs_Create: pid=62 profname=fpcNm_CAMERA_e (781) profile=0x7b5ed4bd68 procSize=4240 unkSize=0
[DEBUG | dusk] fpcSCtRq_phase_CreateProcess: fpcBs_Create OK proc=0xb400007a13b029dc
[DEBUG | dusk] [DIAG] fpcSCtRq_phase_Load: procName=686 ret=4
[DEBUG | dusk] fpcSCtRq_phase_CreateProcess: procName=686
[DEBUG | dusk] fpcBs_Create: pid=63 profname=fpcNm_KYTAG04_e (686) profile=0x7b5ed55f28 procSize=1784 unkSize=0
[DEBUG | dusk] fpcSCtRq_phase_CreateProcess: fpcBs_Create OK proc=0xb400007a13b022c4
[DEBUG | dusk] [DIAG] fpcSCtRq_phase_Load: procName=25 ret=4
[DEBUG | dusk] fpcSCtRq_phase_CreateProcess: procName=25
[DEBUG | dusk] fpcBs_Create: pid=64 profname=fpcNm_Tag_Gstart_e (25) profile=0x7b5ed5e860 procSize=1632 unkSize=0
[DEBUG | dusk] fpcSCtRq_phase_CreateProcess: fpcBs_Create OK proc=0xb400007a13b01c44
[DEBUG | dusk] [DIAG] fpcSCtRq_phase_Load: procName=699 ret=4
[DEBUG | dusk] fpcSCtRq_phase_CreateProcess: procName=699
[DEBUG | dusk] fpcBs_Create: pid=67 profname=fpcNm_KYTAG17_e (699) profile=0x7b5ed55fe0 procSize=1632 unkSize=0
[DEBUG | dusk] fpcSCtRq_phase_CreateProcess: fpcBs_Create OK proc=0xb400007a13b015c4
[DEBUG | dusk] [DIAG] fpcSCtRq_phase_Load: procName=238 ret=4
[DEBUG | dusk] fpcSCtRq_phase_CreateProcess: procName=238
[DEBUG | dusk] fpcBs_Create: pid=68 profname=fpcNm_HORSE_e (238) profile=0x7b5ed65d10 procSize=8464 unkSize=0
[DEBUG | dusk] fpcSCtRq_phase_CreateProcess: fpcBs_Create OK proc=0xb400007a13aff494
[DEBUG | dusk] [DIAG] fpcSCtRq_phase_Load: procName=730 ret=4
[DEBUG | dusk] fpcSCtRq_phase_CreateProcess: procName=730
[DEBUG | dusk] fpcBs_Create: pid=77 profname=fpcNm_VRBOX_e (730) profile=0x7b5ed58078 procSize=1648 unkSize=0
[DEBUG | dusk] fpcSCtRq_phase_CreateProcess: fpcBs_Create OK proc=0xb400007a13afee04
[DEBUG | dusk] [DIAG] fpcSCtRq_phase_Load: procName=731 ret=4
[DEBUG | dusk] fpcSCtRq_phase_CreateProcess: procName=731
[DEBUG | dusk] fpcBs_Create: pid=78 profname=fpcNm_VRBOX2_e (731) profile=0x7b5ed58130 procSize=1720 unkSize=0
[DEBUG | dusk] fpcSCtRq_phase_CreateProcess: fpcBs_Create OK proc=0xb400007a13afe72c
[DEBUG | dusk] [DIAG] fpcSCtRq_phase_Load: procName=18 ret=4
[DEBUG | dusk] fpcSCtRq_phase_CreateProcess: procName=18
[DEBUG | dusk] fpcBs_Create: pid=79 profname=fpcNm_ROOM_SCENE_e (18) profile=0x7b5ed52388 procSize=912 unkSize=0
[DEBUG | dusk] fpcSCtRq_phase_CreateProcess: fpcBs_Create OK proc=0xb400007a13afe37c
[DEBUG | dusk] Loading Resource: ef_portal.bmd (Size: 60192)
[DEBUG | dusk] Loading Resource: ef_portal_blue_app.brk (Size: 896)
[DEBUG | dusk] Loading Resource: ef_portal_blue_disapp.brk (Size: 896)
[DEBUG | dusk] Loading Resource: ef_portal_red_app.brk (Size: 896)
[DEBUG | dusk] Loading Resource: ef_portal_red_disapp.brk (Size: 896)
[DEBUG | dusk] Loading Resource: ef_portal.btk (Size: 1792)
[DEBUG | dusk] Loading Resource: model.bmd (Size: 1232640)
[DEBUG | dusk] Loading Resource: model1.bmd (Size: 5824)
[DEBUG | dusk] Loading Resource: model2.bmd (Size: 18752)
[DEBUG | dusk] Loading Resource: model3.bmd (Size: 13312)
[DEBUG | dusk] Loading Resource: model4.bmd (Size: 7488)
[DEBUG | dusk] Loading Resource: model5.bmd (Size: 82816)
[DEBUG | dusk] Loading Resource: model.btk (Size: 864)
[DEBUG | dusk] Loading Resource: model1.btk (Size: 320)
[DEBUG | dusk] Loading Resource: model2.btk (Size: 352)
[DEBUG | dusk] Loading Resource: model4.btk (Size: 320)
[DEBUG | dusk] Loading Resource: room.dzr (Size: 41024)
[DEBUG | dusk] Loading Resource: bomb_barn.stb (Size: 2528)
[DEBUG | dusk] Loading Resource: event_list.dat (Size: 24740)
[DEBUG | dusk] Loading Resource: kakariko.stb (Size: 1588)
[DEBUG | dusk] Loading Resource: light_soul.stb (Size: 1328)
[DEBUG | dusk] Loading Resource: r00_jmup.stb (Size: 604)
[DEBUG | dusk] Loading Resource: r00_jmup2.stb (Size: 672)
[DEBUG | dusk] Loading Resource: room.kcl (Size: 808478)
[DEBUG | dusk] Loading Resource: room.plc (Size: 1696)
[DEBUG | dusk] Loading Resource: demo36_alink_cut08_fc_1_o.bck (Size: 512)
[DEBUG | dusk] Loading Resource: demo36_alink_cut09_bd_1_o.bck (Size: 26176)
[DEBUG | dusk] Loading Resource: demo36_alink_cut09_fc_1_o.bck (Size: 480)
[DEBUG | dusk] Loading Resource: demo36_alink_cut10_bd_1_o.bck (Size: 28896)
[DEBUG | dusk] Loading Resource: demo36_alink_cut10_fc_1_o.bck (Size: 2720)
[DEBUG | dusk] Loading Resource: demo36_alink_cut11_bd_1_o.bck (Size: 17568)
[DEBUG | dusk] Loading Resource: demo36_alink_cut11_fc_1_o.bck (Size: 480)
[DEBUG | dusk] Loading Resource: demo36_alink_cut13_bd_1_o.bck (Size: 15328)
[DEBUG | dusk] Loading Resource: demo36_alink_cut13_fc_1_o.bck (Size: 3008)
[DEBUG | dusk] Loading Resource: demo36_alink_cut14_bd_1_o.bck (Size: 47232)
[DEBUG | dusk] Loading Resource: demo36_alink_cut14_fc_1_o.bck (Size: 4320)
[DEBUG | dusk] Loading Resource: demo36_alink_cut15_bd_1_o.bck (Size: 24448)
[DEBUG | dusk] Loading Resource: demo36_alink_cut15_fc_1_o.bck (Size: 3264)
[DEBUG | dusk] Loading Resource: demo36_alink_cut03_fc_1_o.bck (Size: 1088)
[DEBUG | dusk] Loading Resource: demo36_horse_cut02_bd_1_o.bck (Size: 26912)
[DEBUG | dusk] Loading Resource: demo36_horse_cut04_bd_1_o.bck (Size: 31712)
[DEBUG | dusk] Loading Resource: demo36_horse_cut05_bd_1_o.bck (Size: 27872)
[DEBUG | dusk] Loading Resource: demo36_horse_cut06_bd_1_o.bck (Size: 31776)
[DEBUG | dusk] Loading Resource: demo36_horse_cut07_bd_1_o.bck (Size: 15200)
[DEBUG | dusk] Loading Resource: demo36_horse_cut09_bd_1_o.bck (Size: 19808)
[DEBUG | dusk] Loading Resource: demo36_horse_cut11_bd_1_o.bck (Size: 36224)
[DEBUG | dusk] Loading Resource: demo36_horse_cut12_bd_1_o.bck (Size: 11648)
[DEBUG | dusk] Loading Resource: demo36_horse_cut13_bd_1_o.bck (Size: 17376)
[DEBUG | dusk] Loading Resource: demo36_horse_cut14_bd_1_o.bck (Size: 50848)
[DEBUG | dusk] Loading Resource: demo36_horse_cut15_bd_1_o.bck (Size: 26112)
[DEBUG | dusk] Loading Resource: demo36_rdd01_cut04_bd_1_o.bck (Size: 22240)
[DEBUG | dusk] Loading Resource: demo36_rdd01_cut05_bd_1_o.bck (Size: 11808)
[DEBUG | dusk] Loading Resource: demo36_rdd02_cut04_bd_1_o.bck (Size: 19776)
[DEBUG | dusk] Loading Resource: demo36_rdd02_cut05_bd_1_o.bck (Size: 13536)
[DEBUG | dusk] Loading Resource: demo36_alink_cut03_bd_1_o.bck (Size: 4480)
[DEBUG | dusk] Loading Resource: demo36_alink_cut06_bd_1_o.bck (Size: 3072)
[DEBUG | dusk] Loading Resource: demo36_alink_cut06_fc_1_o.bck (Size: 512)
[DEBUG | dusk] Loading Resource: demo36_alink_cut08_bd_1_o.bck (Size: 3104)
[DEBUG | dusk] Loading Resource: demo36_alink_cut16_bd_1_o.bck (Size: 14656)
[DEBUG | dusk] Loading Resource: demo36_alink_cut16_fc_1_o.bck (Size: 480)
[DEBUG | dusk] Loading Resource: demo36_horse_cut16_bd_1_o.bck (Size: 18400)
[DEBUG | dusk] Loading Resource: demo00_link_cut00_hd_tmp.bck (Size: 1536)
[DEBUG | dusk] Loading Resource: demo36_alink_cut15_hd_1_o.bck (Size: 1536)
[DEBUG | dusk] Loading Resource: demo36_link_cut03_hd_1_o.bck (Size: 1696)
[DEBUG | dusk] Loading Resource: demo36_link_cut10_hd_1_o.bck (Size: 1952)
[DEBUG | dusk] Loading Resource: demo36_link_cut13_hd_1_o.bck (Size: 1504)
[DEBUG | dusk] Loading Resource: demo36_alink_cut06_fc_1_o.btk (Size: 352)
[DEBUG | dusk] Loading Resource: demo36_alink_cut08_fc_1_o.btk (Size: 352)
[DEBUG | dusk] Loading Resource: demo36_alink_cut09_fc_1_o.btk (Size: 320)
[DEBUG | dusk] Loading Resource: demo36_alink_cut10_fc_1_o.btk (Size: 640)
[DEBUG | dusk] Loading Resource: demo36_alink_cut11_fc_1_o.btk (Size: 320)
[DEBUG | dusk] Loading Resource: demo36_alink_cut13_fc_1_o.btk (Size: 480)
[DEBUG | dusk] Loading Resource: demo36_alink_cut14_fc_1_o.btk (Size: 320)
[DEBUG | dusk] Loading Resource: demo36_alink_cut15_fc_1_o.btk (Size: 544)
[DEBUG | dusk] Loading Resource: demo36_alink_cut03_fc_1_o.btk (Size: 480)
[DEBUG | dusk] Loading Resource: demo36_alink_cut16_fc_1_o.btk (Size: 320)
[DEBUG | dusk] Loading Resource: demo36_alink_cut06_fc_1_o.btp (Size: 512)
[DEBUG | dusk] Loading Resource: demo36_alink_cut08_fc_1_o.btp (Size: 288)
[DEBUG | dusk] Loading Resource: demo36_alink_cut09_fc_1_o.btp (Size: 320)
[DEBUG | dusk] Loading Resource: demo36_alink_cut10_fc_1_o.btp (Size: 384)
[DEBUG | dusk] Loading Resource: demo36_alink_cut11_fc_1_o.btp (Size: 576)
[DEBUG | dusk] Loading Resource: demo36_alink_cut13_fc_1_o.btp (Size: 288)
[DEBUG | dusk] Loading Resource: demo36_alink_cut14_fc_1_o.btp (Size: 512)
[DEBUG | dusk] Loading Resource: demo36_alink_cut15_fc_1_o.btp (Size: 416)
[DEBUG | dusk] Loading Resource: demo36_alink_cut03_fc_1_o.btp (Size: 320)
[DEBUG | dusk] Loading Resource: demo36_alink_cut16_fc_1_o.btp (Size: 704)
[DEBUG | dusk] Loading Resource: demo04_rd2_cut00_gp_1_o.bmd (Size: 78208)
[DEBUG | dusk] Loading Resource: demo36_01.stb (Size: 14680)
[DEBUG | dusk] Loading Resource: demo36_02.stb (Size: 1976)
[DEBUG | dusk] [DIAG] fpcSCtRq_phase_Load: procName=253 ret=4
[DEBUG | dusk] fpcSCtRq_phase_CreateProcess: procName=253
[DEBUG | dusk] fpcBs_Create: pid=80 profname=fpcNm_ALINK_e (253) profile=0x7b5ed48250 procSize=18784 unkSize=0
[DEBUG | dusk] fpcSCtRq_phase_CreateProcess: fpcBs_Create OK proc=0xb400007a13af3744
[DEBUG | dusk] [DIAG] fpcSCtRq_phase_Load: procName=790 ret=4
[DEBUG | dusk] fpcSCtRq_phase_CreateProcess: procName=790
[DEBUG | dusk] fpcBs_Create: pid=81 profname=fpcNm_METER2_e (790) profile=0x7b5ed4f430 procSize=1504 unkSize=0
[DEBUG | dusk] fpcSCtRq_phase_CreateProcess: fpcBs_Create OK proc=0xb400007a13af3144
[DEBUG | dusk] [DIAG] fpcSCtRq_phase_Load: procName=732 ret=4
[DEBUG | dusk] fpcSCtRq_phase_CreateProcess: procName=732
[DEBUG | dusk] fpcBs_Create: pid=82 profname=fpcNm_BG_e (732) profile=0x7b5ed553f8 procSize=1904 unkSize=0
[DEBUG | dusk] fpcSCtRq_phase_CreateProcess: fpcBs_Create OK proc=0xb400007a13af27f4
[DEBUG | dusk] [DIAG] fpcSCtRq_phase_Load: procName=696 ret=4
[DEBUG | dusk] fpcSCtRq_phase_CreateProcess: procName=696
[DEBUG | dusk] fpcBs_Create: pid=83 profname=fpcNm_KYTAG14_e (696) profile=0x7b5ed59e28 procSize=1640 unkSize=0
[DEBUG | dusk] fpcSCtRq_phase_CreateProcess: fpcBs_Create OK proc=0xb400007a13af216c
[DEBUG | dusk] [DIAG] fpcSCtRq_phase_Load: procName=696 ret=4
[DEBUG | dusk] fpcSCtRq_phase_CreateProcess: procName=696
[DEBUG | dusk] fpcBs_Create: pid=84 profname=fpcNm_KYTAG14_e (696) profile=0x7b5ed59e28 procSize=1640 unkSize=0
[DEBUG | dusk] fpcSCtRq_phase_CreateProcess: fpcBs_Create OK proc=0xb400007a13af1ae4
[DEBUG | dusk] [DIAG] fpcSCtRq_phase_Load: procName=784 ret=4
[DEBUG | dusk] fpcSCtRq_phase_CreateProcess: procName=784
[DEBUG | dusk] fpcBs_Create: pid=85 profname=fpcNm_GRASS_e (784) profile=0x7b5ed59ae8 procSize=1640 unkSize=0
[DEBUG | dusk] fpcSCtRq_phase_CreateProcess: fpcBs_Create OK proc=0xb400007a13af145c
[DEBUG | dusk] [DIAG] fpcSCtRq_phase_Load: procName=784 ret=4
[DEBUG | dusk] fpcSCtRq_phase_CreateProcess: procName=784
[DEBUG | dusk] fpcBs_Create: pid=86 profname=fpcNm_GRASS_e (784) profile=0x7b5ed59ae8 procSize=1640 unkSize=0
[DEBUG | dusk] fpcSCtRq_phase_CreateProcess: fpcBs_Create OK proc=0xb400007a13af0dd4
[DEBUG | dusk] [DIAG] fpcSCtRq_phase_Load: procName=784 ret=4
[DEBUG | dusk] fpcSCtRq_phase_CreateProcess: procName=784
[DEBUG | dusk] fpcBs_Create: pid=87 profname=fpcNm_GRASS_e (784) profile=0x7b5ed59ae8 procSize=1640 unkSize=0
[DEBUG | dusk] fpcSCtRq_phase_CreateProcess: fpcBs_Create OK proc=0xb400007a13af074c
[DEBUG | dusk] [DIAG] fpcSCtRq_phase_Load: procName=784 ret=4
[DEBUG | dusk] fpcSCtRq_phase_CreateProcess: procName=784
[DEBUG | dusk] fpcBs_Create: pid=88 profname=fpcNm_GRASS_e (784) profile=0x7b5ed59ae8 procSize=1640 unkSize=0
[DEBUG | dusk] fpcSCtRq_phase_CreateProcess: fpcBs_Create OK proc=0xb400007a13af00c4
[DEBUG | dusk] [DIAG] fpcSCtRq_phase_Load: procName=784 ret=4
[DEBUG | dusk] fpcSCtRq_phase_CreateProcess: procName=784
[DEBUG | dusk] fpcBs_Create: pid=89 profname=fpcNm_GRASS_e (784) profile=0x7b5ed59ae8 procSize=1640 unkSize=0
[DEBUG | dusk] fpcSCtRq_phase_CreateProcess: fpcBs_Create OK proc=0xb400007a13aefa3c
[DEBUG | dusk] [DIAG] fpcSCtRq_phase_Load: procName=784 ret=4
[DEBUG | dusk] fpcSCtRq_phase_CreateProcess: procName=784
[DEBUG | dusk] fpcBs_Create: pid=90 profname=fpcNm_GRASS_e (784) profile=0x7b5ed59ae8 procSize=1640 unkSize=0
[DEBUG | dusk] fpcSCtRq_phase_CreateProcess: fpcBs_Create OK proc=0xb400007a13aef3b4
[DEBUG | dusk] [DIAG] fpcSCtRq_phase_Load: procName=784 ret=4
[DEBUG | dusk] fpcSCtRq_phase_CreateProcess: procName=784
[DEBUG | dusk] fpcBs_Create: pid=91 profname=fpcNm_GRASS_e (784) profile=0x7b5ed59ae8 procSize=1640 unkSize=0
[DEBUG | dusk] fpcSCtRq_phase_CreateProcess: fpcBs_Create OK proc=0xb400007a13aeed2c
[DEBUG | dusk] [DIAG] fpcSCtRq_phase_Load: procName=784 ret=4
[DEBUG | dusk] fpcSCtRq_phase_CreateProcess: procName=784
[DEBUG | dusk] fpcBs_Create: pid=92 profname=fpcNm_GRASS_e (784) profile=0x7b5ed59ae8 procSize=1640 unkSize=0
[DEBUG | dusk] fpcSCtRq_phase_CreateProcess: fpcBs_Create OK proc=0xb400007a13aee6a4
[DEBUG | dusk] [DIAG] fpcSCtRq_phase_Load: procName=784 ret=4
[DEBUG | dusk] fpcSCtRq_phase_CreateProcess: procName=784
[DEBUG | dusk] fpcBs_Create: pid=93 profname=fpcNm_GRASS_e (784) profile=0x7b5ed59ae8 procSize=1640 unkSize=0
[DEBUG | dusk] fpcSCtRq_phase_CreateProcess: fpcBs_Create OK proc=0xb400007a13aee01c
[DEBUG | dusk] [DIAG] fpcSCtRq_phase_Load: procName=784 ret=4
[DEBUG | dusk] fpcSCtRq_phase_CreateProcess: procName=784
[DEBUG | dusk] fpcBs_Create: pid=94 profname=fpcNm_GRASS_e (784) profile=0x7b5ed59ae8 procSize=1640 unkSize=0
[DEBUG | dusk] fpcSCtRq_phase_CreateProcess: fpcBs_Create OK proc=0xb400007a13aed994
[DEBUG | dusk] [DIAG] fpcSCtRq_phase_Load: procName=784 ret=4
[DEBUG | dusk] fpcSCtRq_phase_CreateProcess: procName=784
[DEBUG | dusk] fpcBs_Create: pid=95 profname=fpcNm_GRASS_e (784) profile=0x7b5ed59ae8 procSize=1640 unkSize=0
[DEBUG | dusk] fpcSCtRq_phase_CreateProcess: fpcBs_Create OK proc=0xb400007a13aed30c
[DEBUG | dusk] [DIAG] fpcSCtRq_phase_Load: procName=784 ret=4
[DEBUG | dusk] fpcSCtRq_phase_CreateProcess: procName=784
[DEBUG | dusk] fpcBs_Create: pid=96 profname=fpcNm_GRASS_e (784) profile=0x7b5ed59ae8 procSize=1640 unkSize=0
[DEBUG | dusk] fpcSCtRq_phase_CreateProcess: fpcBs_Create OK proc=0xb400007a13aecc84
[DEBUG | dusk] [DIAG] fpcSCtRq_phase_Load: procName=784 ret=4
[DEBUG | dusk] fpcSCtRq_phase_CreateProcess: procName=784
[DEBUG | dusk] fpcBs_Create: pid=97 profname=fpcNm_GRASS_e (784) profile=0x7b5ed59ae8 procSize=1640 unkSize=0
[DEBUG | dusk] fpcSCtRq_phase_CreateProcess: fpcBs_Create OK proc=0xb400007a13aec5fc
[DEBUG | dusk] [DIAG] fpcSCtRq_phase_Load: procName=784 ret=4
[DEBUG | dusk] fpcSCtRq_phase_CreateProcess: procName=784
[DEBUG | dusk] fpcBs_Create: pid=98 profname=fpcNm_GRASS_e (784) profile=0x7b5ed59ae8 procSize=1640 unkSize=0
[DEBUG | dusk] fpcSCtRq_phase_CreateProcess: fpcBs_Create OK proc=0xb400007a13aebf74
[DEBUG | dusk] [DIAG] fpcSCtRq_phase_Load: procName=784 ret=4
[DEBUG | dusk] fpcSCtRq_phase_CreateProcess: procName=784
[DEBUG | dusk] fpcBs_Create: pid=99 profname=fpcNm_GRASS_e (784) profile=0x7b5ed59ae8 procSize=1640 unkSize=0
[DEBUG | dusk] fpcSCtRq_phase_CreateProcess: fpcBs_Create OK proc=0xb400007a13aeb8ec
[DEBUG | dusk] [DIAG] fpcSCtRq_phase_Load: procName=784 ret=4
[DEBUG | dusk] fpcSCtRq_phase_CreateProcess: procName=784
[DEBUG | dusk] fpcBs_Create: pid=100 profname=fpcNm_GRASS_e (784) profile=0x7b5ed59ae8 procSize=1640 unkSize=0
[DEBUG | dusk] fpcSCtRq_phase_CreateProcess: fpcBs_Create OK proc=0xb400007a13aeb264
[DEBUG | dusk] [DIAG] fpcSCtRq_phase_Load: procName=784 ret=4
[DEBUG | dusk] fpcSCtRq_phase_CreateProcess: procName=784
[DEBUG | dusk] fpcBs_Create: pid=101 profname=fpcNm_GRASS_e (784) profile=0x7b5ed59ae8 procSize=1640 unkSize=0
[DEBUG | dusk] fpcSCtRq_phase_CreateProcess: fpcBs_Create OK proc=0xb400007a13aeabdc
[DEBUG | dusk] [DIAG] fpcSCtRq_phase_Load: procName=784 ret=4
[DEBUG | dusk] fpcSCtRq_phase_CreateProcess: procName=784
[DEBUG | dusk] fpcBs_Create: pid=102 profname=fpcNm_GRASS_e (784) profile=0x7b5ed59ae8 procSize=1640 unkSize=0
[DEBUG | dusk] fpcSCtRq_phase_CreateProcess: fpcBs_Create OK proc=0xb400007a13aea554
[DEBUG | dusk] [DIAG] fpcSCtRq_phase_Load: procName=784 ret=4
[DEBUG | dusk] fpcSCtRq_phase_CreateProcess: procName=784
[DEBUG | dusk] fpcBs_Create: pid=103 profname=fpcNm_GRASS_e (784) profile=0x7b5ed59ae8 procSize=1640 unkSize=0
[DEBUG | dusk] fpcSCtRq_phase_CreateProcess: fpcBs_Create OK proc=0xb400007a13ae9ecc
[DEBUG | dusk] [DIAG] fpcSCtRq_phase_Load: procName=784 ret=4
[DEBUG | dusk] fpcSCtRq_phase_CreateProcess: procName=784
[DEBUG | dusk] fpcBs_Create: pid=104 profname=fpcNm_GRASS_e (784) profile=0x7b5ed59ae8 procSize=1640 unkSize=0
[DEBUG | dusk] fpcSCtRq_phase_CreateProcess: fpcBs_Create OK proc=0xb400007a13ae9844
[DEBUG | dusk] [DIAG] fpcSCtRq_phase_Load: procName=784 ret=4
[DEBUG | dusk] fpcSCtRq_phase_CreateProcess: procName=784
[DEBUG | dusk] fpcBs_Create: pid=105 profname=fpcNm_GRASS_e (784) profile=0x7b5ed59ae8 procSize=1640 unkSize=0
[DEBUG | dusk] fpcSCtRq_phase_CreateProcess: fpcBs_Create OK proc=0xb400007a13ae91bc
[DEBUG | dusk] [DIAG] fpcSCtRq_phase_Load: procName=784 ret=4
[DEBUG | dusk] fpcSCtRq_phase_CreateProcess: procName=784
[DEBUG | dusk] fpcBs_Create: pid=106 profname=fpcNm_GRASS_e (784) profile=0x7b5ed59ae8 procSize=1640 unkSize=0
[DEBUG | dusk] fpcSCtRq_phase_CreateProcess: fpcBs_Create OK proc=0xb400007a13ae8b34
[DEBUG | dusk] [DIAG] fpcSCtRq_phase_Load: procName=784 ret=4
[DEBUG | dusk] fpcSCtRq_phase_CreateProcess: procName=784
[DEBUG | dusk] fpcBs_Create: pid=107 profname=fpcNm_GRASS_e (784) profile=0x7b5ed59ae8 procSize=1640 unkSize=0
[DEBUG | dusk] fpcSCtRq_phase_CreateProcess: fpcBs_Create OK proc=0xb400007a13ae84ac
[DEBUG | dusk] [DIAG] fpcSCtRq_phase_Load: procName=696 ret=4
[DEBUG | dusk] fpcSCtRq_phase_CreateProcess: procName=696
[DEBUG | dusk] fpcBs_Create: pid=108 profname=fpcNm_KYTAG14_e (696) profile=0x7b5ed59e28 procSize=1640 unkSize=0
[DEBUG | dusk] fpcSCtRq_phase_CreateProcess: fpcBs_Create OK proc=0xb400007a13ae7e24
[DEBUG | dusk] [DIAG] fpcSCtRq_phase_Load: procName=696 ret=4
[DEBUG | dusk] fpcSCtRq_phase_CreateProcess: procName=696
[DEBUG | dusk] fpcBs_Create: pid=109 profname=fpcNm_KYTAG14_e (696) profile=0x7b5ed59e28 procSize=1640 unkSize=0
[DEBUG | dusk] fpcSCtRq_phase_CreateProcess: fpcBs_Create OK proc=0xb400007a13ae779c
[DEBUG | dusk] [DIAG] fpcSCtRq_phase_Load: procName=561 ret=4
[DEBUG | dusk] fpcSCtRq_phase_CreateProcess: procName=561
[DEBUG | dusk] fpcBs_Create: pid=110 profname=fpcNm_ANDSW2_e (561) profile=0x7b5ed58e70 procSize=1632 unkSize=0
[DEBUG | dusk] fpcSCtRq_phase_CreateProcess: fpcBs_Create OK proc=0xb400007a13ae711c
[DEBUG | dusk] [DIAG] fpcSCtRq_phase_Load: procName=784 ret=4
[DEBUG | dusk] fpcSCtRq_phase_CreateProcess: procName=784
[DEBUG | dusk] fpcBs_Create: pid=111 profname=fpcNm_GRASS_e (784) profile=0x7b5ed59ae8 procSize=1640 unkSize=0
[DEBUG | dusk] fpcSCtRq_phase_CreateProcess: fpcBs_Create OK proc=0xb400007a13ae6a94
[DEBUG | dusk] [DIAG] fpcSCtRq_phase_Load: procName=784 ret=4
[DEBUG | dusk] fpcSCtRq_phase_CreateProcess: procName=784
[DEBUG | dusk] fpcBs_Create: pid=112 profname=fpcNm_GRASS_e (784) profile=0x7b5ed59ae8 procSize=1640 unkSize=0
[DEBUG | dusk] fpcSCtRq_phase_CreateProcess: fpcBs_Create OK proc=0xb400007a13ae640c
[DEBUG | dusk] [DIAG] fpcSCtRq_phase_Load: procName=784 ret=4
[DEBUG | dusk] fpcSCtRq_phase_CreateProcess: procName=784
[DEBUG | dusk] fpcBs_Create: pid=113 profname=fpcNm_GRASS_e (784) profile=0x7b5ed59ae8 procSize=1640 unkSize=0
[DEBUG | dusk] fpcSCtRq_phase_CreateProcess: fpcBs_Create OK proc=0xb400007a13ae5d84
[DEBUG | dusk] [DIAG] fpcSCtRq_phase_Load: procName=784 ret=4
[DEBUG | dusk] fpcSCtRq_phase_CreateProcess: procName=784
[DEBUG | dusk] fpcBs_Create: pid=114 profname=fpcNm_GRASS_e (784) profile=0x7b5ed59ae8 procSize=1640 unkSize=0
[DEBUG | dusk] fpcSCtRq_phase_CreateProcess: fpcBs_Create OK proc=0xb400007a13ae56fc
[DEBUG | dusk] [DIAG] fpcSCtRq_phase_Load: procName=561 ret=4
[DEBUG | dusk] fpcSCtRq_phase_CreateProcess: procName=561
[DEBUG | dusk] fpcBs_Create: pid=115 profname=fpcNm_ANDSW2_e (561) profile=0x7b5ed58e70 procSize=1632 unkSize=0
[DEBUG | dusk] fpcSCtRq_phase_CreateProcess: fpcBs_Create OK proc=0xb400007a13ae507c
[DEBUG | dusk] [DIAG] fpcSCtRq_phase_Load: procName=733 ret=4
[DEBUG | dusk] fpcSCtRq_phase_CreateProcess: procName=733
[DEBUG | dusk] fpcBs_Create: pid=116 profname=fpcNm_SET_BG_OBJ_e (733) profile=0x7b5ed56f08 procSize=1664 unkSize=0
[DEBUG | dusk] fpcSCtRq_phase_CreateProcess: fpcBs_Create OK proc=0xb400007a13ae49dc
[DEBUG | dusk] [DIAG] fpcSCtRq_phase_Load: procName=733 ret=4
[DEBUG | dusk] fpcSCtRq_phase_CreateProcess: procName=733
[DEBUG | dusk] fpcBs_Create: pid=117 profname=fpcNm_SET_BG_OBJ_e (733) profile=0x7b5ed56f08 procSize=1664 unkSize=0
[DEBUG | dusk] fpcSCtRq_phase_CreateProcess: fpcBs_Create OK proc=0xb400007a13ae433c
[DEBUG | dusk] [DIAG] fpcSCtRq_phase_Load: procName=733 ret=4
[DEBUG | dusk] fpcSCtRq_phase_CreateProcess: procName=733
[DEBUG | dusk] fpcBs_Create: pid=118 profname=fpcNm_SET_BG_OBJ_e (733) profile=0x7b5ed56f08 procSize=1664 unkSize=0
[DEBUG | dusk] fpcSCtRq_phase_CreateProcess: fpcBs_Create OK proc=0xb400007a13ae3c9c
[DEBUG | dusk] [DIAG] fpcSCtRq_phase_Load: procName=543 ret=4
[DEBUG | dusk] fpcSCtRq_phase_CreateProcess: procName=543
[DEBUG | dusk] fpcBs_Create: pid=119 profname=fpcNm_Obj_Drop_e (543) profile=0x7b5ed7a7e8 procSize=3616 unkSize=0
[DEBUG | dusk] fpcSCtRq_phase_CreateProcess: fpcBs_Create OK proc=0xb400007a13ae2e5c
[DEBUG | dusk] [DIAG] fpcSCtRq_phase_Load: procName=543 ret=4
[DEBUG | dusk] fpcSCtRq_phase_CreateProcess: procName=543
[DEBUG | dusk] fpcBs_Create: pid=120 profname=fpcNm_Obj_Drop_e (543) profile=0x7b5ed7a7e8 procSize=3616 unkSize=0
[DEBUG | dusk] fpcSCtRq_phase_CreateProcess: fpcBs_Create OK proc=0xb400007a13ae201c
[DEBUG | dusk] [DIAG] fpcSCtRq_phase_Load: procName=543 ret=4
[DEBUG | dusk] fpcSCtRq_phase_CreateProcess: procName=543
[DEBUG | dusk] fpcBs_Create: pid=121 profname=fpcNm_Obj_Drop_e (543) profile=0x7b5ed7a7e8 procSize=3616 unkSize=0
[DEBUG | dusk] fpcSCtRq_phase_CreateProcess: fpcBs_Create OK proc=0xb400007a13ae11dc
[DEBUG | dusk] [DIAG] fpcSCtRq_phase_Load: procName=251 ret=4
[DEBUG | dusk] fpcSCtRq_phase_CreateProcess: procName=251
[DEBUG | dusk] fpcBs_Create: pid=122 profname=fpcNm_TBOX_e (251) profile=0x7b5ed57d80 procSize=3328 unkSize=0
[DEBUG | dusk] fpcSCtRq_phase_CreateProcess: fpcBs_Create OK proc=0xb400007a13ae04bc
[DEBUG | dusk] [DIAG] fpcSCtRq_phase_Load: procName=251 ret=4
[DEBUG | dusk] fpcSCtRq_phase_CreateProcess: procName=251
[DEBUG | dusk] fpcBs_Create: pid=123 profname=fpcNm_TBOX_e (251) profile=0x7b5ed57d80 procSize=3328 unkSize=0
[DEBUG | dusk] fpcSCtRq_phase_CreateProcess: fpcBs_Create OK proc=0xb400007a13adf79c
[DEBUG | dusk] [DIAG] fpcSCtRq_phase_Load: procName=780 ret=4
[DEBUG | dusk] fpcSCtRq_phase_CreateProcess: procName=780
[DEBUG | dusk] fpcBs_Create: pid=124 profname=fpcNm_SCENE_EXIT_e (780) profile=0x7b5ed56e48 procSize=1680 unkSize=0
[DEBUG | dusk] fpcSCtRq_phase_CreateProcess: fpcBs_Create OK proc=0xb400007a13adf0ec
[DEBUG | dusk] [DIAG] fpcSCtRq_phase_Load: procName=780 ret=4
[DEBUG | dusk] fpcSCtRq_phase_CreateProcess: procName=780
[DEBUG | dusk] fpcBs_Create: pid=125 profname=fpcNm_SCENE_EXIT_e (780) profile=0x7b5ed56e48 procSize=1680 unkSize=0
[DEBUG | dusk] fpcSCtRq_phase_CreateProcess: fpcBs_Create OK proc=0xb400007a13adea3c
[DEBUG | dusk] [DIAG] fpcSCtRq_phase_Load: procName=719 ret=4
[DEBUG | dusk] fpcSCtRq_phase_CreateProcess: procName=719
[DEBUG | dusk] fpcBs_Create: pid=126 profname=fpcNm_TAG_CAMERA_e (719) profile=0x7b5ed57260 procSize=1672 unkSize=0
[DEBUG | dusk] fpcSCtRq_phase_CreateProcess: fpcBs_Create OK proc=0xb400007a13ade394
[DEBUG | dusk] [DIAG] fpcSCtRq_phase_Load: procName=234 ret=4
[DEBUG | dusk] fpcSCtRq_phase_CreateProcess: procName=234
[DEBUG | dusk] fpcBs_Create: pid=127 profname=fpcNm_Tag_Hjump_e (234) profile=0x7b5ed5ea30 procSize=1728 unkSize=0
[DEBUG | dusk] fpcSCtRq_phase_CreateProcess: fpcBs_Create OK proc=0xb400007a13addcb4
[DEBUG | dusk] [DIAG] fpcSCtRq_phase_Load: procName=719 ret=4
[DEBUG | dusk] fpcSCtRq_phase_CreateProcess: procName=719
[DEBUG | dusk] fpcBs_Create: pid=128 profname=fpcNm_TAG_CAMERA_e (719) profile=0x7b5ed57260 procSize=1672 unkSize=0
[DEBUG | dusk] fpcSCtRq_phase_CreateProcess: fpcBs_Create OK proc=0xb400007a13add60c
[DEBUG | dusk] [DIAG] fpcSCtRq_phase_Load: procName=780 ret=4
[DEBUG | dusk] fpcSCtRq_phase_CreateProcess: procName=780
[DEBUG | dusk] fpcBs_Create: pid=129 profname=fpcNm_SCENE_EXIT_e (780) profile=0x7b5ed56e48 procSize=1680 unkSize=0
[DEBUG | dusk] fpcSCtRq_phase_CreateProcess: fpcBs_Create OK proc=0xb400007a13adcf5c
[DEBUG | dusk] [DIAG] fpcSCtRq_phase_Load: procName=747 ret=4
[DEBUG | dusk] fpcSCtRq_phase_CreateProcess: procName=747
[DEBUG | dusk] fpcBs_Create: pid=130 profname=fpcNm_TAG_KMSG_e (747) profile=0x7b5ed57828 procSize=1768 unkSize=0
[DEBUG | dusk] fpcSCtRq_phase_CreateProcess: fpcBs_Create OK proc=0xb400007a13afd9d4
[DEBUG | dusk] [DIAG] fpcSCtRq_phase_Load: procName=747 ret=4
[DEBUG | dusk] fpcSCtRq_phase_CreateProcess: procName=747
[DEBUG | dusk] fpcBs_Create: pid=131 profname=fpcNm_TAG_KMSG_e (747) profile=0x7b5ed57828 procSize=1768 unkSize=0
[DEBUG | dusk] fpcSCtRq_phase_CreateProcess: fpcBs_Create OK proc=0xb400007a13adc854
[DEBUG | dusk] [DIAG] fpcSCtRq_phase_Load: procName=747 ret=4
[DEBUG | dusk] fpcSCtRq_phase_CreateProcess: procName=747
[DEBUG | dusk] fpcBs_Create: pid=132 profname=fpcNm_TAG_KMSG_e (747) profile=0x7b5ed57828 procSize=1768 unkSize=0
[DEBUG | dusk] fpcSCtRq_phase_CreateProcess: fpcBs_Create OK proc=0xb400007a13adc14c
[DEBUG | dusk] [DIAG] fpcSCtRq_phase_Load: procName=747 ret=4
[DEBUG | dusk] fpcSCtRq_phase_CreateProcess: procName=747
[DEBUG | dusk] fpcBs_Create: pid=133 profname=fpcNm_TAG_KMSG_e (747) profile=0x7b5ed57828 procSize=1768 unkSize=0
[DEBUG | dusk] fpcSCtRq_phase_CreateProcess: fpcBs_Create OK proc=0xb400007a13adba44
[DEBUG | dusk] [DIAG] fpcSCtRq_phase_Load: procName=747 ret=4
[DEBUG | dusk] fpcSCtRq_phase_CreateProcess: procName=747
[DEBUG | dusk] fpcBs_Create: pid=134 profname=fpcNm_TAG_KMSG_e (747) profile=0x7b5ed57828 procSize=1768 unkSize=0
[DEBUG | dusk] fpcSCtRq_phase_CreateProcess: fpcBs_Create OK proc=0xb400007a13adb33c
[DEBUG | dusk] [DIAG] fpcSCtRq_phase_Load: procName=747 ret=4
[DEBUG | dusk] fpcSCtRq_phase_CreateProcess: procName=747
[DEBUG | dusk] fpcBs_Create: pid=135 profname=fpcNm_TAG_KMSG_e (747) profile=0x7b5ed57828 procSize=1768 unkSize=0
[DEBUG | dusk] fpcSCtRq_phase_CreateProcess: fpcBs_Create OK proc=0xb400007a13adac34
[DEBUG | dusk] [DIAG] fpcSCtRq_phase_Load: procName=747 ret=4
[DEBUG | dusk] fpcSCtRq_phase_CreateProcess: procName=747
[DEBUG | dusk] fpcBs_Create: pid=136 profname=fpcNm_TAG_KMSG_e (747) profile=0x7b5ed57828 procSize=1768 unkSize=0
[DEBUG | dusk] fpcSCtRq_phase_CreateProcess: fpcBs_Create OK proc=0xb400007a13afd2cc
[DEBUG | dusk] [DIAG] fpcSCtRq_phase_Load: procName=721 ret=4
[DEBUG | dusk] fpcSCtRq_phase_CreateProcess: procName=721
[DEBUG | dusk] fpcBs_Create: pid=137 profname=fpcNm_TAG_EVENT_e (721) profile=0x7b5ed57480 procSize=1640 unkSize=0
[DEBUG | dusk] fpcSCtRq_phase_CreateProcess: fpcBs_Create OK proc=0xb400007a13ada5ac
[DEBUG | dusk] [DIAG] fpcSCtRq_phase_Load: procName=549 ret=4
[DEBUG | dusk] fpcSCtRq_phase_CreateProcess: procName=549
[DEBUG | dusk] fpcBs_Create: pid=138 profname=fpcNm_SWC00_e (549) profile=0x7b5ed5e4d0 procSize=1664 unkSize=0
[DEBUG | dusk] fpcSCtRq_phase_CreateProcess: fpcBs_Create OK proc=0xb400007a13ad9f0c
[DEBUG | dusk] [DIAG] fpcSCtRq_phase_Load: procName=549 ret=4
[DEBUG | dusk] fpcSCtRq_phase_CreateProcess: procName=549
[DEBUG | dusk] fpcBs_Create: pid=139 profname=fpcNm_SWC00_e (549) profile=0x7b5ed5e4d0 procSize=1664 unkSize=0
[DEBUG | dusk] fpcSCtRq_phase_CreateProcess: fpcBs_Create OK proc=0xb400007a13ad986c
[DEBUG | dusk] [DIAG] fpcSCtRq_phase_Load: procName=549 ret=4
[DEBUG | dusk] fpcSCtRq_phase_CreateProcess: procName=549
[DEBUG | dusk] fpcBs_Create: pid=140 profname=fpcNm_SWC00_e (549) profile=0x7b5ed5e4d0 procSize=1664 unkSize=0
[DEBUG | dusk] fpcSCtRq_phase_CreateProcess: fpcBs_Create OK proc=0xb400007a13ad91cc
[DEBUG | dusk] [DIAG] fpcSCtRq_phase_Load: procName=549 ret=4
[DEBUG | dusk] fpcSCtRq_phase_CreateProcess: procName=549
[DEBUG | dusk] fpcBs_Create: pid=141 profname=fpcNm_SWC00_e (549) profile=0x7b5ed5e4d0 procSize=1664 unkSize=0
[DEBUG | dusk] fpcSCtRq_phase_CreateProcess: fpcBs_Create OK proc=0xb400007a13ad8b2c
[DEBUG | dusk] [DIAG] fpcSCtRq_phase_Load: procName=550 ret=4
[DEBUG | dusk] fpcSCtRq_phase_CreateProcess: procName=550
[DEBUG | dusk] fpcBs_Create: pid=142 profname=fpcNm_KNOB20_e (550) profile=0x7b5ed558a0 procSize=1888 unkSize=0
[DEBUG | dusk] fpcSCtRq_phase_CreateProcess: fpcBs_Create OK proc=0xb400007a13ad83ac
[DEBUG | dusk] [DIAG] fpcSCtRq_phase_Load: procName=550 ret=4
[DEBUG | dusk] fpcSCtRq_phase_CreateProcess: procName=550
[DEBUG | dusk] fpcBs_Create: pid=143 profname=fpcNm_KNOB20_e (550) profile=0x7b5ed558a0 procSize=1888 unkSize=0
[DEBUG | dusk] fpcSCtRq_phase_CreateProcess: fpcBs_Create OK proc=0xb400007a13ad7c2c
[DEBUG | dusk] [DIAG] fpcSCtRq_phase_Load: procName=550 ret=4
[DEBUG | dusk] fpcSCtRq_phase_CreateProcess: procName=550
[DEBUG | dusk] fpcBs_Create: pid=144 profname=fpcNm_KNOB20_e (550) profile=0x7b5ed558a0 procSize=1888 unkSize=0
[DEBUG | dusk] fpcSCtRq_phase_CreateProcess: fpcBs_Create OK proc=0xb400007a13ad74ac
[DEBUG | dusk] [DIAG] fpcSCtRq_phase_Load: procName=550 ret=4
[DEBUG | dusk] fpcSCtRq_phase_CreateProcess: procName=550
[DEBUG | dusk] fpcBs_Create: pid=145 profname=fpcNm_KNOB20_e (550) profile=0x7b5ed558a0 procSize=1888 unkSize=0
[DEBUG | dusk] fpcSCtRq_phase_CreateProcess: fpcBs_Create OK proc=0xb400007a13ad6d2c
[DEBUG | dusk] [DIAG] fpcSCtRq_phase_Load: procName=550 ret=4
[DEBUG | dusk] fpcSCtRq_phase_CreateProcess: procName=550
[DEBUG | dusk] fpcBs_Create: pid=146 profname=fpcNm_KNOB20_e (550) profile=0x7b5ed558a0 procSize=1888 unkSize=0
[DEBUG | dusk] fpcSCtRq_phase_CreateProcess: fpcBs_Create OK proc=0xb400007a13ad65ac
[DEBUG | dusk] [DIAG] fpcSCtRq_phase_Load: procName=550 ret=4
[DEBUG | dusk] fpcSCtRq_phase_CreateProcess: procName=550
[DEBUG | dusk] fpcBs_Create: pid=147 profname=fpcNm_KNOB20_e (550) profile=0x7b5ed558a0 procSize=1888 unkSize=0
[DEBUG | dusk] fpcSCtRq_phase_CreateProcess: fpcBs_Create OK proc=0xb400007a13ad5e2c
[DEBUG | dusk] [DIAG] fpcSCtRq_phase_Load: procName=550 ret=4
[DEBUG | dusk] fpcSCtRq_phase_CreateProcess: procName=550
[DEBUG | dusk] fpcBs_Create: pid=148 profname=fpcNm_KNOB20_e (550) profile=0x7b5ed558a0 procSize=1888 unkSize=0
[DEBUG | dusk] fpcSCtRq_phase_CreateProcess: fpcBs_Create OK proc=0xb400007a13ad56ac
[DEBUG | dusk] [DIAG] fpcSCtRq_phase_Load: procName=550 ret=4
[DEBUG | dusk] fpcSCtRq_phase_CreateProcess: procName=550
[DEBUG | dusk] fpcBs_Create: pid=149 profname=fpcNm_KNOB20_e (550) profile=0x7b5ed558a0 procSize=1888 unkSize=0
[DEBUG | dusk] fpcSCtRq_phase_CreateProcess: fpcBs_Create OK proc=0xb400007a13ad4f2c
[DEBUG | dusk] [DIAG] fpcSCtRq_phase_Load: procName=550 ret=4
[DEBUG | dusk] fpcSCtRq_phase_CreateProcess: procName=550
[DEBUG | dusk] fpcBs_Create: pid=150 profname=fpcNm_KNOB20_e (550) profile=0x7b5ed558a0 procSize=1888 unkSize=0
[DEBUG | dusk] fpcSCtRq_phase_CreateProcess: fpcBs_Create OK proc=0xb400007a13ad47ac
[DEBUG | dusk] [DIAG] fpcSCtRq_phase_Load: procName=550 ret=4
[DEBUG | dusk] fpcSCtRq_phase_CreateProcess: procName=550
[DEBUG | dusk] fpcBs_Create: pid=151 profname=fpcNm_KNOB20_e (550) profile=0x7b5ed558a0 procSize=1888 unkSize=0
[DEBUG | dusk] fpcSCtRq_phase_CreateProcess: fpcBs_Create OK proc=0xb400007a13ad402c
[DEBUG | dusk] [DIAG] fpcSCtRq_phase_Load: procName=550 ret=4
[DEBUG | dusk] fpcSCtRq_phase_CreateProcess: procName=550
[DEBUG | dusk] fpcBs_Create: pid=152 profname=fpcNm_KNOB20_e (550) profile=0x7b5ed558a0 procSize=1888 unkSize=0
[DEBUG | dusk] fpcSCtRq_phase_CreateProcess: fpcBs_Create OK proc=0xb400007a13ad38ac
[DEBUG | dusk] [DIAG] fpcSCtRq_phase_Load: procName=721 ret=4
[DEBUG | dusk] fpcSCtRq_phase_CreateProcess: procName=721
[DEBUG | dusk] fpcBs_Create: pid=153 profname=fpcNm_TAG_EVENT_e (721) profile=0x7b5ed57480 procSize=1640 unkSize=0
[DEBUG | dusk] fpcSCtRq_phase_CreateProcess: fpcBs_Create OK proc=0xb400007a13afcc44
[DEBUG | dusk] [DIAG] fpcSCtRq_phase_Load: procName=708 ret=4
[DEBUG | dusk] fpcSCtRq_phase_CreateProcess: procName=708
[DEBUG | dusk] fpcBs_Create: pid=154 profname=fpcNm_Tag_Mstop_e (708) profile=0x7b5ed5ede8 procSize=1768 unkSize=0
[DEBUG | dusk] fpcSCtRq_phase_CreateProcess: fpcBs_Create OK proc=0xb400007a13ad31a4
[DEBUG | dusk] [DIAG] fpcSCtRq_phase_Load: procName=708 ret=4
[DEBUG | dusk] fpcSCtRq_phase_CreateProcess: procName=708
[DEBUG | dusk] fpcBs_Create: pid=155 profname=fpcNm_Tag_Mstop_e (708) profile=0x7b5ed5ede8 procSize=1768 unkSize=0
[DEBUG | dusk] fpcSCtRq_phase_CreateProcess: fpcBs_Create OK proc=0xb400007a13ad2a9c
[DEBUG | dusk] [DIAG] fpcSCtRq_phase_Load: procName=705 ret=4
[DEBUG | dusk] fpcSCtRq_phase_CreateProcess: procName=705
[DEBUG | dusk] fpcBs_Create: pid=156 profname=fpcNm_Tag_Mhint_e (705) profile=0x7b5ed5ed30 procSize=1768 unkSize=0
[DEBUG | dusk] fpcSCtRq_phase_CreateProcess: fpcBs_Create OK proc=0xb400007a13ad2394
[DEBUG | dusk] [DIAG] fpcSCtRq_phase_Load: procName=708 ret=4
[DEBUG | dusk] fpcSCtRq_phase_CreateProcess: procName=708
[DEBUG | dusk] fpcBs_Create: pid=157 profname=fpcNm_Tag_Mstop_e (708) profile=0x7b5ed5ede8 procSize=1768 unkSize=0
[DEBUG | dusk] fpcSCtRq_phase_CreateProcess: fpcBs_Create OK proc=0xb400007a13ad1c8c
[DEBUG | dusk] [DIAG] fpcSCtRq_phase_Load: procName=708 ret=4
[DEBUG | dusk] fpcSCtRq_phase_CreateProcess: procName=708
[DEBUG | dusk] fpcBs_Create: pid=158 profname=fpcNm_Tag_Mstop_e (708) profile=0x7b5ed5ede8 procSize=1768 unkSize=0
[DEBUG | dusk] fpcSCtRq_phase_CreateProcess: fpcBs_Create OK proc=0xb400007a13ad1584
[DEBUG | dusk] [DIAG] fpcSCtRq_phase_Load: procName=708 ret=4
[DEBUG | dusk] fpcSCtRq_phase_CreateProcess: procName=708
[DEBUG | dusk] fpcBs_Create: pid=159 profname=fpcNm_Tag_Mstop_e (708) profile=0x7b5ed5ede8 procSize=1768 unkSize=0
[DEBUG | dusk] fpcSCtRq_phase_CreateProcess: fpcBs_Create OK proc=0xb400007a13afb7d8
[DEBUG | dusk] [DIAG] fpcSCtRq_phase_Load: procName=549 ret=4
[DEBUG | dusk] fpcSCtRq_phase_CreateProcess: procName=549
[DEBUG | dusk] fpcBs_Create: pid=160 profname=fpcNm_SWC00_e (549) profile=0x7b5ed5e4d0 procSize=1664 unkSize=0
[DEBUG | dusk] fpcSCtRq_phase_CreateProcess: fpcBs_Create OK proc=0xb400007a13ad0ee4
[DEBUG | dusk] [DIAG] fpcSCtRq_phase_Load: procName=682 ret=4
[DEBUG | dusk] fpcSCtRq_phase_CreateProcess: procName=682
[DEBUG | dusk] fpcBs_Create: pid=161 profname=fpcNm_KYTAG00_e (682) profile=0x7b5ed55e70 procSize=1664 unkSize=0
[DEBUG | dusk] fpcSCtRq_phase_CreateProcess: fpcBs_Create OK proc=0xb400007a13ad0844
[DEBUG | dusk] [DIAG] fpcSCtRq_phase_Load: procName=682 ret=4
[DEBUG | dusk] fpcSCtRq_phase_CreateProcess: procName=682
[DEBUG | dusk] fpcBs_Create: pid=162 profname=fpcNm_KYTAG00_e (682) profile=0x7b5ed55e70 procSize=1664 unkSize=0
[DEBUG | dusk] fpcSCtRq_phase_CreateProcess: fpcBs_Create OK proc=0xb400007a13ad01a4
[DEBUG | dusk] [DIAG] fpcSCtRq_phase_Load: procName=719 ret=4
[DEBUG | dusk] fpcSCtRq_phase_CreateProcess: procName=719
[DEBUG | dusk] fpcBs_Create: pid=163 profname=fpcNm_TAG_CAMERA_e (719) profile=0x7b5ed57260 procSize=1672 unkSize=0
[DEBUG | dusk] fpcSCtRq_phase_CreateProcess: fpcBs_Create OK proc=0xb400007a13acfafc
[DEBUG | dusk] [DIAG] fpcSCtRq_phase_Load: procName=708 ret=4
[DEBUG | dusk] fpcSCtRq_phase_CreateProcess: procName=708
[DEBUG | dusk] fpcBs_Create: pid=164 profname=fpcNm_Tag_Mstop_e (708) profile=0x7b5ed5ede8 procSize=1768 unkSize=0
[DEBUG | dusk] fpcSCtRq_phase_CreateProcess: fpcBs_Create OK proc=0xb400007a13acf3f4
[DEBUG | dusk] [DIAG] fpcSCtRq_phase_Load: procName=719 ret=4
[DEBUG | dusk] fpcSCtRq_phase_CreateProcess: procName=719
[DEBUG | dusk] fpcBs_Create: pid=165 profname=fpcNm_TAG_CAMERA_e (719) profile=0x7b5ed57260 procSize=1672 unkSize=0
[DEBUG | dusk] fpcSCtRq_phase_CreateProcess: fpcBs_Create OK proc=0xb400007a13afb130
[DEBUG | dusk] [DIAG] fpcSCtRq_phase_Load: procName=429 ret=4
[DEBUG | dusk] fpcSCtRq_phase_CreateProcess: procName=429
[DEBUG | dusk] fpcBs_Create: pid=166 profname=fpcNm_Tag_Spring_e (429) profile=0x7b5ed5eea0 procSize=1632 unkSize=0
[DEBUG | dusk] fpcSCtRq_phase_CreateProcess: fpcBs_Create OK proc=0xb400007a13aced74
[DEBUG | dusk] [DIAG] fpcSCtRq_phase_Load: procName=705 ret=4
[DEBUG | dusk] fpcSCtRq_phase_CreateProcess: procName=705
[DEBUG | dusk] fpcBs_Create: pid=167 profname=fpcNm_Tag_Mhint_e (705) profile=0x7b5ed5ed30 procSize=1768 unkSize=0
[DEBUG | dusk] fpcSCtRq_phase_CreateProcess: fpcBs_Create OK proc=0xb400007a13ace66c
[DEBUG | dusk] [DIAG] fpcSCtRq_phase_Load: procName=705 ret=4
[DEBUG | dusk] fpcSCtRq_phase_CreateProcess: procName=705
[DEBUG | dusk] fpcBs_Create: pid=168 profname=fpcNm_Tag_Mhint_e (705) profile=0x7b5ed5ed30 procSize=1768 unkSize=0
[DEBUG | dusk] fpcSCtRq_phase_CreateProcess: fpcBs_Create OK proc=0xb400007a13acdf64
[DEBUG | dusk] [DIAG] fpcSCtRq_phase_Load: procName=706 ret=4
[DEBUG | dusk] fpcSCtRq_phase_CreateProcess: procName=706
[DEBUG | dusk] fpcBs_Create: pid=169 profname=fpcNm_Tag_Mmsg_e (706) profile=0x7b5ed8e6e8 procSize=1648 unkSize=0
[DEBUG | dusk] fpcSCtRq_phase_CreateProcess: fpcBs_Create OK proc=0xb400007a13acd8d4
[DEBUG | dusk] [DIAG] fpcSCtRq_phase_Load: procName=705 ret=4
[DEBUG | dusk] fpcSCtRq_phase_CreateProcess: procName=705
[DEBUG | dusk] fpcBs_Create: pid=170 profname=fpcNm_Tag_Mhint_e (705) profile=0x7b5ed5ed30 procSize=1768 unkSize=0
[DEBUG | dusk] fpcSCtRq_phase_CreateProcess: fpcBs_Create OK proc=0xb400007a13acd1cc
[DEBUG | dusk] [DIAG] fpcSCtRq_phase_Load: procName=706 ret=4
[DEBUG | dusk] fpcSCtRq_phase_CreateProcess: procName=706
[DEBUG | dusk] fpcBs_Create: pid=171 profname=fpcNm_Tag_Mmsg_e (706) profile=0x7b5ed8e6e8 procSize=1648 unkSize=0
[DEBUG | dusk] fpcSCtRq_phase_CreateProcess: fpcBs_Create OK proc=0xb400007a13afaaa0
[DEBUG | dusk] [DIAG] fpcSCtRq_phase_Load: procName=696 ret=4
[DEBUG | dusk] fpcSCtRq_phase_CreateProcess: procName=696
[DEBUG | dusk] fpcBs_Create: pid=172 profname=fpcNm_KYTAG14_e (696) profile=0x7b5ed59e28 procSize=1640 unkSize=0
[DEBUG | dusk] fpcSCtRq_phase_CreateProcess: fpcBs_Create OK proc=0xb400007a13accb44
[DEBUG | dusk] [DIAG] fpcSCtRq_phase_Load: procName=82 ret=4
[DEBUG | dusk] fpcSCtRq_phase_CreateProcess: procName=82
[DEBUG | dusk] fpcBs_Create: pid=173 profname=fpcNm_Obj_Digholl_e (82) profile=0x7b5ed7a3a0 procSize=1640 unkSize=0
[DEBUG | dusk] fpcSCtRq_phase_CreateProcess: fpcBs_Create OK proc=0xb400007a13acc4bc
[DEBUG | dusk] [DIAG] fpcSCtRq_phase_Load: procName=764 ret=4
[DEBUG | dusk] fpcSCtRq_phase_CreateProcess: procName=764
[DEBUG | dusk] fpcBs_Create: pid=174 profname=fpcNm_Obj_Carry_e (764) profile=0x7b5ed56960 procSize=4768 unkSize=0
[DEBUG | dusk] fpcSCtRq_phase_CreateProcess: fpcBs_Create OK proc=0xb400007a13acb1fc
[DEBUG | dusk] [DIAG] fpcSCtRq_phase_Load: procName=764 ret=4
[DEBUG | dusk] fpcSCtRq_phase_CreateProcess: procName=764
[DEBUG | dusk] fpcBs_Create: pid=175 profname=fpcNm_Obj_Carry_e (764) profile=0x7b5ed56960 procSize=4768 unkSize=0
[DEBUG | dusk] fpcSCtRq_phase_CreateProcess: fpcBs_Create OK proc=0xb400007a13ac9f3c
[DEBUG | dusk] [DIAG] fpcSCtRq_phase_Load: procName=764 ret=4
[DEBUG | dusk] fpcSCtRq_phase_CreateProcess: procName=764
[DEBUG | dusk] fpcBs_Create: pid=176 profname=fpcNm_Obj_Carry_e (764) profile=0x7b5ed56960 procSize=4768 unkSize=0
[DEBUG | dusk] fpcSCtRq_phase_CreateProcess: fpcBs_Create OK proc=0xb400007a13ac8c7c
[DEBUG | dusk] [DIAG] fpcSCtRq_phase_Load: procName=764 ret=4
[DEBUG | dusk] fpcSCtRq_phase_CreateProcess: procName=764
[DEBUG | dusk] fpcBs_Create: pid=177 profname=fpcNm_Obj_Carry_e (764) profile=0x7b5ed56960 procSize=4768 unkSize=0
[DEBUG | dusk] fpcSCtRq_phase_CreateProcess: fpcBs_Create OK proc=0xb400007a13ac79bc
[DEBUG | dusk] [DIAG] fpcSCtRq_phase_Load: procName=711 ret=4
[DEBUG | dusk] fpcSCtRq_phase_CreateProcess: procName=711
[DEBUG | dusk] fpcBs_Create: pid=178 profname=fpcNm_Tag_Wljump_e (711) profile=0x7b5ed8f950 procSize=1768 unkSize=0
[DEBUG | dusk] fpcSCtRq_phase_CreateProcess: fpcBs_Create OK proc=0xb400007a13ac72b4
[DEBUG | dusk] [DIAG] fpcSCtRq_phase_Load: procName=283 ret=4
[DEBUG | dusk] fpcSCtRq_phase_CreateProcess: procName=283
[DEBUG | dusk] fpcBs_Create: pid=179 profname=fpcNm_OBJ_KANBAN2_e (283) profile=0x7b5ed5cc80 procSize=3488 unkSize=0
[DEBUG | dusk] fpcSCtRq_phase_CreateProcess: fpcBs_Create OK proc=0xb400007a13ac64f4
[DEBUG | dusk] [DIAG] fpcSCtRq_phase_Load: procName=283 ret=4
[DEBUG | dusk] fpcSCtRq_phase_CreateProcess: procName=283
[DEBUG | dusk] fpcBs_Create: pid=180 profname=fpcNm_OBJ_KANBAN2_e (283) profile=0x7b5ed5cc80 procSize=3488 unkSize=0
[DEBUG | dusk] fpcSCtRq_phase_CreateProcess: fpcBs_Create OK proc=0xb400007a13ac5734
[DEBUG | dusk] [DIAG] fpcSCtRq_phase_Load: procName=283 ret=4
[DEBUG | dusk] fpcSCtRq_phase_CreateProcess: procName=283
[DEBUG | dusk] fpcBs_Create: pid=181 profname=fpcNm_OBJ_KANBAN2_e (283) profile=0x7b5ed5cc80 procSize=3488 unkSize=0
[DEBUG | dusk] fpcSCtRq_phase_CreateProcess: fpcBs_Create OK proc=0xb400007a13ac4974
[DEBUG | dusk] [DIAG] fpcSCtRq_phase_Load: procName=129 ret=4
[DEBUG | dusk] fpcSCtRq_phase_CreateProcess: procName=129
[DEBUG | dusk] fpcBs_Create: pid=182 profname=fpcNm_Obj_RiderGate_e (129) profile=0x7b5ed85de0 procSize=3992 unkSize=0
[DEBUG | dusk] fpcSCtRq_phase_CreateProcess: fpcBs_Create OK proc=0xb400007a13ac39bc
[DEBUG | dusk] [DIAG] fpcSCtRq_phase_Load: procName=83 ret=4
[DEBUG | dusk] fpcSCtRq_phase_CreateProcess: procName=83
[DEBUG | dusk] fpcBs_Create: pid=183 profname=fpcNm_Obj_Digpl_e (83) profile=0x7b5ed5c7f8 procSize=1712 unkSize=0
[DEBUG | dusk] fpcSCtRq_phase_CreateProcess: fpcBs_Create OK proc=0xb400007a13ac32ec
[DEBUG | dusk] [DIAG] fpcSCtRq_phase_Load: procName=83 ret=4
[DEBUG | dusk] fpcSCtRq_phase_CreateProcess: procName=83
[DEBUG | dusk] fpcBs_Create: pid=184 profname=fpcNm_Obj_Digpl_e (83) profile=0x7b5ed5c7f8 procSize=1712 unkSize=0
[DEBUG | dusk] fpcSCtRq_phase_CreateProcess: fpcBs_Create OK proc=0xb400007a13ac2c1c
[DEBUG | dusk] [DIAG] fpcSCtRq_phase_Load: procName=83 ret=4
[DEBUG | dusk] fpcSCtRq_phase_CreateProcess: procName=83
[DEBUG | dusk] fpcBs_Create: pid=185 profname=fpcNm_Obj_Digpl_e (83) profile=0x7b5ed5c7f8 procSize=1712 unkSize=0
[DEBUG | dusk] fpcSCtRq_phase_CreateProcess: fpcBs_Create OK proc=0xb400007a13ac254c
[DEBUG | dusk] [DIAG] fpcSCtRq_phase_Load: procName=83 ret=4
[DEBUG | dusk] fpcSCtRq_phase_CreateProcess: procName=83
[DEBUG | dusk] fpcBs_Create: pid=186 profname=fpcNm_Obj_Digpl_e (83) profile=0x7b5ed5c7f8 procSize=1712 unkSize=0
[DEBUG | dusk] fpcSCtRq_phase_CreateProcess: fpcBs_Create OK proc=0xb400007a13ac1e7c
[DEBUG | dusk] [DIAG] fpcSCtRq_phase_Load: procName=83 ret=4
[DEBUG | dusk] fpcSCtRq_phase_CreateProcess: procName=83
[DEBUG | dusk] fpcBs_Create: pid=187 profname=fpcNm_Obj_Digpl_e (83) profile=0x7b5ed5c7f8 procSize=1712 unkSize=0
[DEBUG | dusk] fpcSCtRq_phase_CreateProcess: fpcBs_Create OK proc=0xb400007a13ac17ac
[DEBUG | dusk] [DIAG] fpcSCtRq_phase_Load: procName=283 ret=4
[DEBUG | dusk] fpcSCtRq_phase_CreateProcess: procName=283
[DEBUG | dusk] fpcBs_Create: pid=188 profname=fpcNm_OBJ_KANBAN2_e (283) profile=0x7b5ed5cc80 procSize=3488 unkSize=0
[DEBUG | dusk] fpcSCtRq_phase_CreateProcess: fpcBs_Create OK proc=0xb400007a13ac09ec
[DEBUG | dusk] [DIAG] fpcSCtRq_phase_Load: procName=764 ret=4
[DEBUG | dusk] fpcSCtRq_phase_CreateProcess: procName=764
[DEBUG | dusk] fpcBs_Create: pid=189 profname=fpcNm_Obj_Carry_e (764) profile=0x7b5ed56960 procSize=4768 unkSize=0
[DEBUG | dusk] fpcSCtRq_phase_CreateProcess: fpcBs_Create OK proc=0xb400007a13abf72c
[DEBUG | dusk] [DIAG] fpcSCtRq_phase_Load: procName=764 ret=4
[DEBUG | dusk] fpcSCtRq_phase_CreateProcess: procName=764
[DEBUG | dusk] fpcBs_Create: pid=190 profname=fpcNm_Obj_Carry_e (764) profile=0x7b5ed56960 procSize=4768 unkSize=0
[DEBUG | dusk] fpcSCtRq_phase_CreateProcess: fpcBs_Create OK proc=0xb400007a13abe46c
[DEBUG | dusk] [DIAG] fpcSCtRq_phase_Load: procName=696 ret=4
[DEBUG | dusk] fpcSCtRq_phase_CreateProcess: procName=696
[DEBUG | dusk] fpcBs_Create: pid=191 profname=fpcNm_KYTAG14_e (696) profile=0x7b5ed59e28 procSize=1640 unkSize=0
[DEBUG | dusk] fpcSCtRq_phase_CreateProcess: fpcBs_Create OK proc=0xb400007a13abdde4
[DEBUG | dusk] [DIAG] fpcSCtRq_phase_Load: procName=130 ret=4
[DEBUG | dusk] fpcSCtRq_phase_CreateProcess: procName=130
[DEBUG | dusk] fpcBs_Create: pid=192 profname=fpcNm_Obj_Onsen_e (130) profile=0x7b5ed84af8 procSize=1736 unkSize=0
[DEBUG | dusk] fpcSCtRq_phase_CreateProcess: fpcBs_Create OK proc=0xb400007a13abd6fc
[DEBUG | dusk] [DIAG] fpcSCtRq_phase_Load: procName=733 ret=4
[DEBUG | dusk] fpcSCtRq_phase_CreateProcess: procName=733
[DEBUG | dusk] fpcBs_Create: pid=193 profname=fpcNm_SET_BG_OBJ_e (733) profile=0x7b5ed56f08 procSize=1664 unkSize=0
[DEBUG | dusk] fpcSCtRq_phase_CreateProcess: fpcBs_Create OK proc=0xb400007a13abd05c
[DEBUG | dusk] [DIAG] fpcSCtRq_phase_Load: procName=592 ret=4
[DEBUG | dusk] fpcSCtRq_phase_CreateProcess: procName=592
[DEBUG | dusk] fpcBs_Create: pid=194 profname=fpcNm_NPC_LEN_e (592) profile=0x7b5ed6f150 procSize=5376 unkSize=0
[DEBUG | dusk] fpcSCtRq_phase_CreateProcess: fpcBs_Create OK proc=0xb400007a13abbb3c
[DEBUG | dusk] [DIAG] fpcSCtRq_phase_Load: procName=593 ret=4
[DEBUG | dusk] fpcSCtRq_phase_CreateProcess: procName=593
[DEBUG | dusk] fpcBs_Create: pid=195 profname=fpcNm_NPC_LUD_e (593) profile=0x7b5ed6f5f8 procSize=5352 unkSize=0
[DEBUG | dusk] fpcSCtRq_phase_CreateProcess: fpcBs_Create OK proc=0xb400007a13aba634
[DEBUG | dusk] [DIAG] fpcSCtRq_phase_Load: procName=605 ret=4
[DEBUG | dusk] fpcSCtRq_phase_CreateProcess: procName=605
[DEBUG | dusk] fpcBs_Create: pid=196 profname=fpcNm_NPC_KOLIN_e (605) profile=0x7b5ed5b460 procSize=5432 unkSize=0
[DEBUG | dusk] fpcSCtRq_phase_CreateProcess: fpcBs_Create OK proc=0xb400007a13ab90dc
[DEBUG | dusk] [DIAG] fpcSCtRq_phase_Load: procName=581 ret=4
[DEBUG | dusk] fpcSCtRq_phase_CreateProcess: procName=581
[DEBUG | dusk] fpcBs_Create: pid=197 profname=fpcNm_NPC_BESU_e (581) profile=0x7b5ed5a4a8 procSize=5856 unkSize=0
[DEBUG | dusk] fpcSCtRq_phase_CreateProcess: fpcBs_Create OK proc=0xb400007a13ab79dc
[DEBUG | dusk] [DIAG] fpcSCtRq_phase_Load: procName=608 ret=4
[DEBUG | dusk] fpcSCtRq_phase_CreateProcess: procName=608
[DEBUG | dusk] fpcBs_Create: pid=198 profname=fpcNm_NPC_MARO_e (608) profile=0x7b5ed5ba00 procSize=5800 unkSize=0
[DEBUG | dusk] fpcSCtRq_phase_CreateProcess: fpcBs_Create OK proc=0xb400007a13ab6314
[DEBUG | dusk] [DIAG] fpcSCtRq_phase_Load: procName=622 ret=4
[DEBUG | dusk] fpcSCtRq_phase_CreateProcess: procName=622
[DEBUG | dusk] fpcBs_Create: pid=199 profname=fpcNm_NPC_TARO_e (622) profile=0x7b5ed5c050 procSize=6104 unkSize=0
[DEBUG | dusk] fpcSCtRq_phase_CreateProcess: fpcBs_Create OK proc=0xb400007a13ab4b1c
[DEBUG | dusk] [DIAG] fpcSCtRq_phase_Load: procName=592 ret=4
[DEBUG | dusk] fpcSCtRq_phase_CreateProcess: procName=592
[DEBUG | dusk] fpcBs_Create: pid=200 profname=fpcNm_NPC_LEN_e (592) profile=0x7b5ed6f150 procSize=5376 unkSize=0
[DEBUG | dusk] fpcSCtRq_phase_CreateProcess: fpcBs_Create OK proc=0xb400007a13ab35fc
[DEBUG | dusk] [DIAG] fpcSCtRq_phase_Load: procName=696 ret=4
[DEBUG | dusk] fpcSCtRq_phase_CreateProcess: procName=696
[DEBUG | dusk] fpcBs_Create: pid=201 profname=fpcNm_KYTAG14_e (696) profile=0x7b5ed59e28 procSize=1640 unkSize=0
[DEBUG | dusk] fpcSCtRq_phase_CreateProcess: fpcBs_Create OK proc=0xb400007a13ab2f74
[DEBUG | dusk] [DIAG] fpcSCtRq_phase_Load: procName=711 ret=4
[DEBUG | dusk] fpcSCtRq_phase_CreateProcess: procName=711
[DEBUG | dusk] fpcBs_Create: pid=202 profname=fpcNm_Tag_Wljump_e (711) profile=0x7b5ed8f950 procSize=1768 unkSize=0
[DEBUG | dusk] fpcSCtRq_phase_CreateProcess: fpcBs_Create OK proc=0xb400007a13ab286c
[DEBUG | dusk] [DIAG] fpcSCtRq_phase_Load: procName=83 ret=4
[DEBUG | dusk] fpcSCtRq_phase_CreateProcess: procName=83
[DEBUG | dusk] fpcBs_Create: pid=203 profname=fpcNm_Obj_Digpl_e (83) profile=0x7b5ed5c7f8 procSize=1712 unkSize=0
[DEBUG | dusk] fpcSCtRq_phase_CreateProcess: fpcBs_Create OK proc=0xb400007a13ab219c
[DEBUG | dusk] [DIAG] fpcSCtRq_phase_Load: procName=764 ret=4
[DEBUG | dusk] fpcSCtRq_phase_CreateProcess: procName=764
[DEBUG | dusk] fpcBs_Create: pid=204 profname=fpcNm_Obj_Carry_e (764) profile=0x7b5ed56960 procSize=4768 unkSize=0
[DEBUG | dusk] fpcSCtRq_phase_CreateProcess: fpcBs_Create OK proc=0xb400007a13ab0edc
[DEBUG | dusk] [DIAG] fpcSCtRq_phase_Load: procName=764 ret=4
[DEBUG | dusk] fpcSCtRq_phase_CreateProcess: procName=764
[DEBUG | dusk] fpcBs_Create: pid=205 profname=fpcNm_Obj_Carry_e (764) profile=0x7b5ed56960 procSize=4768 unkSize=0
[DEBUG | dusk] fpcSCtRq_phase_CreateProcess: fpcBs_Create OK proc=0xb400007a13aafc1c
[DEBUG | dusk] [DIAG] fpcSCtRq_phase_Load: procName=788 ret=4
[DEBUG | dusk] fpcSCtRq_phase_CreateProcess: procName=788
[DEBUG | dusk] fpcBs_Create: pid=206 profname=fpcNm_MENUWINDOW_e (788) profile=0x7b5ed4ee20 procSize=592 unkSize=0
[DEBUG | dusk] fpcSCtRq_phase_CreateProcess: fpcBs_Create OK proc=0xb400007a13af8430
[DEBUG | dusk] [DIAG] fpcSCtRq_phase_Load: procName=787 ret=4
[DEBUG | dusk] fpcSCtRq_phase_CreateProcess: procName=787
[DEBUG | dusk] fpcBs_Create: pid=207 profname=fpcNm_MSG_OBJECT_e (787) profile=0x7b5ed4fa98 procSize=1512 unkSize=0
[DEBUG | dusk] fpcSCtRq_phase_CreateProcess: fpcBs_Create OK proc=0xb400007a13aaf614
[DEBUG | dusk] Loading Resource: al_kantera.bmd (Size: 21024)
[DEBUG | dusk] Loading Resource: ef_ktglow.bmd (Size: 3040)
[DEBUG | dusk] Loading Resource: al.bmd (Size: 176288)
[DEBUG | dusk] Loading Resource: al_bootsh.bmd (Size: 22048)
[DEBUG | dusk] Loading Resource: al_face.bmd (Size: 72576)
[DEBUG | dusk] Loading Resource: al_hands.bmd (Size: 61056)
[DEBUG | dusk] Loading Resource: al_head.bmd (Size: 33851)
[DEBUG | dusk] Loading Resource: al_swb.bmd (Size: 23552)
[DEBUG | dusk] Loading Resource: ef_ktglow.btk (Size: 512)
[DEBUG | dusk] Loading Resource: model0.bmd (Size: 13312)
[DEBUG | dusk] Loading Resource: model1.bmd (Size: 10656)
[DEBUG | dusk] Loading Resource: model0.dzb (Size: 832)
[DEBUG | dusk] Loading Resource: spec.dat (Size: 148)
[DEBUG | dusk] Loading Resource: k_takaraa.bck (Size: 448)
[DEBUG | dusk] Loading Resource: k_takarab.bck (Size: 448)
[DEBUG | dusk] Loading Resource: k_takarab_slow.bck (Size: 448)
[DEBUG | dusk] Loading Resource: boxa.bmd (Size: 22912)
[DEBUG | dusk] Loading Resource: boxb.bmd (Size: 27232)
[DEBUG | dusk] Loading Resource: ef_boxb.bmd (Size: 13504)
[DEBUG | dusk] Loading Resource: k_tboxn.bmd (Size: 2048)
[DEBUG | dusk] Loading Resource: boxa.brk (Size: 416)
[DEBUG | dusk] Loading Resource: ef_boxb.brk (Size: 256)
[DEBUG | dusk] Loading Resource: boxa.btk (Size: 416)
[DEBUG | dusk] Loading Resource: boxac.dzb (Size: 640)
[DEBUG | dusk] Loading Resource: boxao.dzb (Size: 928)
[DEBUG | dusk] Loading Resource: boxbc.dzb (Size: 640)
[DEBUG | dusk] Loading Resource: boxbo.dzb (Size: 928)
[DEBUG | dusk] Loading Resource: fdoora.bck (Size: 352)
[DEBUG | dusk] Loading Resource: fdoorb.bck (Size: 320)
[DEBUG | dusk] Loading Resource: door-knobdummy.bmd (Size: 1792)
[DEBUG | dusk] Loading Resource: door-pushdoubledummy.bmd (Size: 2752)
[DEBUG | dusk] Loading Resource: door-knob.dzb (Size: 480)
[DEBUG | dusk] Loading Resource: door-pushdouble.dzb (Size: 480)
[DEBUG | dusk] Loading Resource: door-shutter.dzb (Size: 448)
[DEBUG | dusk] Loading Resource: door-shutterbig.dzb (Size: 768)
[DEBUG | dusk] Loading Resource: door-shutterboss.dzb (Size: 704)
[DEBUG | dusk] Loading Resource: door-shutterlv9.dzb (Size: 768)
[DEBUG | dusk] Loading Resource: j_hako_00.bmd (Size: 13312)
[DEBUG | dusk] Loading Resource: j_hako_00.dzb (Size: 608)
[DEBUG | dusk] Loading Resource: j_kanban00.bmd (Size: 11456)
[DEBUG | dusk] Loading Resource: j_kanban00_01.bmd (Size: 2336)
[DEBUG | dusk] Loading Resource: j_kanban00_02.bmd (Size: 2336)
[DEBUG | dusk] Loading Resource: j_kanban00_03.bmd (Size: 2304)
[DEBUG | dusk] Loading Resource: j_kanban00_04.bmd (Size: 2304)
[DEBUG | dusk] Loading Resource: j_kanban00_05.bmd (Size: 2304)
[DEBUG | dusk] Loading Resource: j_kanban00_06.bmd (Size: 2336)
[DEBUG | dusk] Loading Resource: j_kanban00_07.bmd (Size: 2336)
[DEBUG | dusk] Loading Resource: j_kanban00_08.bmd (Size: 2336)
[DEBUG | dusk] Loading Resource: j_kanban00_09.bmd (Size: 2400)
[DEBUG | dusk] Loading Resource: j_kanban00_10.bmd (Size: 2400)
[DEBUG | dusk] Loading Resource: j_kanban00_11.bmd (Size: 2368)
[DEBUG | dusk] Loading Resource: j_kanban00_12.bmd (Size: 2368)
[DEBUG | dusk] Loading Resource: j_kanban00_13.bmd (Size: 2368)
[DEBUG | dusk] Loading Resource: j_kanban00_14.bmd (Size: 2368)
[DEBUG | dusk] Loading Resource: j_kanban00_15.bmd (Size: 2368)
[DEBUG | dusk] Loading Resource: j_kanban00_16.bmd (Size: 2368)
[DEBUG | dusk] Loading Resource: j_kanban00_17.bmd (Size: 2400)
[DEBUG | dusk] Loading Resource: j_kanban00_18.bmd (Size: 2400)
[DEBUG | dusk] Loading Resource: m_ridergate.bmd (Size: 24544)
[DEBUG | dusk] Loading Resource: m_ridergate_hook.bmd (Size: 3648)
[DEBUG | dusk] Loading Resource: m_ridergate_key.bmd (Size: 3232)
[DEBUG | dusk] Loading Resource: m_ridergate.dzb (Size: 672)
[DEBUG | dusk] Loading Resource: event_list.dat (Size: 2020)
[DEBUG | dusk] Loading Resource: h_kakaonsen.bmd (Size: 3488)
[DEBUG | dusk] Loading Resource: h_kakaonsenb.bmd (Size: 3616)
[DEBUG | dusk] Loading Resource: h_kakaonsenb.btk (Size: 320)
[DEBUG | dusk] Loading Resource: h_kakaonsen.dzb (Size: 1280)
[DEBUG | dusk] Loading Resource: model0.bmd (Size: 20864)
[DEBUG | dusk] Loading Resource: model0.dzb (Size: 9344)
[DEBUG | dusk] Loading Resource: spec.dat (Size: 8)
[DEBUG | dusk] Loading Resource: len_f_talk_a.bck (Size: 2848)
[DEBUG | dusk] Loading Resource: len_step.bck (Size: 3744)
[DEBUG | dusk] Loading Resource: len_wait_a.bck (Size: 3616)
[DEBUG | dusk] Loading Resource: len.bmd (Size: 140032)
[DEBUG | dusk] Loading Resource: len.btk (Size: 256)
[DEBUG | dusk] Loading Resource: len.btp (Size: 128)
[DEBUG | dusk] Loading Resource: len_dislike_a.bck (Size: 3744)
[DEBUG | dusk] Loading Resource: len_dislike_b.bck (Size: 3552)
[DEBUG | dusk] Loading Resource: len_evade_a.bck (Size: 5216)
[DEBUG | dusk] Loading Resource: len_evade_b.bck (Size: 3840)
[DEBUG | dusk] Loading Resource: len_evade_c.bck (Size: 3808)
[DEBUG | dusk] Loading Resource: len_f_dislike_a.bck (Size: 3776)
[DEBUG | dusk] Loading Resource: len_f_dislike_b.bck (Size: 2976)
[DEBUG | dusk] Loading Resource: len_f_evade_a.bck (Size: 3104)
[DEBUG | dusk] Loading Resource: len_f_talk_b.bck (Size: 3040)
[DEBUG | dusk] Loading Resource: len_f_talk_c.bck (Size: 3136)
[DEBUG | dusk] Loading Resource: len_f_talk_d.bck (Size: 3168)
[DEBUG | dusk] Loading Resource: len_f_wait_bc_connect.bck (Size: 2752)
[DEBUG | dusk] Loading Resource: len_f_wait_c.bck (Size: 3680)
[DEBUG | dusk] Loading Resource: len_f_wait_d.bck (Size: 2400)
[DEBUG | dusk] Loading Resource: len_f_wait_e.bck (Size: 2688)
[DEBUG | dusk] Loading Resource: len_fh_dislike_b.bck (Size: 2592)
[DEBUG | dusk] Loading Resource: len_fh_evade_b.bck (Size: 2368)
[DEBUG | dusk] Loading Resource: len_fh_talk_c.bck (Size: 2368)
[DEBUG | dusk] Loading Resource: len_fh_talk_d.bck (Size: 2368)
[DEBUG | dusk] Loading Resource: len_fh_wait_c.bck (Size: 2368)
[DEBUG | dusk] Loading Resource: len_fh_wait_d.bck (Size: 2368)
[DEBUG | dusk] Loading Resource: len_talk_a.bck (Size: 5920)
[DEBUG | dusk] Loading Resource: len_talk_c.bck (Size: 7744)
[DEBUG | dusk] Loading Resource: len_wait_b.bck (Size: 4096)
[DEBUG | dusk] Loading Resource: len_wait_bc_connect.bck (Size: 4064)
[DEBUG | dusk] Loading Resource: len_wait_c.bck (Size: 4192)
[DEBUG | dusk] Loading Resource: len_wait_d.bck (Size: 3840)
[DEBUG | dusk] Loading Resource: len_wait_e.bck (Size: 3968)
[DEBUG | dusk] Loading Resource: len_walk_a.bck (Size: 5440)
[DEBUG | dusk] Loading Resource: len_f_dislike_a.btk (Size: 480)
[DEBUG | dusk] Loading Resource: len_f_dislike_b.btk (Size: 640)
[DEBUG | dusk] Loading Resource: len_fh_dislike_b.btk (Size: 288)
[DEBUG | dusk] Loading Resource: len_f_dislike_a.btp (Size: 288)
[DEBUG | dusk] Loading Resource: len_f_dislike_b.btp (Size: 288)
[DEBUG | dusk] Loading Resource: len_f_evade_a.btp (Size: 288)
[DEBUG | dusk] Loading Resource: len_f_talk_c.btp (Size: 288)
[DEBUG | dusk] Loading Resource: len_f_talk_d.btp (Size: 288)
[DEBUG | dusk] Loading Resource: len_f_wait_c.btp (Size: 288)
[DEBUG | dusk] Loading Resource: len_fh_talk_c.btp (Size: 96)
[DEBUG | dusk] Loading Resource: len_fh_talk_d.btp (Size: 96)
[DEBUG | dusk] Loading Resource: len_fh_wait_c.btp (Size: 96)
[DEBUG | dusk] Loading Resource: event_list.dat (Size: 7916)
[DEBUG | dusk] Loading Resource: lud_f_talk_a.bck (Size: 2688)
[DEBUG | dusk] Loading Resource: lud_step.bck (Size: 3104)
[DEBUG | dusk] Loading Resource: lud_wait_a.bck (Size: 3520)
[DEBUG | dusk] Loading Resource: lud.bmd (Size: 141984)
[DEBUG | dusk] Loading Resource: lud.btk (Size: 256)
[DEBUG | dusk] Loading Resource: lud.btp (Size: 128)
[DEBUG | dusk] Loading Resource: lud_f_fear_a.bck (Size: 2688)
[DEBUG | dusk] Loading Resource: lud_fear_a.bck (Size: 12000)
[DEBUG | dusk] Loading Resource: lud_talk_a.bck (Size: 5760)
[DEBUG | dusk] Loading Resource: lud_talk_b.bck (Size: 4544)
[DEBUG | dusk] Loading Resource: lud_f_fear_a.btp (Size: 288)
[DEBUG | dusk] Loading Resource: kolin_f_talk_a.bck (Size: 2368)
[DEBUG | dusk] Loading Resource: kolin_step.bck (Size: 3680)
[DEBUG | dusk] Loading Resource: kolin_wait_a.bck (Size: 2784)
[DEBUG | dusk] Loading Resource: kolin.bmd (Size: 118848)
[DEBUG | dusk] Loading Resource: kolin.btk (Size: 256)
[DEBUG | dusk] Loading Resource: kolin.btp (Size: 128)
[DEBUG | dusk] Loading Resource: kolin_f_talk_a.btp (Size: 288)
[DEBUG | dusk] Loading Resource: kolin_clup.bck (Size: 10016)
[DEBUG | dusk] Loading Resource: kolin_f_clup.bck (Size: 2752)
[DEBUG | dusk] Loading Resource: kolin_f_happy_talk.bck (Size: 2080)
[DEBUG | dusk] Loading Resource: kolin_f_kizuku.bck (Size: 2368)
[DEBUG | dusk] Loading Resource: kolin_f_normal_talk.bck (Size: 3232)
[DEBUG | dusk] Loading Resource: kolin_f_stone.bck (Size: 1984)
[DEBUG | dusk] Loading Resource: kolin_f_walk_a.bck (Size: 1792)
[DEBUG | dusk] Loading Resource: kolin_fh_kizuku.bck (Size: 1760)
[DEBUG | dusk] Loading Resource: kolin_fh_normal_talk.bck (Size: 1792)
[DEBUG | dusk] Loading Resource: kolin_fh_wait_d.bck (Size: 1792)
[DEBUG | dusk] Loading Resource: kolin_haihai.bck (Size: 4928)
[DEBUG | dusk] Loading Resource: kolin_happy_talk.bck (Size: 3168)
[DEBUG | dusk] Loading Resource: kolin_happy_wait.bck (Size: 2432)
[DEBUG | dusk] Loading Resource: kolin_normal_talk.bck (Size: 5632)
[DEBUG | dusk] Loading Resource: kolin_nozoku.bck (Size: 6560)
[DEBUG | dusk] Loading Resource: kolin_run.bck (Size: 5312)
[DEBUG | dusk] Loading Resource: kolin_stone.bck (Size: 5472)
[DEBUG | dusk] Loading Resource: kolin_talk_a.bck (Size: 4608)
[DEBUG | dusk] Loading Resource: kolin_turn.bck (Size: 4864)
[DEBUG | dusk] Loading Resource: kolin_wait_b.bck (Size: 4896)
[DEBUG | dusk] Loading Resource: kolin_wait_c.bck (Size: 2720)
[DEBUG | dusk] Loading Resource: kolin_wait_d.bck (Size: 3104)
[DEBUG | dusk] Loading Resource: kolin_walk_a.bck (Size: 5632)
[DEBUG | dusk] Loading Resource: kolin_walk_b.bck (Size: 4288)
[DEBUG | dusk] Loading Resource: kolin_clup.btk (Size: 288)
[DEBUG | dusk] Loading Resource: kolin_nozoku.btk (Size: 256)
[DEBUG | dusk] Loading Resource: kolin_stone.btk (Size: 288)
[DEBUG | dusk] Loading Resource: kolin_walk_a.btk (Size: 256)
[DEBUG | dusk] Loading Resource: kolin_f_clup.btp (Size: 256)
[DEBUG | dusk] Loading Resource: kolin_f_kizuku.btp (Size: 160)
[DEBUG | dusk] Loading Resource: kolin_f_stone.btp (Size: 192)
[DEBUG | dusk] Loading Resource: kolin_f_walk_a.btp (Size: 96)
[DEBUG | dusk] Loading Resource: kolin_fh_wait_d.btp (Size: 96)
[DEBUG | dusk] Loading Resource: event_list.dat (Size: 19728)
[DEBUG | dusk] Loading Resource: besu_body_talk.bck (Size: 4288)
[DEBUG | dusk] Loading Resource: besu_body_wait.bck (Size: 2496)
[DEBUG | dusk] Loading Resource: besu_f_talk_c.bck (Size: 2016)
[DEBUG | dusk] Loading Resource: besu_f_yokeru.bck (Size: 1536)
[DEBUG | dusk] Loading Resource: besu_fh_bikkuri.bck (Size: 1536)
[DEBUG | dusk] Loading Resource: besu_mad.bck (Size: 4320)
[DEBUG | dusk] Loading Resource: besu_mad_wait.bck (Size: 2560)
[DEBUG | dusk] Loading Resource: besu_normal_step.bck (Size: 3072)
[DEBUG | dusk] Loading Resource: besu_normal_talk.bck (Size: 4416)
[DEBUG | dusk] Loading Resource: besu_normal_talk_b.bck (Size: 4064)
[DEBUG | dusk] Loading Resource: besu_normal_wait.bck (Size: 2496)
[DEBUG | dusk] Loading Resource: besu_step.bck (Size: 2976)
[DEBUG | dusk] Loading Resource: besu_wait_a.bck (Size: 2560)
[DEBUG | dusk] Loading Resource: besu_wait_c.bck (Size: 2080)
[DEBUG | dusk] Loading Resource: besu_yokeru.bck (Size: 3296)
[DEBUG | dusk] Loading Resource: besu.btk (Size: 256)
[DEBUG | dusk] Loading Resource: besu.btp (Size: 128)
[DEBUG | dusk] Loading Resource: besu_f_yokeru.btp (Size: 160)
[DEBUG | dusk] Loading Resource: besu_fh_bikkuri.btp (Size: 160)
[DEBUG | dusk] Loading Resource: besu_f_madtalk.bck (Size: 2144)
[DEBUG | dusk] Loading Resource: besu_f_talk_a.bck (Size: 2080)
[DEBUG | dusk] Loading Resource: besu_f_talk_b.bck (Size: 2400)
[DEBUG | dusk] Loading Resource: besu_f_wait_b.bck (Size: 1504)
[DEBUG | dusk] Loading Resource: besu_fh_madtalk.bck (Size: 1472)
[DEBUG | dusk] Loading Resource: besu_fh_talk_a.bck (Size: 1504)
[DEBUG | dusk] Loading Resource: besu_fh_talk_b.bck (Size: 1568)
[DEBUG | dusk] Loading Resource: besu_run.bck (Size: 4288)
[DEBUG | dusk] Loading Resource: besu_talk_a.bck (Size: 11136)
[DEBUG | dusk] Loading Resource: besu_talk_b.bck (Size: 6176)
[DEBUG | dusk] Loading Resource: besu_wait_b.bck (Size: 2656)
[DEBUG | dusk] Loading Resource: besu_f_madtalk.btp (Size: 288)
[DEBUG | dusk] Loading Resource: besu_f_talk_a.btp (Size: 288)
[DEBUG | dusk] Loading Resource: besu_f_talk_b.btp (Size: 288)
[DEBUG | dusk] Loading Resource: besu_f_wait_b.btp (Size: 96)
[DEBUG | dusk] Loading Resource: besu_fh_madtalk.btp (Size: 96)
[DEBUG | dusk] Loading Resource: besu_fh_talk_a.btp (Size: 96)
[DEBUG | dusk] Loading Resource: besu_fh_talk_b.btp (Size: 96)
[DEBUG | dusk] Loading Resource: event_list.dat (Size: 11492)
[DEBUG | dusk] Loading Resource: besu3_f_worry.bck (Size: 1952)
[DEBUG | dusk] Loading Resource: besu3_fh_worry.bck (Size: 1504)
[DEBUG | dusk] Loading Resource: besu_f_suprise.bck (Size: 2432)
[DEBUG | dusk] Loading Resource: besu_fh_surprise.bck (Size: 1600)
[DEBUG | dusk] Loading Resource: besu_surprise.bck (Size: 3520)
[DEBUG | dusk] Loading Resource: besu3.bmd (Size: 132032)
[DEBUG | dusk] Loading Resource: besu_surprise.btk (Size: 256)
[DEBUG | dusk] Loading Resource: besu3.btp (Size: 128)
[DEBUG | dusk] Loading Resource: besu3_f_surprise.btp (Size: 288)
[DEBUG | dusk] Loading Resource: besu3_f_worry.btp (Size: 288)
[DEBUG | dusk] Loading Resource: besu3_fh_surprise.btp (Size: 256)
[DEBUG | dusk] Loading Resource: besu3_fh_worry.btp (Size: 96)
[DEBUG | dusk] Loading Resource: event_list.dat (Size: 2776)
[DEBUG | dusk] Loading Resource: maro_f_talk_a.bck (Size: 1824)
[DEBUG | dusk] Loading Resource: maro_step.bck (Size: 3456)
[DEBUG | dusk] Loading Resource: maro_wait_a.bck (Size: 2624)
[DEBUG | dusk] Loading Resource: maro.bmd (Size: 106624)
[DEBUG | dusk] Loading Resource: maro.btk (Size: 256)
[DEBUG | dusk] Loading Resource: maro.btp (Size: 128)
[DEBUG | dusk] Loading Resource: maro_f_talk_a.btp (Size: 224)
[DEBUG | dusk] Loading Resource: maro_f_surprise.bck (Size: 1696)
[DEBUG | dusk] Loading Resource: maro_f_talk_b.bck (Size: 1696)
[DEBUG | dusk] Loading Resource: maro_f_talk_c.bck (Size: 1696)
[DEBUG | dusk] Loading Resource: maro_fh_surprise.bck (Size: 1536)
[DEBUG | dusk] Loading Resource: maro_run.bck (Size: 3968)
[DEBUG | dusk] Loading Resource: maro_stop.bck (Size: 3968)
[DEBUG | dusk] Loading Resource: maro_talk_a.bck (Size: 3200)
[DEBUG | dusk] Loading Resource: maro_talk_b.bck (Size: 5888)
[DEBUG | dusk] Loading Resource: maro_talk_c.bck (Size: 11296)
[DEBUG | dusk] Loading Resource: maro_talk_b.btk (Size: 256)
[DEBUG | dusk] Loading Resource: maro_talk_c.btk (Size: 256)
[DEBUG | dusk] Loading Resource: maro_f_surprise.btp (Size: 192)
[DEBUG | dusk] Loading Resource: maro_f_talk_b.btp (Size: 288)
[DEBUG | dusk] Loading Resource: maro_f_talk_c.btp (Size: 320)
[DEBUG | dusk] Loading Resource: maro_fh_surprise.btp (Size: 96)
[DEBUG | dusk] Loading Resource: event_list.dat (Size: 4392)
[DEBUG | dusk] Loading Resource: taro.bmd (Size: 117440)
[DEBUG | dusk] Loading Resource: taro_f_normal.btp (Size: 128)
[DEBUG | dusk] Loading Resource: taro_defense_a.bck (Size: 3328)
[DEBUG | dusk] Loading Resource: taro_f_close.bck (Size: 1792)
[DEBUG | dusk] Loading Resource: taro_f_normal.bck (Size: 2496)
[DEBUG | dusk] Loading Resource: taro_step.bck (Size: 2944)
[DEBUG | dusk] Loading Resource: taro_wait_a.bck (Size: 2912)
[DEBUG | dusk] Loading Resource: taro.btk (Size: 256)
[DEBUG | dusk] Loading Resource: taro_f_close.btp (Size: 160)
[DEBUG | dusk] [DIAG] fpcSCtRq_phase_Load: procName=734 ret=4
[DEBUG | dusk] fpcSCtRq_phase_CreateProcess: procName=734
[DEBUG | dusk] fpcBs_Create: pid=208 profname=fpcNm_BG_OBJ_e (734) profile=0x7b5ed554d8 procSize=4344 unkSize=0
[DEBUG | dusk] fpcSCtRq_phase_CreateProcess: fpcBs_Create OK proc=0xb400007a13aae4fc
[DEBUG | dusk] fpcBs_Create: pid=213 profname=fpcNm_Tag_Attp_e (346) profile=0x7b5ed58d00 procSize=1632 unkSize=0
[DEBUG | dusk] [DIAG] fpcSCtRq_phase_Load: procName=734 ret=4
[DEBUG | dusk] fpcSCtRq_phase_CreateProcess: procName=734
[DEBUG | dusk] fpcBs_Create: pid=209 profname=fpcNm_BG_OBJ_e (734) profile=0x7b5ed554d8 procSize=4344 unkSize=0
[DEBUG | dusk] fpcSCtRq_phase_CreateProcess: fpcBs_Create OK proc=0xb400007a13aad3e4
[DEBUG | dusk] fpcBs_Create: pid=215 profname=fpcNm_Tag_Attp_e (346) profile=0x7b5ed58d00 procSize=1632 unkSize=0
[DEBUG | dusk] [DIAG] fpcSCtRq_phase_Load: procName=734 ret=4
[DEBUG | dusk] fpcSCtRq_phase_CreateProcess: procName=734
[DEBUG | dusk] fpcBs_Create: pid=210 profname=fpcNm_BG_OBJ_e (734) profile=0x7b5ed554d8 procSize=4344 unkSize=0
[DEBUG | dusk] fpcSCtRq_phase_CreateProcess: fpcBs_Create OK proc=0xb400007a13aabc4c
[DEBUG | dusk] fpcBs_Create: pid=217 profname=fpcNm_Tag_Attp_e (346) profile=0x7b5ed58d00 procSize=1632 unkSize=0
[DEBUG | dusk] [DIAG] fpcSCtRq_phase_Load: procName=734 ret=4
[DEBUG | dusk] fpcSCtRq_phase_CreateProcess: procName=734
[DEBUG | dusk] fpcBs_Create: pid=211 profname=fpcNm_BG_OBJ_e (734) profile=0x7b5ed554d8 procSize=4344 unkSize=0
[DEBUG | dusk] fpcSCtRq_phase_CreateProcess: fpcBs_Create OK proc=0xb400007a13aaa4b4
[DEBUG | dusk] Loading Resource: event_list.dat (Size: 11912)
[DEBUG | dusk] Loading Resource: taro_chop_a.bck (Size: 9856)
[DEBUG | dusk] Loading Resource: taro_chop_b.bck (Size: 8480)
[DEBUG | dusk] Loading Resource: taro_f_panic.bck (Size: 2368)
[DEBUG | dusk] Loading Resource: taro_f_s_get.bck (Size: 2176)
[DEBUG | dusk] Loading Resource: taro_f_sad.bck (Size: 2112)
[DEBUG | dusk] Loading Resource: taro_f_shout.bck (Size: 1952)
[DEBUG | dusk] Loading Resource: taro_f_surprise.bck (Size: 1792)
[DEBUG | dusk] Loading Resource: taro_fh_panic.bck (Size: 1664)
[DEBUG | dusk] Loading Resource: taro_fh_sad.bck (Size: 1664)
[DEBUG | dusk] Loading Resource: taro_fh_surprise.bck (Size: 1696)
[DEBUG | dusk] Loading Resource: taro_run.bck (Size: 5152)
[DEBUG | dusk] Loading Resource: taro_s_chop_a.bck (Size: 13504)
[DEBUG | dusk] Loading Resource: taro_s_chop_b.bck (Size: 14592)
[DEBUG | dusk] Loading Resource: taro_s_get.bck (Size: 16864)
[DEBUG | dusk] Loading Resource: taro_s_run.bck (Size: 5184)
[DEBUG | dusk] Loading Resource: taro_s_wait.bck (Size: 3648)
[DEBUG | dusk] Loading Resource: taro_talk_a.bck (Size: 6496)
[DEBUG | dusk] Loading Resource: taro_talk_b.bck (Size: 3616)
[DEBUG | dusk] Loading Resource: taro_wait_b.bck (Size: 4640)
[DEBUG | dusk] Loading Resource: taro_wait_d.bck (Size: 3488)
[DEBUG | dusk] Loading Resource: taro_wait_e.bck (Size: 5408)
[DEBUG | dusk] Loading Resource: taro_wait_f.bck (Size: 2944)
[DEBUG | dusk] Loading Resource: taro_stick_a.bmd (Size: 14688)
[DEBUG | dusk] Loading Resource: taro_swb.bmd (Size: 21664)
[DEBUG | dusk] Loading Resource: taro_s_get.btk (Size: 512)
[DEBUG | dusk] Loading Resource: taro_talk_c.btk (Size: 384)
[DEBUG | dusk] Loading Resource: taro_talk_e.btk (Size: 256)
[DEBUG | dusk] Loading Resource: taro_tark_d.btk (Size: 448)
[DEBUG | dusk] Loading Resource: taro_f_panic.btp (Size: 288)
[DEBUG | dusk] Loading Resource: taro_f_s_get.btp (Size: 320)
[DEBUG | dusk] Loading Resource: taro_f_sad.btp (Size: 288)
[DEBUG | dusk] Loading Resource: taro_f_shout.btp (Size: 192)
[DEBUG | dusk] Loading Resource: taro_f_surprise.btp (Size: 160)
[DEBUG | dusk] Loading Resource: taro_fh_panic.btp (Size: 96)
[DEBUG | dusk] Loading Resource: taro_fh_sad.btp (Size: 96)
[DEBUG | dusk] Loading Resource: taro_fh_surprise.btp (Size: 224)
[DEBUG | dusk] Loading Resource: event_list.dat (Size: 66960)
[DEBUG | dusk] Loading Resource: taro_f_anger.bck (Size: 2208)
[DEBUG | dusk] Loading Resource: taro_f_smile.bck (Size: 2144)
[DEBUG | dusk] Loading Resource: taro_fh_anger.bck (Size: 1632)
[DEBUG | dusk] Loading Resource: taro_fh_smile.bck (Size: 1632)
[DEBUG | dusk] Loading Resource: taro_to_wait_c.bck (Size: 3744)
[DEBUG | dusk] Loading Resource: taro_victory_a.bck (Size: 6048)
[DEBUG | dusk] Loading Resource: taro_wait_c.bck (Size: 3008)
[DEBUG | dusk] Loading Resource: taro_f_anger.btp (Size: 288)
[DEBUG | dusk] Loading Resource: taro_f_smile.btp (Size: 288)
[DEBUG | dusk] Loading Resource: taro_fh_smile.btp (Size: 96)
[DEBUG | dusk] Loading Resource: al_shb.bmd (Size: 15040)
[DEBUG | dusk] [DIAG] fpcSCtRq_phase_Load: procName=255 ret=4
[DEBUG | dusk] fpcSCtRq_phase_CreateProcess: procName=255
[DEBUG | dusk] fpcBs_Create: pid=218 profname=fpcNm_MIDNA_e (255) profile=0x7b5ed58698 procSize=3360 unkSize=0
[DEBUG | dusk] fpcSCtRq_phase_CreateProcess: fpcBs_Create OK proc=0xb400007a13af071c
[DEBUG | dusk] Loading Resource: s_md_hands.bmd (Size: 19776)
[DEBUG | dusk] Loading Resource: s_md_mask.bmd (Size: 15424)
[DEBUG | dusk] Loading Resource: s_md_gokou.bmd (Size: 3008)
[DEBUG | dusk] Loading Resource: s_md.bmd (Size: 69984)
[DEBUG | dusk] Loading Resource: s_md_hair_hand.bmd (Size: 18944)
[DEBUG | dusk] Loading Resource: s_md_appear.brk (Size: 352)
[DEBUG | dusk] Loading Resource: s_md_gokou_appear.brk (Size: 256)
[DEBUG | dusk] Loading Resource: s_md_hair_hand_appear.brk (Size: 288)
[DEBUG | dusk] Loading Resource: s_md_mask_appear.brk (Size: 256)
[DEBUG | dusk] Loading Resource: s_md_hair_hand_moya.btk (Size: 544)
[DEBUG | dusk] Loading Resource: s_md_hands_moya.btk (Size: 608)
[DEBUG | dusk] Loading Resource: s_md_mask_moya.btk (Size: 320)
[DEBUG | dusk] Loading Resource: s_md_moya.btk (Size: 512)
[DEBUG | dusk] frameInterp: onTypeChange 41 -> 40 (event_type_id=40, leaving_event=false, entering_event=true)
[DEBUG | dusk] frameInterp: presentation sync not requested for ZEV event [CURRENT] (staff idx 25)
[DEBUG | dusk] fapGm_Execute frame=600
[DEBUG | dusk] frameInterp: onTypeChange 40 -> 41 (event_type_id=40, leaving_event=true, entering_event=false)
[DEBUG | dusk] [DIAG] fpcSCtRq_phase_Load: procName=771 ret=4
[DEBUG | dusk] fpcSCtRq_phase_CreateProcess: procName=771
[DEBUG | dusk] fpcBs_Create: pid=219 profname=fpcNm_WMARK_e (771) profile=0x7b5ed52800 procSize=1376 unkSize=0
[DEBUG | dusk] fpcSCtRq_phase_CreateProcess: fpcBs_Create OK proc=0xb400007a13af019c
[DEBUG | dusk] [DIAG] fpcSCtRq_phase_Load: procName=771 ret=4
[DEBUG | dusk] fpcSCtRq_phase_CreateProcess: procName=771
[DEBUG | dusk] fpcBs_Create: pid=220 profname=fpcNm_WMARK_e (771) profile=0x7b5ed52800 procSize=1376 unkSize=0
[DEBUG | dusk] fpcSCtRq_phase_CreateProcess: fpcBs_Create OK proc=0xb400007a13aefc1c
[DEBUG | dusk] [DIAG] fpcSCtRq_phase_Load: procName=771 ret=4
[DEBUG | dusk] fpcSCtRq_phase_CreateProcess: procName=771
[DEBUG | dusk] fpcBs_Create: pid=221 profname=fpcNm_WMARK_e (771) profile=0x7b5ed52800 procSize=1376 unkSize=0
[DEBUG | dusk] fpcSCtRq_phase_CreateProcess: fpcBs_Create OK proc=0xb400007a13aef69c
[DEBUG | dusk] [DIAG] fpcSCtRq_phase_Load: procName=771 ret=4
[DEBUG | dusk] fpcSCtRq_phase_CreateProcess: procName=771
[DEBUG | dusk] fpcBs_Create: pid=222 profname=fpcNm_WMARK_e (771) profile=0x7b5ed52800 procSize=1376 unkSize=0
[DEBUG | dusk] fpcSCtRq_phase_CreateProcess: fpcBs_Create OK proc=0xb400007a13aef11c
[DEBUG | dusk] [DIAG] fpcSCtRq_phase_Load: procName=771 ret=4
[DEBUG | dusk] fpcSCtRq_phase_CreateProcess: procName=771
[DEBUG | dusk] fpcBs_Create: pid=223 profname=fpcNm_WMARK_e (771) profile=0x7b5ed52800 procSize=1376 unkSize=0
[DEBUG | dusk] fpcSCtRq_phase_CreateProcess: fpcBs_Create OK proc=0xb400007a13aeeb9c
[DEBUG | dusk] [DIAG] fpcSCtRq_phase_Load: procName=771 ret=4
[DEBUG | dusk] fpcSCtRq_phase_CreateProcess: procName=771
[DEBUG | dusk] fpcBs_Create: pid=224 profname=fpcNm_WMARK_e (771) profile=0x7b5ed52800 procSize=1376 unkSize=0
[DEBUG | dusk] fpcSCtRq_phase_CreateProcess: fpcBs_Create OK proc=0xb400007a13aee61c
[DEBUG | dusk] [DIAG] fpcSCtRq_phase_Load: procName=771 ret=4
[DEBUG | dusk] fpcSCtRq_phase_CreateProcess: procName=771
[DEBUG | dusk] fpcBs_Create: pid=225 profname=fpcNm_WMARK_e (771) profile=0x7b5ed52800 procSize=1376 unkSize=0
[DEBUG | dusk] fpcSCtRq_phase_CreateProcess: fpcBs_Create OK proc=0xb400007a13aee09c
[DEBUG | dusk] [DIAG] fpcSCtRq_phase_Load: procName=771 ret=4
[DEBUG | dusk] fpcSCtRq_phase_CreateProcess: procName=771
[DEBUG | dusk] fpcBs_Create: pid=226 profname=fpcNm_WMARK_e (771) profile=0x7b5ed52800 procSize=1376 unkSize=0
[DEBUG | dusk] fpcSCtRq_phase_CreateProcess: fpcBs_Create OK proc=0xb400007a13aedb1c
[DEBUG | dusk] [DIAG] fpcSCtRq_phase_Load: procName=771 ret=4
[DEBUG | dusk] fpcSCtRq_phase_CreateProcess: procName=771
[DEBUG | dusk] fpcBs_Create: pid=227 profname=fpcNm_WMARK_e (771) profile=0x7b5ed52800 procSize=1376 unkSize=0
[DEBUG | dusk] fpcSCtRq_phase_CreateProcess: fpcBs_Create OK proc=0xb400007a13aed59c
[DEBUG | dusk] [DIAG] fpcSCtRq_phase_Load: procName=771 ret=4
[DEBUG | dusk] fpcSCtRq_phase_CreateProcess: procName=771
[DEBUG | dusk] fpcBs_Create: pid=228 profname=fpcNm_WMARK_e (771) profile=0x7b5ed52800 procSize=1376 unkSize=0
[DEBUG | dusk] fpcSCtRq_phase_CreateProcess: fpcBs_Create OK proc=0xb400007a13af019c
[DEBUG | dusk] [DIAG] fpcSCtRq_phase_Load: procName=771 ret=4
[DEBUG | dusk] fpcSCtRq_phase_CreateProcess: procName=771
[DEBUG | dusk] fpcBs_Create: pid=229 profname=fpcNm_WMARK_e (771) profile=0x7b5ed52800 procSize=1376 unkSize=0
[DEBUG | dusk] fpcSCtRq_phase_CreateProcess: fpcBs_Create OK proc=0xb400007a13aefc1c
[DEBUG | dusk] [DIAG] fpcSCtRq_phase_Load: procName=771 ret=4
[DEBUG | dusk] fpcSCtRq_phase_CreateProcess: procName=771
[DEBUG | dusk] fpcBs_Create: pid=230 profname=fpcNm_WMARK_e (771) profile=0x7b5ed52800 procSize=1376 unkSize=0
[DEBUG | dusk] fpcSCtRq_phase_CreateProcess: fpcBs_Create OK proc=0xb400007a13aef69c
[DEBUG | dusk] [DIAG] fpcSCtRq_phase_Load: procName=771 ret=4
[DEBUG | dusk] fpcSCtRq_phase_CreateProcess: procName=771
[DEBUG | dusk] fpcBs_Create: pid=231 profname=fpcNm_WMARK_e (771) profile=0x7b5ed52800 procSize=1376 unkSize=0
[DEBUG | dusk] fpcSCtRq_phase_CreateProcess: fpcBs_Create OK proc=0xb400007a13aef11c
[DEBUG | dusk] [DIAG] fpcSCtRq_phase_Load: procName=771 ret=4
[DEBUG | dusk] fpcSCtRq_phase_CreateProcess: procName=771
[DEBUG | dusk] fpcBs_Create: pid=232 profname=fpcNm_WMARK_e (771) profile=0x7b5ed52800 procSize=1376 unkSize=0
[DEBUG | dusk] fpcSCtRq_phase_CreateProcess: fpcBs_Create OK proc=0xb400007a13aeeb9c
[DEBUG | dusk] [DIAG] fpcSCtRq_phase_Load: procName=771 ret=4
[DEBUG | dusk] fpcSCtRq_phase_CreateProcess: procName=771
[DEBUG | dusk] fpcBs_Create: pid=233 profname=fpcNm_WMARK_e (771) profile=0x7b5ed52800 procSize=1376 unkSize=0
[DEBUG | dusk] fpcSCtRq_phase_CreateProcess: fpcBs_Create OK proc=0xb400007a13aee61c
[DEBUG | dusk] [DIAG] fpcSCtRq_phase_Load: procName=771 ret=4
[DEBUG | dusk] fpcSCtRq_phase_CreateProcess: procName=771
[DEBUG | dusk] fpcBs_Create: pid=234 profname=fpcNm_WMARK_e (771) profile=0x7b5ed52800 procSize=1376 unkSize=0
[DEBUG | dusk] fpcSCtRq_phase_CreateProcess: fpcBs_Create OK proc=0xb400007a13aee09c
[DEBUG | dusk] [DIAG] fpcSCtRq_phase_Load: procName=771 ret=4
[DEBUG | dusk] fpcSCtRq_phase_CreateProcess: procName=771
[DEBUG | dusk] fpcBs_Create: pid=235 profname=fpcNm_WMARK_e (771) profile=0x7b5ed52800 procSize=1376 unkSize=0
[DEBUG | dusk] fpcSCtRq_phase_CreateProcess: fpcBs_Create OK proc=0xb400007a13aedb1c
[DEBUG | dusk] [DIAG] fpcSCtRq_phase_Load: procName=771 ret=4
[DEBUG | dusk] fpcSCtRq_phase_CreateProcess: procName=771
[DEBUG | dusk] fpcBs_Create: pid=236 profname=fpcNm_WMARK_e (771) profile=0x7b5ed52800 procSize=1376 unkSize=0
[DEBUG | dusk] fpcSCtRq_phase_CreateProcess: fpcBs_Create OK proc=0xb400007a13aed59c
[DEBUG | dusk] [DIAG] fpcSCtRq_phase_Load: procName=771 ret=4
[DEBUG | dusk] fpcSCtRq_phase_CreateProcess: procName=771
[DEBUG | dusk] fpcBs_Create: pid=237 profname=fpcNm_WMARK_e (771) profile=0x7b5ed52800 procSize=1376 unkSize=0
[DEBUG | dusk] fpcSCtRq_phase_CreateProcess: fpcBs_Create OK proc=0xb400007a13af019c
[DEBUG | dusk] [DIAG] fpcSCtRq_phase_Load: procName=771 ret=4
[DEBUG | dusk] fpcSCtRq_phase_CreateProcess: procName=771
[DEBUG | dusk] fpcBs_Create: pid=238 profname=fpcNm_WMARK_e (771) profile=0x7b5ed52800 procSize=1376 unkSize=0
[DEBUG | dusk] fpcSCtRq_phase_CreateProcess: fpcBs_Create OK proc=0xb400007a13aefc1c
[DEBUG | dusk] [DIAG] fpcSCtRq_phase_Load: procName=771 ret=4
[DEBUG | dusk] fpcSCtRq_phase_CreateProcess: procName=771
[DEBUG | dusk] fpcBs_Create: pid=239 profname=fpcNm_WMARK_e (771) profile=0x7b5ed52800 procSize=1376 unkSize=0
[DEBUG | dusk] fpcSCtRq_phase_CreateProcess: fpcBs_Create OK proc=0xb400007a13aef69c
[DEBUG | dusk] [DIAG] fpcSCtRq_phase_Load: procName=771 ret=4
[DEBUG | dusk] fpcSCtRq_phase_CreateProcess: procName=771
[DEBUG | dusk] fpcBs_Create: pid=240 profname=fpcNm_WMARK_e (771) profile=0x7b5ed52800 procSize=1376 unkSize=0
[DEBUG | dusk] fpcSCtRq_phase_CreateProcess: fpcBs_Create OK proc=0xb400007a13aef11c
[DEBUG | dusk] [DIAG] fpcSCtRq_phase_Load: procName=771 ret=4
[DEBUG | dusk] fpcSCtRq_phase_CreateProcess: procName=771
[DEBUG | dusk] fpcBs_Create: pid=241 profname=fpcNm_WMARK_e (771) profile=0x7b5ed52800 procSize=1376 unkSize=0
[DEBUG | dusk] fpcSCtRq_phase_CreateProcess: fpcBs_Create OK proc=0xb400007a13aeeb9c
[DEBUG | dusk] [DIAG] fpcSCtRq_phase_Load: procName=771 ret=4
[DEBUG | dusk] fpcSCtRq_phase_CreateProcess: procName=771
[DEBUG | dusk] fpcBs_Create: pid=242 profname=fpcNm_WMARK_e (771) profile=0x7b5ed52800 procSize=1376 unkSize=0
[DEBUG | dusk] fpcSCtRq_phase_CreateProcess: fpcBs_Create OK proc=0xb400007a13aee61c
[DEBUG | dusk] fapGm_Execute frame=900
[DEBUG | dusk] fapGm_Execute frame=1200
[DEBUG | dusk] [DIAG] fpcSCtRq_phase_Load: procName=2 ret=4
[DEBUG | dusk] fpcSCtRq_phase_CreateProcess: procName=2
[DEBUG | dusk] fpcBs_Create: pid=243 profname=fpcNm_OVERLAP3_e (2) profile=0x7b5ed51d98 procSize=464 unkSize=0
[DEBUG | dusk] fpcSCtRq_phase_CreateProcess: fpcBs_Create OK proc=0xb400007a13b05508
[DEBUG | dusk] fpcNdRq_phase_Create: name=11 layer=0x7b5ef85418
[DEBUG | dusk] fpcNdRq_phase_Create: creating_id=244 (error=4294967295)
[DEBUG | dusk] [DIAG] fpcSCtRq_phase_Load: procName=11 ret=4
[DEBUG | dusk] fpcSCtRq_phase_CreateProcess: procName=11
[DEBUG | dusk] fpcBs_Create: pid=244 profname=fpcNm_PLAY_SCENE_e (11) profile=0x7b5ed52268 procSize=912 unkSize=0
[DEBUG | dusk] fpcSCtRq_phase_CreateProcess: fpcBs_Create OK proc=0xb400007a13b05af0
[DEBUG | dusk] Loading Resource: vrbox_kasumim.bmd (Size: 2272)
[DEBUG | dusk] Loading Resource: vrbox_kumo.bmd (Size: 69664)
[DEBUG | dusk] Loading Resource: vrbox_sora.bmd (Size: 6624)
[DEBUG | dusk] Loading Resource: vrbox_sun.bmd (Size: 12032)
[DEBUG | dusk] Loading Resource: bank.bin (Size: 416)
[DEBUG | dusk] Loading Resource: name.bin (Size: 448)
[DEBUG | dusk] Loading Resource: vrbox_sun.btk (Size: 320)
[DEBUG | dusk] Loading Resource: colordata_tbl.dat (Size: 800)
[DEBUG | dusk] Loading Resource: pol_arg.dat (Size: 128)
[DEBUG | dusk] Loading Resource: pol_effcol.dat (Size: 128)
[DEBUG | dusk] Loading Resource: pol_effcol2.dat (Size: 128)
[DEBUG | dusk] Loading Resource: pol_efftbl.dat (Size: 128)
[DEBUG | dusk] Loading Resource: pol_efftbl2.dat (Size: 128)
[DEBUG | dusk] Loading Resource: pol_sound.dat (Size: 128)
[DEBUG | dusk] Loading Resource: stage.dzs (Size: 3104)
[DEBUG | dusk] Loading Resource: cloudtx_01.bti (Size: 4128)
[DEBUG | dusk] Loading Resource: cloudtx_02.bti (Size: 4128)
[DEBUG | dusk] Loading Resource: cloudtx_03.bti (Size: 4128)
[DEBUG | dusk] Loading Resource: f_moon.bti (Size: 8224)
[DEBUG | dusk] Loading Resource: f_moon_a.bti (Size: 2080)
[DEBUG | dusk] Loading Resource: f_moon_a_a00.bti (Size: 64)
[DEBUG | dusk] Loading Resource: f_moon_a_a01.bti (Size: 544)
[DEBUG | dusk] Loading Resource: f_moon_a_a02.bti (Size: 544)
[DEBUG | dusk] Loading Resource: f_moon_a_a03.bti (Size: 544)
[DEBUG | dusk] Loading Resource: h_field04.bti (Size: 32800)
[DEBUG | dusk] Loading Resource: h_hibi_mipmap.bti (Size: 10784)
[DEBUG | dusk] Loading Resource: h_road01.bti (Size: 8224)
[DEBUG | dusk] Loading Resource: h_rock_ue01.bti (Size: 8224)
[DEBUG | dusk] Loading Resource: h_rock_wall03.bti (Size: 32800)
[DEBUG | dusk] Loading Resource: h_rope.bti (Size: 8224)
[DEBUG | dusk] Loading Resource: h_tetsugoshi.bti (Size: 8224)
[DEBUG | dusk] Loading Resource: h_wall01.bti (Size: 32800)
[DEBUG | dusk] Loading Resource: h_yuka.bti (Size: 8224)
[DEBUG | dusk] Loading Resource: m_kumo04.bti (Size: 21536)
[DEBUG | dusk] Loading Resource: r_redmetal_lv01.bti (Size: 4128)
[DEBUG | dusk] Loading Resource: event_list.dat (Size: 106476)
[DEBUG | dusk] Loading Resource: camstyle.dat (Size: 43328)
[DEBUG | dusk] Loading Resource: camtype.dat (Size: 14560)
[DEBUG | dusk] fopScnM_CreateReq: procName=18 fade=32767
[DEBUG | dusk] fopScnM_CreateReq: result=7 (error=4294967295)
[DEBUG | dusk] fopScnM_CreateReq: procName=18 fade=32767
[DEBUG | dusk] fopScnM_CreateReq: result=8 (error=4294967295)
[DEBUG | dusk] fpcBs_Create: pid=252 profname=fpcNm_KANKYO_e (19) profile=0x7b5ed4ce60 procSize=440 unkSize=0
[DEBUG | dusk] fpcBs_Create: pid=254 profname=fpcNm_KYEFF_e (785) profile=0x7b5ed4ceb0 procSize=440 unkSize=0
[DEBUG | dusk] fpcBs_Create: pid=256 profname=fpcNm_KYEFF2_e (786) profile=0x7b5ed4cef0 procSize=440 unkSize=0
[DEBUG | dusk] fpcBs_Create: pid=258 profname=fpcNm_ENVSE_e (21) profile=0x7b5ed4bf20 procSize=456 unkSize=0
[DEBUG | dusk] fpcNdRq_phase_Create: name=18 layer=0xb400007a13b05c48
[DEBUG | dusk] fpcNdRq_phase_Create: creating_id=261 (error=4294967295)
[DEBUG | dusk] fpcNdRq_phase_Create: name=18 layer=0xb400007a13b05c48
[DEBUG | dusk] fpcNdRq_phase_Create: creating_id=262 (error=4294967295)
[DEBUG | dusk] [DIAG] fpcSCtRq_phase_Load: procName=781 ret=4
[DEBUG | dusk] fpcSCtRq_phase_CreateProcess: procName=781
[DEBUG | dusk] fpcBs_Create: pid=245 profname=fpcNm_CAMERA_e (781) profile=0x7b5ed4bd68 procSize=4240 unkSize=0
[DEBUG | dusk] fpcSCtRq_phase_CreateProcess: fpcBs_Create OK proc=0xb400007a13b02d28
[DEBUG | dusk] [DIAG] fpcSCtRq_phase_Load: procName=686 ret=4
[DEBUG | dusk] fpcSCtRq_phase_CreateProcess: procName=686
[DEBUG | dusk] fpcBs_Create: pid=246 profname=fpcNm_KYTAG04_e (686) profile=0x7b5ed55f28 procSize=1784 unkSize=0
[DEBUG | dusk] fpcSCtRq_phase_CreateProcess: fpcBs_Create OK proc=0xb400007a13b02610
[DEBUG | dusk] [DIAG] fpcSCtRq_phase_Load: procName=559 ret=4
[DEBUG | dusk] fpcSCtRq_phase_CreateProcess: procName=559
[DEBUG | dusk] fpcBs_Create: pid=247 profname=fpcNm_Tag_Restart_e (559) profile=0x7b5ed8f048 procSize=1680 unkSize=0
[DEBUG | dusk] fpcSCtRq_phase_CreateProcess: fpcBs_Create OK proc=0xb400007a13b01f60
[DEBUG | dusk] [DIAG] fpcSCtRq_phase_Load: procName=559 ret=4
[DEBUG | dusk] fpcSCtRq_phase_CreateProcess: procName=559
[DEBUG | dusk] fpcBs_Create: pid=248 profname=fpcNm_Tag_Restart_e (559) profile=0x7b5ed8f048 procSize=1680 unkSize=0
[DEBUG | dusk] fpcSCtRq_phase_CreateProcess: fpcBs_Create OK proc=0xb400007a13b018b0
[DEBUG | dusk] [DIAG] fpcSCtRq_phase_Load: procName=693 ret=4
[DEBUG | dusk] fpcSCtRq_phase_CreateProcess: procName=693
[DEBUG | dusk] fpcBs_Create: pid=249 profname=fpcNm_KYTAG11_e (693) profile=0x7b5ed59d70 procSize=1640 unkSize=0
[DEBUG | dusk] fpcSCtRq_phase_CreateProcess: fpcBs_Create OK proc=0xb400007a13b01228
[DEBUG | dusk] [DIAG] fpcSCtRq_phase_Load: procName=238 ret=4
[DEBUG | dusk] fpcSCtRq_phase_CreateProcess: procName=238
[DEBUG | dusk] fpcBs_Create: pid=250 profname=fpcNm_HORSE_e (238) profile=0x7b5ed65d10 procSize=8464 unkSize=0
[DEBUG | dusk] fpcSCtRq_phase_CreateProcess: fpcBs_Create OK proc=0xb400007a13aff0f8
[DEBUG | dusk] [DIAG] fpcSCtRq_phase_Load: procName=730 ret=4
[DEBUG | dusk] fpcSCtRq_phase_CreateProcess: procName=730
[DEBUG | dusk] fpcBs_Create: pid=259 profname=fpcNm_VRBOX_e (730) profile=0x7b5ed58078 procSize=1648 unkSize=0
[DEBUG | dusk] fpcSCtRq_phase_CreateProcess: fpcBs_Create OK proc=0xb400007a13afea68
[DEBUG | dusk] [DIAG] fpcSCtRq_phase_Load: procName=731 ret=4
[DEBUG | dusk] fpcSCtRq_phase_CreateProcess: procName=731
[DEBUG | dusk] fpcBs_Create: pid=260 profname=fpcNm_VRBOX2_e (731) profile=0x7b5ed58130 procSize=1720 unkSize=0
[DEBUG | dusk] fpcSCtRq_phase_CreateProcess: fpcBs_Create OK proc=0xb400007a13afe390
[DEBUG | dusk] [DIAG] fpcSCtRq_phase_Load: procName=18 ret=4
[DEBUG | dusk] fpcSCtRq_phase_CreateProcess: procName=18
[DEBUG | dusk] fpcBs_Create: pid=261 profname=fpcNm_ROOM_SCENE_e (18) profile=0x7b5ed52388 procSize=912 unkSize=0
[DEBUG | dusk] fpcSCtRq_phase_CreateProcess: fpcBs_Create OK proc=0xb400007a13afdfe0
[DEBUG | dusk] [DIAG] fpcSCtRq_phase_Load: procName=18 ret=4
[DEBUG | dusk] fpcSCtRq_phase_CreateProcess: procName=18
[DEBUG | dusk] fpcBs_Create: pid=262 profname=fpcNm_ROOM_SCENE_e (18) profile=0x7b5ed52388 procSize=912 unkSize=0
[DEBUG | dusk] fpcSCtRq_phase_CreateProcess: fpcBs_Create OK proc=0xb400007a13afdc30
[DEBUG | dusk] Loading Resource: ef_portal.bmd (Size: 60192)
[DEBUG | dusk] Loading Resource: ef_portal_blue_app.brk (Size: 896)
[DEBUG | dusk] Loading Resource: ef_portal_blue_disapp.brk (Size: 896)
[DEBUG | dusk] Loading Resource: ef_portal_red_app.brk (Size: 896)
[DEBUG | dusk] Loading Resource: ef_portal_red_disapp.brk (Size: 896)
[DEBUG | dusk] Loading Resource: ef_portal.btk (Size: 1792)
[DEBUG | dusk] Loading Resource: model.bmd (Size: 224704)
[DEBUG | dusk] Loading Resource: model4.bmd (Size: 6848)
[DEBUG | dusk] Loading Resource: model5.bmd (Size: 456000)
[DEBUG | dusk] Loading Resource: model5.brk (Size: 384)
[DEBUG | dusk] Loading Resource: model4.btk (Size: 416)
[DEBUG | dusk] Loading Resource: model5.btk (Size: 480)
[DEBUG | dusk] Loading Resource: room.dzr (Size: 8384)
[DEBUG | dusk] Loading Resource: event_list.dat (Size: 3080)
[DEBUG | dusk] Loading Resource: r00_dark_in.stb (Size: 1472)
[DEBUG | dusk] Loading Resource: room.kcl (Size: 297006)
[DEBUG | dusk] Loading Resource: room.plc (Size: 416)
[DEBUG | dusk] Loading Resource: model.bmd (Size: 25184)
[DEBUG | dusk] Loading Resource: room.dzr (Size: 832)
[DEBUG | dusk] Loading Resource: room.kcl (Size: 30692)
[DEBUG | dusk] Loading Resource: room.plc (Size: 64)
[DEBUG | dusk] [DIAG] fpcSCtRq_phase_Load: procName=253 ret=4
[DEBUG | dusk] fpcSCtRq_phase_CreateProcess: procName=253
[DEBUG | dusk] fpcBs_Create: pid=263 profname=fpcNm_ALINK_e (253) profile=0x7b5ed48250 procSize=18784 unkSize=0
[DEBUG | dusk] fpcSCtRq_phase_CreateProcess: fpcBs_Create OK proc=0xb400007a13af3830
[DEBUG | dusk] [DIAG] fpcSCtRq_phase_Load: procName=790 ret=4
[DEBUG | dusk] fpcSCtRq_phase_CreateProcess: procName=790
[DEBUG | dusk] fpcBs_Create: pid=264 profname=fpcNm_METER2_e (790) profile=0x7b5ed4f430 procSize=1504 unkSize=0
[DEBUG | dusk] fpcSCtRq_phase_CreateProcess: fpcBs_Create OK proc=0xb400007a13af3230
[DEBUG | dusk] [DIAG] fpcSCtRq_phase_Load: procName=732 ret=4
[DEBUG | dusk] fpcSCtRq_phase_CreateProcess: procName=732
[DEBUG | dusk] fpcBs_Create: pid=265 profname=fpcNm_BG_e (732) profile=0x7b5ed553f8 procSize=1904 unkSize=0
[DEBUG | dusk] fpcSCtRq_phase_CreateProcess: fpcBs_Create OK proc=0xb400007a13af28e0
[DEBUG | dusk] [DIAG] fpcSCtRq_phase_Load: procName=711 ret=4
[DEBUG | dusk] fpcSCtRq_phase_CreateProcess: procName=711
[DEBUG | dusk] fpcBs_Create: pid=266 profname=fpcNm_Tag_Wljump_e (711) profile=0x7b5ed8f950 procSize=1768 unkSize=0
[DEBUG | dusk] fpcSCtRq_phase_CreateProcess: fpcBs_Create OK proc=0xb400007a13af21d8
[DEBUG | dusk] [DIAG] fpcSCtRq_phase_Load: procName=765 ret=4
[DEBUG | dusk] fpcSCtRq_phase_CreateProcess: procName=765
[DEBUG | dusk] fpcBs_Create: pid=267 profname=fpcNm_Obj_Stone_e (765) profile=0x7b5ed88480 procSize=3192 unkSize=0
[DEBUG | dusk] fpcSCtRq_phase_CreateProcess: fpcBs_Create OK proc=0xb400007a13af1540
[DEBUG | dusk] [DIAG] fpcSCtRq_phase_Load: procName=765 ret=4
[DEBUG | dusk] fpcSCtRq_phase_CreateProcess: procName=765
[DEBUG | dusk] fpcBs_Create: pid=268 profname=fpcNm_Obj_Stone_e (765) profile=0x7b5ed88480 procSize=3192 unkSize=0
[DEBUG | dusk] fpcSCtRq_phase_CreateProcess: fpcBs_Create OK proc=0xb400007a13af08a8
[DEBUG | dusk] [DIAG] fpcSCtRq_phase_Load: procName=765 ret=4
[DEBUG | dusk] fpcSCtRq_phase_CreateProcess: procName=765
[DEBUG | dusk] fpcBs_Create: pid=269 profname=fpcNm_Obj_Stone_e (765) profile=0x7b5ed88480 procSize=3192 unkSize=0
[DEBUG | dusk] fpcSCtRq_phase_CreateProcess: fpcBs_Create OK proc=0xb400007a13aefc10
[DEBUG | dusk] [DIAG] fpcSCtRq_phase_Load: procName=765 ret=4
[DEBUG | dusk] fpcSCtRq_phase_CreateProcess: procName=765
[DEBUG | dusk] fpcBs_Create: pid=270 profname=fpcNm_Obj_Stone_e (765) profile=0x7b5ed88480 procSize=3192 unkSize=0
[DEBUG | dusk] fpcSCtRq_phase_CreateProcess: fpcBs_Create OK proc=0xb400007a13aeef78
[DEBUG | dusk] [DIAG] fpcSCtRq_phase_Load: procName=765 ret=4
[DEBUG | dusk] fpcSCtRq_phase_CreateProcess: procName=765
[DEBUG | dusk] fpcBs_Create: pid=271 profname=fpcNm_Obj_Stone_e (765) profile=0x7b5ed88480 procSize=3192 unkSize=0
[DEBUG | dusk] fpcSCtRq_phase_CreateProcess: fpcBs_Create OK proc=0xb400007a13aee2e0
[DEBUG | dusk] [DIAG] fpcSCtRq_phase_Load: procName=765 ret=4
[DEBUG | dusk] fpcSCtRq_phase_CreateProcess: procName=765
[DEBUG | dusk] fpcBs_Create: pid=272 profname=fpcNm_Obj_Stone_e (765) profile=0x7b5ed88480 procSize=3192 unkSize=0
[DEBUG | dusk] fpcSCtRq_phase_CreateProcess: fpcBs_Create OK proc=0xb400007a13aed648
[DEBUG | dusk] [DIAG] fpcSCtRq_phase_Load: procName=765 ret=4
[DEBUG | dusk] fpcSCtRq_phase_CreateProcess: procName=765
[DEBUG | dusk] fpcBs_Create: pid=273 profname=fpcNm_Obj_Stone_e (765) profile=0x7b5ed88480 procSize=3192 unkSize=0
[DEBUG | dusk] fpcSCtRq_phase_CreateProcess: fpcBs_Create OK proc=0xb400007a13aec9b0
[DEBUG | dusk] [DIAG] fpcSCtRq_phase_Load: procName=765 ret=4
[DEBUG | dusk] fpcSCtRq_phase_CreateProcess: procName=765
[DEBUG | dusk] fpcBs_Create: pid=274 profname=fpcNm_Obj_Stone_e (765) profile=0x7b5ed88480 procSize=3192 unkSize=0
[DEBUG | dusk] fpcSCtRq_phase_CreateProcess: fpcBs_Create OK proc=0xb400007a13aebd18
[DEBUG | dusk] [DIAG] fpcSCtRq_phase_Load: procName=765 ret=4
[DEBUG | dusk] fpcSCtRq_phase_CreateProcess: procName=765
[DEBUG | dusk] fpcBs_Create: pid=275 profname=fpcNm_Obj_Stone_e (765) profile=0x7b5ed88480 procSize=3192 unkSize=0
[DEBUG | dusk] fpcSCtRq_phase_CreateProcess: fpcBs_Create OK proc=0xb400007a13aeb080
[DEBUG | dusk] [DIAG] fpcSCtRq_phase_Load: procName=765 ret=4
[DEBUG | dusk] fpcSCtRq_phase_CreateProcess: procName=765
[DEBUG | dusk] fpcBs_Create: pid=276 profname=fpcNm_Obj_Stone_e (765) profile=0x7b5ed88480 procSize=3192 unkSize=0
[DEBUG | dusk] fpcSCtRq_phase_CreateProcess: fpcBs_Create OK proc=0xb400007a13aea3e8
[DEBUG | dusk] [DIAG] fpcSCtRq_phase_Load: procName=765 ret=4
[DEBUG | dusk] fpcSCtRq_phase_CreateProcess: procName=765
[DEBUG | dusk] fpcBs_Create: pid=277 profname=fpcNm_Obj_Stone_e (765) profile=0x7b5ed88480 procSize=3192 unkSize=0
[DEBUG | dusk] fpcSCtRq_phase_CreateProcess: fpcBs_Create OK proc=0xb400007a13ae9750
[DEBUG | dusk] [DIAG] fpcSCtRq_phase_Load: procName=784 ret=4
[DEBUG | dusk] fpcSCtRq_phase_CreateProcess: procName=784
[DEBUG | dusk] fpcBs_Create: pid=278 profname=fpcNm_GRASS_e (784) profile=0x7b5ed59ae8 procSize=1640 unkSize=0
[DEBUG | dusk] fpcSCtRq_phase_CreateProcess: fpcBs_Create OK proc=0xb400007a13ae90c8
[DEBUG | dusk] [DIAG] fpcSCtRq_phase_Load: procName=784 ret=4
[DEBUG | dusk] fpcSCtRq_phase_CreateProcess: procName=784
[DEBUG | dusk] fpcBs_Create: pid=279 profname=fpcNm_GRASS_e (784) profile=0x7b5ed59ae8 procSize=1640 unkSize=0
[DEBUG | dusk] fpcSCtRq_phase_CreateProcess: fpcBs_Create OK proc=0xb400007a13ae8a40
[DEBUG | dusk] [DIAG] fpcSCtRq_phase_Load: procName=784 ret=4
[DEBUG | dusk] fpcSCtRq_phase_CreateProcess: procName=784
[DEBUG | dusk] fpcBs_Create: pid=280 profname=fpcNm_GRASS_e (784) profile=0x7b5ed59ae8 procSize=1640 unkSize=0
[DEBUG | dusk] fpcSCtRq_phase_CreateProcess: fpcBs_Create OK proc=0xb400007a13ae83b8
[DEBUG | dusk] [DIAG] fpcSCtRq_phase_Load: procName=784 ret=4
[DEBUG | dusk] fpcSCtRq_phase_CreateProcess: procName=784
[DEBUG | dusk] fpcBs_Create: pid=281 profname=fpcNm_GRASS_e (784) profile=0x7b5ed59ae8 procSize=1640 unkSize=0
[DEBUG | dusk] fpcSCtRq_phase_CreateProcess: fpcBs_Create OK proc=0xb400007a13ae7d30
[DEBUG | dusk] [DIAG] fpcSCtRq_phase_Load: procName=784 ret=4
[DEBUG | dusk] fpcSCtRq_phase_CreateProcess: procName=784
[DEBUG | dusk] fpcBs_Create: pid=282 profname=fpcNm_GRASS_e (784) profile=0x7b5ed59ae8 procSize=1640 unkSize=0
[DEBUG | dusk] fpcSCtRq_phase_CreateProcess: fpcBs_Create OK proc=0xb400007a13ae76a8
[DEBUG | dusk] [DIAG] fpcSCtRq_phase_Load: procName=784 ret=4
[DEBUG | dusk] fpcSCtRq_phase_CreateProcess: procName=784
[DEBUG | dusk] fpcBs_Create: pid=283 profname=fpcNm_GRASS_e (784) profile=0x7b5ed59ae8 procSize=1640 unkSize=0
[DEBUG | dusk] fpcSCtRq_phase_CreateProcess: fpcBs_Create OK proc=0xb400007a13ae7020
[DEBUG | dusk] [DIAG] fpcSCtRq_phase_Load: procName=83 ret=4
[DEBUG | dusk] fpcSCtRq_phase_CreateProcess: procName=83
[DEBUG | dusk] fpcBs_Create: pid=284 profname=fpcNm_Obj_Digpl_e (83) profile=0x7b5ed5c7f8 procSize=1712 unkSize=0
[DEBUG | dusk] fpcSCtRq_phase_CreateProcess: fpcBs_Create OK proc=0xb400007a13ae6950
[DEBUG | dusk] [DIAG] fpcSCtRq_phase_Load: procName=765 ret=4
[DEBUG | dusk] fpcSCtRq_phase_CreateProcess: procName=765
[DEBUG | dusk] fpcBs_Create: pid=285 profname=fpcNm_Obj_Stone_e (765) profile=0x7b5ed88480 procSize=3192 unkSize=0
[DEBUG | dusk] fpcSCtRq_phase_CreateProcess: fpcBs_Create OK proc=0xb400007a13ae5cb8
[DEBUG | dusk] [DIAG] fpcSCtRq_phase_Load: procName=765 ret=4
[DEBUG | dusk] fpcSCtRq_phase_CreateProcess: procName=765
[DEBUG | dusk] fpcBs_Create: pid=286 profname=fpcNm_Obj_Stone_e (765) profile=0x7b5ed88480 procSize=3192 unkSize=0
[DEBUG | dusk] fpcSCtRq_phase_CreateProcess: fpcBs_Create OK proc=0xb400007a13ae5020
[DEBUG | dusk] [DIAG] fpcSCtRq_phase_Load: procName=765 ret=4
[DEBUG | dusk] fpcSCtRq_phase_CreateProcess: procName=765
[DEBUG | dusk] fpcBs_Create: pid=287 profname=fpcNm_Obj_Stone_e (765) profile=0x7b5ed88480 procSize=3192 unkSize=0
[DEBUG | dusk] fpcSCtRq_phase_CreateProcess: fpcBs_Create OK proc=0xb400007a13ae4388
[DEBUG | dusk] [DIAG] fpcSCtRq_phase_Load: procName=765 ret=4
[DEBUG | dusk] fpcSCtRq_phase_CreateProcess: procName=765
[DEBUG | dusk] fpcBs_Create: pid=288 profname=fpcNm_Obj_Stone_e (765) profile=0x7b5ed88480 procSize=3192 unkSize=0
[DEBUG | dusk] fpcSCtRq_phase_CreateProcess: fpcBs_Create OK proc=0xb400007a13ae36f0
[DEBUG | dusk] [DIAG] fpcSCtRq_phase_Load: procName=394 ret=4
[DEBUG | dusk] fpcSCtRq_phase_CreateProcess: procName=394
[DEBUG | dusk] fpcBs_Create: pid=289 profname=fpcNm_Obj_WindStone_e (394) profile=0x7b5ed8c188 procSize=1760 unkSize=0
[DEBUG | dusk] fpcSCtRq_phase_CreateProcess: fpcBs_Create OK proc=0xb400007a13ae2ff0
[DEBUG | dusk] [DIAG] fpcSCtRq_phase_Load: procName=543 ret=4
[DEBUG | dusk] fpcSCtRq_phase_CreateProcess: procName=543
[DEBUG | dusk] fpcBs_Create: pid=290 profname=fpcNm_Obj_Drop_e (543) profile=0x7b5ed7a7e8 procSize=3616 unkSize=0
[DEBUG | dusk] fpcSCtRq_phase_CreateProcess: fpcBs_Create OK proc=0xb400007a13ae21b0
[DEBUG | dusk] [DIAG] fpcSCtRq_phase_Load: procName=251 ret=4
[DEBUG | dusk] fpcSCtRq_phase_CreateProcess: procName=251
[DEBUG | dusk] fpcBs_Create: pid=291 profname=fpcNm_TBOX_e (251) profile=0x7b5ed57d80 procSize=3328 unkSize=0
[DEBUG | dusk] fpcSCtRq_phase_CreateProcess: fpcBs_Create OK proc=0xb400007a13ae1490
[DEBUG | dusk] [DIAG] fpcSCtRq_phase_Load: procName=359 ret=4
[DEBUG | dusk] fpcSCtRq_phase_CreateProcess: procName=359
[DEBUG | dusk] fpcBs_Create: pid=292 profname=fpcNm_Obj_Geyser_e (359) profile=0x7b5ed7b908 procSize=2472 unkSize=0
[DEBUG | dusk] fpcSCtRq_phase_CreateProcess: fpcBs_Create OK proc=0xb400007a13ae0ac8
[DEBUG | dusk] [DIAG] fpcSCtRq_phase_Load: procName=359 ret=4
[DEBUG | dusk] fpcSCtRq_phase_CreateProcess: procName=359
[DEBUG | dusk] fpcBs_Create: pid=293 profname=fpcNm_Obj_Geyser_e (359) profile=0x7b5ed7b908 procSize=2472 unkSize=0
[DEBUG | dusk] fpcSCtRq_phase_CreateProcess: fpcBs_Create OK proc=0xb400007a13ae0100
[DEBUG | dusk] [DIAG] fpcSCtRq_phase_Load: procName=359 ret=4
[DEBUG | dusk] fpcSCtRq_phase_CreateProcess: procName=359
[DEBUG | dusk] fpcBs_Create: pid=294 profname=fpcNm_Obj_Geyser_e (359) profile=0x7b5ed7b908 procSize=2472 unkSize=0
[DEBUG | dusk] fpcSCtRq_phase_CreateProcess: fpcBs_Create OK proc=0xb400007a13adf738
[DEBUG | dusk] [DIAG] fpcSCtRq_phase_Load: procName=359 ret=4
[DEBUG | dusk] fpcSCtRq_phase_CreateProcess: procName=359
[DEBUG | dusk] fpcBs_Create: pid=295 profname=fpcNm_Obj_Geyser_e (359) profile=0x7b5ed7b908 procSize=2472 unkSize=0
[DEBUG | dusk] fpcSCtRq_phase_CreateProcess: fpcBs_Create OK proc=0xb400007a13aded70
[DEBUG | dusk] [DIAG] fpcSCtRq_phase_Load: procName=359 ret=4
[DEBUG | dusk] fpcSCtRq_phase_CreateProcess: procName=359
[DEBUG | dusk] fpcBs_Create: pid=296 profname=fpcNm_Obj_Geyser_e (359) profile=0x7b5ed7b908 procSize=2472 unkSize=0
[DEBUG | dusk] fpcSCtRq_phase_CreateProcess: fpcBs_Create OK proc=0xb400007a13ade3a8
[DEBUG | dusk] [DIAG] fpcSCtRq_phase_Load: procName=359 ret=4
[DEBUG | dusk] fpcSCtRq_phase_CreateProcess: procName=359
[DEBUG | dusk] fpcBs_Create: pid=297 profname=fpcNm_Obj_Geyser_e (359) profile=0x7b5ed7b908 procSize=2472 unkSize=0
[DEBUG | dusk] fpcSCtRq_phase_CreateProcess: fpcBs_Create OK proc=0xb400007a13add9e0
[DEBUG | dusk] [DIAG] fpcSCtRq_phase_Load: procName=359 ret=4
[DEBUG | dusk] fpcSCtRq_phase_CreateProcess: procName=359
[DEBUG | dusk] fpcBs_Create: pid=298 profname=fpcNm_Obj_Geyser_e (359) profile=0x7b5ed7b908 procSize=2472 unkSize=0
[DEBUG | dusk] fpcSCtRq_phase_CreateProcess: fpcBs_Create OK proc=0xb400007a13add018
[DEBUG | dusk] [DIAG] fpcSCtRq_phase_Load: procName=780 ret=4
[DEBUG | dusk] fpcSCtRq_phase_CreateProcess: procName=780
[DEBUG | dusk] fpcBs_Create: pid=299 profname=fpcNm_SCENE_EXIT_e (780) profile=0x7b5ed56e48 procSize=1680 unkSize=0
[DEBUG | dusk] fpcSCtRq_phase_CreateProcess: fpcBs_Create OK proc=0xb400007a13adc968
[DEBUG | dusk] [DIAG] fpcSCtRq_phase_Load: procName=34 ret=4
[DEBUG | dusk] fpcSCtRq_phase_CreateProcess: procName=34
[DEBUG | dusk] fpcBs_Create: pid=300 profname=fpcNm_TAG_GRA_e (34) profile=0x7b5ed8e298 procSize=1632 unkSize=0
[DEBUG | dusk] fpcSCtRq_phase_CreateProcess: fpcBs_Create OK proc=0xb400007a13adc2e8
[DEBUG | dusk] [DIAG] fpcSCtRq_phase_Load: procName=719 ret=4
[DEBUG | dusk] fpcSCtRq_phase_CreateProcess: procName=719
[DEBUG | dusk] fpcBs_Create: pid=301 profname=fpcNm_TAG_CAMERA_e (719) profile=0x7b5ed57260 procSize=1672 unkSize=0
[DEBUG | dusk] fpcSCtRq_phase_CreateProcess: fpcBs_Create OK proc=0xb400007a13adbc40
[DEBUG | dusk] [DIAG] fpcSCtRq_phase_Load: procName=99 ret=4
[DEBUG | dusk] fpcSCtRq_phase_CreateProcess: procName=99
[DEBUG | dusk] fpcBs_Create: pid=302 profname=fpcNm_Obj_Cboard_e (99) profile=0x7b5ed5c700 procSize=1752 unkSize=0
[DEBUG | dusk] fpcSCtRq_phase_CreateProcess: fpcBs_Create OK proc=0xb400007a13adb548
[DEBUG | dusk] [DIAG] fpcSCtRq_phase_Load: procName=99 ret=4
[DEBUG | dusk] fpcSCtRq_phase_CreateProcess: procName=99
[DEBUG | dusk] fpcBs_Create: pid=303 profname=fpcNm_Obj_Cboard_e (99) profile=0x7b5ed5c700 procSize=1752 unkSize=0
[DEBUG | dusk] fpcSCtRq_phase_CreateProcess: fpcBs_Create OK proc=0xb400007a13adae50
[DEBUG | dusk] [DIAG] fpcSCtRq_phase_Load: procName=99 ret=4
[DEBUG | dusk] fpcSCtRq_phase_CreateProcess: procName=99
[DEBUG | dusk] fpcBs_Create: pid=304 profname=fpcNm_Obj_Cboard_e (99) profile=0x7b5ed5c700 procSize=1752 unkSize=0
[DEBUG | dusk] fpcSCtRq_phase_CreateProcess: fpcBs_Create OK proc=0xb400007a13ada758
[DEBUG | dusk] [DIAG] fpcSCtRq_phase_Load: procName=99 ret=4
[DEBUG | dusk] fpcSCtRq_phase_CreateProcess: procName=99
[DEBUG | dusk] fpcBs_Create: pid=305 profname=fpcNm_Obj_Cboard_e (99) profile=0x7b5ed5c700 procSize=1752 unkSize=0
[DEBUG | dusk] fpcSCtRq_phase_CreateProcess: fpcBs_Create OK proc=0xb400007a13ada060
[DEBUG | dusk] [DIAG] fpcSCtRq_phase_Load: procName=236 ret=4
[DEBUG | dusk] fpcSCtRq_phase_CreateProcess: procName=236
[DEBUG | dusk] fpcBs_Create: pid=306 profname=fpcNm_Tag_Hstop_e (236) profile=0x7b5ed5eae8 procSize=1656 unkSize=0
[DEBUG | dusk] fpcSCtRq_phase_CreateProcess: fpcBs_Create OK proc=0xb400007a13ad99c8
[DEBUG | dusk] [DIAG] fpcSCtRq_phase_Load: procName=765 ret=4
[DEBUG | dusk] fpcSCtRq_phase_CreateProcess: procName=765
[DEBUG | dusk] fpcBs_Create: pid=307 profname=fpcNm_Obj_Stone_e (765) profile=0x7b5ed88480 procSize=3192 unkSize=0
[DEBUG | dusk] fpcSCtRq_phase_CreateProcess: fpcBs_Create OK proc=0xb400007a13ad8d30
[DEBUG | dusk] [DIAG] fpcSCtRq_phase_Load: procName=765 ret=4
[DEBUG | dusk] fpcSCtRq_phase_CreateProcess: procName=765
[DEBUG | dusk] fpcBs_Create: pid=308 profname=fpcNm_Obj_Stone_e (765) profile=0x7b5ed88480 procSize=3192 unkSize=0
[DEBUG | dusk] fpcSCtRq_phase_CreateProcess: fpcBs_Create OK proc=0xb400007a13ad8098
[DEBUG | dusk] [DIAG] fpcSCtRq_phase_Load: procName=765 ret=4
[DEBUG | dusk] fpcSCtRq_phase_CreateProcess: procName=765
[DEBUG | dusk] fpcBs_Create: pid=309 profname=fpcNm_Obj_Stone_e (765) profile=0x7b5ed88480 procSize=3192 unkSize=0
[DEBUG | dusk] fpcSCtRq_phase_CreateProcess: fpcBs_Create OK proc=0xb400007a13ad7400
[DEBUG | dusk] [DIAG] fpcSCtRq_phase_Load: procName=765 ret=4
[DEBUG | dusk] fpcSCtRq_phase_CreateProcess: procName=765
[DEBUG | dusk] fpcBs_Create: pid=310 profname=fpcNm_Obj_Stone_e (765) profile=0x7b5ed88480 procSize=3192 unkSize=0
[DEBUG | dusk] fpcSCtRq_phase_CreateProcess: fpcBs_Create OK proc=0xb400007a13ad6768
[DEBUG | dusk] [DIAG] fpcSCtRq_phase_Load: procName=765 ret=4
[DEBUG | dusk] fpcSCtRq_phase_CreateProcess: procName=765
[DEBUG | dusk] fpcBs_Create: pid=311 profname=fpcNm_Obj_Stone_e (765) profile=0x7b5ed88480 procSize=3192 unkSize=0
[DEBUG | dusk] fpcSCtRq_phase_CreateProcess: fpcBs_Create OK proc=0xb400007a13ad5ad0
[DEBUG | dusk] [DIAG] fpcSCtRq_phase_Load: procName=765 ret=4
[DEBUG | dusk] fpcSCtRq_phase_CreateProcess: procName=765
[DEBUG | dusk] fpcBs_Create: pid=312 profname=fpcNm_Obj_Stone_e (765) profile=0x7b5ed88480 procSize=3192 unkSize=0
[DEBUG | dusk] fpcSCtRq_phase_CreateProcess: fpcBs_Create OK proc=0xb400007a13ad4e38
[DEBUG | dusk] [DIAG] fpcSCtRq_phase_Load: procName=765 ret=4
[DEBUG | dusk] fpcSCtRq_phase_CreateProcess: procName=765
[DEBUG | dusk] fpcBs_Create: pid=313 profname=fpcNm_Obj_Stone_e (765) profile=0x7b5ed88480 procSize=3192 unkSize=0
[DEBUG | dusk] fpcSCtRq_phase_CreateProcess: fpcBs_Create OK proc=0xb400007a13ad41a0
[DEBUG | dusk] [DIAG] fpcSCtRq_phase_Load: procName=765 ret=4
[DEBUG | dusk] fpcSCtRq_phase_CreateProcess: procName=765
[DEBUG | dusk] fpcBs_Create: pid=314 profname=fpcNm_Obj_Stone_e (765) profile=0x7b5ed88480 procSize=3192 unkSize=0
[DEBUG | dusk] fpcSCtRq_phase_CreateProcess: fpcBs_Create OK proc=0xb400007a13ad3508
[DEBUG | dusk] [DIAG] fpcSCtRq_phase_Load: procName=765 ret=4
[DEBUG | dusk] fpcSCtRq_phase_CreateProcess: procName=765
[DEBUG | dusk] fpcBs_Create: pid=315 profname=fpcNm_Obj_Stone_e (765) profile=0x7b5ed88480 procSize=3192 unkSize=0
[DEBUG | dusk] fpcSCtRq_phase_CreateProcess: fpcBs_Create OK proc=0xb400007a13ad2870
[DEBUG | dusk] [DIAG] fpcSCtRq_phase_Load: procName=765 ret=4
[DEBUG | dusk] fpcSCtRq_phase_CreateProcess: procName=765
[DEBUG | dusk] fpcBs_Create: pid=316 profname=fpcNm_Obj_Stone_e (765) profile=0x7b5ed88480 procSize=3192 unkSize=0
[DEBUG | dusk] fpcSCtRq_phase_CreateProcess: fpcBs_Create OK proc=0xb400007a13ad1bd8
[DEBUG | dusk] [DIAG] fpcSCtRq_phase_Load: procName=765 ret=4
[DEBUG | dusk] fpcSCtRq_phase_CreateProcess: procName=765
[DEBUG | dusk] fpcBs_Create: pid=317 profname=fpcNm_Obj_Stone_e (765) profile=0x7b5ed88480 procSize=3192 unkSize=0
[DEBUG | dusk] fpcSCtRq_phase_CreateProcess: fpcBs_Create OK proc=0xb400007a13ad0f40
[DEBUG | dusk] [DIAG] fpcSCtRq_phase_Load: procName=765 ret=4
[DEBUG | dusk] fpcSCtRq_phase_CreateProcess: procName=765
[DEBUG | dusk] fpcBs_Create: pid=318 profname=fpcNm_Obj_Stone_e (765) profile=0x7b5ed88480 procSize=3192 unkSize=0
[DEBUG | dusk] fpcSCtRq_phase_CreateProcess: fpcBs_Create OK proc=0xb400007a13ad02a8
[DEBUG | dusk] [DIAG] fpcSCtRq_phase_Load: procName=765 ret=4
[DEBUG | dusk] fpcSCtRq_phase_CreateProcess: procName=765
[DEBUG | dusk] fpcBs_Create: pid=319 profname=fpcNm_Obj_Stone_e (765) profile=0x7b5ed88480 procSize=3192 unkSize=0
[DEBUG | dusk] fpcSCtRq_phase_CreateProcess: fpcBs_Create OK proc=0xb400007a13acf610
[DEBUG | dusk] [DIAG] fpcSCtRq_phase_Load: procName=765 ret=4
[DEBUG | dusk] fpcSCtRq_phase_CreateProcess: procName=765
[DEBUG | dusk] fpcBs_Create: pid=320 profname=fpcNm_Obj_Stone_e (765) profile=0x7b5ed88480 procSize=3192 unkSize=0
[DEBUG | dusk] fpcSCtRq_phase_CreateProcess: fpcBs_Create OK proc=0xb400007a13ace978
[DEBUG | dusk] [DIAG] fpcSCtRq_phase_Load: procName=765 ret=4
[DEBUG | dusk] fpcSCtRq_phase_CreateProcess: procName=765
[DEBUG | dusk] fpcBs_Create: pid=321 profname=fpcNm_Obj_Stone_e (765) profile=0x7b5ed88480 procSize=3192 unkSize=0
[DEBUG | dusk] fpcSCtRq_phase_CreateProcess: fpcBs_Create OK proc=0xb400007a13acdce0
[DEBUG | dusk] [DIAG] fpcSCtRq_phase_Load: procName=765 ret=4
[DEBUG | dusk] fpcSCtRq_phase_CreateProcess: procName=765
[DEBUG | dusk] fpcBs_Create: pid=322 profname=fpcNm_Obj_Stone_e (765) profile=0x7b5ed88480 procSize=3192 unkSize=0
[DEBUG | dusk] fpcSCtRq_phase_CreateProcess: fpcBs_Create OK proc=0xb400007a13acd048
[DEBUG | dusk] [DIAG] fpcSCtRq_phase_Load: procName=765 ret=4
[DEBUG | dusk] fpcSCtRq_phase_CreateProcess: procName=765
[DEBUG | dusk] fpcBs_Create: pid=323 profname=fpcNm_Obj_Stone_e (765) profile=0x7b5ed88480 procSize=3192 unkSize=0
[DEBUG | dusk] fpcSCtRq_phase_CreateProcess: fpcBs_Create OK proc=0xb400007a13acc3b0
[DEBUG | dusk] [DIAG] fpcSCtRq_phase_Load: procName=765 ret=4
[DEBUG | dusk] fpcSCtRq_phase_CreateProcess: procName=765
[DEBUG | dusk] fpcBs_Create: pid=324 profname=fpcNm_Obj_Stone_e (765) profile=0x7b5ed88480 procSize=3192 unkSize=0
[DEBUG | dusk] fpcSCtRq_phase_CreateProcess: fpcBs_Create OK proc=0xb400007a13acb718
[DEBUG | dusk] [DIAG] fpcSCtRq_phase_Load: procName=765 ret=4
[DEBUG | dusk] fpcSCtRq_phase_CreateProcess: procName=765
[DEBUG | dusk] fpcBs_Create: pid=325 profname=fpcNm_Obj_Stone_e (765) profile=0x7b5ed88480 procSize=3192 unkSize=0
[DEBUG | dusk] fpcSCtRq_phase_CreateProcess: fpcBs_Create OK proc=0xb400007a13acaa80
[DEBUG | dusk] [DIAG] fpcSCtRq_phase_Load: procName=256 ret=4
[DEBUG | dusk] fpcSCtRq_phase_CreateProcess: procName=256
[DEBUG | dusk] fpcBs_Create: pid=326 profname=fpcNm_NPC_TK_e (256) profile=0x7b5ed741a0 procSize=3824 unkSize=0
[DEBUG | dusk] fpcSCtRq_phase_CreateProcess: fpcBs_Create OK proc=0xb400007a13ac9b70
[DEBUG | dusk] [DIAG] fpcSCtRq_phase_Load: procName=33 ret=4
[DEBUG | dusk] fpcSCtRq_phase_CreateProcess: procName=33
[DEBUG | dusk] fpcBs_Create: pid=327 profname=fpcNm_OBJ_GRA_e (33) profile=0x7b5ed7bfb0 procSize=10184 unkSize=0
[DEBUG | dusk] fpcSCtRq_phase_CreateProcess: fpcBs_Create OK proc=0xb400007a13ac7388
[DEBUG | dusk] [DIAG] fpcSCtRq_phase_Load: procName=33 ret=4
[DEBUG | dusk] fpcSCtRq_phase_CreateProcess: procName=33
[DEBUG | dusk] fpcBs_Create: pid=328 profname=fpcNm_OBJ_GRA_e (33) profile=0x7b5ed7bfb0 procSize=10184 unkSize=0
[DEBUG | dusk] fpcSCtRq_phase_CreateProcess: fpcBs_Create OK proc=0xb400007a13ac4ba0
[DEBUG | dusk] [DIAG] fpcSCtRq_phase_Load: procName=33 ret=4
[DEBUG | dusk] fpcSCtRq_phase_CreateProcess: procName=33
[DEBUG | dusk] fpcBs_Create: pid=329 profname=fpcNm_OBJ_GRA_e (33) profile=0x7b5ed7bfb0 procSize=10184 unkSize=0
[DEBUG | dusk] fpcSCtRq_phase_CreateProcess: fpcBs_Create OK proc=0xb400007a13ac23b8
[DEBUG | dusk] [DIAG] fpcSCtRq_phase_Load: procName=468 ret=4
[DEBUG | dusk] fpcSCtRq_phase_CreateProcess: procName=468
[DEBUG | dusk] fpcBs_Create: pid=330 profname=fpcNm_E_RD_e (468) profile=0x7b5ed59848 procSize=6384 unkSize=0
[DEBUG | dusk] fpcSCtRq_phase_CreateProcess: fpcBs_Create OK proc=0xb400007a13ac0aa8
[DEBUG | dusk] [DIAG] fpcSCtRq_phase_Load: procName=468 ret=4
[DEBUG | dusk] fpcSCtRq_phase_CreateProcess: procName=468
[DEBUG | dusk] fpcBs_Create: pid=331 profname=fpcNm_E_RD_e (468) profile=0x7b5ed59848 procSize=6384 unkSize=0
[DEBUG | dusk] fpcSCtRq_phase_CreateProcess: fpcBs_Create OK proc=0xb400007a13abf198
[DEBUG | dusk] [DIAG] fpcSCtRq_phase_Load: procName=468 ret=4
[DEBUG | dusk] fpcSCtRq_phase_CreateProcess: procName=468
[DEBUG | dusk] fpcBs_Create: pid=332 profname=fpcNm_E_RD_e (468) profile=0x7b5ed59848 procSize=6384 unkSize=0
[DEBUG | dusk] fpcSCtRq_phase_CreateProcess: fpcBs_Create OK proc=0xb400007a13abd888
[DEBUG | dusk] [DIAG] fpcSCtRq_phase_Load: procName=468 ret=4
[DEBUG | dusk] fpcSCtRq_phase_CreateProcess: procName=468
[DEBUG | dusk] fpcBs_Create: pid=333 profname=fpcNm_E_RD_e (468) profile=0x7b5ed59848 procSize=6384 unkSize=0
[DEBUG | dusk] fpcSCtRq_phase_CreateProcess: fpcBs_Create OK proc=0xb400007a13abbf78
[DEBUG | dusk] [DIAG] fpcSCtRq_phase_Load: procName=468 ret=4
[DEBUG | dusk] fpcSCtRq_phase_CreateProcess: procName=468
[DEBUG | dusk] fpcBs_Create: pid=334 profname=fpcNm_E_RD_e (468) profile=0x7b5ed59848 procSize=6384 unkSize=0
[DEBUG | dusk] fpcSCtRq_phase_CreateProcess: fpcBs_Create OK proc=0xb400007a13aba668
[DEBUG | dusk] [DIAG] fpcSCtRq_phase_Load: procName=333 ret=4
[DEBUG | dusk] fpcSCtRq_phase_CreateProcess: procName=333
[DEBUG | dusk] fpcBs_Create: pid=335 profname=fpcNm_Obj_Yobikusa_e (333) profile=0x7b5ed5e0c8 procSize=2360 unkSize=0
[DEBUG | dusk] fpcSCtRq_phase_CreateProcess: fpcBs_Create OK proc=0xb400007a13ab9d10
[DEBUG | dusk] [DIAG] fpcSCtRq_phase_Load: procName=333 ret=4
[DEBUG | dusk] fpcSCtRq_phase_CreateProcess: procName=333
[DEBUG | dusk] fpcBs_Create: pid=336 profname=fpcNm_Obj_Yobikusa_e (333) profile=0x7b5ed5e0c8 procSize=2360 unkSize=0
[DEBUG | dusk] fpcSCtRq_phase_CreateProcess: fpcBs_Create OK proc=0xb400007a13ab93b8
[DEBUG | dusk] [DIAG] fpcSCtRq_phase_Load: procName=33 ret=4
[DEBUG | dusk] fpcSCtRq_phase_CreateProcess: procName=33
[DEBUG | dusk] fpcBs_Create: pid=337 profname=fpcNm_OBJ_GRA_e (33) profile=0x7b5ed7bfb0 procSize=10184 unkSize=0
[DEBUG | dusk] fpcSCtRq_phase_CreateProcess: fpcBs_Create OK proc=0xb400007a13ab6bd0
[DEBUG | dusk] [DIAG] fpcSCtRq_phase_Load: procName=33 ret=4
[DEBUG | dusk] fpcSCtRq_phase_CreateProcess: procName=33
[DEBUG | dusk] fpcBs_Create: pid=338 profname=fpcNm_OBJ_GRA_e (33) profile=0x7b5ed7bfb0 procSize=10184 unkSize=0
[DEBUG | dusk] fpcSCtRq_phase_CreateProcess: fpcBs_Create OK proc=0xb400007a13ab43e8
[DEBUG | dusk] [DIAG] fpcSCtRq_phase_Load: procName=20 ret=4
[DEBUG | dusk] fpcSCtRq_phase_CreateProcess: procName=20
[DEBUG | dusk] fpcBs_Create: pid=339 profname=fpcNm_ALLDIE_e (20) profile=0x7b5ed58db8 procSize=1640 unkSize=0
[DEBUG | dusk] fpcSCtRq_phase_CreateProcess: fpcBs_Create OK proc=0xb400007a13ab3d60
[DEBUG | dusk] [DIAG] fpcSCtRq_phase_Load: procName=696 ret=4
[DEBUG | dusk] fpcSCtRq_phase_CreateProcess: procName=696
[DEBUG | dusk] fpcBs_Create: pid=340 profname=fpcNm_KYTAG14_e (696) profile=0x7b5ed59e28 procSize=1640 unkSize=0
[DEBUG | dusk] fpcSCtRq_phase_CreateProcess: fpcBs_Create OK proc=0xb400007a13ab36d8
[DEBUG | dusk] [DIAG] fpcSCtRq_phase_Load: procName=732 ret=4
[DEBUG | dusk] fpcSCtRq_phase_CreateProcess: procName=732
[DEBUG | dusk] fpcBs_Create: pid=341 profname=fpcNm_BG_e (732) profile=0x7b5ed553f8 procSize=1904 unkSize=0
[DEBUG | dusk] fpcSCtRq_phase_CreateProcess: fpcBs_Create OK proc=0xb400007a13ab2f48
[DEBUG | dusk] [DIAG] fpcSCtRq_phase_Load: procName=83 ret=4
[DEBUG | dusk] fpcSCtRq_phase_CreateProcess: procName=83
[DEBUG | dusk] fpcBs_Create: pid=342 profname=fpcNm_Obj_Digpl_e (83) profile=0x7b5ed5c7f8 procSize=1712 unkSize=0
[DEBUG | dusk] fpcSCtRq_phase_CreateProcess: fpcBs_Create OK proc=0xb400007a13ab2878
[DEBUG | dusk] [DIAG] fpcSCtRq_phase_Load: procName=83 ret=4
[DEBUG | dusk] fpcSCtRq_phase_CreateProcess: procName=83
[DEBUG | dusk] fpcBs_Create: pid=343 profname=fpcNm_Obj_Digpl_e (83) profile=0x7b5ed5c7f8 procSize=1712 unkSize=0
[DEBUG | dusk] fpcSCtRq_phase_CreateProcess: fpcBs_Create OK proc=0xb400007a13ab21a8
[DEBUG | dusk] [DIAG] fpcSCtRq_phase_Load: procName=359 ret=4
[DEBUG | dusk] fpcSCtRq_phase_CreateProcess: procName=359
[DEBUG | dusk] fpcBs_Create: pid=344 profname=fpcNm_Obj_Geyser_e (359) profile=0x7b5ed7b908 procSize=2472 unkSize=0
[DEBUG | dusk] fpcSCtRq_phase_CreateProcess: fpcBs_Create OK proc=0xb400007a13ab17e0
[DEBUG | dusk] [DIAG] fpcSCtRq_phase_Load: procName=359 ret=4
[DEBUG | dusk] fpcSCtRq_phase_CreateProcess: procName=359
[DEBUG | dusk] fpcBs_Create: pid=345 profname=fpcNm_Obj_Geyser_e (359) profile=0x7b5ed7b908 procSize=2472 unkSize=0
[DEBUG | dusk] fpcSCtRq_phase_CreateProcess: fpcBs_Create OK proc=0xb400007a13ab0e18
[DEBUG | dusk] [DIAG] fpcSCtRq_phase_Load: procName=359 ret=4
[DEBUG | dusk] fpcSCtRq_phase_CreateProcess: procName=359
[DEBUG | dusk] fpcBs_Create: pid=346 profname=fpcNm_Obj_Geyser_e (359) profile=0x7b5ed7b908 procSize=2472 unkSize=0
[DEBUG | dusk] fpcSCtRq_phase_CreateProcess: fpcBs_Create OK proc=0xb400007a13ab0450
[DEBUG | dusk] [DIAG] fpcSCtRq_phase_Load: procName=26 ret=4
[DEBUG | dusk] fpcSCtRq_phase_CreateProcess: procName=26
[DEBUG | dusk] fpcBs_Create: pid=347 profname=fpcNm_NO_CHG_ROOM_e (26) profile=0x7b5ed48d40 procSize=1728 unkSize=0
[DEBUG | dusk] fpcSCtRq_phase_CreateProcess: fpcBs_Create OK proc=0xb400007a13aafd70
[DEBUG | dusk] [DIAG] fpcSCtRq_phase_Load: procName=719 ret=4
[DEBUG | dusk] fpcSCtRq_phase_CreateProcess: procName=719
[DEBUG | dusk] fpcBs_Create: pid=348 profname=fpcNm_TAG_CAMERA_e (719) profile=0x7b5ed57260 procSize=1672 unkSize=0
[DEBUG | dusk] fpcSCtRq_phase_CreateProcess: fpcBs_Create OK proc=0xb400007a13aaf6c8
[DEBUG | dusk] [DIAG] fpcSCtRq_phase_Load: procName=788 ret=4
[DEBUG | dusk] fpcSCtRq_phase_CreateProcess: procName=788
[DEBUG | dusk] fpcBs_Create: pid=349 profname=fpcNm_MENUWINDOW_e (788) profile=0x7b5ed4ee20 procSize=592 unkSize=0
[DEBUG | dusk] fpcSCtRq_phase_CreateProcess: fpcBs_Create OK proc=0xb400007a13b0508c
[DEBUG | dusk] [DIAG] fpcSCtRq_phase_Load: procName=787 ret=4
[DEBUG | dusk] fpcSCtRq_phase_CreateProcess: procName=787
[DEBUG | dusk] fpcBs_Create: pid=350 profname=fpcNm_MSG_OBJECT_e (787) profile=0x7b5ed4fa98 procSize=1512 unkSize=0
[DEBUG | dusk] fpcSCtRq_phase_CreateProcess: fpcBs_Create OK proc=0xb400007a13aaf0c0
[DEBUG | dusk] Loading Resource: d_srock.bmd (Size: 4704)
[DEBUG | dusk] Loading Resource: d_brock.bmd (Size: 4704)
[DEBUG | dusk] Loading Resource: model0.bmd (Size: 14368)
[DEBUG | dusk] Loading Resource: model0.dzb (Size: 960)
[DEBUG | dusk] Loading Resource: k_takaraa.bck (Size: 448)
[DEBUG | dusk] Loading Resource: k_takarab.bck (Size: 448)
[DEBUG | dusk] Loading Resource: k_takarab_slow.bck (Size: 448)
[DEBUG | dusk] Loading Resource: boxa.bmd (Size: 22912)
[DEBUG | dusk] Loading Resource: boxb.bmd (Size: 27232)
[DEBUG | dusk] Loading Resource: ef_boxb.bmd (Size: 13504)
[DEBUG | dusk] Loading Resource: k_tboxn.bmd (Size: 2048)
[DEBUG | dusk] Loading Resource: boxa.brk (Size: 416)
[DEBUG | dusk] Loading Resource: ef_boxb.brk (Size: 256)
[DEBUG | dusk] Loading Resource: boxa.btk (Size: 416)
[DEBUG | dusk] Loading Resource: boxac.dzb (Size: 640)
[DEBUG | dusk] Loading Resource: boxao.dzb (Size: 928)
[DEBUG | dusk] Loading Resource: boxbc.dzb (Size: 640)
[DEBUG | dusk] Loading Resource: boxbo.dzb (Size: 928)
[DEBUG | dusk] Loading Resource: h_kanketsusen.bmd (Size: 9600)
[DEBUG | dusk] Loading Resource: h_kaneketsusen.dzb (Size: 1152)
[DEBUG | dusk] Loading Resource: h_kanketsusenyoko.dzb (Size: 1152)
[DEBUG | dusk] Loading Resource: clearb00.dzb (Size: 352)
[DEBUG | dusk] Loading Resource: clearb01.dzb (Size: 352)
[DEBUG | dusk] Loading Resource: clearb02.dzb (Size: 352)
[DEBUG | dusk] Loading Resource: clearb03.dzb (Size: 352)
[DEBUG | dusk] Loading Resource: clearb04.dzb (Size: 352)
[DEBUG | dusk] Loading Resource: tk_breaking.bck (Size: 3360)
[DEBUG | dusk] Loading Resource: tk_fly.bck (Size: 2336)
[DEBUG | dusk] Loading Resource: tk_hovering.bck (Size: 2592)
[DEBUG | dusk] Loading Resource: tk_kakku.bck (Size: 1984)
[DEBUG | dusk] Loading Resource: tk_land.bck (Size: 4544)
[DEBUG | dusk] Loading Resource: tk_pick_a.bck (Size: 2240)
[DEBUG | dusk] Loading Resource: tk_pick_b.bck (Size: 2880)
[DEBUG | dusk] Loading Resource: tk_wait_a.bck (Size: 1888)
[DEBUG | dusk] Loading Resource: tk.bmd (Size: 36128)
[DEBUG | dusk] Loading Resource: event_list.dat (Size: 6760)
[DEBUG | dusk] Loading Resource: gra_defence.bck (Size: 4544)
[DEBUG | dusk] Loading Resource: gra_f_defence.bck (Size: 1888)
[DEBUG | dusk] Loading Resource: gra_f_step_fight.bck (Size: 1920)
[DEBUG | dusk] Loading Resource: gra_f_talk_order.bck (Size: 2368)
[DEBUG | dusk] Loading Resource: gra_f_wait_fight.bck (Size: 1920)
[DEBUG | dusk] Loading Resource: gra_step_fight.bck (Size: 4736)
[DEBUG | dusk] Loading Resource: gra_step_fight_hitl.bck (Size: 4192)
[DEBUG | dusk] Loading Resource: gra_step_fight_hitr.bck (Size: 4544)
[DEBUG | dusk] Loading Resource: gra_step_fight_whiff.bck (Size: 5792)
[DEBUG | dusk] Loading Resource: gra_talk_order.bck (Size: 7264)
[DEBUG | dusk] Loading Resource: gra_to_stone.bck (Size: 4512)
[DEBUG | dusk] Loading Resource: gra_to_stone_back.bck (Size: 5888)
[DEBUG | dusk] Loading Resource: gra_wait_fight.bck (Size: 4320)
[DEBUG | dusk] Loading Resource: gra_f_defense.btp (Size: 160)
[DEBUG | dusk] Loading Resource: gra_stone_col.dzb (Size: 608)
[DEBUG | dusk] Loading Resource: event_list.dat (Size: 3168)
[DEBUG | dusk] Loading Resource: gra_a_f_getuptalk.bck (Size: 2976)
[DEBUG | dusk] Loading Resource: gra_a_fh_getup.bck (Size: 1792)
[DEBUG | dusk] Loading Resource: gra_f_cheerful.bck (Size: 1792)
[DEBUG | dusk] Loading Resource: gra_f_cheerful_t.bck (Size: 2144)
[DEBUG | dusk] Loading Resource: gra_f_grumpy.bck (Size: 1792)
[DEBUG | dusk] Loading Resource: gra_f_grumpy_t.bck (Size: 2208)
[DEBUG | dusk] Loading Resource: gra_f_recover.bck (Size: 1824)
[DEBUG | dusk] Loading Resource: gra_f_talk_a.bck (Size: 2080)
[DEBUG | dusk] Loading Resource: gra_f_talk_b.bck (Size: 2112)
[DEBUG | dusk] Loading Resource: gra_f_wait_a.bck (Size: 1792)
[DEBUG | dusk] Loading Resource: gra_recover.bck (Size: 4384)
[DEBUG | dusk] Loading Resource: gra_rotate.bck (Size: 2560)
[DEBUG | dusk] Loading Resource: gra_step.bck (Size: 3104)
[DEBUG | dusk] Loading Resource: gra_talk_a.bck (Size: 6208)
[DEBUG | dusk] Loading Resource: gra_talk_b.bck (Size: 6656)
[DEBUG | dusk] Loading Resource: gra_to_stone_normal.bck (Size: 4384)
[DEBUG | dusk] Loading Resource: gra_wait_a.bck (Size: 2720)
[DEBUG | dusk] Loading Resource: gra_walk_a.bck (Size: 3904)
[DEBUG | dusk] Loading Resource: gra_a.btk (Size: 256)
[DEBUG | dusk] Loading Resource: gra_a.btp (Size: 128)
[DEBUG | dusk] Loading Resource: gra_a_f_getuptalk.btp (Size: 288)
[DEBUG | dusk] Loading Resource: gra_a_fh_getup.btp (Size: 96)
[DEBUG | dusk] Loading Resource: gra_f_cheerful_t.btp (Size: 288)
[DEBUG | dusk] Loading Resource: gra_f_grumpy_t.btp (Size: 288)
[DEBUG | dusk] Loading Resource: gra_a.bmd (Size: 104672)
[DEBUG | dusk] Loading Resource: rd_armament.bck (Size: 3616)
[DEBUG | dusk] Loading Resource: rd_attack01.bck (Size: 7776)
[DEBUG | dusk] Loading Resource: rd_avoid.bck (Size: 5184)
[DEBUG | dusk] Loading Resource: rd_bow_ready.bck (Size: 704)
[DEBUG | dusk] Loading Resource: rd_bow_rready.bck (Size: 704)
[DEBUG | dusk] Loading Resource: rd_bow_rshoot.bck (Size: 928)
[DEBUG | dusk] Loading Resource: rd_bow_shoot.bck (Size: 864)
[DEBUG | dusk] Loading Resource: rd_damage_l.bck (Size: 5856)
[DEBUG | dusk] Loading Resource: rd_damage_r.bck (Size: 5568)
[DEBUG | dusk] Loading Resource: rd_damage_s.bck (Size: 4832)
[DEBUG | dusk] Loading Resource: rd_damage_w.bck (Size: 4448)
[DEBUG | dusk] Loading Resource: rd_dead_arrow.bck (Size: 9632)
[DEBUG | dusk] Loading Resource: rd_diea.bck (Size: 1824)
[DEBUG | dusk] Loading Resource: rd_diea_up.bck (Size: 6016)
[DEBUG | dusk] Loading Resource: rd_dieb.bck (Size: 1824)
[DEBUG | dusk] Loading Resource: rd_dieb_up.bck (Size: 6176)
[DEBUG | dusk] Loading Resource: rd_drowneda.bck (Size: 3008)
[DEBUG | dusk] Loading Resource: rd_drownedb.bck (Size: 2880)
[DEBUG | dusk] Loading Resource: rd_fura2.bck (Size: 8352)
[DEBUG | dusk] Loading Resource: rd_gosign.bck (Size: 4032)
[DEBUG | dusk] Loading Resource: rd_jump_a.bck (Size: 4000)
[DEBUG | dusk] Loading Resource: rd_jump_b.bck (Size: 1824)
[DEBUG | dusk] Loading Resource: rd_jump_c.bck (Size: 4096)
[DEBUG | dusk] Loading Resource: rd_kamae.bck (Size: 4384)
[DEBUG | dusk] Loading Resource: rd_kick.bck (Size: 5376)
[DEBUG | dusk] Loading Resource: rd_kyoro2.bck (Size: 2880)
[DEBUG | dusk] Loading Resource: rd_rattack01.bck (Size: 4352)
[DEBUG | dusk] Loading Resource: rd_rattack01_wait.bck (Size: 3200)
[DEBUG | dusk] Loading Resource: rd_rattack02.bck (Size: 5120)
[DEBUG | dusk] Loading Resource: rd_rattack02_wait.bck (Size: 3424)
[DEBUG | dusk] Loading Resource: rd_rattack03.bck (Size: 4480)
[DEBUG | dusk] Loading Resource: rd_rattack04.bck (Size: 5120)
[DEBUG | dusk] Loading Resource: rd_rdamage.bck (Size: 4192)
[DEBUG | dusk] Loading Resource: rd_rdamage_back.bck (Size: 6016)
[DEBUG | dusk] Loading Resource: rd_rrun.bck (Size: 3424)
[DEBUG | dusk] Loading Resource: rd_rrun02_back.bck (Size: 3904)
[DEBUG | dusk] Loading Resource: rd_rrun_back.bck (Size: 3552)
[DEBUG | dusk] Loading Resource: rd_rshoot.bck (Size: 3680)
[DEBUG | dusk] Loading Resource: rd_rshoot_ready.bck (Size: 3424)
[DEBUG | dusk] Loading Resource: rd_rshoot_wait.bck (Size: 3232)
[DEBUG | dusk] Loading Resource: rd_rshoot_wait02.bck (Size: 2720)
[DEBUG | dusk] Loading Resource: rd_rstep_back.bck (Size: 3744)
[DEBUG | dusk] Loading Resource: rd_rstep_l.bck (Size: 3488)
[DEBUG | dusk] Loading Resource: rd_rstep_lback.bck (Size: 3104)
[DEBUG | dusk] Loading Resource: rd_rstep_r.bck (Size: 3424)
[DEBUG | dusk] Loading Resource: rd_rstep_rback.bck (Size: 4192)
[DEBUG | dusk] Loading Resource: rd_run.bck (Size: 4384)
[DEBUG | dusk] Loading Resource: rd_run02.bck (Size: 4608)
[DEBUG | dusk] Loading Resource: rd_rwait.bck (Size: 2688)
[DEBUG | dusk] Loading Resource: rd_rwait_back.bck (Size: 2688)
[DEBUG | dusk] Loading Resource: rd_rwalk.bck (Size: 3104)
[DEBUG | dusk] Loading Resource: rd_rwalk_back.bck (Size: 3008)
[DEBUG | dusk] Loading Resource: rd_shoot.bck (Size: 5664)
[DEBUG | dusk] Loading Resource: rd_shoot_ready.bck (Size: 5056)
[DEBUG | dusk] Loading Resource: rd_shoot_wait.bck (Size: 2656)
[DEBUG | dusk] Loading Resource: rd_shout.bck (Size: 13824)
[DEBUG | dusk] Loading Resource: rd_sign.bck (Size: 3744)
[DEBUG | dusk] Loading Resource: rd_sleep_lookaround.bck (Size: 9056)
[DEBUG | dusk] Loading Resource: rd_sleep_standup.bck (Size: 7264)
[DEBUG | dusk] Loading Resource: rd_sleep_wait.bck (Size: 4544)
[DEBUG | dusk] Loading Resource: rd_wait01.bck (Size: 2688)
[DEBUG | dusk] Loading Resource: rd_walk.bck (Size: 3872)
[DEBUG | dusk] Loading Resource: rd.bmd (Size: 68864)
[DEBUG | dusk] Loading Resource: rd_arrow.bmd (Size: 3776)
[DEBUG | dusk] Loading Resource: rd_barrow.bmd (Size: 4096)
[DEBUG | dusk] Loading Resource: rd_bow.bmd (Size: 3904)
[DEBUG | dusk] Loading Resource: rd_club.bmd (Size: 6592)
[DEBUG | dusk] Loading Resource: rd_clubb.bmd (Size: 6720)
[DEBUG | dusk] Loading Resource: rd_eye.bmd (Size: 3008)
[DEBUG | dusk] Loading Resource: al_tobikusa.bmd (Size: 6016)
[DEBUG | dusk] Loading Resource: j_tobi.bmd (Size: 17888)
[DEBUG | dusk] Loading Resource: j_tobi_c.bmd (Size: 14880)
[DEBUG | dusk] [DIAG] fpcSCtRq_phase_Load: procName=369 ret=4
[DEBUG | dusk] fpcSCtRq_phase_CreateProcess: procName=369
[DEBUG | dusk] fpcBs_Create: pid=351 profname=fpcNm_Obj_StoneMark_e (369) profile=0x7b5ed5ddb0 procSize=2640 unkSize=0
[DEBUG | dusk] fpcSCtRq_phase_CreateProcess: fpcBs_Create OK proc=0xb400007a13afbc18
[DEBUG | dusk] Loading Resource: a_iwaato.bti (Size: 16416)
[DEBUG | dusk] [DIAG] fpcSCtRq_phase_Load: procName=369 ret=4
[DEBUG | dusk] fpcSCtRq_phase_CreateProcess: procName=369
[DEBUG | dusk] fpcBs_Create: pid=352 profname=fpcNm_Obj_StoneMark_e (369) profile=0x7b5ed5ddb0 procSize=2640 unkSize=0
[DEBUG | dusk] fpcSCtRq_phase_CreateProcess: fpcBs_Create OK proc=0xb400007a13afb1a8
[DEBUG | dusk] [DIAG] fpcSCtRq_phase_Load: procName=369 ret=4
[DEBUG | dusk] fpcSCtRq_phase_CreateProcess: procName=369
[DEBUG | dusk] fpcBs_Create: pid=353 profname=fpcNm_Obj_StoneMark_e (369) profile=0x7b5ed5ddb0 procSize=2640 unkSize=0
[DEBUG | dusk] fpcSCtRq_phase_CreateProcess: fpcBs_Create OK proc=0xb400007a13afa738
[DEBUG | dusk] [DIAG] fpcSCtRq_phase_Load: procName=369 ret=4
[DEBUG | dusk] fpcSCtRq_phase_CreateProcess: procName=369
[DEBUG | dusk] fpcBs_Create: pid=354 profname=fpcNm_Obj_StoneMark_e (369) profile=0x7b5ed5ddb0 procSize=2640 unkSize=0
[DEBUG | dusk] fpcSCtRq_phase_CreateProcess: fpcBs_Create OK proc=0xb400007a13af9cc8
[DEBUG | dusk] [DIAG] fpcSCtRq_phase_Load: procName=369 ret=4
[DEBUG | dusk] fpcSCtRq_phase_CreateProcess: procName=369
[DEBUG | dusk] fpcBs_Create: pid=355 profname=fpcNm_Obj_StoneMark_e (369) profile=0x7b5ed5ddb0 procSize=2640 unkSize=0
[DEBUG | dusk] fpcSCtRq_phase_CreateProcess: fpcBs_Create OK proc=0xb400007a13af9258
[DEBUG | dusk] [DIAG] fpcSCtRq_phase_Load: procName=369 ret=4
[DEBUG | dusk] fpcSCtRq_phase_CreateProcess: procName=369
[DEBUG | dusk] fpcBs_Create: pid=356 profname=fpcNm_Obj_StoneMark_e (369) profile=0x7b5ed5ddb0 procSize=2640 unkSize=0
[DEBUG | dusk] fpcSCtRq_phase_CreateProcess: fpcBs_Create OK proc=0xb400007a13af87e8
[DEBUG | dusk] [DIAG] fpcSCtRq_phase_Load: procName=369 ret=4
[DEBUG | dusk] fpcSCtRq_phase_CreateProcess: procName=369
[DEBUG | dusk] fpcBs_Create: pid=357 profname=fpcNm_Obj_StoneMark_e (369) profile=0x7b5ed5ddb0 procSize=2640 unkSize=0
[DEBUG | dusk] fpcSCtRq_phase_CreateProcess: fpcBs_Create OK proc=0xb400007a13aae650
[DEBUG | dusk] [DIAG] fpcSCtRq_phase_Load: procName=369 ret=4
[DEBUG | dusk] fpcSCtRq_phase_CreateProcess: procName=369
[DEBUG | dusk] fpcBs_Create: pid=358 profname=fpcNm_Obj_StoneMark_e (369) profile=0x7b5ed5ddb0 procSize=2640 unkSize=0
[DEBUG | dusk] fpcSCtRq_phase_CreateProcess: fpcBs_Create OK proc=0xb400007a13aadbe0
[DEBUG | dusk] [DIAG] fpcSCtRq_phase_Load: procName=369 ret=4
[DEBUG | dusk] fpcSCtRq_phase_CreateProcess: procName=369
[DEBUG | dusk] fpcBs_Create: pid=359 profname=fpcNm_Obj_StoneMark_e (369) profile=0x7b5ed5ddb0 procSize=2640 unkSize=0
[DEBUG | dusk] fpcSCtRq_phase_CreateProcess: fpcBs_Create OK proc=0xb400007a13aad170
[DEBUG | dusk] [DIAG] fpcSCtRq_phase_Load: procName=369 ret=4
[DEBUG | dusk] fpcSCtRq_phase_CreateProcess: procName=369
[DEBUG | dusk] fpcBs_Create: pid=360 profname=fpcNm_Obj_StoneMark_e (369) profile=0x7b5ed5ddb0 procSize=2640 unkSize=0
[DEBUG | dusk] fpcSCtRq_phase_CreateProcess: fpcBs_Create OK proc=0xb400007a13aac700
[DEBUG | dusk] [DIAG] fpcSCtRq_phase_Load: procName=369 ret=4
[DEBUG | dusk] fpcSCtRq_phase_CreateProcess: procName=369
[DEBUG | dusk] fpcBs_Create: pid=361 profname=fpcNm_Obj_StoneMark_e (369) profile=0x7b5ed5ddb0 procSize=2640 unkSize=0
[DEBUG | dusk] fpcSCtRq_phase_CreateProcess: fpcBs_Create OK proc=0xb400007a13aabc90
[DEBUG | dusk] [DIAG] fpcSCtRq_phase_Load: procName=369 ret=4
[DEBUG | dusk] fpcSCtRq_phase_CreateProcess: procName=369
[DEBUG | dusk] fpcBs_Create: pid=362 profname=fpcNm_Obj_StoneMark_e (369) profile=0x7b5ed5ddb0 procSize=2640 unkSize=0
[DEBUG | dusk] fpcSCtRq_phase_CreateProcess: fpcBs_Create OK proc=0xb400007a13aab220
[DEBUG | dusk] [DIAG] fpcSCtRq_phase_Load: procName=369 ret=4
[DEBUG | dusk] fpcSCtRq_phase_CreateProcess: procName=369
[DEBUG | dusk] fpcBs_Create: pid=363 profname=fpcNm_Obj_StoneMark_e (369) profile=0x7b5ed5ddb0 procSize=2640 unkSize=0
[DEBUG | dusk] fpcSCtRq_phase_CreateProcess: fpcBs_Create OK proc=0xb400007a13aaa7b0
[DEBUG | dusk] [DIAG] fpcSCtRq_phase_Load: procName=369 ret=4
[DEBUG | dusk] fpcSCtRq_phase_CreateProcess: procName=369
[DEBUG | dusk] fpcBs_Create: pid=364 profname=fpcNm_Obj_StoneMark_e (369) profile=0x7b5ed5ddb0 procSize=2640 unkSize=0
[DEBUG | dusk] fpcSCtRq_phase_CreateProcess: fpcBs_Create OK proc=0xb400007a13aa9d40
[DEBUG | dusk] [DIAG] fpcSCtRq_phase_Load: procName=369 ret=4
[DEBUG | dusk] fpcSCtRq_phase_CreateProcess: procName=369
[DEBUG | dusk] fpcBs_Create: pid=365 profname=fpcNm_Obj_StoneMark_e (369) profile=0x7b5ed5ddb0 procSize=2640 unkSize=0
[DEBUG | dusk] fpcSCtRq_phase_CreateProcess: fpcBs_Create OK proc=0xb400007a13aa92d0
[DEBUG | dusk] [DIAG] fpcSCtRq_phase_Load: procName=369 ret=4
[DEBUG | dusk] fpcSCtRq_phase_CreateProcess: procName=369
[DEBUG | dusk] fpcBs_Create: pid=366 profname=fpcNm_Obj_StoneMark_e (369) profile=0x7b5ed5ddb0 procSize=2640 unkSize=0
[DEBUG | dusk] fpcSCtRq_phase_CreateProcess: fpcBs_Create OK proc=0xb400007a13b007a4
[DEBUG | dusk] [DIAG] fpcSCtRq_phase_Load: procName=369 ret=4
[DEBUG | dusk] fpcSCtRq_phase_CreateProcess: procName=369
[DEBUG | dusk] fpcBs_Create: pid=367 profname=fpcNm_Obj_StoneMark_e (369) profile=0x7b5ed5ddb0 procSize=2640 unkSize=0
[DEBUG | dusk] fpcSCtRq_phase_CreateProcess: fpcBs_Create OK proc=0xb400007a13aa8860
[DEBUG | dusk] [DIAG] fpcSCtRq_phase_Load: procName=369 ret=4
[DEBUG | dusk] fpcSCtRq_phase_CreateProcess: procName=369
[DEBUG | dusk] fpcBs_Create: pid=368 profname=fpcNm_Obj_StoneMark_e (369) profile=0x7b5ed5ddb0 procSize=2640 unkSize=0
[DEBUG | dusk] fpcSCtRq_phase_CreateProcess: fpcBs_Create OK proc=0xb400007a13aa7df0
[DEBUG | dusk] [DIAG] fpcSCtRq_phase_Load: procName=369 ret=4
[DEBUG | dusk] fpcSCtRq_phase_CreateProcess: procName=369
[DEBUG | dusk] fpcBs_Create: pid=369 profname=fpcNm_Obj_StoneMark_e (369) profile=0x7b5ed5ddb0 procSize=2640 unkSize=0
[DEBUG | dusk] fpcSCtRq_phase_CreateProcess: fpcBs_Create OK proc=0xb400007a13aa7380
[DEBUG | dusk] [DIAG] fpcSCtRq_phase_Load: procName=369 ret=4
[DEBUG | dusk] fpcSCtRq_phase_CreateProcess: procName=369
[DEBUG | dusk] fpcBs_Create: pid=370 profname=fpcNm_Obj_StoneMark_e (369) profile=0x7b5ed5ddb0 procSize=2640 unkSize=0
[DEBUG | dusk] fpcSCtRq_phase_CreateProcess: fpcBs_Create OK proc=0xb400007a13aa6910
[DEBUG | dusk] [DIAG] fpcSCtRq_phase_Load: procName=369 ret=4
[DEBUG | dusk] fpcSCtRq_phase_CreateProcess: procName=369
[DEBUG | dusk] fpcBs_Create: pid=371 profname=fpcNm_Obj_StoneMark_e (369) profile=0x7b5ed5ddb0 procSize=2640 unkSize=0
[DEBUG | dusk] fpcSCtRq_phase_CreateProcess: fpcBs_Create OK proc=0xb400007a13aa5ea0
[DEBUG | dusk] [DIAG] fpcSCtRq_phase_Load: procName=369 ret=4
[DEBUG | dusk] fpcSCtRq_phase_CreateProcess: procName=369
[DEBUG | dusk] fpcBs_Create: pid=372 profname=fpcNm_Obj_StoneMark_e (369) profile=0x7b5ed5ddb0 procSize=2640 unkSize=0
[DEBUG | dusk] fpcSCtRq_phase_CreateProcess: fpcBs_Create OK proc=0xb400007a13aa5430
[DEBUG | dusk] [DIAG] fpcSCtRq_phase_Load: procName=369 ret=4
[DEBUG | dusk] fpcSCtRq_phase_CreateProcess: procName=369
[DEBUG | dusk] fpcBs_Create: pid=373 profname=fpcNm_Obj_StoneMark_e (369) profile=0x7b5ed5ddb0 procSize=2640 unkSize=0
[DEBUG | dusk] fpcSCtRq_phase_CreateProcess: fpcBs_Create OK proc=0xb400007a13aa49c0
[DEBUG | dusk] [DIAG] fpcSCtRq_phase_Load: procName=369 ret=4
[DEBUG | dusk] fpcSCtRq_phase_CreateProcess: procName=369
[DEBUG | dusk] fpcBs_Create: pid=374 profname=fpcNm_Obj_StoneMark_e (369) profile=0x7b5ed5ddb0 procSize=2640 unkSize=0
[DEBUG | dusk] fpcSCtRq_phase_CreateProcess: fpcBs_Create OK proc=0xb400007a13aa3f50
[DEBUG | dusk] [DIAG] fpcSCtRq_phase_Load: procName=369 ret=4
[DEBUG | dusk] fpcSCtRq_phase_CreateProcess: procName=369
[DEBUG | dusk] fpcBs_Create: pid=375 profname=fpcNm_Obj_StoneMark_e (369) profile=0x7b5ed5ddb0 procSize=2640 unkSize=0
[DEBUG | dusk] fpcSCtRq_phase_CreateProcess: fpcBs_Create OK proc=0xb400007a13affd18
[DEBUG | dusk] [DIAG] fpcSCtRq_phase_Load: procName=369 ret=4
[DEBUG | dusk] fpcSCtRq_phase_CreateProcess: procName=369
[DEBUG | dusk] fpcBs_Create: pid=376 profname=fpcNm_Obj_StoneMark_e (369) profile=0x7b5ed5ddb0 procSize=2640 unkSize=0
[DEBUG | dusk] fpcSCtRq_phase_CreateProcess: fpcBs_Create OK proc=0xb400007a13aa34e0
[DEBUG | dusk] [DIAG] fpcSCtRq_phase_Load: procName=369 ret=4
[DEBUG | dusk] fpcSCtRq_phase_CreateProcess: procName=369
[DEBUG | dusk] fpcBs_Create: pid=377 profname=fpcNm_Obj_StoneMark_e (369) profile=0x7b5ed5ddb0 procSize=2640 unkSize=0
[DEBUG | dusk] fpcSCtRq_phase_CreateProcess: fpcBs_Create OK proc=0xb400007a13aa2a70
[DEBUG | dusk] [DIAG] fpcSCtRq_phase_Load: procName=369 ret=4
[DEBUG | dusk] fpcSCtRq_phase_CreateProcess: procName=369
[DEBUG | dusk] fpcBs_Create: pid=378 profname=fpcNm_Obj_StoneMark_e (369) profile=0x7b5ed5ddb0 procSize=2640 unkSize=0
[DEBUG | dusk] fpcSCtRq_phase_CreateProcess: fpcBs_Create OK proc=0xb400007a13aa2000
[DEBUG | dusk] [DIAG] fpcSCtRq_phase_Load: procName=369 ret=4
[DEBUG | dusk] fpcSCtRq_phase_CreateProcess: procName=369
[DEBUG | dusk] fpcBs_Create: pid=379 profname=fpcNm_Obj_StoneMark_e (369) profile=0x7b5ed5ddb0 procSize=2640 unkSize=0
[DEBUG | dusk] fpcSCtRq_phase_CreateProcess: fpcBs_Create OK proc=0xb400007a13aa1590
[DEBUG | dusk] [DIAG] fpcSCtRq_phase_Load: procName=369 ret=4
[DEBUG | dusk] fpcSCtRq_phase_CreateProcess: procName=369
[DEBUG | dusk] fpcBs_Create: pid=380 profname=fpcNm_Obj_StoneMark_e (369) profile=0x7b5ed5ddb0 procSize=2640 unkSize=0
[DEBUG | dusk] fpcSCtRq_phase_CreateProcess: fpcBs_Create OK proc=0xb400007a13aa0b20
[DEBUG | dusk] [DIAG] fpcSCtRq_phase_Load: procName=369 ret=4
[DEBUG | dusk] fpcSCtRq_phase_CreateProcess: procName=369
[DEBUG | dusk] fpcBs_Create: pid=381 profname=fpcNm_Obj_StoneMark_e (369) profile=0x7b5ed5ddb0 procSize=2640 unkSize=0
[DEBUG | dusk] fpcSCtRq_phase_CreateProcess: fpcBs_Create OK proc=0xb400007a13aa00b0
[DEBUG | dusk] [DIAG] fpcSCtRq_phase_Load: procName=369 ret=4
[DEBUG | dusk] fpcSCtRq_phase_CreateProcess: procName=369
[DEBUG | dusk] fpcBs_Create: pid=382 profname=fpcNm_Obj_StoneMark_e (369) profile=0x7b5ed5ddb0 procSize=2640 unkSize=0
[DEBUG | dusk] fpcSCtRq_phase_CreateProcess: fpcBs_Create OK proc=0xb400007a13a9f640
[DEBUG | dusk] [DIAG] fpcSCtRq_phase_Load: procName=369 ret=4
[DEBUG | dusk] fpcSCtRq_phase_CreateProcess: procName=369
[DEBUG | dusk] fpcBs_Create: pid=383 profname=fpcNm_Obj_StoneMark_e (369) profile=0x7b5ed5ddb0 procSize=2640 unkSize=0
[DEBUG | dusk] fpcSCtRq_phase_CreateProcess: fpcBs_Create OK proc=0xb400007a13a9ebd0
[DEBUG | dusk] [DIAG] fpcSCtRq_phase_Load: procName=369 ret=4
[DEBUG | dusk] fpcSCtRq_phase_CreateProcess: procName=369
[DEBUG | dusk] fpcBs_Create: pid=384 profname=fpcNm_Obj_StoneMark_e (369) profile=0x7b5ed5ddb0 procSize=2640 unkSize=0
[DEBUG | dusk] fpcSCtRq_phase_CreateProcess: fpcBs_Create OK proc=0xb400007a13aff28c
[DEBUG | dusk] Loading Resource: al_kantera.bmd (Size: 21024)
[DEBUG | dusk] Loading Resource: ef_ktglow.bmd (Size: 3040)
[DEBUG | dusk] Loading Resource: al.bmd (Size: 176288)
[DEBUG | dusk] Loading Resource: al_bootsh.bmd (Size: 22048)
[DEBUG | dusk] Loading Resource: al_face.bmd (Size: 72576)
[DEBUG | dusk] Loading Resource: al_hands.bmd (Size: 61056)
[DEBUG | dusk] Loading Resource: al_head.bmd (Size: 33851)
[DEBUG | dusk] Loading Resource: al_swb.bmd (Size: 23552)
[DEBUG | dusk] Loading Resource: ef_ktglow.btk (Size: 512)
[DEBUG | dusk] Loading Resource: al_shb.bmd (Size: 15040)
[DEBUG | dusk] [DIAG] fpcSCtRq_phase_Load: procName=255 ret=4
[DEBUG | dusk] fpcSCtRq_phase_CreateProcess: procName=255
[DEBUG | dusk] fpcBs_Create: pid=385 profname=fpcNm_MIDNA_e (255) profile=0x7b5ed58698 procSize=3360 unkSize=0
[DEBUG | dusk] fpcSCtRq_phase_CreateProcess: fpcBs_Create OK proc=0xb400007a13afcef0
[DEBUG | dusk] Loading Resource: s_md_hands.bmd (Size: 19776)
[DEBUG | dusk] Loading Resource: s_md_mask.bmd (Size: 15424)
[DEBUG | dusk] Loading Resource: s_md_gokou.bmd (Size: 3008)
[DEBUG | dusk] Loading Resource: s_md.bmd (Size: 69984)
[DEBUG | dusk] Loading Resource: s_md_hair_hand.bmd (Size: 18944)
[DEBUG | dusk] Loading Resource: s_md_appear.brk (Size: 352)
[DEBUG | dusk] Loading Resource: s_md_gokou_appear.brk (Size: 256)
[DEBUG | dusk] Loading Resource: s_md_hair_hand_appear.brk (Size: 288)
[DEBUG | dusk] Loading Resource: s_md_mask_appear.brk (Size: 256)
[DEBUG | dusk] Loading Resource: s_md_hair_hand_moya.btk (Size: 544)
[DEBUG | dusk] Loading Resource: s_md_hands_moya.btk (Size: 608)
[DEBUG | dusk] Loading Resource: s_md_mask_moya.btk (Size: 320)
[DEBUG | dusk] Loading Resource: s_md_moya.btk (Size: 512)
[DEBUG | dusk] fopScnM_CreateReq: procName=18 fade=32767
[DEBUG | dusk] fopScnM_CreateReq: result=9 (error=4294967295)
[DEBUG | dusk] frameInterp: onTypeChange 31 -> 40 (event_type_id=40, leaving_event=false, entering_event=true)
[DEBUG | dusk] frameInterp: presentation sync not requested for ZEV event [CURRENT] (staff idx 25)
[DEBUG | dusk] fpcNdRq_phase_Create: name=18 layer=0xb400007a13b05c48
[DEBUG | dusk] fpcNdRq_phase_Create: creating_id=386 (error=4294967295)
[DEBUG | dusk] [DIAG] fpcSCtRq_phase_Load: procName=18 ret=4
[DEBUG | dusk] fpcSCtRq_phase_CreateProcess: procName=18
[DEBUG | dusk] fpcBs_Create: pid=386 profname=fpcNm_ROOM_SCENE_e (18) profile=0x7b5ed52388 procSize=912 unkSize=0
[DEBUG | dusk] fpcSCtRq_phase_CreateProcess: fpcBs_Create OK proc=0xb400007a13b04b34
[DEBUG | dusk] Loading Resource: model.bmd (Size: 38112)
[DEBUG | dusk] Loading Resource: room.dzr (Size: 640)
[DEBUG | dusk] Loading Resource: room.kcl (Size: 32266)
[DEBUG | dusk] Loading Resource: room.plc (Size: 64)
[DEBUG | dusk] fopScnM_CreateReq: procName=18 fade=32767
[DEBUG | dusk] fopScnM_CreateReq: result=10 (error=4294967295)
[DEBUG | dusk] fpcNdRq_phase_Create: name=18 layer=0xb400007a13b05c48
[DEBUG | dusk] fpcNdRq_phase_Create: creating_id=387 (error=4294967295)
[DEBUG | dusk] [DIAG] fpcSCtRq_phase_Load: procName=18 ret=4
[DEBUG | dusk] fpcSCtRq_phase_CreateProcess: procName=18
[DEBUG | dusk] fpcBs_Create: pid=387 profname=fpcNm_ROOM_SCENE_e (18) profile=0x7b5ed52388 procSize=912 unkSize=0
[DEBUG | dusk] fpcSCtRq_phase_CreateProcess: fpcBs_Create OK proc=0xb400007a13afcb40
[DEBUG | dusk] Loading Resource: model.bmd (Size: 534880)
[DEBUG | dusk] Loading Resource: model4.bmd (Size: 6784)
[DEBUG | dusk] Loading Resource: model5.bmd (Size: 219392)
[DEBUG | dusk] Loading Resource: model5.brk (Size: 384)
[DEBUG | dusk] Loading Resource: model4.btk (Size: 416)
[DEBUG | dusk] Loading Resource: model5.btk (Size: 480)
[DEBUG | dusk] Loading Resource: room.dzr (Size: 16864)
[DEBUG | dusk] Loading Resource: event_list.dat (Size: 3080)
[DEBUG | dusk] Loading Resource: r03_big_vol.stb (Size: 1700)
[DEBUG | dusk] Loading Resource: r03_wolf_in.stb (Size: 1684)
[DEBUG | dusk] Loading Resource: room.kcl (Size: 448186)
[DEBUG | dusk] Loading Resource: room.plc (Size: 768)
[DEBUG | dusk] frameInterp: onTypeChange 40 -> 31 (event_type_id=40, leaving_event=true, entering_event=false)
[DEBUG | dusk] fapGm_Execute frame=1500
[DEBUG | dusk] fapGm_Execute frame=1800
[DEBUG | dusk] fpcBs_Create: pid=389 profname=fpcNm_ITEM_e (536) profile=0x7b5ed4b848 procSize=3272 unkSize=0
[DEBUG | dusk] fapGm_Execute frame=2100
[DEBUG | dusk] fapGm_Execute frame=2400
[DEBUG | dusk] [DIAG] fpcSCtRq_phase_Load: procName=2 ret=4
[DEBUG | dusk] fpcSCtRq_phase_CreateProcess: procName=2
[DEBUG | dusk] fpcBs_Create: pid=390 profname=fpcNm_OVERLAP3_e (2) profile=0x7b5ed51d98 procSize=464 unkSize=0
[DEBUG | dusk] fpcSCtRq_phase_CreateProcess: fpcBs_Create OK proc=0xb400007a13b05428
[DEBUG | dusk] fpcNdRq_phase_Create: name=11 layer=0x7b5ef85418
[DEBUG | dusk] fpcNdRq_phase_Create: creating_id=391 (error=4294967295)
[DEBUG | dusk] [DIAG] fpcSCtRq_phase_Load: procName=11 ret=4
[DEBUG | dusk] fpcSCtRq_phase_CreateProcess: procName=11
[DEBUG | dusk] fpcBs_Create: pid=391 profname=fpcNm_PLAY_SCENE_e (11) profile=0x7b5ed52268 procSize=912 unkSize=0
[DEBUG | dusk] fpcSCtRq_phase_CreateProcess: fpcBs_Create OK proc=0xb400007a13b05af0
[DEBUG | dusk] Loading Resource: hs_back_walk.bck (Size: 5536)
[DEBUG | dusk] Loading Resource: hs_back_walk_start.bck (Size: 6304)
[DEBUG | dusk] Loading Resource: hs_excitement.bck (Size: 11968)
[DEBUG | dusk] Loading Resource: hs_excitement_2.bck (Size: 14144)
[DEBUG | dusk] Loading Resource: hs_jump_end.bck (Size: 5344)
[DEBUG | dusk] Loading Resource: hs_jump_middle.bck (Size: 4640)
[DEBUG | dusk] Loading Resource: hs_jump_start.bck (Size: 4832)
[DEBUG | dusk] Loading Resource: hs_jump_start_clift.bck (Size: 5248)
[DEBUG | dusk] Loading Resource: hs_lash.bck (Size: 3200)
[DEBUG | dusk] Loading Resource: hs_neck_waitback_left.bck (Size: 2880)
[DEBUG | dusk] Loading Resource: hs_neck_waitback_right.bck (Size: 2848)
[DEBUG | dusk] Loading Resource: hs_run_dash.bck (Size: 7680)
[DEBUG | dusk] Loading Resource: hs_run_fast.bck (Size: 6688)
[DEBUG | dusk] Loading Resource: hs_run_slow.bck (Size: 7712)
[DEBUG | dusk] Loading Resource: hs_stand.bck (Size: 17984)
[DEBUG | dusk] Loading Resource: hs_stop_slow.bck (Size: 14208)
[DEBUG | dusk] Loading Resource: hs_stop_stand.bck (Size: 16352)
[DEBUG | dusk] Loading Resource: hs_turn_left.bck (Size: 9632)
[DEBUG | dusk] Loading Resource: hs_turn_left_start.bck (Size: 5248)
[DEBUG | dusk] Loading Resource: hs_turn_right.bck (Size: 9472)
[DEBUG | dusk] Loading Resource: hs_turn_right_start.bck (Size: 5344)
[DEBUG | dusk] Loading Resource: hs_wait_01.bck (Size: 4768)
[DEBUG | dusk] Loading Resource: hs_wait_01b.bck (Size: 4672)
[DEBUG | dusk] Loading Resource: hs_wait_01b_connect.bck (Size: 4672)
[DEBUG | dusk] Loading Resource: hs_wait_02.bck (Size: 8928)
[DEBUG | dusk] Loading Resource: hs_wait_03.bck (Size: 7552)
[DEBUG | dusk] Loading Resource: hs_wait_04.bck (Size: 12640)
[DEBUG | dusk] Loading Resource: hs_wait_05.bck (Size: 10528)
[DEBUG | dusk] Loading Resource: hs_walk_fast.bck (Size: 5792)
[DEBUG | dusk] Loading Resource: hs_walk_slow.bck (Size: 5600)
[DEBUG | dusk] Loading Resource: hs.bmd (Size: 131264)
[DEBUG | dusk] Loading Resource: hs_eye.btp (Size: 128)
[DEBUG | dusk] Loading Resource: tazuna.bti (Size: 160)
[DEBUG | dusk] Loading Resource: j_hako_00.bmd (Size: 13312)
[DEBUG | dusk] Loading Resource: j_hako_00.dzb (Size: 608)
[DEBUG | dusk] Loading Resource: j_taru_00.bmd (Size: 17056)
[DEBUG | dusk] Loading Resource: h_box20.bmd (Size: 12032)
[DEBUG | dusk] Loading Resource: h_box20.dzb (Size: 768)
[DEBUG | dusk] Loading Resource: d_hfswitch.bmd (Size: 6656)
[DEBUG | dusk] Loading Resource: d_hfswitch00.dzb (Size: 736)
[DEBUG | dusk] Loading Resource: d_hfswitch01.dzb (Size: 480)
[DEBUG | dusk] Loading Resource: ni_volcbom_ef.bck (Size: 1632)
[DEBUG | dusk] Loading Resource: ef_volcbom.bmd (Size: 40928)
[DEBUG | dusk] Loading Resource: m_volcbom.bmd (Size: 44256)
[DEBUG | dusk] Loading Resource: ef_volcbom.brk (Size: 320)
[DEBUG | dusk] Loading Resource: m_volcbom.brk (Size: 512)
[DEBUG | dusk] Loading Resource: ef_volcbom.btk (Size: 736)
[DEBUG | dusk] Loading Resource: m_volcbom.btk (Size: 320)
[DEBUG | dusk] Loading Resource: ni_volcbom_ef.btk (Size: 512)
[DEBUG | dusk] Loading Resource: m_volcbom.dzb (Size: 3456)
[DEBUG | dusk] Loading Resource: event_list.dat (Size: 6040)
[DEBUG | dusk] Loading Resource: m_volcground.bmd (Size: 19136)
[DEBUG | dusk] Loading Resource: m_volcground.brk (Size: 224)
[DEBUG | dusk] Loading Resource: m_volcground.btk (Size: 352)
[DEBUG | dusk] Loading Resource: kr_attack.bck (Size: 8384)
[DEBUG | dusk] Loading Resource: kr_chance.bck (Size: 4672)
[DEBUG | dusk] Loading Resource: kr_damage.bck (Size: 2304)
[DEBUG | dusk] Loading Resource: kr_find.bck (Size: 3744)
[DEBUG | dusk] Loading Resource: kr_fly.bck (Size: 7552)
[DEBUG | dusk] Loading Resource: kr_fly_attack.bck (Size: 8928)
[DEBUG | dusk] Loading Resource: kr_fly_attack_glide.bck (Size: 6016)
[DEBUG | dusk] Loading Resource: kr_fly_brake.bck (Size: 5120)
[DEBUG | dusk] Loading Resource: kr_fly_carry.bck (Size: 4864)
[DEBUG | dusk] Loading Resource: kr_fly_glide.bck (Size: 6400)
[DEBUG | dusk] Loading Resource: kr_fly_glide_carry.bck (Size: 4512)
[DEBUG | dusk] Loading Resource: kr_fly_land.bck (Size: 6112)
[DEBUG | dusk] Loading Resource: kr_guard.bck (Size: 6528)
[DEBUG | dusk] Loading Resource: kr_hovering.bck (Size: 6208)
[DEBUG | dusk] Loading Resource: kr_hovering_carry.bck (Size: 5440)
[DEBUG | dusk] Loading Resource: kr_land.bck (Size: 8608)
[DEBUG | dusk] Loading Resource: kr_lookaround.bck (Size: 4160)
[DEBUG | dusk] Loading Resource: kr_wait.bck (Size: 3232)
[DEBUG | dusk] Loading Resource: kr.bmd (Size: 37440)
[DEBUG | dusk] Loading Resource: gra_f_spa_relax.bck (Size: 1824)
[DEBUG | dusk] Loading Resource: gra_f_spa_relax_b.bck (Size: 1888)
[DEBUG | dusk] Loading Resource: gra_f_spa_sit.bck (Size: 1984)
[DEBUG | dusk] Loading Resource: gra_f_spa_sit_b.bck (Size: 1824)
[DEBUG | dusk] Loading Resource: gra_spa_relax.bck (Size: 4256)
[DEBUG | dusk] Loading Resource: gra_spa_relax_b.bck (Size: 4928)
[DEBUG | dusk] Loading Resource: gra_spa_sit.bck (Size: 2848)
[DEBUG | dusk] Loading Resource: gra_spa_sit_b.bck (Size: 2496)
[DEBUG | dusk] Loading Resource: gra_spa_relax.btp (Size: 320)
[DEBUG | dusk] Loading Resource: gra_spa_relax_b.btp (Size: 352)
[DEBUG | dusk] Loading Resource: gra_spa_sit.btp (Size: 224)
[DEBUG | dusk] Loading Resource: event_list.dat (Size: 1896)
[DEBUG | dusk] Loading Resource: m_volcball.bmd (Size: 4896)
[DEBUG | dusk] Loading Resource: h_onsen.bmd (Size: 4832)
[DEBUG | dusk] Loading Resource: h_onsenb.bmd (Size: 4960)
[DEBUG | dusk] Loading Resource: h_onsen.btk (Size: 320)
[DEBUG | dusk] Loading Resource: h_onsen.dzb (Size: 2944)
[DEBUG | dusk] Loading Resource: gra_climbup.bck (Size: 8736)
[DEBUG | dusk] Loading Resource: gra_f_talk_tell.bck (Size: 2976)
[DEBUG | dusk] Loading Resource: gra_talk_tell.bck (Size: 12320)
[DEBUG | dusk] Loading Resource: gra_wait_jump.bck (Size: 2720)
[DEBUG | dusk] Loading Resource: h_elevater.bmd (Size: 65280)
[DEBUG | dusk] Loading Resource: h_eleveter.dzb (Size: 1056)
[DEBUG | dusk] Loading Resource: event_list.dat (Size: 3032)
[DEBUG | dusk] Loading Resource: b_md_oil.bmd (Size: 9568)
[DEBUG | dusk] Loading Resource: b_md_milk.bmd (Size: 9568)
[DEBUG | dusk] Loading Resource: o_md_al_arrow.bmd (Size: 22432)
[DEBUG | dusk] Loading Resource: o_md_al_shb.bmd (Size: 16896)
[DEBUG | dusk] Loading Resource: vrbox_kasumim.bmd (Size: 2272)
[DEBUG | dusk] Loading Resource: vrbox_kumo.bmd (Size: 69664)
[DEBUG | dusk] Loading Resource: vrbox_sora.bmd (Size: 6624)
[DEBUG | dusk] Loading Resource: vrbox_sun.bmd (Size: 12032)
[DEBUG | dusk] Loading Resource: door-knob_00.bmd (Size: 10400)
[DEBUG | dusk] Loading Resource: door-knob_01.bmd (Size: 7904)
[DEBUG | dusk] Loading Resource: door-knob_02.bmd (Size: 9408)
[DEBUG | dusk] Loading Resource: vrbox_sun.btk (Size: 320)
[DEBUG | dusk] Loading Resource: colordata_tbl.dat (Size: 800)
[DEBUG | dusk] Loading Resource: pol_arg.dat (Size: 128)
[DEBUG | dusk] Loading Resource: pol_effcol.dat (Size: 128)
[DEBUG | dusk] Loading Resource: pol_effcol2.dat (Size: 128)
[DEBUG | dusk] Loading Resource: pol_efftbl.dat (Size: 128)
[DEBUG | dusk] Loading Resource: pol_efftbl2.dat (Size: 128)
[DEBUG | dusk] Loading Resource: pol_sound.dat (Size: 128)
[DEBUG | dusk] Loading Resource: stage.dzs (Size: 5088)
[DEBUG | dusk] Loading Resource: cloudtx_01.bti (Size: 4128)
[DEBUG | dusk] Loading Resource: cloudtx_02.bti (Size: 4128)
[DEBUG | dusk] Loading Resource: cloudtx_03.bti (Size: 4128)
[DEBUG | dusk] Loading Resource: f_moon.bti (Size: 8224)
[DEBUG | dusk] Loading Resource: f_moon_a.bti (Size: 2080)
[DEBUG | dusk] Loading Resource: f_moon_a_a00.bti (Size: 64)
[DEBUG | dusk] Loading Resource: f_moon_a_a01.bti (Size: 544)
[DEBUG | dusk] Loading Resource: f_moon_a_a02.bti (Size: 544)
[DEBUG | dusk] Loading Resource: f_moon_a_a03.bti (Size: 544)
[DEBUG | dusk] Loading Resource: event_list.dat (Size: 106476)
[DEBUG | dusk] Loading Resource: camstyle.dat (Size: 43328)
[DEBUG | dusk] Loading Resource: camtype.dat (Size: 14560)
[DEBUG | dusk] fpcBs_Create: pid=396 profname=fpcNm_SUSPEND_e (783) profile=0x7b5ed58c48 procSize=1632 unkSize=0
[DEBUG | dusk] fopScnM_CreateReq: procName=18 fade=32767
[DEBUG | dusk] fopScnM_CreateReq: result=12 (error=4294967295)
[DEBUG | dusk] fpcBs_Create: pid=400 profname=fpcNm_KANKYO_e (19) profile=0x7b5ed4ce60 procSize=440 unkSize=0
[DEBUG | dusk] fpcBs_Create: pid=402 profname=fpcNm_KYEFF_e (785) profile=0x7b5ed4ceb0 procSize=440 unkSize=0
[DEBUG | dusk] fpcBs_Create: pid=404 profname=fpcNm_KYEFF2_e (786) profile=0x7b5ed4cef0 procSize=440 unkSize=0
[DEBUG | dusk] fpcBs_Create: pid=406 profname=fpcNm_ENVSE_e (21) profile=0x7b5ed4bf20 procSize=456 unkSize=0
[DEBUG | dusk] fpcNdRq_phase_Create: name=18 layer=0xb400007a13b05c48
[DEBUG | dusk] fpcNdRq_phase_Create: creating_id=409 (error=4294967295)
[DEBUG | dusk] [DIAG] fpcSCtRq_phase_Load: procName=781 ret=4
[DEBUG | dusk] fpcSCtRq_phase_CreateProcess: procName=781
[DEBUG | dusk] fpcBs_Create: pid=392 profname=fpcNm_CAMERA_e (781) profile=0x7b5ed4bd68 procSize=4240 unkSize=0
[DEBUG | dusk] fpcSCtRq_phase_CreateProcess: fpcBs_Create OK proc=0xb400007a13b028ac
[DEBUG | dusk] [DIAG] fpcSCtRq_phase_Load: procName=686 ret=4
[DEBUG | dusk] fpcSCtRq_phase_CreateProcess: procName=686
[DEBUG | dusk] fpcBs_Create: pid=393 profname=fpcNm_KYTAG04_e (686) profile=0x7b5ed55f28 procSize=1784 unkSize=0
[DEBUG | dusk] fpcSCtRq_phase_CreateProcess: fpcBs_Create OK proc=0xb400007a13b02194
[DEBUG | dusk] [DIAG] fpcSCtRq_phase_Load: procName=25 ret=4
[DEBUG | dusk] fpcSCtRq_phase_CreateProcess: procName=25
[DEBUG | dusk] fpcBs_Create: pid=394 profname=fpcNm_Tag_Gstart_e (25) profile=0x7b5ed5e860 procSize=1632 unkSize=0
[DEBUG | dusk] fpcSCtRq_phase_CreateProcess: fpcBs_Create OK proc=0xb400007a13b01b14
[DEBUG | dusk] [DIAG] fpcSCtRq_phase_Load: procName=699 ret=4
[DEBUG | dusk] fpcSCtRq_phase_CreateProcess: procName=699
[DEBUG | dusk] fpcBs_Create: pid=397 profname=fpcNm_KYTAG17_e (699) profile=0x7b5ed55fe0 procSize=1632 unkSize=0
[DEBUG | dusk] fpcSCtRq_phase_CreateProcess: fpcBs_Create OK proc=0xb400007a13b01494
[DEBUG | dusk] [DIAG] fpcSCtRq_phase_Load: procName=238 ret=4
[DEBUG | dusk] fpcSCtRq_phase_CreateProcess: procName=238
[DEBUG | dusk] fpcBs_Create: pid=398 profname=fpcNm_HORSE_e (238) profile=0x7b5ed65d10 procSize=8464 unkSize=0
[DEBUG | dusk] fpcSCtRq_phase_CreateProcess: fpcBs_Create OK proc=0xb400007a13aff364
[DEBUG | dusk] [DIAG] fpcSCtRq_phase_Load: procName=730 ret=4
[DEBUG | dusk] fpcSCtRq_phase_CreateProcess: procName=730
[DEBUG | dusk] fpcBs_Create: pid=407 profname=fpcNm_VRBOX_e (730) profile=0x7b5ed58078 procSize=1648 unkSize=0
[DEBUG | dusk] fpcSCtRq_phase_CreateProcess: fpcBs_Create OK proc=0xb400007a13afecd4
[DEBUG | dusk] [DIAG] fpcSCtRq_phase_Load: procName=731 ret=4
[DEBUG | dusk] fpcSCtRq_phase_CreateProcess: procName=731
[DEBUG | dusk] fpcBs_Create: pid=408 profname=fpcNm_VRBOX2_e (731) profile=0x7b5ed58130 procSize=1720 unkSize=0
[DEBUG | dusk] fpcSCtRq_phase_CreateProcess: fpcBs_Create OK proc=0xb400007a13afe5fc
[DEBUG | dusk] [DIAG] fpcSCtRq_phase_Load: procName=18 ret=4
[DEBUG | dusk] fpcSCtRq_phase_CreateProcess: procName=18
[DEBUG | dusk] fpcBs_Create: pid=409 profname=fpcNm_ROOM_SCENE_e (18) profile=0x7b5ed52388 procSize=912 unkSize=0
[DEBUG | dusk] fpcSCtRq_phase_CreateProcess: fpcBs_Create OK proc=0xb400007a13afe24c
[DEBUG | dusk] Loading Resource: ef_portal.bmd (Size: 60192)
[DEBUG | dusk] Loading Resource: ef_portal_blue_app.brk (Size: 896)
[DEBUG | dusk] Loading Resource: ef_portal_blue_disapp.brk (Size: 896)
[DEBUG | dusk] Loading Resource: ef_portal_red_app.brk (Size: 896)
[DEBUG | dusk] Loading Resource: ef_portal_red_disapp.brk (Size: 896)
[DEBUG | dusk] Loading Resource: ef_portal.btk (Size: 1792)
[DEBUG | dusk] Loading Resource: hs_back_walk.bck (Size: 5536)
[DEBUG | dusk] Loading Resource: hs_back_walk_start.bck (Size: 6304)
[DEBUG | dusk] Loading Resource: hs_excitement.bck (Size: 11968)
[DEBUG | dusk] Loading Resource: hs_excitement_2.bck (Size: 14144)
[DEBUG | dusk] Loading Resource: hs_jump_end.bck (Size: 5344)
[DEBUG | dusk] Loading Resource: hs_jump_middle.bck (Size: 4640)
[DEBUG | dusk] Loading Resource: hs_jump_start.bck (Size: 4832)
[DEBUG | dusk] Loading Resource: hs_jump_start_clift.bck (Size: 5248)
[DEBUG | dusk] Loading Resource: hs_lash.bck (Size: 3200)
[DEBUG | dusk] Loading Resource: hs_neck_waitback_left.bck (Size: 2880)
[DEBUG | dusk] Loading Resource: hs_neck_waitback_right.bck (Size: 2848)
[DEBUG | dusk] Loading Resource: hs_run_dash.bck (Size: 7680)
[DEBUG | dusk] Loading Resource: hs_run_fast.bck (Size: 6688)
[DEBUG | dusk] Loading Resource: hs_run_slow.bck (Size: 7712)
[DEBUG | dusk] Loading Resource: hs_stand.bck (Size: 17984)
[DEBUG | dusk] Loading Resource: hs_stop_slow.bck (Size: 14208)
[DEBUG | dusk] Loading Resource: hs_stop_stand.bck (Size: 16352)
[DEBUG | dusk] Loading Resource: hs_turn_left.bck (Size: 9632)
[DEBUG | dusk] Loading Resource: hs_turn_left_start.bck (Size: 5248)
[DEBUG | dusk] Loading Resource: hs_turn_right.bck (Size: 9472)
[DEBUG | dusk] Loading Resource: hs_turn_right_start.bck (Size: 5344)
[DEBUG | dusk] Loading Resource: hs_wait_01.bck (Size: 4768)
[DEBUG | dusk] Loading Resource: hs_wait_01b.bck (Size: 4672)
[DEBUG | dusk] Loading Resource: hs_wait_01b_connect.bck (Size: 4672)
[DEBUG | dusk] Loading Resource: hs_wait_02.bck (Size: 8928)
[DEBUG | dusk] Loading Resource: hs_wait_03.bck (Size: 7552)
[DEBUG | dusk] Loading Resource: hs_wait_04.bck (Size: 12640)
[DEBUG | dusk] Loading Resource: hs_wait_05.bck (Size: 10528)
[DEBUG | dusk] Loading Resource: hs_walk_fast.bck (Size: 5792)
[DEBUG | dusk] Loading Resource: hs_walk_slow.bck (Size: 5600)
[DEBUG | dusk] Loading Resource: hs.bmd (Size: 131264)
[DEBUG | dusk] Loading Resource: hs_eye.btp (Size: 128)
[DEBUG | dusk] Loading Resource: tazuna.bti (Size: 160)
[DEBUG | dusk] Loading Resource: model.bmd (Size: 1232640)
[DEBUG | dusk] Loading Resource: model1.bmd (Size: 5824)
[DEBUG | dusk] Loading Resource: model2.bmd (Size: 18752)
[DEBUG | dusk] Loading Resource: model3.bmd (Size: 13312)
[DEBUG | dusk] Loading Resource: model4.bmd (Size: 7488)
[DEBUG | dusk] Loading Resource: model5.bmd (Size: 82816)
[DEBUG | dusk] Loading Resource: model.btk (Size: 864)
[DEBUG | dusk] Loading Resource: model1.btk (Size: 320)
[DEBUG | dusk] Loading Resource: model2.btk (Size: 352)
[DEBUG | dusk] Loading Resource: model4.btk (Size: 320)
[DEBUG | dusk] Loading Resource: room.dzr (Size: 41024)
[DEBUG | dusk] Loading Resource: bomb_barn.stb (Size: 2528)
[DEBUG | dusk] Loading Resource: event_list.dat (Size: 24740)
[DEBUG | dusk] Loading Resource: kakariko.stb (Size: 1588)
[DEBUG | dusk] Loading Resource: light_soul.stb (Size: 1328)
[DEBUG | dusk] Loading Resource: r00_jmup.stb (Size: 604)
[DEBUG | dusk] Loading Resource: r00_jmup2.stb (Size: 672)
[DEBUG | dusk] Loading Resource: room.kcl (Size: 808478)
[DEBUG | dusk] Loading Resource: room.plc (Size: 1696)
[DEBUG | dusk] Loading Resource: demo36_alink_cut08_fc_1_o.bck (Size: 512)
[DEBUG | dusk] Loading Resource: demo36_alink_cut09_bd_1_o.bck (Size: 26176)
[DEBUG | dusk] Loading Resource: demo36_alink_cut09_fc_1_o.bck (Size: 480)
[DEBUG | dusk] Loading Resource: demo36_alink_cut10_bd_1_o.bck (Size: 28896)
[DEBUG | dusk] Loading Resource: demo36_alink_cut10_fc_1_o.bck (Size: 2720)
[DEBUG | dusk] Loading Resource: demo36_alink_cut11_bd_1_o.bck (Size: 17568)
[DEBUG | dusk] Loading Resource: demo36_alink_cut11_fc_1_o.bck (Size: 480)
[DEBUG | dusk] Loading Resource: demo36_alink_cut13_bd_1_o.bck (Size: 15328)
[DEBUG | dusk] Loading Resource: demo36_alink_cut13_fc_1_o.bck (Size: 3008)
[DEBUG | dusk] Loading Resource: demo36_alink_cut14_bd_1_o.bck (Size: 47232)
[DEBUG | dusk] Loading Resource: demo36_alink_cut14_fc_1_o.bck (Size: 4320)
[DEBUG | dusk] Loading Resource: demo36_alink_cut15_bd_1_o.bck (Size: 24448)
[DEBUG | dusk] Loading Resource: demo36_alink_cut15_fc_1_o.bck (Size: 3264)
[DEBUG | dusk] Loading Resource: demo36_alink_cut03_fc_1_o.bck (Size: 1088)
[DEBUG | dusk] Loading Resource: demo36_horse_cut02_bd_1_o.bck (Size: 26912)
[DEBUG | dusk] Loading Resource: demo36_horse_cut04_bd_1_o.bck (Size: 31712)
[DEBUG | dusk] Loading Resource: demo36_horse_cut05_bd_1_o.bck (Size: 27872)
[DEBUG | dusk] Loading Resource: demo36_horse_cut06_bd_1_o.bck (Size: 31776)
[DEBUG | dusk] Loading Resource: demo36_horse_cut07_bd_1_o.bck (Size: 15200)
[DEBUG | dusk] Loading Resource: demo36_horse_cut09_bd_1_o.bck (Size: 19808)
[DEBUG | dusk] Loading Resource: demo36_horse_cut11_bd_1_o.bck (Size: 36224)
[DEBUG | dusk] Loading Resource: demo36_horse_cut12_bd_1_o.bck (Size: 11648)
[DEBUG | dusk] Loading Resource: demo36_horse_cut13_bd_1_o.bck (Size: 17376)
[DEBUG | dusk] Loading Resource: demo36_horse_cut14_bd_1_o.bck (Size: 50848)
[DEBUG | dusk] Loading Resource: demo36_horse_cut15_bd_1_o.bck (Size: 26112)
[DEBUG | dusk] Loading Resource: demo36_rdd01_cut04_bd_1_o.bck (Size: 22240)
[DEBUG | dusk] Loading Resource: demo36_rdd01_cut05_bd_1_o.bck (Size: 11808)
[DEBUG | dusk] Loading Resource: demo36_rdd02_cut04_bd_1_o.bck (Size: 19776)
[DEBUG | dusk] Loading Resource: demo36_rdd02_cut05_bd_1_o.bck (Size: 13536)
[DEBUG | dusk] Loading Resource: demo36_alink_cut03_bd_1_o.bck (Size: 4480)
[DEBUG | dusk] Loading Resource: demo36_alink_cut06_bd_1_o.bck (Size: 3072)
[DEBUG | dusk] Loading Resource: demo36_alink_cut06_fc_1_o.bck (Size: 512)
[DEBUG | dusk] Loading Resource: demo36_alink_cut08_bd_1_o.bck (Size: 3104)
[DEBUG | dusk] Loading Resource: demo36_alink_cut16_bd_1_o.bck (Size: 14656)
[DEBUG | dusk] Loading Resource: demo36_alink_cut16_fc_1_o.bck (Size: 480)
[DEBUG | dusk] Loading Resource: demo36_horse_cut16_bd_1_o.bck (Size: 18400)
[DEBUG | dusk] Loading Resource: demo00_link_cut00_hd_tmp.bck (Size: 1536)
[DEBUG | dusk] Loading Resource: demo36_alink_cut15_hd_1_o.bck (Size: 1536)
[DEBUG | dusk] Loading Resource: demo36_link_cut03_hd_1_o.bck (Size: 1696)
[DEBUG | dusk] Loading Resource: demo36_link_cut10_hd_1_o.bck (Size: 1952)
[DEBUG | dusk] Loading Resource: demo36_link_cut13_hd_1_o.bck (Size: 1504)
[DEBUG | dusk] Loading Resource: demo36_alink_cut06_fc_1_o.btk (Size: 352)
[DEBUG | dusk] Loading Resource: demo36_alink_cut08_fc_1_o.btk (Size: 352)
[DEBUG | dusk] Loading Resource: demo36_alink_cut09_fc_1_o.btk (Size: 320)
[DEBUG | dusk] Loading Resource: demo36_alink_cut10_fc_1_o.btk (Size: 640)
[DEBUG | dusk] Loading Resource: demo36_alink_cut11_fc_1_o.btk (Size: 320)
[DEBUG | dusk] Loading Resource: demo36_alink_cut13_fc_1_o.btk (Size: 480)
[DEBUG | dusk] Loading Resource: demo36_alink_cut14_fc_1_o.btk (Size: 320)
[DEBUG | dusk] Loading Resource: demo36_alink_cut15_fc_1_o.btk (Size: 544)
[DEBUG | dusk] Loading Resource: demo36_alink_cut03_fc_1_o.btk (Size: 480)
[DEBUG | dusk] Loading Resource: demo36_alink_cut16_fc_1_o.btk (Size: 320)
[DEBUG | dusk] Loading Resource: demo36_alink_cut06_fc_1_o.btp (Size: 512)
[DEBUG | dusk] Loading Resource: demo36_alink_cut08_fc_1_o.btp (Size: 288)
[DEBUG | dusk] Loading Resource: demo36_alink_cut09_fc_1_o.btp (Size: 320)
[DEBUG | dusk] Loading Resource: demo36_alink_cut10_fc_1_o.btp (Size: 384)
[DEBUG | dusk] Loading Resource: demo36_alink_cut11_fc_1_o.btp (Size: 576)
[DEBUG | dusk] Loading Resource: demo36_alink_cut13_fc_1_o.btp (Size: 288)
[DEBUG | dusk] Loading Resource: demo36_alink_cut14_fc_1_o.btp (Size: 512)
[DEBUG | dusk] Loading Resource: demo36_alink_cut15_fc_1_o.btp (Size: 416)
[DEBUG | dusk] Loading Resource: demo36_alink_cut03_fc_1_o.btp (Size: 320)
[DEBUG | dusk] Loading Resource: demo36_alink_cut16_fc_1_o.btp (Size: 704)
[DEBUG | dusk] Loading Resource: demo04_rd2_cut00_gp_1_o.bmd (Size: 78208)
[DEBUG | dusk] Loading Resource: demo36_01.stb (Size: 14680)
[DEBUG | dusk] Loading Resource: demo36_02.stb (Size: 1976)
[DEBUG | dusk] [DIAG] fpcSCtRq_phase_Load: procName=253 ret=4
[DEBUG | dusk] fpcSCtRq_phase_CreateProcess: procName=253
[DEBUG | dusk] fpcBs_Create: pid=410 profname=fpcNm_ALINK_e (253) profile=0x7b5ed48250 procSize=18784 unkSize=0
[DEBUG | dusk] fpcSCtRq_phase_CreateProcess: fpcBs_Create OK proc=0xb400007a13af13d0
[DEBUG | dusk] [DIAG] fpcSCtRq_phase_Load: procName=790 ret=4
[DEBUG | dusk] fpcSCtRq_phase_CreateProcess: procName=790
[DEBUG | dusk] fpcBs_Create: pid=411 profname=fpcNm_METER2_e (790) profile=0x7b5ed4f430 procSize=1504 unkSize=0
[DEBUG | dusk] fpcSCtRq_phase_CreateProcess: fpcBs_Create OK proc=0xb400007a13af0dd0
[DEBUG | dusk] [DIAG] fpcSCtRq_phase_Load: procName=732 ret=4
[DEBUG | dusk] fpcSCtRq_phase_CreateProcess: procName=732
[DEBUG | dusk] fpcBs_Create: pid=412 profname=fpcNm_BG_e (732) profile=0x7b5ed553f8 procSize=1904 unkSize=0
[DEBUG | dusk] fpcSCtRq_phase_CreateProcess: fpcBs_Create OK proc=0xb400007a13af0480
[DEBUG | dusk] [DIAG] fpcSCtRq_phase_Load: procName=696 ret=4
[DEBUG | dusk] fpcSCtRq_phase_CreateProcess: procName=696
[DEBUG | dusk] fpcBs_Create: pid=413 profname=fpcNm_KYTAG14_e (696) profile=0x7b5ed59e28 procSize=1640 unkSize=0
[DEBUG | dusk] fpcSCtRq_phase_CreateProcess: fpcBs_Create OK proc=0xb400007a13aefdf8
[DEBUG | dusk] [DIAG] fpcSCtRq_phase_Load: procName=696 ret=4
[DEBUG | dusk] fpcSCtRq_phase_CreateProcess: procName=696
[DEBUG | dusk] fpcBs_Create: pid=414 profname=fpcNm_KYTAG14_e (696) profile=0x7b5ed59e28 procSize=1640 unkSize=0
[DEBUG | dusk] fpcSCtRq_phase_CreateProcess: fpcBs_Create OK proc=0xb400007a13aef770
[DEBUG | dusk] [DIAG] fpcSCtRq_phase_Load: procName=784 ret=4
[DEBUG | dusk] fpcSCtRq_phase_CreateProcess: procName=784
[DEBUG | dusk] fpcBs_Create: pid=415 profname=fpcNm_GRASS_e (784) profile=0x7b5ed59ae8 procSize=1640 unkSize=0
[DEBUG | dusk] fpcSCtRq_phase_CreateProcess: fpcBs_Create OK proc=0xb400007a13aef0e8
[DEBUG | dusk] [DIAG] fpcSCtRq_phase_Load: procName=784 ret=4
[DEBUG | dusk] fpcSCtRq_phase_CreateProcess: procName=784
[DEBUG | dusk] fpcBs_Create: pid=416 profname=fpcNm_GRASS_e (784) profile=0x7b5ed59ae8 procSize=1640 unkSize=0
[DEBUG | dusk] fpcSCtRq_phase_CreateProcess: fpcBs_Create OK proc=0xb400007a13aeea60
[DEBUG | dusk] [DIAG] fpcSCtRq_phase_Load: procName=784 ret=4
[DEBUG | dusk] fpcSCtRq_phase_CreateProcess: procName=784
[DEBUG | dusk] fpcBs_Create: pid=417 profname=fpcNm_GRASS_e (784) profile=0x7b5ed59ae8 procSize=1640 unkSize=0
[DEBUG | dusk] fpcSCtRq_phase_CreateProcess: fpcBs_Create OK proc=0xb400007a13aee3d8
[DEBUG | dusk] [DIAG] fpcSCtRq_phase_Load: procName=784 ret=4
[DEBUG | dusk] fpcSCtRq_phase_CreateProcess: procName=784
[DEBUG | dusk] fpcBs_Create: pid=418 profname=fpcNm_GRASS_e (784) profile=0x7b5ed59ae8 procSize=1640 unkSize=0
[DEBUG | dusk] fpcSCtRq_phase_CreateProcess: fpcBs_Create OK proc=0xb400007a13aedd50
[DEBUG | dusk] [DIAG] fpcSCtRq_phase_Load: procName=784 ret=4
[DEBUG | dusk] fpcSCtRq_phase_CreateProcess: procName=784
[DEBUG | dusk] fpcBs_Create: pid=419 profname=fpcNm_GRASS_e (784) profile=0x7b5ed59ae8 procSize=1640 unkSize=0
[DEBUG | dusk] fpcSCtRq_phase_CreateProcess: fpcBs_Create OK proc=0xb400007a13aed6c8
[DEBUG | dusk] [DIAG] fpcSCtRq_phase_Load: procName=784 ret=4
[DEBUG | dusk] fpcSCtRq_phase_CreateProcess: procName=784
[DEBUG | dusk] fpcBs_Create: pid=420 profname=fpcNm_GRASS_e (784) profile=0x7b5ed59ae8 procSize=1640 unkSize=0
[DEBUG | dusk] fpcSCtRq_phase_CreateProcess: fpcBs_Create OK proc=0xb400007a13aed040
[DEBUG | dusk] [DIAG] fpcSCtRq_phase_Load: procName=784 ret=4
[DEBUG | dusk] fpcSCtRq_phase_CreateProcess: procName=784
[DEBUG | dusk] fpcBs_Create: pid=421 profname=fpcNm_GRASS_e (784) profile=0x7b5ed59ae8 procSize=1640 unkSize=0
[DEBUG | dusk] fpcSCtRq_phase_CreateProcess: fpcBs_Create OK proc=0xb400007a13aec9b8
[DEBUG | dusk] [DIAG] fpcSCtRq_phase_Load: procName=784 ret=4
[DEBUG | dusk] fpcSCtRq_phase_CreateProcess: procName=784
[DEBUG | dusk] fpcBs_Create: pid=422 profname=fpcNm_GRASS_e (784) profile=0x7b5ed59ae8 procSize=1640 unkSize=0
[DEBUG | dusk] fpcSCtRq_phase_CreateProcess: fpcBs_Create OK proc=0xb400007a13aec330
[DEBUG | dusk] [DIAG] fpcSCtRq_phase_Load: procName=784 ret=4
[DEBUG | dusk] fpcSCtRq_phase_CreateProcess: procName=784
[DEBUG | dusk] fpcBs_Create: pid=423 profname=fpcNm_GRASS_e (784) profile=0x7b5ed59ae8 procSize=1640 unkSize=0
[DEBUG | dusk] fpcSCtRq_phase_CreateProcess: fpcBs_Create OK proc=0xb400007a13aebca8
[DEBUG | dusk] [DIAG] fpcSCtRq_phase_Load: procName=784 ret=4
[DEBUG | dusk] fpcSCtRq_phase_CreateProcess: procName=784
[DEBUG | dusk] fpcBs_Create: pid=424 profname=fpcNm_GRASS_e (784) profile=0x7b5ed59ae8 procSize=1640 unkSize=0
[DEBUG | dusk] fpcSCtRq_phase_CreateProcess: fpcBs_Create OK proc=0xb400007a13aeb620
[DEBUG | dusk] [DIAG] fpcSCtRq_phase_Load: procName=784 ret=4
[DEBUG | dusk] fpcSCtRq_phase_CreateProcess: procName=784
[DEBUG | dusk] fpcBs_Create: pid=425 profname=fpcNm_GRASS_e (784) profile=0x7b5ed59ae8 procSize=1640 unkSize=0
[DEBUG | dusk] fpcSCtRq_phase_CreateProcess: fpcBs_Create OK proc=0xb400007a13aeaf98
[DEBUG | dusk] [DIAG] fpcSCtRq_phase_Load: procName=784 ret=4
[DEBUG | dusk] fpcSCtRq_phase_CreateProcess: procName=784
[DEBUG | dusk] fpcBs_Create: pid=426 profname=fpcNm_GRASS_e (784) profile=0x7b5ed59ae8 procSize=1640 unkSize=0
[DEBUG | dusk] fpcSCtRq_phase_CreateProcess: fpcBs_Create OK proc=0xb400007a13aea910
[DEBUG | dusk] [DIAG] fpcSCtRq_phase_Load: procName=784 ret=4
[DEBUG | dusk] fpcSCtRq_phase_CreateProcess: procName=784
[DEBUG | dusk] fpcBs_Create: pid=427 profname=fpcNm_GRASS_e (784) profile=0x7b5ed59ae8 procSize=1640 unkSize=0
[DEBUG | dusk] fpcSCtRq_phase_CreateProcess: fpcBs_Create OK proc=0xb400007a13aea288
[DEBUG | dusk] [DIAG] fpcSCtRq_phase_Load: procName=784 ret=4
[DEBUG | dusk] fpcSCtRq_phase_CreateProcess: procName=784
[DEBUG | dusk] fpcBs_Create: pid=428 profname=fpcNm_GRASS_e (784) profile=0x7b5ed59ae8 procSize=1640 unkSize=0
[DEBUG | dusk] fpcSCtRq_phase_CreateProcess: fpcBs_Create OK proc=0xb400007a13ae9c00
[DEBUG | dusk] [DIAG] fpcSCtRq_phase_Load: procName=784 ret=4
[DEBUG | dusk] fpcSCtRq_phase_CreateProcess: procName=784
[DEBUG | dusk] fpcBs_Create: pid=429 profname=fpcNm_GRASS_e (784) profile=0x7b5ed59ae8 procSize=1640 unkSize=0
[DEBUG | dusk] fpcSCtRq_phase_CreateProcess: fpcBs_Create OK proc=0xb400007a13ae9578
[DEBUG | dusk] [DIAG] fpcSCtRq_phase_Load: procName=784 ret=4
[DEBUG | dusk] fpcSCtRq_phase_CreateProcess: procName=784
[DEBUG | dusk] fpcBs_Create: pid=430 profname=fpcNm_GRASS_e (784) profile=0x7b5ed59ae8 procSize=1640 unkSize=0
[DEBUG | dusk] fpcSCtRq_phase_CreateProcess: fpcBs_Create OK proc=0xb400007a13ae8ef0
[DEBUG | dusk] [DIAG] fpcSCtRq_phase_Load: procName=784 ret=4
[DEBUG | dusk] fpcSCtRq_phase_CreateProcess: procName=784
[DEBUG | dusk] fpcBs_Create: pid=431 profname=fpcNm_GRASS_e (784) profile=0x7b5ed59ae8 procSize=1640 unkSize=0
[DEBUG | dusk] fpcSCtRq_phase_CreateProcess: fpcBs_Create OK proc=0xb400007a13ae8868
[DEBUG | dusk] [DIAG] fpcSCtRq_phase_Load: procName=784 ret=4
[DEBUG | dusk] fpcSCtRq_phase_CreateProcess: procName=784
[DEBUG | dusk] fpcBs_Create: pid=432 profname=fpcNm_GRASS_e (784) profile=0x7b5ed59ae8 procSize=1640 unkSize=0
[DEBUG | dusk] fpcSCtRq_phase_CreateProcess: fpcBs_Create OK proc=0xb400007a13ae81e0
[DEBUG | dusk] [DIAG] fpcSCtRq_phase_Load: procName=784 ret=4
[DEBUG | dusk] fpcSCtRq_phase_CreateProcess: procName=784
[DEBUG | dusk] fpcBs_Create: pid=433 profname=fpcNm_GRASS_e (784) profile=0x7b5ed59ae8 procSize=1640 unkSize=0
[DEBUG | dusk] fpcSCtRq_phase_CreateProcess: fpcBs_Create OK proc=0xb400007a13ae7b58
[DEBUG | dusk] [DIAG] fpcSCtRq_phase_Load: procName=784 ret=4
[DEBUG | dusk] fpcSCtRq_phase_CreateProcess: procName=784
[DEBUG | dusk] fpcBs_Create: pid=434 profname=fpcNm_GRASS_e (784) profile=0x7b5ed59ae8 procSize=1640 unkSize=0
[DEBUG | dusk] fpcSCtRq_phase_CreateProcess: fpcBs_Create OK proc=0xb400007a13ae74d0
[DEBUG | dusk] [DIAG] fpcSCtRq_phase_Load: procName=784 ret=4
[DEBUG | dusk] fpcSCtRq_phase_CreateProcess: procName=784
[DEBUG | dusk] fpcBs_Create: pid=435 profname=fpcNm_GRASS_e (784) profile=0x7b5ed59ae8 procSize=1640 unkSize=0
[DEBUG | dusk] fpcSCtRq_phase_CreateProcess: fpcBs_Create OK proc=0xb400007a13ae6e48
[DEBUG | dusk] [DIAG] fpcSCtRq_phase_Load: procName=784 ret=4
[DEBUG | dusk] fpcSCtRq_phase_CreateProcess: procName=784
[DEBUG | dusk] fpcBs_Create: pid=436 profname=fpcNm_GRASS_e (784) profile=0x7b5ed59ae8 procSize=1640 unkSize=0
[DEBUG | dusk] fpcSCtRq_phase_CreateProcess: fpcBs_Create OK proc=0xb400007a13ae67c0
[DEBUG | dusk] [DIAG] fpcSCtRq_phase_Load: procName=784 ret=4
[DEBUG | dusk] fpcSCtRq_phase_CreateProcess: procName=784
[DEBUG | dusk] fpcBs_Create: pid=437 profname=fpcNm_GRASS_e (784) profile=0x7b5ed59ae8 procSize=1640 unkSize=0
[DEBUG | dusk] fpcSCtRq_phase_CreateProcess: fpcBs_Create OK proc=0xb400007a13ae6138
[DEBUG | dusk] [DIAG] fpcSCtRq_phase_Load: procName=696 ret=4
[DEBUG | dusk] fpcSCtRq_phase_CreateProcess: procName=696
[DEBUG | dusk] fpcBs_Create: pid=438 profname=fpcNm_KYTAG14_e (696) profile=0x7b5ed59e28 procSize=1640 unkSize=0
[DEBUG | dusk] fpcSCtRq_phase_CreateProcess: fpcBs_Create OK proc=0xb400007a13ae5ab0
[DEBUG | dusk] [DIAG] fpcSCtRq_phase_Load: procName=696 ret=4
[DEBUG | dusk] fpcSCtRq_phase_CreateProcess: procName=696
[DEBUG | dusk] fpcBs_Create: pid=439 profname=fpcNm_KYTAG14_e (696) profile=0x7b5ed59e28 procSize=1640 unkSize=0
[DEBUG | dusk] fpcSCtRq_phase_CreateProcess: fpcBs_Create OK proc=0xb400007a13ae5428
[DEBUG | dusk] [DIAG] fpcSCtRq_phase_Load: procName=561 ret=4
[DEBUG | dusk] fpcSCtRq_phase_CreateProcess: procName=561
[DEBUG | dusk] fpcBs_Create: pid=440 profname=fpcNm_ANDSW2_e (561) profile=0x7b5ed58e70 procSize=1632 unkSize=0
[DEBUG | dusk] fpcSCtRq_phase_CreateProcess: fpcBs_Create OK proc=0xb400007a13ae4da8
[DEBUG | dusk] [DIAG] fpcSCtRq_phase_Load: procName=784 ret=4
[DEBUG | dusk] fpcSCtRq_phase_CreateProcess: procName=784
[DEBUG | dusk] fpcBs_Create: pid=441 profname=fpcNm_GRASS_e (784) profile=0x7b5ed59ae8 procSize=1640 unkSize=0
[DEBUG | dusk] fpcSCtRq_phase_CreateProcess: fpcBs_Create OK proc=0xb400007a13ae4720
[DEBUG | dusk] [DIAG] fpcSCtRq_phase_Load: procName=784 ret=4
[DEBUG | dusk] fpcSCtRq_phase_CreateProcess: procName=784
[DEBUG | dusk] fpcBs_Create: pid=442 profname=fpcNm_GRASS_e (784) profile=0x7b5ed59ae8 procSize=1640 unkSize=0
[DEBUG | dusk] fpcSCtRq_phase_CreateProcess: fpcBs_Create OK proc=0xb400007a13ae4098
[DEBUG | dusk] [DIAG] fpcSCtRq_phase_Load: procName=784 ret=4
[DEBUG | dusk] fpcSCtRq_phase_CreateProcess: procName=784
[DEBUG | dusk] fpcBs_Create: pid=443 profname=fpcNm_GRASS_e (784) profile=0x7b5ed59ae8 procSize=1640 unkSize=0
[DEBUG | dusk] fpcSCtRq_phase_CreateProcess: fpcBs_Create OK proc=0xb400007a13ae3a10
[DEBUG | dusk] [DIAG] fpcSCtRq_phase_Load: procName=784 ret=4
[DEBUG | dusk] fpcSCtRq_phase_CreateProcess: procName=784
[DEBUG | dusk] fpcBs_Create: pid=444 profname=fpcNm_GRASS_e (784) profile=0x7b5ed59ae8 procSize=1640 unkSize=0
[DEBUG | dusk] fpcSCtRq_phase_CreateProcess: fpcBs_Create OK proc=0xb400007a13ae3388
[DEBUG | dusk] [DIAG] fpcSCtRq_phase_Load: procName=561 ret=4
[DEBUG | dusk] fpcSCtRq_phase_CreateProcess: procName=561
[DEBUG | dusk] fpcBs_Create: pid=445 profname=fpcNm_ANDSW2_e (561) profile=0x7b5ed58e70 procSize=1632 unkSize=0
[DEBUG | dusk] fpcSCtRq_phase_CreateProcess: fpcBs_Create OK proc=0xb400007a13ae2d08
[DEBUG | dusk] [DIAG] fpcSCtRq_phase_Load: procName=733 ret=4
[DEBUG | dusk] fpcSCtRq_phase_CreateProcess: procName=733
[DEBUG | dusk] fpcBs_Create: pid=446 profname=fpcNm_SET_BG_OBJ_e (733) profile=0x7b5ed56f08 procSize=1664 unkSize=0
[DEBUG | dusk] fpcSCtRq_phase_CreateProcess: fpcBs_Create OK proc=0xb400007a13ae2668
[DEBUG | dusk] [DIAG] fpcSCtRq_phase_Load: procName=733 ret=4
[DEBUG | dusk] fpcSCtRq_phase_CreateProcess: procName=733
[DEBUG | dusk] fpcBs_Create: pid=447 profname=fpcNm_SET_BG_OBJ_e (733) profile=0x7b5ed56f08 procSize=1664 unkSize=0
[DEBUG | dusk] fpcSCtRq_phase_CreateProcess: fpcBs_Create OK proc=0xb400007a13ae1fc8
[DEBUG | dusk] [DIAG] fpcSCtRq_phase_Load: procName=733 ret=4
[DEBUG | dusk] fpcSCtRq_phase_CreateProcess: procName=733
[DEBUG | dusk] fpcBs_Create: pid=448 profname=fpcNm_SET_BG_OBJ_e (733) profile=0x7b5ed56f08 procSize=1664 unkSize=0
[DEBUG | dusk] fpcSCtRq_phase_CreateProcess: fpcBs_Create OK proc=0xb400007a13ae1928
[DEBUG | dusk] [DIAG] fpcSCtRq_phase_Load: procName=543 ret=4
[DEBUG | dusk] fpcSCtRq_phase_CreateProcess: procName=543
[DEBUG | dusk] fpcBs_Create: pid=449 profname=fpcNm_Obj_Drop_e (543) profile=0x7b5ed7a7e8 procSize=3616 unkSize=0
[DEBUG | dusk] fpcSCtRq_phase_CreateProcess: fpcBs_Create OK proc=0xb400007a13ae0ae8
[DEBUG | dusk] [DIAG] fpcSCtRq_phase_Load: procName=543 ret=4
[DEBUG | dusk] fpcSCtRq_phase_CreateProcess: procName=543
[DEBUG | dusk] fpcBs_Create: pid=450 profname=fpcNm_Obj_Drop_e (543) profile=0x7b5ed7a7e8 procSize=3616 unkSize=0
[DEBUG | dusk] fpcSCtRq_phase_CreateProcess: fpcBs_Create OK proc=0xb400007a13adfca8
[DEBUG | dusk] [DIAG] fpcSCtRq_phase_Load: procName=543 ret=4
[DEBUG | dusk] fpcSCtRq_phase_CreateProcess: procName=543
[DEBUG | dusk] fpcBs_Create: pid=451 profname=fpcNm_Obj_Drop_e (543) profile=0x7b5ed7a7e8 procSize=3616 unkSize=0
[DEBUG | dusk] fpcSCtRq_phase_CreateProcess: fpcBs_Create OK proc=0xb400007a13adee68
[DEBUG | dusk] [DIAG] fpcSCtRq_phase_Load: procName=251 ret=4
[DEBUG | dusk] fpcSCtRq_phase_CreateProcess: procName=251
[DEBUG | dusk] fpcBs_Create: pid=452 profname=fpcNm_TBOX_e (251) profile=0x7b5ed57d80 procSize=3328 unkSize=0
[DEBUG | dusk] fpcSCtRq_phase_CreateProcess: fpcBs_Create OK proc=0xb400007a13ade148
[DEBUG | dusk] [DIAG] fpcSCtRq_phase_Load: procName=251 ret=4
[DEBUG | dusk] fpcSCtRq_phase_CreateProcess: procName=251
[DEBUG | dusk] fpcBs_Create: pid=453 profname=fpcNm_TBOX_e (251) profile=0x7b5ed57d80 procSize=3328 unkSize=0
[DEBUG | dusk] fpcSCtRq_phase_CreateProcess: fpcBs_Create OK proc=0xb400007a13add428
[DEBUG | dusk] [DIAG] fpcSCtRq_phase_Load: procName=780 ret=4
[DEBUG | dusk] fpcSCtRq_phase_CreateProcess: procName=780
[DEBUG | dusk] fpcBs_Create: pid=454 profname=fpcNm_SCENE_EXIT_e (780) profile=0x7b5ed56e48 procSize=1680 unkSize=0
[DEBUG | dusk] fpcSCtRq_phase_CreateProcess: fpcBs_Create OK proc=0xb400007a13adcd78
[DEBUG | dusk] [DIAG] fpcSCtRq_phase_Load: procName=780 ret=4
[DEBUG | dusk] fpcSCtRq_phase_CreateProcess: procName=780
[DEBUG | dusk] fpcBs_Create: pid=455 profname=fpcNm_SCENE_EXIT_e (780) profile=0x7b5ed56e48 procSize=1680 unkSize=0
[DEBUG | dusk] fpcSCtRq_phase_CreateProcess: fpcBs_Create OK proc=0xb400007a13adc6c8
[DEBUG | dusk] [DIAG] fpcSCtRq_phase_Load: procName=719 ret=4
[DEBUG | dusk] fpcSCtRq_phase_CreateProcess: procName=719
[DEBUG | dusk] fpcBs_Create: pid=456 profname=fpcNm_TAG_CAMERA_e (719) profile=0x7b5ed57260 procSize=1672 unkSize=0
[DEBUG | dusk] fpcSCtRq_phase_CreateProcess: fpcBs_Create OK proc=0xb400007a13adc020
[DEBUG | dusk] [DIAG] fpcSCtRq_phase_Load: procName=234 ret=4
[DEBUG | dusk] fpcSCtRq_phase_CreateProcess: procName=234
[DEBUG | dusk] fpcBs_Create: pid=457 profname=fpcNm_Tag_Hjump_e (234) profile=0x7b5ed5ea30 procSize=1728 unkSize=0
[DEBUG | dusk] fpcSCtRq_phase_CreateProcess: fpcBs_Create OK proc=0xb400007a13adb940
[DEBUG | dusk] [DIAG] fpcSCtRq_phase_Load: procName=719 ret=4
[DEBUG | dusk] fpcSCtRq_phase_CreateProcess: procName=719
[DEBUG | dusk] fpcBs_Create: pid=458 profname=fpcNm_TAG_CAMERA_e (719) profile=0x7b5ed57260 procSize=1672 unkSize=0
[DEBUG | dusk] fpcSCtRq_phase_CreateProcess: fpcBs_Create OK proc=0xb400007a13adb298
[DEBUG | dusk] [DIAG] fpcSCtRq_phase_Load: procName=780 ret=4
[DEBUG | dusk] fpcSCtRq_phase_CreateProcess: procName=780
[DEBUG | dusk] fpcBs_Create: pid=459 profname=fpcNm_SCENE_EXIT_e (780) profile=0x7b5ed56e48 procSize=1680 unkSize=0
[DEBUG | dusk] fpcSCtRq_phase_CreateProcess: fpcBs_Create OK proc=0xb400007a13adabe8
[DEBUG | dusk] [DIAG] fpcSCtRq_phase_Load: procName=747 ret=4
[DEBUG | dusk] fpcSCtRq_phase_CreateProcess: procName=747
[DEBUG | dusk] fpcBs_Create: pid=460 profname=fpcNm_TAG_KMSG_e (747) profile=0x7b5ed57828 procSize=1768 unkSize=0
[DEBUG | dusk] fpcSCtRq_phase_CreateProcess: fpcBs_Create OK proc=0xb400007a13afb660
[DEBUG | dusk] [DIAG] fpcSCtRq_phase_Load: procName=747 ret=4
[DEBUG | dusk] fpcSCtRq_phase_CreateProcess: procName=747
[DEBUG | dusk] fpcBs_Create: pid=461 profname=fpcNm_TAG_KMSG_e (747) profile=0x7b5ed57828 procSize=1768 unkSize=0
[DEBUG | dusk] fpcSCtRq_phase_CreateProcess: fpcBs_Create OK proc=0xb400007a13ada4e0
[DEBUG | dusk] [DIAG] fpcSCtRq_phase_Load: procName=747 ret=4
[DEBUG | dusk] fpcSCtRq_phase_CreateProcess: procName=747
[DEBUG | dusk] fpcBs_Create: pid=462 profname=fpcNm_TAG_KMSG_e (747) profile=0x7b5ed57828 procSize=1768 unkSize=0
[DEBUG | dusk] fpcSCtRq_phase_CreateProcess: fpcBs_Create OK proc=0xb400007a13ad9dd8
[DEBUG | dusk] [DIAG] fpcSCtRq_phase_Load: procName=747 ret=4
[DEBUG | dusk] fpcSCtRq_phase_CreateProcess: procName=747
[DEBUG | dusk] fpcBs_Create: pid=463 profname=fpcNm_TAG_KMSG_e (747) profile=0x7b5ed57828 procSize=1768 unkSize=0
[DEBUG | dusk] fpcSCtRq_phase_CreateProcess: fpcBs_Create OK proc=0xb400007a13ad96d0
[DEBUG | dusk] [DIAG] fpcSCtRq_phase_Load: procName=747 ret=4
[DEBUG | dusk] fpcSCtRq_phase_CreateProcess: procName=747
[DEBUG | dusk] fpcBs_Create: pid=464 profname=fpcNm_TAG_KMSG_e (747) profile=0x7b5ed57828 procSize=1768 unkSize=0
[DEBUG | dusk] fpcSCtRq_phase_CreateProcess: fpcBs_Create OK proc=0xb400007a13ad8fc8
[DEBUG | dusk] [DIAG] fpcSCtRq_phase_Load: procName=747 ret=4
[DEBUG | dusk] fpcSCtRq_phase_CreateProcess: procName=747
[DEBUG | dusk] fpcBs_Create: pid=465 profname=fpcNm_TAG_KMSG_e (747) profile=0x7b5ed57828 procSize=1768 unkSize=0
[DEBUG | dusk] fpcSCtRq_phase_CreateProcess: fpcBs_Create OK proc=0xb400007a13ad88c0
[DEBUG | dusk] [DIAG] fpcSCtRq_phase_Load: procName=747 ret=4
[DEBUG | dusk] fpcSCtRq_phase_CreateProcess: procName=747
[DEBUG | dusk] fpcBs_Create: pid=466 profname=fpcNm_TAG_KMSG_e (747) profile=0x7b5ed57828 procSize=1768 unkSize=0
[DEBUG | dusk] fpcSCtRq_phase_CreateProcess: fpcBs_Create OK proc=0xb400007a13afaf58
[DEBUG | dusk] [DIAG] fpcSCtRq_phase_Load: procName=721 ret=4
[DEBUG | dusk] fpcSCtRq_phase_CreateProcess: procName=721
[DEBUG | dusk] fpcBs_Create: pid=467 profname=fpcNm_TAG_EVENT_e (721) profile=0x7b5ed57480 procSize=1640 unkSize=0
[DEBUG | dusk] fpcSCtRq_phase_CreateProcess: fpcBs_Create OK proc=0xb400007a13ad8238
[DEBUG | dusk] [DIAG] fpcSCtRq_phase_Load: procName=549 ret=4
[DEBUG | dusk] fpcSCtRq_phase_CreateProcess: procName=549
[DEBUG | dusk] fpcBs_Create: pid=468 profname=fpcNm_SWC00_e (549) profile=0x7b5ed5e4d0 procSize=1664 unkSize=0
[DEBUG | dusk] fpcSCtRq_phase_CreateProcess: fpcBs_Create OK proc=0xb400007a13ad7b98
[DEBUG | dusk] [DIAG] fpcSCtRq_phase_Load: procName=549 ret=4
[DEBUG | dusk] fpcSCtRq_phase_CreateProcess: procName=549
[DEBUG | dusk] fpcBs_Create: pid=469 profname=fpcNm_SWC00_e (549) profile=0x7b5ed5e4d0 procSize=1664 unkSize=0
[DEBUG | dusk] fpcSCtRq_phase_CreateProcess: fpcBs_Create OK proc=0xb400007a13ad74f8
[DEBUG | dusk] [DIAG] fpcSCtRq_phase_Load: procName=549 ret=4
[DEBUG | dusk] fpcSCtRq_phase_CreateProcess: procName=549
[DEBUG | dusk] fpcBs_Create: pid=470 profname=fpcNm_SWC00_e (549) profile=0x7b5ed5e4d0 procSize=1664 unkSize=0
[DEBUG | dusk] fpcSCtRq_phase_CreateProcess: fpcBs_Create OK proc=0xb400007a13ad6e58
[DEBUG | dusk] [DIAG] fpcSCtRq_phase_Load: procName=549 ret=4
[DEBUG | dusk] fpcSCtRq_phase_CreateProcess: procName=549
[DEBUG | dusk] fpcBs_Create: pid=471 profname=fpcNm_SWC00_e (549) profile=0x7b5ed5e4d0 procSize=1664 unkSize=0
[DEBUG | dusk] fpcSCtRq_phase_CreateProcess: fpcBs_Create OK proc=0xb400007a13ad67b8
[DEBUG | dusk] [DIAG] fpcSCtRq_phase_Load: procName=550 ret=4
[DEBUG | dusk] fpcSCtRq_phase_CreateProcess: procName=550
[DEBUG | dusk] fpcBs_Create: pid=472 profname=fpcNm_KNOB20_e (550) profile=0x7b5ed558a0 procSize=1888 unkSize=0
[DEBUG | dusk] fpcSCtRq_phase_CreateProcess: fpcBs_Create OK proc=0xb400007a13ad6038
[DEBUG | dusk] [DIAG] fpcSCtRq_phase_Load: procName=550 ret=4
[DEBUG | dusk] fpcSCtRq_phase_CreateProcess: procName=550
[DEBUG | dusk] fpcBs_Create: pid=473 profname=fpcNm_KNOB20_e (550) profile=0x7b5ed558a0 procSize=1888 unkSize=0
[DEBUG | dusk] fpcSCtRq_phase_CreateProcess: fpcBs_Create OK proc=0xb400007a13ad58b8
[DEBUG | dusk] [DIAG] fpcSCtRq_phase_Load: procName=550 ret=4
[DEBUG | dusk] fpcSCtRq_phase_CreateProcess: procName=550
[DEBUG | dusk] fpcBs_Create: pid=474 profname=fpcNm_KNOB20_e (550) profile=0x7b5ed558a0 procSize=1888 unkSize=0
[DEBUG | dusk] fpcSCtRq_phase_CreateProcess: fpcBs_Create OK proc=0xb400007a13ad5138
[DEBUG | dusk] [DIAG] fpcSCtRq_phase_Load: procName=550 ret=4
[DEBUG | dusk] fpcSCtRq_phase_CreateProcess: procName=550
[DEBUG | dusk] fpcBs_Create: pid=475 profname=fpcNm_KNOB20_e (550) profile=0x7b5ed558a0 procSize=1888 unkSize=0
[DEBUG | dusk] fpcSCtRq_phase_CreateProcess: fpcBs_Create OK proc=0xb400007a13ad49b8
[DEBUG | dusk] [DIAG] fpcSCtRq_phase_Load: procName=550 ret=4
[DEBUG | dusk] fpcSCtRq_phase_CreateProcess: procName=550
[DEBUG | dusk] fpcBs_Create: pid=476 profname=fpcNm_KNOB20_e (550) profile=0x7b5ed558a0 procSize=1888 unkSize=0
[DEBUG | dusk] fpcSCtRq_phase_CreateProcess: fpcBs_Create OK proc=0xb400007a13ad4238
[DEBUG | dusk] [DIAG] fpcSCtRq_phase_Load: procName=550 ret=4
[DEBUG | dusk] fpcSCtRq_phase_CreateProcess: procName=550
[DEBUG | dusk] fpcBs_Create: pid=477 profname=fpcNm_KNOB20_e (550) profile=0x7b5ed558a0 procSize=1888 unkSize=0
[DEBUG | dusk] fpcSCtRq_phase_CreateProcess: fpcBs_Create OK proc=0xb400007a13ad3ab8
[DEBUG | dusk] [DIAG] fpcSCtRq_phase_Load: procName=550 ret=4
[DEBUG | dusk] fpcSCtRq_phase_CreateProcess: procName=550
[DEBUG | dusk] fpcBs_Create: pid=478 profname=fpcNm_KNOB20_e (550) profile=0x7b5ed558a0 procSize=1888 unkSize=0
[DEBUG | dusk] fpcSCtRq_phase_CreateProcess: fpcBs_Create OK proc=0xb400007a13ad3338
[DEBUG | dusk] [DIAG] fpcSCtRq_phase_Load: procName=550 ret=4
[DEBUG | dusk] fpcSCtRq_phase_CreateProcess: procName=550
[DEBUG | dusk] fpcBs_Create: pid=479 profname=fpcNm_KNOB20_e (550) profile=0x7b5ed558a0 procSize=1888 unkSize=0
[DEBUG | dusk] fpcSCtRq_phase_CreateProcess: fpcBs_Create OK proc=0xb400007a13ad2bb8
[DEBUG | dusk] [DIAG] fpcSCtRq_phase_Load: procName=550 ret=4
[DEBUG | dusk] fpcSCtRq_phase_CreateProcess: procName=550
[DEBUG | dusk] fpcBs_Create: pid=480 profname=fpcNm_KNOB20_e (550) profile=0x7b5ed558a0 procSize=1888 unkSize=0
[DEBUG | dusk] fpcSCtRq_phase_CreateProcess: fpcBs_Create OK proc=0xb400007a13ad2438
[DEBUG | dusk] [DIAG] fpcSCtRq_phase_Load: procName=550 ret=4
[DEBUG | dusk] fpcSCtRq_phase_CreateProcess: procName=550
[DEBUG | dusk] fpcBs_Create: pid=481 profname=fpcNm_KNOB20_e (550) profile=0x7b5ed558a0 procSize=1888 unkSize=0
[DEBUG | dusk] fpcSCtRq_phase_CreateProcess: fpcBs_Create OK proc=0xb400007a13ad1cb8
[DEBUG | dusk] [DIAG] fpcSCtRq_phase_Load: procName=550 ret=4
[DEBUG | dusk] fpcSCtRq_phase_CreateProcess: procName=550
[DEBUG | dusk] fpcBs_Create: pid=482 profname=fpcNm_KNOB20_e (550) profile=0x7b5ed558a0 procSize=1888 unkSize=0
[DEBUG | dusk] fpcSCtRq_phase_CreateProcess: fpcBs_Create OK proc=0xb400007a13ad1538
[DEBUG | dusk] [DIAG] fpcSCtRq_phase_Load: procName=721 ret=4
[DEBUG | dusk] fpcSCtRq_phase_CreateProcess: procName=721
[DEBUG | dusk] fpcBs_Create: pid=483 profname=fpcNm_TAG_EVENT_e (721) profile=0x7b5ed57480 procSize=1640 unkSize=0
[DEBUG | dusk] fpcSCtRq_phase_CreateProcess: fpcBs_Create OK proc=0xb400007a13afa8d0
[DEBUG | dusk] [DIAG] fpcSCtRq_phase_Load: procName=708 ret=4
[DEBUG | dusk] fpcSCtRq_phase_CreateProcess: procName=708
[DEBUG | dusk] fpcBs_Create: pid=484 profname=fpcNm_Tag_Mstop_e (708) profile=0x7b5ed5ede8 procSize=1768 unkSize=0
[DEBUG | dusk] fpcSCtRq_phase_CreateProcess: fpcBs_Create OK proc=0xb400007a13ad0e30
[DEBUG | dusk] [DIAG] fpcSCtRq_phase_Load: procName=708 ret=4
[DEBUG | dusk] fpcSCtRq_phase_CreateProcess: procName=708
[DEBUG | dusk] fpcBs_Create: pid=485 profname=fpcNm_Tag_Mstop_e (708) profile=0x7b5ed5ede8 procSize=1768 unkSize=0
[DEBUG | dusk] fpcSCtRq_phase_CreateProcess: fpcBs_Create OK proc=0xb400007a13ad0728
[DEBUG | dusk] [DIAG] fpcSCtRq_phase_Load: procName=705 ret=4
[DEBUG | dusk] fpcSCtRq_phase_CreateProcess: procName=705
[DEBUG | dusk] fpcBs_Create: pid=486 profname=fpcNm_Tag_Mhint_e (705) profile=0x7b5ed5ed30 procSize=1768 unkSize=0
[DEBUG | dusk] fpcSCtRq_phase_CreateProcess: fpcBs_Create OK proc=0xb400007a13ad0020
[DEBUG | dusk] [DIAG] fpcSCtRq_phase_Load: procName=708 ret=4
[DEBUG | dusk] fpcSCtRq_phase_CreateProcess: procName=708
[DEBUG | dusk] fpcBs_Create: pid=487 profname=fpcNm_Tag_Mstop_e (708) profile=0x7b5ed5ede8 procSize=1768 unkSize=0
[DEBUG | dusk] fpcSCtRq_phase_CreateProcess: fpcBs_Create OK proc=0xb400007a13acf918
[DEBUG | dusk] [DIAG] fpcSCtRq_phase_Load: procName=708 ret=4
[DEBUG | dusk] fpcSCtRq_phase_CreateProcess: procName=708
[DEBUG | dusk] fpcBs_Create: pid=488 profname=fpcNm_Tag_Mstop_e (708) profile=0x7b5ed5ede8 procSize=1768 unkSize=0
[DEBUG | dusk] fpcSCtRq_phase_CreateProcess: fpcBs_Create OK proc=0xb400007a13acf210
[DEBUG | dusk] [DIAG] fpcSCtRq_phase_Load: procName=708 ret=4
[DEBUG | dusk] fpcSCtRq_phase_CreateProcess: procName=708
[DEBUG | dusk] fpcBs_Create: pid=489 profname=fpcNm_Tag_Mstop_e (708) profile=0x7b5ed5ede8 procSize=1768 unkSize=0
[DEBUG | dusk] fpcSCtRq_phase_CreateProcess: fpcBs_Create OK proc=0xb400007a13af9464
[DEBUG | dusk] [DIAG] fpcSCtRq_phase_Load: procName=549 ret=4
[DEBUG | dusk] fpcSCtRq_phase_CreateProcess: procName=549
[DEBUG | dusk] fpcBs_Create: pid=490 profname=fpcNm_SWC00_e (549) profile=0x7b5ed5e4d0 procSize=1664 unkSize=0
[DEBUG | dusk] fpcSCtRq_phase_CreateProcess: fpcBs_Create OK proc=0xb400007a13aceb70
[DEBUG | dusk] [DIAG] fpcSCtRq_phase_Load: procName=682 ret=4
[DEBUG | dusk] fpcSCtRq_phase_CreateProcess: procName=682
[DEBUG | dusk] fpcBs_Create: pid=491 profname=fpcNm_KYTAG00_e (682) profile=0x7b5ed55e70 procSize=1664 unkSize=0
[DEBUG | dusk] fpcSCtRq_phase_CreateProcess: fpcBs_Create OK proc=0xb400007a13ace4d0
[DEBUG | dusk] [DIAG] fpcSCtRq_phase_Load: procName=682 ret=4
[DEBUG | dusk] fpcSCtRq_phase_CreateProcess: procName=682
[DEBUG | dusk] fpcBs_Create: pid=492 profname=fpcNm_KYTAG00_e (682) profile=0x7b5ed55e70 procSize=1664 unkSize=0
[DEBUG | dusk] fpcSCtRq_phase_CreateProcess: fpcBs_Create OK proc=0xb400007a13acde30
[DEBUG | dusk] [DIAG] fpcSCtRq_phase_Load: procName=719 ret=4
[DEBUG | dusk] fpcSCtRq_phase_CreateProcess: procName=719
[DEBUG | dusk] fpcBs_Create: pid=493 profname=fpcNm_TAG_CAMERA_e (719) profile=0x7b5ed57260 procSize=1672 unkSize=0
[DEBUG | dusk] fpcSCtRq_phase_CreateProcess: fpcBs_Create OK proc=0xb400007a13acd788
[DEBUG | dusk] [DIAG] fpcSCtRq_phase_Load: procName=708 ret=4
[DEBUG | dusk] fpcSCtRq_phase_CreateProcess: procName=708
[DEBUG | dusk] fpcBs_Create: pid=494 profname=fpcNm_Tag_Mstop_e (708) profile=0x7b5ed5ede8 procSize=1768 unkSize=0
[DEBUG | dusk] fpcSCtRq_phase_CreateProcess: fpcBs_Create OK proc=0xb400007a13acd080
[DEBUG | dusk] [DIAG] fpcSCtRq_phase_Load: procName=719 ret=4
[DEBUG | dusk] fpcSCtRq_phase_CreateProcess: procName=719
[DEBUG | dusk] fpcBs_Create: pid=495 profname=fpcNm_TAG_CAMERA_e (719) profile=0x7b5ed57260 procSize=1672 unkSize=0
[DEBUG | dusk] fpcSCtRq_phase_CreateProcess: fpcBs_Create OK proc=0xb400007a13af8dbc
[DEBUG | dusk] [DIAG] fpcSCtRq_phase_Load: procName=429 ret=4
[DEBUG | dusk] fpcSCtRq_phase_CreateProcess: procName=429
[DEBUG | dusk] fpcBs_Create: pid=496 profname=fpcNm_Tag_Spring_e (429) profile=0x7b5ed5eea0 procSize=1632 unkSize=0
[DEBUG | dusk] fpcSCtRq_phase_CreateProcess: fpcBs_Create OK proc=0xb400007a13acca00
[DEBUG | dusk] [DIAG] fpcSCtRq_phase_Load: procName=705 ret=4
[DEBUG | dusk] fpcSCtRq_phase_CreateProcess: procName=705
[DEBUG | dusk] fpcBs_Create: pid=497 profname=fpcNm_Tag_Mhint_e (705) profile=0x7b5ed5ed30 procSize=1768 unkSize=0
[DEBUG | dusk] fpcSCtRq_phase_CreateProcess: fpcBs_Create OK proc=0xb400007a13acc2f8
[DEBUG | dusk] [DIAG] fpcSCtRq_phase_Load: procName=705 ret=4
[DEBUG | dusk] fpcSCtRq_phase_CreateProcess: procName=705
[DEBUG | dusk] fpcBs_Create: pid=498 profname=fpcNm_Tag_Mhint_e (705) profile=0x7b5ed5ed30 procSize=1768 unkSize=0
[DEBUG | dusk] fpcSCtRq_phase_CreateProcess: fpcBs_Create OK proc=0xb400007a13acbbf0
[DEBUG | dusk] [DIAG] fpcSCtRq_phase_Load: procName=706 ret=4
[DEBUG | dusk] fpcSCtRq_phase_CreateProcess: procName=706
[DEBUG | dusk] fpcBs_Create: pid=499 profname=fpcNm_Tag_Mmsg_e (706) profile=0x7b5ed8e6e8 procSize=1648 unkSize=0
[DEBUG | dusk] fpcSCtRq_phase_CreateProcess: fpcBs_Create OK proc=0xb400007a13acb560
[DEBUG | dusk] [DIAG] fpcSCtRq_phase_Load: procName=705 ret=4
[DEBUG | dusk] fpcSCtRq_phase_CreateProcess: procName=705
[DEBUG | dusk] fpcBs_Create: pid=500 profname=fpcNm_Tag_Mhint_e (705) profile=0x7b5ed5ed30 procSize=1768 unkSize=0
[DEBUG | dusk] fpcSCtRq_phase_CreateProcess: fpcBs_Create OK proc=0xb400007a13acae58
[DEBUG | dusk] [DIAG] fpcSCtRq_phase_Load: procName=706 ret=4
[DEBUG | dusk] fpcSCtRq_phase_CreateProcess: procName=706
[DEBUG | dusk] fpcBs_Create: pid=501 profname=fpcNm_Tag_Mmsg_e (706) profile=0x7b5ed8e6e8 procSize=1648 unkSize=0
[DEBUG | dusk] fpcSCtRq_phase_CreateProcess: fpcBs_Create OK proc=0xb400007a13af872c
[DEBUG | dusk] [DIAG] fpcSCtRq_phase_Load: procName=696 ret=4
[DEBUG | dusk] fpcSCtRq_phase_CreateProcess: procName=696
[DEBUG | dusk] fpcBs_Create: pid=502 profname=fpcNm_KYTAG14_e (696) profile=0x7b5ed59e28 procSize=1640 unkSize=0
[DEBUG | dusk] fpcSCtRq_phase_CreateProcess: fpcBs_Create OK proc=0xb400007a13aca7d0
[DEBUG | dusk] [DIAG] fpcSCtRq_phase_Load: procName=82 ret=4
[DEBUG | dusk] fpcSCtRq_phase_CreateProcess: procName=82
[DEBUG | dusk] fpcBs_Create: pid=503 profname=fpcNm_Obj_Digholl_e (82) profile=0x7b5ed7a3a0 procSize=1640 unkSize=0
[DEBUG | dusk] fpcSCtRq_phase_CreateProcess: fpcBs_Create OK proc=0xb400007a13aca148
[DEBUG | dusk] [DIAG] fpcSCtRq_phase_Load: procName=764 ret=4
[DEBUG | dusk] fpcSCtRq_phase_CreateProcess: procName=764
[DEBUG | dusk] fpcBs_Create: pid=504 profname=fpcNm_Obj_Carry_e (764) profile=0x7b5ed56960 procSize=4768 unkSize=0
[DEBUG | dusk] fpcSCtRq_phase_CreateProcess: fpcBs_Create OK proc=0xb400007a13ac8e88
[DEBUG | dusk] [DIAG] fpcSCtRq_phase_Load: procName=764 ret=4
[DEBUG | dusk] fpcSCtRq_phase_CreateProcess: procName=764
[DEBUG | dusk] fpcBs_Create: pid=505 profname=fpcNm_Obj_Carry_e (764) profile=0x7b5ed56960 procSize=4768 unkSize=0
[DEBUG | dusk] fpcSCtRq_phase_CreateProcess: fpcBs_Create OK proc=0xb400007a13ac7bc8
[DEBUG | dusk] [DIAG] fpcSCtRq_phase_Load: procName=764 ret=4
[DEBUG | dusk] fpcSCtRq_phase_CreateProcess: procName=764
[DEBUG | dusk] fpcBs_Create: pid=506 profname=fpcNm_Obj_Carry_e (764) profile=0x7b5ed56960 procSize=4768 unkSize=0
[DEBUG | dusk] fpcSCtRq_phase_CreateProcess: fpcBs_Create OK proc=0xb400007a13ac6908
[DEBUG | dusk] [DIAG] fpcSCtRq_phase_Load: procName=764 ret=4
[DEBUG | dusk] fpcSCtRq_phase_CreateProcess: procName=764
[DEBUG | dusk] fpcBs_Create: pid=507 profname=fpcNm_Obj_Carry_e (764) profile=0x7b5ed56960 procSize=4768 unkSize=0
[DEBUG | dusk] fpcSCtRq_phase_CreateProcess: fpcBs_Create OK proc=0xb400007a13ac5648
[DEBUG | dusk] [DIAG] fpcSCtRq_phase_Load: procName=711 ret=4
[DEBUG | dusk] fpcSCtRq_phase_CreateProcess: procName=711
[DEBUG | dusk] fpcBs_Create: pid=508 profname=fpcNm_Tag_Wljump_e (711) profile=0x7b5ed8f950 procSize=1768 unkSize=0
[DEBUG | dusk] fpcSCtRq_phase_CreateProcess: fpcBs_Create OK proc=0xb400007a13ac4f40
[DEBUG | dusk] [DIAG] fpcSCtRq_phase_Load: procName=283 ret=4
[DEBUG | dusk] fpcSCtRq_phase_CreateProcess: procName=283
[DEBUG | dusk] fpcBs_Create: pid=509 profname=fpcNm_OBJ_KANBAN2_e (283) profile=0x7b5ed5cc80 procSize=3488 unkSize=0
[DEBUG | dusk] fpcSCtRq_phase_CreateProcess: fpcBs_Create OK proc=0xb400007a13ac4180
[DEBUG | dusk] [DIAG] fpcSCtRq_phase_Load: procName=283 ret=4
[DEBUG | dusk] fpcSCtRq_phase_CreateProcess: procName=283
[DEBUG | dusk] fpcBs_Create: pid=510 profname=fpcNm_OBJ_KANBAN2_e (283) profile=0x7b5ed5cc80 procSize=3488 unkSize=0
[DEBUG | dusk] fpcSCtRq_phase_CreateProcess: fpcBs_Create OK proc=0xb400007a13ac33c0
[DEBUG | dusk] [DIAG] fpcSCtRq_phase_Load: procName=283 ret=4
[DEBUG | dusk] fpcSCtRq_phase_CreateProcess: procName=283
[DEBUG | dusk] fpcBs_Create: pid=511 profname=fpcNm_OBJ_KANBAN2_e (283) profile=0x7b5ed5cc80 procSize=3488 unkSize=0
[DEBUG | dusk] fpcSCtRq_phase_CreateProcess: fpcBs_Create OK proc=0xb400007a13ac2600
[DEBUG | dusk] [DIAG] fpcSCtRq_phase_Load: procName=129 ret=4
[DEBUG | dusk] fpcSCtRq_phase_CreateProcess: procName=129
[DEBUG | dusk] fpcBs_Create: pid=512 profname=fpcNm_Obj_RiderGate_e (129) profile=0x7b5ed85de0 procSize=3992 unkSize=0
[DEBUG | dusk] fpcSCtRq_phase_CreateProcess: fpcBs_Create OK proc=0xb400007a13ac1648
[DEBUG | dusk] [DIAG] fpcSCtRq_phase_Load: procName=83 ret=4
[DEBUG | dusk] fpcSCtRq_phase_CreateProcess: procName=83
[DEBUG | dusk] fpcBs_Create: pid=513 profname=fpcNm_Obj_Digpl_e (83) profile=0x7b5ed5c7f8 procSize=1712 unkSize=0
[DEBUG | dusk] fpcSCtRq_phase_CreateProcess: fpcBs_Create OK proc=0xb400007a13ac0f78
[DEBUG | dusk] [DIAG] fpcSCtRq_phase_Load: procName=83 ret=4
[DEBUG | dusk] fpcSCtRq_phase_CreateProcess: procName=83
[DEBUG | dusk] fpcBs_Create: pid=514 profname=fpcNm_Obj_Digpl_e (83) profile=0x7b5ed5c7f8 procSize=1712 unkSize=0
[DEBUG | dusk] fpcSCtRq_phase_CreateProcess: fpcBs_Create OK proc=0xb400007a13ac08a8
[DEBUG | dusk] [DIAG] fpcSCtRq_phase_Load: procName=83 ret=4
[DEBUG | dusk] fpcSCtRq_phase_CreateProcess: procName=83
[DEBUG | dusk] fpcBs_Create: pid=515 profname=fpcNm_Obj_Digpl_e (83) profile=0x7b5ed5c7f8 procSize=1712 unkSize=0
[DEBUG | dusk] fpcSCtRq_phase_CreateProcess: fpcBs_Create OK proc=0xb400007a13ac01d8
[DEBUG | dusk] [DIAG] fpcSCtRq_phase_Load: procName=83 ret=4
[DEBUG | dusk] fpcSCtRq_phase_CreateProcess: procName=83
[DEBUG | dusk] fpcBs_Create: pid=516 profname=fpcNm_Obj_Digpl_e (83) profile=0x7b5ed5c7f8 procSize=1712 unkSize=0
[DEBUG | dusk] fpcSCtRq_phase_CreateProcess: fpcBs_Create OK proc=0xb400007a13abfb08
[DEBUG | dusk] [DIAG] fpcSCtRq_phase_Load: procName=83 ret=4
[DEBUG | dusk] fpcSCtRq_phase_CreateProcess: procName=83
[DEBUG | dusk] fpcBs_Create: pid=517 profname=fpcNm_Obj_Digpl_e (83) profile=0x7b5ed5c7f8 procSize=1712 unkSize=0
[DEBUG | dusk] fpcSCtRq_phase_CreateProcess: fpcBs_Create OK proc=0xb400007a13abf438
[DEBUG | dusk] [DIAG] fpcSCtRq_phase_Load: procName=283 ret=4
[DEBUG | dusk] fpcSCtRq_phase_CreateProcess: procName=283
[DEBUG | dusk] fpcBs_Create: pid=518 profname=fpcNm_OBJ_KANBAN2_e (283) profile=0x7b5ed5cc80 procSize=3488 unkSize=0
[DEBUG | dusk] fpcSCtRq_phase_CreateProcess: fpcBs_Create OK proc=0xb400007a13abe678
[DEBUG | dusk] [DIAG] fpcSCtRq_phase_Load: procName=764 ret=4
[DEBUG | dusk] fpcSCtRq_phase_CreateProcess: procName=764
[DEBUG | dusk] fpcBs_Create: pid=519 profname=fpcNm_Obj_Carry_e (764) profile=0x7b5ed56960 procSize=4768 unkSize=0
[DEBUG | dusk] fpcSCtRq_phase_CreateProcess: fpcBs_Create OK proc=0xb400007a13abd3b8
[DEBUG | dusk] Loading Resource: j_hako_00.bmd (Size: 13312)
[DEBUG | dusk] Loading Resource: j_hako_00.dzb (Size: 608)
[DEBUG | dusk] [DIAG] fpcSCtRq_phase_Load: procName=764 ret=4
[DEBUG | dusk] fpcSCtRq_phase_CreateProcess: procName=764
[DEBUG | dusk] fpcBs_Create: pid=520 profname=fpcNm_Obj_Carry_e (764) profile=0x7b5ed56960 procSize=4768 unkSize=0
[DEBUG | dusk] fpcSCtRq_phase_CreateProcess: fpcBs_Create OK proc=0xb400007a13abc0f8
[DEBUG | dusk] [DIAG] fpcSCtRq_phase_Load: procName=696 ret=4
[DEBUG | dusk] fpcSCtRq_phase_CreateProcess: procName=696
[DEBUG | dusk] fpcBs_Create: pid=521 profname=fpcNm_KYTAG14_e (696) profile=0x7b5ed59e28 procSize=1640 unkSize=0
[DEBUG | dusk] fpcSCtRq_phase_CreateProcess: fpcBs_Create OK proc=0xb400007a13abba70
[DEBUG | dusk] [DIAG] fpcSCtRq_phase_Load: procName=130 ret=4
[DEBUG | dusk] fpcSCtRq_phase_CreateProcess: procName=130
[DEBUG | dusk] fpcBs_Create: pid=522 profname=fpcNm_Obj_Onsen_e (130) profile=0x7b5ed84af8 procSize=1736 unkSize=0
[DEBUG | dusk] fpcSCtRq_phase_CreateProcess: fpcBs_Create OK proc=0xb400007a13abb388
[DEBUG | dusk] [DIAG] fpcSCtRq_phase_Load: procName=733 ret=4
[DEBUG | dusk] fpcSCtRq_phase_CreateProcess: procName=733
[DEBUG | dusk] fpcBs_Create: pid=523 profname=fpcNm_SET_BG_OBJ_e (733) profile=0x7b5ed56f08 procSize=1664 unkSize=0
[DEBUG | dusk] fpcSCtRq_phase_CreateProcess: fpcBs_Create OK proc=0xb400007a13abace8
[DEBUG | dusk] [DIAG] fpcSCtRq_phase_Load: procName=592 ret=4
[DEBUG | dusk] fpcSCtRq_phase_CreateProcess: procName=592
[DEBUG | dusk] fpcBs_Create: pid=524 profname=fpcNm_NPC_LEN_e (592) profile=0x7b5ed6f150 procSize=5376 unkSize=0
[DEBUG | dusk] fpcSCtRq_phase_CreateProcess: fpcBs_Create OK proc=0xb400007a13ab97c8
[DEBUG | dusk] [DIAG] fpcSCtRq_phase_Load: procName=593 ret=4
[DEBUG | dusk] fpcSCtRq_phase_CreateProcess: procName=593
[DEBUG | dusk] fpcBs_Create: pid=525 profname=fpcNm_NPC_LUD_e (593) profile=0x7b5ed6f5f8 procSize=5352 unkSize=0
[DEBUG | dusk] fpcSCtRq_phase_CreateProcess: fpcBs_Create OK proc=0xb400007a13ab82c0
[DEBUG | dusk] [DIAG] fpcSCtRq_phase_Load: procName=605 ret=4
[DEBUG | dusk] fpcSCtRq_phase_CreateProcess: procName=605
[DEBUG | dusk] fpcBs_Create: pid=526 profname=fpcNm_NPC_KOLIN_e (605) profile=0x7b5ed5b460 procSize=5432 unkSize=0
[DEBUG | dusk] fpcSCtRq_phase_CreateProcess: fpcBs_Create OK proc=0xb400007a13ab6d68
[DEBUG | dusk] [DIAG] fpcSCtRq_phase_Load: procName=581 ret=4
[DEBUG | dusk] fpcSCtRq_phase_CreateProcess: procName=581
[DEBUG | dusk] fpcBs_Create: pid=527 profname=fpcNm_NPC_BESU_e (581) profile=0x7b5ed5a4a8 procSize=5856 unkSize=0
[DEBUG | dusk] fpcSCtRq_phase_CreateProcess: fpcBs_Create OK proc=0xb400007a13ab5668
[DEBUG | dusk] [DIAG] fpcSCtRq_phase_Load: procName=608 ret=4
[DEBUG | dusk] fpcSCtRq_phase_CreateProcess: procName=608
[DEBUG | dusk] fpcBs_Create: pid=528 profname=fpcNm_NPC_MARO_e (608) profile=0x7b5ed5ba00 procSize=5800 unkSize=0
[DEBUG | dusk] fpcSCtRq_phase_CreateProcess: fpcBs_Create OK proc=0xb400007a13ab3fa0
[DEBUG | dusk] [DIAG] fpcSCtRq_phase_Load: procName=622 ret=4
[DEBUG | dusk] fpcSCtRq_phase_CreateProcess: procName=622
[DEBUG | dusk] fpcBs_Create: pid=529 profname=fpcNm_NPC_TARO_e (622) profile=0x7b5ed5c050 procSize=6104 unkSize=0
[DEBUG | dusk] fpcSCtRq_phase_CreateProcess: fpcBs_Create OK proc=0xb400007a13ab27a8
[DEBUG | dusk] [DIAG] fpcSCtRq_phase_Load: procName=592 ret=4
[DEBUG | dusk] fpcSCtRq_phase_CreateProcess: procName=592
[DEBUG | dusk] fpcBs_Create: pid=530 profname=fpcNm_NPC_LEN_e (592) profile=0x7b5ed6f150 procSize=5376 unkSize=0
[DEBUG | dusk] fpcSCtRq_phase_CreateProcess: fpcBs_Create OK proc=0xb400007a13ab1288
[DEBUG | dusk] [DIAG] fpcSCtRq_phase_Load: procName=696 ret=4
[DEBUG | dusk] fpcSCtRq_phase_CreateProcess: procName=696
[DEBUG | dusk] fpcBs_Create: pid=531 profname=fpcNm_KYTAG14_e (696) profile=0x7b5ed59e28 procSize=1640 unkSize=0
[DEBUG | dusk] fpcSCtRq_phase_CreateProcess: fpcBs_Create OK proc=0xb400007a13ab0c00
[DEBUG | dusk] [DIAG] fpcSCtRq_phase_Load: procName=711 ret=4
[DEBUG | dusk] fpcSCtRq_phase_CreateProcess: procName=711
[DEBUG | dusk] fpcBs_Create: pid=532 profname=fpcNm_Tag_Wljump_e (711) profile=0x7b5ed8f950 procSize=1768 unkSize=0
[DEBUG | dusk] fpcSCtRq_phase_CreateProcess: fpcBs_Create OK proc=0xb400007a13ab04f8
[DEBUG | dusk] [DIAG] fpcSCtRq_phase_Load: procName=83 ret=4
[DEBUG | dusk] fpcSCtRq_phase_CreateProcess: procName=83
[DEBUG | dusk] fpcBs_Create: pid=533 profname=fpcNm_Obj_Digpl_e (83) profile=0x7b5ed5c7f8 procSize=1712 unkSize=0
[DEBUG | dusk] fpcSCtRq_phase_CreateProcess: fpcBs_Create OK proc=0xb400007a13aafe28
[DEBUG | dusk] [DIAG] fpcSCtRq_phase_Load: procName=764 ret=4
[DEBUG | dusk] fpcSCtRq_phase_CreateProcess: procName=764
[DEBUG | dusk] fpcBs_Create: pid=534 profname=fpcNm_Obj_Carry_e (764) profile=0x7b5ed56960 procSize=4768 unkSize=0
[DEBUG | dusk] fpcSCtRq_phase_CreateProcess: fpcBs_Create OK proc=0xb400007a13aaeb68
[DEBUG | dusk] [DIAG] fpcSCtRq_phase_Load: procName=764 ret=4
[DEBUG | dusk] fpcSCtRq_phase_CreateProcess: procName=764
[DEBUG | dusk] fpcBs_Create: pid=535 profname=fpcNm_Obj_Carry_e (764) profile=0x7b5ed56960 procSize=4768 unkSize=0
[DEBUG | dusk] fpcSCtRq_phase_CreateProcess: fpcBs_Create OK proc=0xb400007a13aad8a8
[DEBUG | dusk] [DIAG] fpcSCtRq_phase_Load: procName=788 ret=4
[DEBUG | dusk] fpcSCtRq_phase_CreateProcess: procName=788
[DEBUG | dusk] fpcBs_Create: pid=536 profname=fpcNm_MENUWINDOW_e (788) profile=0x7b5ed4ee20 procSize=592 unkSize=0
[DEBUG | dusk] fpcSCtRq_phase_CreateProcess: fpcBs_Create OK proc=0xb400007a13af60bc
[DEBUG | dusk] [DIAG] fpcSCtRq_phase_Load: procName=787 ret=4
[DEBUG | dusk] fpcSCtRq_phase_CreateProcess: procName=787
[DEBUG | dusk] fpcBs_Create: pid=537 profname=fpcNm_MSG_OBJECT_e (787) profile=0x7b5ed4fa98 procSize=1512 unkSize=0
[DEBUG | dusk] fpcSCtRq_phase_CreateProcess: fpcBs_Create OK proc=0xb400007a13aad2a0
[DEBUG | dusk] Loading Resource: al_kantera.bmd (Size: 21024)
[DEBUG | dusk] Loading Resource: ef_ktglow.bmd (Size: 3040)
[DEBUG | dusk] Loading Resource: al.bmd (Size: 176288)
[DEBUG | dusk] Loading Resource: al_bootsh.bmd (Size: 22048)
[DEBUG | dusk] Loading Resource: al_face.bmd (Size: 72576)
[DEBUG | dusk] Loading Resource: al_hands.bmd (Size: 61056)
[DEBUG | dusk] Loading Resource: al_head.bmd (Size: 33851)
[DEBUG | dusk] Loading Resource: al_swb.bmd (Size: 23552)
[DEBUG | dusk] Loading Resource: ef_ktglow.btk (Size: 512)
[DEBUG | dusk] Loading Resource: model0.bmd (Size: 13312)
[DEBUG | dusk] Loading Resource: model1.bmd (Size: 10656)
[DEBUG | dusk] Loading Resource: model0.dzb (Size: 832)
[DEBUG | dusk] Loading Resource: spec.dat (Size: 148)
[DEBUG | dusk] Loading Resource: k_takaraa.bck (Size: 448)
[DEBUG | dusk] Loading Resource: k_takarab.bck (Size: 448)
[DEBUG | dusk] Loading Resource: k_takarab_slow.bck (Size: 448)
[DEBUG | dusk] Loading Resource: boxa.bmd (Size: 22912)
[DEBUG | dusk] Loading Resource: boxb.bmd (Size: 27232)
[DEBUG | dusk] Loading Resource: ef_boxb.bmd (Size: 13504)
[DEBUG | dusk] Loading Resource: k_tboxn.bmd (Size: 2048)
[DEBUG | dusk] Loading Resource: boxa.brk (Size: 416)
[DEBUG | dusk] Loading Resource: ef_boxb.brk (Size: 256)
[DEBUG | dusk] Loading Resource: boxa.btk (Size: 416)
[DEBUG | dusk] Loading Resource: boxac.dzb (Size: 640)
[DEBUG | dusk] Loading Resource: boxao.dzb (Size: 928)
[DEBUG | dusk] Loading Resource: boxbc.dzb (Size: 640)
[DEBUG | dusk] Loading Resource: boxbo.dzb (Size: 928)
[DEBUG | dusk] Loading Resource: fdoora.bck (Size: 352)
[DEBUG | dusk] Loading Resource: fdoorb.bck (Size: 320)
[DEBUG | dusk] Loading Resource: door-knobdummy.bmd (Size: 1792)
[DEBUG | dusk] Loading Resource: door-pushdoubledummy.bmd (Size: 2752)
[DEBUG | dusk] Loading Resource: door-knob.dzb (Size: 480)
[DEBUG | dusk] Loading Resource: door-pushdouble.dzb (Size: 480)
[DEBUG | dusk] Loading Resource: door-shutter.dzb (Size: 448)
[DEBUG | dusk] Loading Resource: door-shutterbig.dzb (Size: 768)
[DEBUG | dusk] Loading Resource: door-shutterboss.dzb (Size: 704)
[DEBUG | dusk] Loading Resource: door-shutterlv9.dzb (Size: 768)
[DEBUG | dusk] Loading Resource: j_kanban00.bmd (Size: 11456)
[DEBUG | dusk] Loading Resource: j_kanban00_01.bmd (Size: 2336)
[DEBUG | dusk] Loading Resource: j_kanban00_02.bmd (Size: 2336)
[DEBUG | dusk] Loading Resource: j_kanban00_03.bmd (Size: 2304)
[DEBUG | dusk] Loading Resource: j_kanban00_04.bmd (Size: 2304)
[DEBUG | dusk] Loading Resource: j_kanban00_05.bmd (Size: 2304)
[DEBUG | dusk] Loading Resource: j_kanban00_06.bmd (Size: 2336)
[DEBUG | dusk] Loading Resource: j_kanban00_07.bmd (Size: 2336)
[DEBUG | dusk] Loading Resource: j_kanban00_08.bmd (Size: 2336)
[DEBUG | dusk] Loading Resource: j_kanban00_09.bmd (Size: 2400)
[DEBUG | dusk] Loading Resource: j_kanban00_10.bmd (Size: 2400)
[DEBUG | dusk] Loading Resource: j_kanban00_11.bmd (Size: 2368)
[DEBUG | dusk] Loading Resource: j_kanban00_12.bmd (Size: 2368)
[DEBUG | dusk] Loading Resource: j_kanban00_13.bmd (Size: 2368)
[DEBUG | dusk] Loading Resource: j_kanban00_14.bmd (Size: 2368)
[DEBUG | dusk] Loading Resource: j_kanban00_15.bmd (Size: 2368)
[DEBUG | dusk] Loading Resource: j_kanban00_16.bmd (Size: 2368)
[DEBUG | dusk] Loading Resource: j_kanban00_17.bmd (Size: 2400)
[DEBUG | dusk] Loading Resource: j_kanban00_18.bmd (Size: 2400)
[DEBUG | dusk] Loading Resource: m_ridergate.bmd (Size: 24544)
[DEBUG | dusk] Loading Resource: m_ridergate_hook.bmd (Size: 3648)
[DEBUG | dusk] Loading Resource: m_ridergate_key.bmd (Size: 3232)
[DEBUG | dusk] Loading Resource: m_ridergate.dzb (Size: 672)
[DEBUG | dusk] Loading Resource: event_list.dat (Size: 2020)
[DEBUG | dusk] Loading Resource: h_kakaonsen.bmd (Size: 3488)
[DEBUG | dusk] Loading Resource: h_kakaonsenb.bmd (Size: 3616)
[DEBUG | dusk] Loading Resource: h_kakaonsenb.btk (Size: 320)
[DEBUG | dusk] Loading Resource: h_kakaonsen.dzb (Size: 1280)
[DEBUG | dusk] Loading Resource: model0.bmd (Size: 20864)
[DEBUG | dusk] Loading Resource: model0.dzb (Size: 9344)
[DEBUG | dusk] Loading Resource: spec.dat (Size: 8)
[DEBUG | dusk] Loading Resource: len_f_talk_a.bck (Size: 2848)
[DEBUG | dusk] Loading Resource: len_step.bck (Size: 3744)
[DEBUG | dusk] Loading Resource: len_wait_a.bck (Size: 3616)
[DEBUG | dusk] Loading Resource: len.bmd (Size: 140032)
[DEBUG | dusk] Loading Resource: len.btk (Size: 256)
[DEBUG | dusk] Loading Resource: len.btp (Size: 128)
[DEBUG | dusk] Loading Resource: len_dislike_a.bck (Size: 3744)
[DEBUG | dusk] Loading Resource: len_dislike_b.bck (Size: 3552)
[DEBUG | dusk] Loading Resource: len_evade_a.bck (Size: 5216)
[DEBUG | dusk] Loading Resource: len_evade_b.bck (Size: 3840)
[DEBUG | dusk] Loading Resource: len_evade_c.bck (Size: 3808)
[DEBUG | dusk] Loading Resource: len_f_dislike_a.bck (Size: 3776)
[DEBUG | dusk] Loading Resource: len_f_dislike_b.bck (Size: 2976)
[DEBUG | dusk] Loading Resource: len_f_evade_a.bck (Size: 3104)
[DEBUG | dusk] Loading Resource: len_f_talk_b.bck (Size: 3040)
[DEBUG | dusk] Loading Resource: len_f_talk_c.bck (Size: 3136)
[DEBUG | dusk] Loading Resource: len_f_talk_d.bck (Size: 3168)
[DEBUG | dusk] Loading Resource: len_f_wait_bc_connect.bck (Size: 2752)
[DEBUG | dusk] Loading Resource: len_f_wait_c.bck (Size: 3680)
[DEBUG | dusk] Loading Resource: len_f_wait_d.bck (Size: 2400)
[DEBUG | dusk] Loading Resource: len_f_wait_e.bck (Size: 2688)
[DEBUG | dusk] Loading Resource: len_fh_dislike_b.bck (Size: 2592)
[DEBUG | dusk] Loading Resource: len_fh_evade_b.bck (Size: 2368)
[DEBUG | dusk] Loading Resource: len_fh_talk_c.bck (Size: 2368)
[DEBUG | dusk] Loading Resource: len_fh_talk_d.bck (Size: 2368)
[DEBUG | dusk] Loading Resource: len_fh_wait_c.bck (Size: 2368)
[DEBUG | dusk] Loading Resource: len_fh_wait_d.bck (Size: 2368)
[DEBUG | dusk] Loading Resource: len_talk_a.bck (Size: 5920)
[DEBUG | dusk] Loading Resource: len_talk_c.bck (Size: 7744)
[DEBUG | dusk] Loading Resource: len_wait_b.bck (Size: 4096)
[DEBUG | dusk] Loading Resource: len_wait_bc_connect.bck (Size: 4064)
[DEBUG | dusk] Loading Resource: len_wait_c.bck (Size: 4192)
[DEBUG | dusk] Loading Resource: len_wait_d.bck (Size: 3840)
[DEBUG | dusk] Loading Resource: len_wait_e.bck (Size: 3968)
[DEBUG | dusk] Loading Resource: len_walk_a.bck (Size: 5440)
[DEBUG | dusk] Loading Resource: len_f_dislike_a.btk (Size: 480)
[DEBUG | dusk] Loading Resource: len_f_dislike_b.btk (Size: 640)
[DEBUG | dusk] Loading Resource: len_fh_dislike_b.btk (Size: 288)
[DEBUG | dusk] Loading Resource: len_f_dislike_a.btp (Size: 288)
[DEBUG | dusk] Loading Resource: len_f_dislike_b.btp (Size: 288)
[DEBUG | dusk] Loading Resource: len_f_evade_a.btp (Size: 288)
[DEBUG | dusk] Loading Resource: len_f_talk_c.btp (Size: 288)
[DEBUG | dusk] Loading Resource: len_f_talk_d.btp (Size: 288)
[DEBUG | dusk] Loading Resource: len_f_wait_c.btp (Size: 288)
[DEBUG | dusk] Loading Resource: len_fh_talk_c.btp (Size: 96)
[DEBUG | dusk] Loading Resource: len_fh_talk_d.btp (Size: 96)
[DEBUG | dusk] Loading Resource: len_fh_wait_c.btp (Size: 96)
[DEBUG | dusk] Loading Resource: event_list.dat (Size: 7916)
[DEBUG | dusk] Loading Resource: lud_f_talk_a.bck (Size: 2688)
[DEBUG | dusk] Loading Resource: lud_step.bck (Size: 3104)
[DEBUG | dusk] Loading Resource: lud_wait_a.bck (Size: 3520)
[DEBUG | dusk] Loading Resource: lud.bmd (Size: 141984)
[DEBUG | dusk] Loading Resource: lud.btk (Size: 256)
[DEBUG | dusk] Loading Resource: lud.btp (Size: 128)
[DEBUG | dusk] Loading Resource: lud_f_fear_a.bck (Size: 2688)
[DEBUG | dusk] Loading Resource: lud_fear_a.bck (Size: 12000)
[DEBUG | dusk] Loading Resource: lud_talk_a.bck (Size: 5760)
[DEBUG | dusk] Loading Resource: lud_talk_b.bck (Size: 4544)
[DEBUG | dusk] Loading Resource: lud_f_fear_a.btp (Size: 288)
[DEBUG | dusk] Loading Resource: kolin_f_talk_a.bck (Size: 2368)
[DEBUG | dusk] Loading Resource: kolin_step.bck (Size: 3680)
[DEBUG | dusk] Loading Resource: kolin_wait_a.bck (Size: 2784)
[DEBUG | dusk] Loading Resource: kolin.bmd (Size: 118848)
[DEBUG | dusk] Loading Resource: kolin.btk (Size: 256)
[DEBUG | dusk] Loading Resource: kolin.btp (Size: 128)
[DEBUG | dusk] Loading Resource: kolin_f_talk_a.btp (Size: 288)
[DEBUG | dusk] Loading Resource: kolin_clup.bck (Size: 10016)
[DEBUG | dusk] Loading Resource: kolin_f_clup.bck (Size: 2752)
[DEBUG | dusk] Loading Resource: kolin_f_happy_talk.bck (Size: 2080)
[DEBUG | dusk] Loading Resource: kolin_f_kizuku.bck (Size: 2368)
[DEBUG | dusk] Loading Resource: kolin_f_normal_talk.bck (Size: 3232)
[DEBUG | dusk] Loading Resource: kolin_f_stone.bck (Size: 1984)
[DEBUG | dusk] Loading Resource: kolin_f_walk_a.bck (Size: 1792)
[DEBUG | dusk] Loading Resource: kolin_fh_kizuku.bck (Size: 1760)
[DEBUG | dusk] Loading Resource: kolin_fh_normal_talk.bck (Size: 1792)
[DEBUG | dusk] Loading Resource: kolin_fh_wait_d.bck (Size: 1792)
[DEBUG | dusk] Loading Resource: kolin_haihai.bck (Size: 4928)
[DEBUG | dusk] Loading Resource: kolin_happy_talk.bck (Size: 3168)
[DEBUG | dusk] Loading Resource: kolin_happy_wait.bck (Size: 2432)
[DEBUG | dusk] Loading Resource: kolin_normal_talk.bck (Size: 5632)
[DEBUG | dusk] Loading Resource: kolin_nozoku.bck (Size: 6560)
[DEBUG | dusk] Loading Resource: kolin_run.bck (Size: 5312)
[DEBUG | dusk] Loading Resource: kolin_stone.bck (Size: 5472)
[DEBUG | dusk] Loading Resource: kolin_talk_a.bck (Size: 4608)
[DEBUG | dusk] Loading Resource: kolin_turn.bck (Size: 4864)
[DEBUG | dusk] Loading Resource: kolin_wait_b.bck (Size: 4896)
[DEBUG | dusk] Loading Resource: kolin_wait_c.bck (Size: 2720)
[DEBUG | dusk] Loading Resource: kolin_wait_d.bck (Size: 3104)
[DEBUG | dusk] Loading Resource: kolin_walk_a.bck (Size: 5632)
[DEBUG | dusk] Loading Resource: kolin_walk_b.bck (Size: 4288)
[DEBUG | dusk] Loading Resource: kolin_clup.btk (Size: 288)
[DEBUG | dusk] Loading Resource: kolin_nozoku.btk (Size: 256)
[DEBUG | dusk] Loading Resource: kolin_stone.btk (Size: 288)
[DEBUG | dusk] Loading Resource: kolin_walk_a.btk (Size: 256)
[DEBUG | dusk] Loading Resource: kolin_f_clup.btp (Size: 256)
[DEBUG | dusk] Loading Resource: kolin_f_kizuku.btp (Size: 160)
[DEBUG | dusk] Loading Resource: kolin_f_stone.btp (Size: 192)
[DEBUG | dusk] Loading Resource: kolin_f_walk_a.btp (Size: 96)
[DEBUG | dusk] Loading Resource: kolin_fh_wait_d.btp (Size: 96)
[DEBUG | dusk] Loading Resource: event_list.dat (Size: 19728)
[DEBUG | dusk] Loading Resource: besu_body_talk.bck (Size: 4288)
[DEBUG | dusk] Loading Resource: besu_body_wait.bck (Size: 2496)
[DEBUG | dusk] Loading Resource: besu_f_talk_c.bck (Size: 2016)
[DEBUG | dusk] Loading Resource: besu_f_yokeru.bck (Size: 1536)
[DEBUG | dusk] Loading Resource: besu_fh_bikkuri.bck (Size: 1536)
[DEBUG | dusk] Loading Resource: besu_mad.bck (Size: 4320)
[DEBUG | dusk] Loading Resource: besu_mad_wait.bck (Size: 2560)
[DEBUG | dusk] Loading Resource: besu_normal_step.bck (Size: 3072)
[DEBUG | dusk] Loading Resource: besu_normal_talk.bck (Size: 4416)
[DEBUG | dusk] Loading Resource: besu_normal_talk_b.bck (Size: 4064)
[DEBUG | dusk] Loading Resource: besu_normal_wait.bck (Size: 2496)
[DEBUG | dusk] Loading Resource: besu_step.bck (Size: 2976)
[DEBUG | dusk] Loading Resource: besu_wait_a.bck (Size: 2560)
[DEBUG | dusk] Loading Resource: besu_wait_c.bck (Size: 2080)
[DEBUG | dusk] Loading Resource: besu_yokeru.bck (Size: 3296)
[DEBUG | dusk] Loading Resource: besu.btk (Size: 256)
[DEBUG | dusk] Loading Resource: besu.btp (Size: 128)
[DEBUG | dusk] Loading Resource: besu_f_yokeru.btp (Size: 160)
[DEBUG | dusk] Loading Resource: besu_fh_bikkuri.btp (Size: 160)
[DEBUG | dusk] Loading Resource: besu_f_madtalk.bck (Size: 2144)
[DEBUG | dusk] Loading Resource: besu_f_talk_a.bck (Size: 2080)
[DEBUG | dusk] Loading Resource: besu_f_talk_b.bck (Size: 2400)
[DEBUG | dusk] Loading Resource: besu_f_wait_b.bck (Size: 1504)
[DEBUG | dusk] Loading Resource: besu_fh_madtalk.bck (Size: 1472)
[DEBUG | dusk] Loading Resource: besu_fh_talk_a.bck (Size: 1504)
[DEBUG | dusk] Loading Resource: besu_fh_talk_b.bck (Size: 1568)
[DEBUG | dusk] Loading Resource: besu_run.bck (Size: 4288)
[DEBUG | dusk] Loading Resource: besu_talk_a.bck (Size: 11136)
[DEBUG | dusk] Loading Resource: besu_talk_b.bck (Size: 6176)
[DEBUG | dusk] Loading Resource: besu_wait_b.bck (Size: 2656)
[DEBUG | dusk] Loading Resource: besu_f_madtalk.btp (Size: 288)
[DEBUG | dusk] Loading Resource: besu_f_talk_a.btp (Size: 288)
[DEBUG | dusk] Loading Resource: besu_f_talk_b.btp (Size: 288)
[DEBUG | dusk] Loading Resource: besu_f_wait_b.btp (Size: 96)
[DEBUG | dusk] Loading Resource: besu_fh_madtalk.btp (Size: 96)
[DEBUG | dusk] Loading Resource: besu_fh_talk_a.btp (Size: 96)
[DEBUG | dusk] Loading Resource: besu_fh_talk_b.btp (Size: 96)
[DEBUG | dusk] Loading Resource: event_list.dat (Size: 11492)
[DEBUG | dusk] Loading Resource: besu3_f_worry.bck (Size: 1952)
[DEBUG | dusk] Loading Resource: besu3_fh_worry.bck (Size: 1504)
[DEBUG | dusk] Loading Resource: besu_f_suprise.bck (Size: 2432)
[DEBUG | dusk] Loading Resource: besu_fh_surprise.bck (Size: 1600)
[DEBUG | dusk] Loading Resource: besu_surprise.bck (Size: 3520)
[DEBUG | dusk] Loading Resource: besu3.bmd (Size: 132032)
[DEBUG | dusk] Loading Resource: besu_surprise.btk (Size: 256)
[DEBUG | dusk] Loading Resource: besu3.btp (Size: 128)
[DEBUG | dusk] Loading Resource: besu3_f_surprise.btp (Size: 288)
[DEBUG | dusk] Loading Resource: besu3_f_worry.btp (Size: 288)
[DEBUG | dusk] Loading Resource: besu3_fh_surprise.btp (Size: 256)
[DEBUG | dusk] Loading Resource: besu3_fh_worry.btp (Size: 96)
[DEBUG | dusk] Loading Resource: event_list.dat (Size: 2776)
[DEBUG | dusk] Loading Resource: maro_f_talk_a.bck (Size: 1824)
[DEBUG | dusk] Loading Resource: maro_step.bck (Size: 3456)
[DEBUG | dusk] Loading Resource: maro_wait_a.bck (Size: 2624)
[DEBUG | dusk] Loading Resource: maro.bmd (Size: 106624)
[DEBUG | dusk] Loading Resource: maro.btk (Size: 256)
[DEBUG | dusk] Loading Resource: maro.btp (Size: 128)
[DEBUG | dusk] Loading Resource: maro_f_talk_a.btp (Size: 224)
[DEBUG | dusk] Loading Resource: maro_f_surprise.bck (Size: 1696)
[DEBUG | dusk] Loading Resource: maro_f_talk_b.bck (Size: 1696)
[DEBUG | dusk] Loading Resource: maro_f_talk_c.bck (Size: 1696)
[DEBUG | dusk] Loading Resource: maro_fh_surprise.bck (Size: 1536)
[DEBUG | dusk] Loading Resource: maro_run.bck (Size: 3968)
[DEBUG | dusk] Loading Resource: maro_stop.bck (Size: 3968)
[DEBUG | dusk] Loading Resource: maro_talk_a.bck (Size: 3200)
[DEBUG | dusk] Loading Resource: maro_talk_b.bck (Size: 5888)
[DEBUG | dusk] Loading Resource: maro_talk_c.bck (Size: 11296)
[DEBUG | dusk] Loading Resource: maro_talk_b.btk (Size: 256)
[DEBUG | dusk] Loading Resource: maro_talk_c.btk (Size: 256)
[DEBUG | dusk] Loading Resource: maro_f_surprise.btp (Size: 192)
[DEBUG | dusk] Loading Resource: maro_f_talk_b.btp (Size: 288)
[DEBUG | dusk] Loading Resource: maro_f_talk_c.btp (Size: 320)
[DEBUG | dusk] Loading Resource: maro_fh_surprise.btp (Size: 96)
[DEBUG | dusk] Loading Resource: event_list.dat (Size: 4392)
[DEBUG | dusk] Loading Resource: taro.bmd (Size: 117440)
[DEBUG | dusk] Loading Resource: taro_f_normal.btp (Size: 128)
[DEBUG | dusk] Loading Resource: taro_defense_a.bck (Size: 3328)
[DEBUG | dusk] Loading Resource: taro_f_close.bck (Size: 1792)
[DEBUG | dusk] Loading Resource: taro_f_normal.bck (Size: 2496)
[DEBUG | dusk] Loading Resource: taro_step.bck (Size: 2944)
[DEBUG | dusk] Loading Resource: taro_wait_a.bck (Size: 2912)
[DEBUG | dusk] Loading Resource: taro.btk (Size: 256)
[DEBUG | dusk] Loading Resource: taro_f_close.btp (Size: 160)
[DEBUG | dusk] Loading Resource: taro_chop_a.bck (Size: 9856)
[DEBUG | dusk] Loading Resource: taro_chop_b.bck (Size: 8480)
[DEBUG | dusk] Loading Resource: taro_f_panic.bck (Size: 2368)
[DEBUG | dusk] Loading Resource: taro_f_s_get.bck (Size: 2176)
[DEBUG | dusk] Loading Resource: taro_f_sad.bck (Size: 2112)
[DEBUG | dusk] Loading Resource: taro_f_shout.bck (Size: 1952)
[DEBUG | dusk] Loading Resource: taro_f_surprise.bck (Size: 1792)
[DEBUG | dusk] Loading Resource: taro_fh_panic.bck (Size: 1664)
[DEBUG | dusk] Loading Resource: taro_fh_sad.bck (Size: 1664)
[DEBUG | dusk] Loading Resource: taro_fh_surprise.bck (Size: 1696)
[DEBUG | dusk] Loading Resource: taro_run.bck (Size: 5152)
[DEBUG | dusk] Loading Resource: taro_s_chop_a.bck (Size: 13504)
[DEBUG | dusk] Loading Resource: taro_s_chop_b.bck (Size: 14592)
[DEBUG | dusk] Loading Resource: taro_s_get.bck (Size: 16864)
[DEBUG | dusk] Loading Resource: taro_s_run.bck (Size: 5184)
[DEBUG | dusk] Loading Resource: taro_s_wait.bck (Size: 3648)
[DEBUG | dusk] Loading Resource: taro_talk_a.bck (Size: 6496)
[DEBUG | dusk] Loading Resource: taro_talk_b.bck (Size: 3616)
[DEBUG | dusk] Loading Resource: taro_wait_b.bck (Size: 4640)
[DEBUG | dusk] Loading Resource: taro_wait_d.bck (Size: 3488)
[DEBUG | dusk] Loading Resource: taro_wait_e.bck (Size: 5408)
[DEBUG | dusk] Loading Resource: taro_wait_f.bck (Size: 2944)
[DEBUG | dusk] Loading Resource: taro_stick_a.bmd (Size: 14688)
[DEBUG | dusk] Loading Resource: taro_swb.bmd (Size: 21664)
[DEBUG | dusk] Loading Resource: taro_s_get.btk (Size: 512)
[DEBUG | dusk] Loading Resource: taro_talk_c.btk (Size: 384)
[DEBUG | dusk] Loading Resource: taro_talk_e.btk (Size: 256)
[DEBUG | dusk] Loading Resource: taro_tark_d.btk (Size: 448)
[DEBUG | dusk] Loading Resource: taro_f_panic.btp (Size: 288)
[DEBUG | dusk] Loading Resource: taro_f_s_get.btp (Size: 320)
[DEBUG | dusk] Loading Resource: taro_f_sad.btp (Size: 288)
[DEBUG | dusk] Loading Resource: taro_f_shout.btp (Size: 192)
[DEBUG | dusk] Loading Resource: taro_f_surprise.btp (Size: 160)
[DEBUG | dusk] Loading Resource: taro_fh_panic.btp (Size: 96)
[DEBUG | dusk] Loading Resource: taro_fh_sad.btp (Size: 96)
[DEBUG | dusk] Loading Resource: taro_fh_surprise.btp (Size: 224)
[DEBUG | dusk] Loading Resource: event_list.dat (Size: 66960)
[DEBUG | dusk] Loading Resource: taro_f_anger.bck (Size: 2208)
[DEBUG | dusk] Loading Resource: taro_f_smile.bck (Size: 2144)
[DEBUG | dusk] Loading Resource: taro_fh_anger.bck (Size: 1632)
[DEBUG | dusk] Loading Resource: taro_fh_smile.bck (Size: 1632)
[DEBUG | dusk] Loading Resource: taro_to_wait_c.bck (Size: 3744)
[DEBUG | dusk] Loading Resource: taro_victory_a.bck (Size: 6048)
[DEBUG | dusk] Loading Resource: taro_wait_c.bck (Size: 3008)
[DEBUG | dusk] Loading Resource: taro_f_anger.btp (Size: 288)
[DEBUG | dusk] Loading Resource: taro_f_smile.btp (Size: 288)
[DEBUG | dusk] Loading Resource: taro_fh_smile.btp (Size: 96)
[DEBUG | dusk] [DIAG] fpcSCtRq_phase_Load: procName=734 ret=4
[DEBUG | dusk] fpcSCtRq_phase_CreateProcess: procName=734
[DEBUG | dusk] fpcBs_Create: pid=538 profname=fpcNm_BG_OBJ_e (734) profile=0x7b5ed554d8 procSize=4344 unkSize=0
[DEBUG | dusk] fpcSCtRq_phase_CreateProcess: fpcBs_Create OK proc=0xb400007a13aac188
[DEBUG | dusk] fpcBs_Create: pid=543 profname=fpcNm_Tag_Attp_e (346) profile=0x7b5ed58d00 procSize=1632 unkSize=0
[DEBUG | dusk] [DIAG] fpcSCtRq_phase_Load: procName=734 ret=4
[DEBUG | dusk] fpcSCtRq_phase_CreateProcess: procName=734
[DEBUG | dusk] fpcBs_Create: pid=539 profname=fpcNm_BG_OBJ_e (734) profile=0x7b5ed554d8 procSize=4344 unkSize=0
[DEBUG | dusk] fpcSCtRq_phase_CreateProcess: fpcBs_Create OK proc=0xb400007a13aaa9f0
[DEBUG | dusk] fpcBs_Create: pid=545 profname=fpcNm_Tag_Attp_e (346) profile=0x7b5ed58d00 procSize=1632 unkSize=0
[DEBUG | dusk] [DIAG] fpcSCtRq_phase_Load: procName=734 ret=4
[DEBUG | dusk] fpcSCtRq_phase_CreateProcess: procName=734
[DEBUG | dusk] fpcBs_Create: pid=540 profname=fpcNm_BG_OBJ_e (734) profile=0x7b5ed554d8 procSize=4344 unkSize=0
[DEBUG | dusk] fpcSCtRq_phase_CreateProcess: fpcBs_Create OK proc=0xb400007a13aa9258
[DEBUG | dusk] fpcBs_Create: pid=547 profname=fpcNm_Tag_Attp_e (346) profile=0x7b5ed58d00 procSize=1632 unkSize=0
[DEBUG | dusk] [DIAG] fpcSCtRq_phase_Load: procName=734 ret=4
[DEBUG | dusk] fpcSCtRq_phase_CreateProcess: procName=734
[DEBUG | dusk] fpcBs_Create: pid=541 profname=fpcNm_BG_OBJ_e (734) profile=0x7b5ed554d8 procSize=4344 unkSize=0
[DEBUG | dusk] fpcSCtRq_phase_CreateProcess: fpcBs_Create OK proc=0xb400007a13aa7ac0
[DEBUG | dusk] Loading Resource: event_list.dat (Size: 11912)
[DEBUG | dusk] Loading Resource: al_shb.bmd (Size: 15040)
[DEBUG | dusk] [DIAG] fpcSCtRq_phase_Load: procName=255 ret=4
[DEBUG | dusk] fpcSCtRq_phase_CreateProcess: procName=255
[DEBUG | dusk] fpcBs_Create: pid=548 profname=fpcNm_MIDNA_e (255) profile=0x7b5ed58698 procSize=3360 unkSize=0
[DEBUG | dusk] fpcSCtRq_phase_CreateProcess: fpcBs_Create OK proc=0xb400007a13afd50c
[DEBUG | dusk] Loading Resource: s_md_hands.bmd (Size: 19776)
[DEBUG | dusk] Loading Resource: s_md_mask.bmd (Size: 15424)
[DEBUG | dusk] Loading Resource: s_md_gokou.bmd (Size: 3008)
[DEBUG | dusk] Loading Resource: s_md.bmd (Size: 69984)
[DEBUG | dusk] Loading Resource: s_md_hair_hand.bmd (Size: 18944)
[DEBUG | dusk] Loading Resource: s_md_appear.brk (Size: 352)
[DEBUG | dusk] Loading Resource: s_md_gokou_appear.brk (Size: 256)
[DEBUG | dusk] Loading Resource: s_md_hair_hand_appear.brk (Size: 288)
[DEBUG | dusk] Loading Resource: s_md_mask_appear.brk (Size: 256)
[DEBUG | dusk] Loading Resource: s_md_hair_hand_moya.btk (Size: 544)
[DEBUG | dusk] Loading Resource: s_md_hands_moya.btk (Size: 608)
[DEBUG | dusk] Loading Resource: s_md_mask_moya.btk (Size: 320)
[DEBUG | dusk] Loading Resource: s_md_moya.btk (Size: 512)
[DEBUG | dusk] frameInterp: onTypeChange 41 -> 40 (event_type_id=40, leaving_event=false, entering_event=true)
[DEBUG | dusk] frameInterp: presentation sync not requested for ZEV event [CURRENT] (staff idx 25)
[DEBUG | dusk] frameInterp: presentation sync not requested for ZEV event [TALK] (staff idx 47)
[DEBUG | dusk] frameInterp: onTypeChange 40 -> 41 (event_type_id=40, leaving_event=true, entering_event=false)
[DEBUG | dusk] [DIAG] fpcSCtRq_phase_Load: procName=548 ret=4
[DEBUG | dusk] fpcSCtRq_phase_CreateProcess: procName=548
[DEBUG | dusk] fpcBs_Create: pid=549 profname=fpcNm_HOZELDA_e (548) profile=0x7b5ed65e40 procSize=2368 unkSize=0
[DEBUG | dusk] fpcSCtRq_phase_CreateProcess: fpcBs_Create OK proc=0xb400007a13b04bd8
[DEBUG | dusk] Loading Resource: zelh_aldieh.bck (Size: 6240)
[DEBUG | dusk] Loading Resource: zelh_arelordh.bck (Size: 9280)
[DEBUG | dusk] Loading Resource: zelh_ashooth.bck (Size: 5216)
[DEBUG | dusk] Loading Resource: zelh_atbh.bck (Size: 4064)
[DEBUG | dusk] Loading Resource: zelh_barelordh.bck (Size: 1216)
[DEBUG | dusk] Loading Resource: zelh_bashooth.bck (Size: 1952)
[DEBUG | dusk] Loading Resource: zelh_damh.bck (Size: 4864)
[DEBUG | dusk] Loading Resource: zelh_dashh.bck (Size: 6976)
[DEBUG | dusk] Loading
==================== APPLICATION CRASHED ====================
Build:       v2.0.3 (HEAD)
Revision:    f39afb4994aeb85e1f4524f40f32d6bb03808749  Date: Wed Sep 30 08:33:18 2026 -0500  Type: RelWithDebInfo
Platform:    android / arm64
Module:      /data/app/~~WocI3F2KC5-rXMhQ_U-q9g==/dev.twilitrealm.dusk-282FaW02jVrT9CbcoJTqeg==/base.apk!/lib/arm64-v8a/libmain.so
Module base: 0x7b5c80a000
Build-ID:    3021f75aced6da670bbefc9c2e3c1463afcafeb9
Reason:      SIGABRT (abort)
Fault addr:  0x286e00004f23
Crash PC:    0x7e08160158 module_base=0x7e08100000 image_size=0xff250 rva=0x60158 module="/apex/com.android.runtime/lib64/bionic/libc.so" build_id=a20a70e70c441395f47417211b62894c
Backtrace:
#00 abs=0x7e08160158 module_base=0x7e08100000 image_size=0xff250 rva=0x60158 module="/apex/com.android.runtime/lib64/bionic/libc.so" build_id=a20a70e70c441395f47417211b62894c abort+0xac
#01 abs=0x54bb7b5dec4c7c module_base=0x7b5c80a000 rva=0x54bb00016bac7c module="/data/app/~~WocI3F2KC5-rXMhQ_U-q9g==/dev.twilitrealm.dusk-282FaW02jVrT9CbcoJTqeg==/base.apk!/lib/arm64-v8a/libmain.so" build_id=3021f75aced6da670bbefc9c2e3c1463afcafeb9
#02 abs=0x7b5dec2a04 module_base=0x7b5c80a000 image_size=0x2dd26b8 rva=0x16b8a04 module="/data/app/~~WocI3F2KC5-rXMhQ_U-q9g==/dev.twilitrealm.dusk-282FaW02jVrT9CbcoJTqeg==/base.apk!/lib/arm64-v8a/libmain.so" build_id=3021f75aced6da670bbefc9c2e3c1463afcafeb9
#03 abs=0x7b5def3db8 module_base=0x7b5c80a000 image_size=0x2dd26b8 rva=0x16e9db8 module="/data/app/~~WocI3F2KC5-rXMhQ_U-q9g==/dev.twilitrealm.dusk-282FaW02jVrT9CbcoJTqeg==/base.apk!/lib/arm64-v8a/libmain.so" build_id=3021f75aced6da670bbefc9c2e3c1463afcafeb9
#04 abs=0x7b5def2d1c module_base=0x7b5c80a000 image_size=0x2dd26b8 rva=0x16e8d1c module="/data/app/~~WocI3F2KC5-rXMhQ_U-q9g==/dev.twilitrealm.dusk-282FaW02jVrT9CbcoJTqeg==/base.apk!/lib/arm64-v8a/libmain.so" build_id=3021f75aced6da670bbefc9c2e3c1463afcafeb9
#05 abs=0x7b5def1e8c module_base=0x7b5c80a000 image_size=0x2dd26b8 rva=0x16e7e8c module="/data/app/~~WocI3F2KC5-rXMhQ_U-q9g==/dev.twilitrealm.dusk-282FaW02jVrT9CbcoJTqeg==/base.apk!/lib/arm64-v8a/libmain.so" build_id=3021f75aced6da670bbefc9c2e3c1463afcafeb9
#06 abs=0x7b5def1bec module_base=0x7b5c80a000 image_size=0x2dd26b8 rva=0x16e7bec module="/data/app/~~WocI3F2KC5-rXMhQ_U-q9g==/dev.twilitrealm.dusk-282FaW02jVrT9CbcoJTqeg==/base.apk!/lib/arm64-v8a/libmain.so" build_id=3021f75aced6da670bbefc9c2e3c1463afcafeb9
#07 abs=0x7b5def24e8 module_base=0x7b5c80a000 image_size=0x2dd26b8 rva=0x16e84e8 module="/data/app/~~WocI3F2KC5-rXMhQ_U-q9g==/dev.twilitrealm.dusk-282FaW02jVrT9CbcoJTqeg==/base.apk!/lib/arm64-v8a/libmain.so" build_id=3021f75aced6da670bbefc9c2e3c1463afcafeb9
#08 abs=0x7e08171b40 module_base=0x7e08100000 image_size=0xff250 rva=0x71b40 module="/apex/com.android.runtime/lib64/bionic/libc.so" build_id=a20a70e70c441395f47417211b62894c
#09 abs=0x7e08163c3c module_base=0x7e08100000 image_size=0xff250 rva=0x63c3c module="/apex/com.android.runtime/lib64/bionic/libc.so" build_id=a20a70e70c441395f47417211b62894c
#10 abs=0x61bf0000000000 module_base=0x7b5c80a000 rva=0x61be84a37f6000 module="/data/app/~~WocI3F2KC5-rXMhQ_U-q9g==/dev.twilitrealm.dusk-282FaW02jVrT9CbcoJTqeg==/base.apk!/lib/arm64-v8a/libmain.so" build_id=3021f75aced6da670bbefc9c2e3c1463afcafeb9
========================================================
