[INFO | borealis::log] File logging initialized
[INFO | dusk] Build: v2.0.3 (rev f39afb4994aeb85e1f4524f40f32d6bb03808749, built Wed Sep 30 08:33:18 2026 -0500, type RelWithDebInfo)
[INFO | dusk] Platform: android
[INFO | dusk::config] Loading config from '/data/data/dev.twilitrealm.dusk/files/config.json'
[INFO | aurora] Aurora initializing
[INFO | aurora::system_info] CPU model: Unknown
[INFO | aurora::system_info] Memory: 15140 MiB
[INFO | aurora::system_info] Architecture: aarch64
[ERROR | aurora::system_info] Failed to open /etc/os-release or /usr/lib/os-release
[INFO | aurora::system_info] OS: Unknown
[INFO | aurora::gpu] Creating WebGPU instance
[INFO | aurora::gpu] Attempting to initialize Vulkan
[INFO | aurora::gpu] Requesting adapter
  Feature level: Compatibility
  Power preference: HighPerformance
  Backend: Vulkan
  Compatible surface: true
[INFO | aurora::gpu] Graphics adapter information
  API: Vulkan
  Device: Adreno (TM) 830 (IntegratedGPU)
  Driver: Qualcomm Technologies Inc. Adreno Vulkan Driver: Driver Build: 3967b80d3b, Ica4ce9bea6, 1770914544
Date: 02/12/26
Compiler Version: E031.47.18.49
Driver Branch: 
 512.800.72
[INFO | aurora::gpu] Using limits:
  maxTextureDimension1D: 16384
  maxTextureDimension2D: 16384
  maxTextureDimension3D: 2048
  maxTextureArrayLayers: 2048
  maxStorageBuffersPerShaderStage: 2
  minUniformBufferOffsetAlignment: 256
  minStorageBufferOffsetAlignment: 64
  maxImmediateSize: 64
[INFO | aurora::gpu] Enabling features: 
  CoreFeaturesAndLimits
  TextureCompressionBC
  TextureCompressionASTC
  DualSourceBlending
  TextureComponentSwizzle
[DEBUG | aurora::gpu::cache] SQLite version 3.51.3
[DEBUG | aurora::gpu::cache] Using dawn cache at /data/data/dev.twilitrealm.dusk/files/dawn_cache.db
[DEBUG | aurora::gpu::cache] SQLite cache init succeeded
[INFO | aurora::gpu] Using surface format RGBA8Unorm, present mode Fifo
[INFO | aurora::gfx::pipeline_cache] No bundled initial pipeline cache found at './initial_pipeline_cache.db'
[INFO | aurora] Using framebuffer size 1920x1080 scale 2.30625
[WARNING | aurora::texture] texture_replacement: failed to load texture TextureReplacement tex1_128x64_6b0c0e381e32c091_14.dds because 45x22 is not aligned to 4x4 texel blocks for format 62
[INFO | aurora::texture] Loaded 4732 texture replacement registrations from /data/data/dev.twilitrealm.dusk/files/texture_replacements
[INFO | dusk] Texture replacement directory loaded: 4732 registration(s)
[INFO | aurora::rmlui] Loaded font face 'Fira Sans' [regular] from 'res/FiraSans-Regular.ttf'.
[INFO | aurora::rmlui] Loaded font face 'Fira Sans' [bold] from 'res/FiraSans-Bold.ttf'.
[INFO | aurora::rmlui] Loaded font face 'Fira Sans Condensed' [regular] from 'res/FiraSansCondensed-Regular.ttf'.
[INFO | aurora::rmlui] Loaded font face 'Fira Sans Condensed' [bold] from 'res/FiraSansCondensed-Bold.ttf'.
[INFO | aurora::rmlui] Loaded font face 'Alegreya SC' [regular] from 'res/AlegreyaSC-Regular.ttf'.
[INFO | aurora::rmlui] Loaded font face 'Alegreya SC' [bold] from 'res/AlegreyaSC-Bold.ttf'.
[WARNING | aurora::texture] texture_replacement: failed to load texture TextureReplacement tex1_56x89_m_52820dbae736d0d1_59a43005f82eebd3_9.dds because 41x64 is not aligned to 4x4 texel blocks for format 62
[INFO | aurora::rmlui] Loaded font face 'Material Symbols Rounded' [regular] from 'res/MaterialSymbolsRounded-Regular.ttf'.
[INFO | aurora::rmlui] Loaded font face 'Noto Mono' [regular] from 'res/NotoMono-Regular.ttf'.
[INFO | dusk] Disc verification status: verified (path: content://com.android.externalstorage.documents/document/primary%3ADusklight%2FLegend%20of%20Zelda%2C%20The%20-%20Twilight%20Princess%20(USA).rvz)
[INFO | dusk] Loading DVD image: content://com.android.externalstorage.documents/document/primary%3ADusklight%2FLegend%20of%20Zelda%2C%20The%20-%20Twilight%20Princess%20(USA).rvz
[INFO | dusk] Loaded game disc is GZ2E01
[INFO | dusk] Initializing mods...
[INFO | dusk::mods::manifest] symbol manifest loaded: 312357 symbols, build id 3021f75aced6da670bbefc9c2e3c1463afcafeb9
[WARNING | birdoflight.link.cloud] icon path 'res/icon.png' not found in bundle
[WARNING | birdoflight.link.cloud] banner path 'res/banner.png' not found in bundle
[WARNING | birdoflight.link.cloud] icon path 'res/icon.png' not found in bundle
[WARNING | birdoflight.link.cloud] banner path 'res/banner.png' not found in bundle
[INFO | birdoflight.link.cloud] found 'Cloud' v1.0.0 by BirdofLight (/data/data/dev.twilitrealm.dusk/files/mods/Link - Cloud.dusk)
[INFO | org.twilight.hd_hud] found 'Twilight HD' v2.5.2 by Hyrule Hysteria (/data/data/dev.twilitrealm.dusk/files/mods/Twilight-HD-HUD.dusk)
[INFO | alexandre.cooper_hat.texture_selector] found 'Cowboy Link' v1.1.0 by XandasLegend (/data/data/dev.twilitrealm.dusk/files/mods/alexandre.cooper_hat.texture_selector.dusk)
[INFO | com.skilarmbabcock.champions_leathers] found 'Champion's Leathers' v1.0.0 by Skilar Babcock (/data/data/dev.twilitrealm.dusk/files/mods/champions_leathers.dusk)
[INFO | com.blueflaregames.cutscene_player] found 'Cutscene Player' v1.0.1 by Blue Flare Games (/data/data/dev.twilitrealm.dusk/files/mods/com.blueflaregames.cutscene_player.dusk)
[INFO | com.blueflaregames.zora_swim] found 'Zora Swim' v1.2.1 by Blue Flare Games (/data/data/dev.twilitrealm.dusk/files/mods/com.blueflaregames.zora_swim.dusk)
[INFO | com.ditrey.linkle] found 'Linkle Mod' v1.1.1 by Ditrey (/data/data/dev.twilitrealm.dusk/files/mods/com.ditrey.linkle.dusk)
[INFO | com.dusklight.twilit_essentials] found 'Twilit Essentials' v2.6.7 by Fimmel (/data/data/dev.twilitrealm.dusk/files/mods/com.dusklight.twilit_essentials.dusk)
[INFO | com.kamilink.lazytweaks] found 'Lazy Shield Rework' v1.0.0 by Kamilink (/data/data/dev.twilitrealm.dusk/files/mods/com.kamilink.lazytweaks.dusk)
[INFO | com.melonspeedruns.rollandsprint] found 'Roll and Sprint' v1.1.0 by MelonSpeedruns (/data/data/dev.twilitrealm.dusk/files/mods/com.melonspeedruns.rollandsprint.dusk)
[INFO | com.mikey022.tp_randomizer_tracker] found 'TPTracker' v0.4.40 by mikey022 (/data/data/dev.twilitrealm.dusk/files/mods/com.mikey022.tp_randomizer_tracker.dusk)
[INFO | com.ordonhero.zeldartist] found 'Ordonian Hero' v1.0.0 by Skilar Babcock (/data/data/dev.twilitrealm.dusk/files/mods/com.ordonhero.zeldartist.dusk)
[INFO | com.skilarmbabcock.hero_of_time] found 'Hero of Time' v1.0.0 by Skilar Babcock (/data/data/dev.twilitrealm.dusk/files/mods/com.skilarmbabcock.hero_of_time.dusk)
[INFO | com.tomtee.no_underwater_filter] found 'No Underwater Filter' v1.0.0 by tomtee (/data/data/dev.twilitrealm.dusk/files/mods/com.tomtee.no_underwater_filter.dusk)
[INFO | dev.baxlek.time_sync_neo] found 'Time Sync Neo' v1.3.1 by baxlek (/data/data/dev.twilitrealm.dusk/files/mods/dev.baxlek.time_sync_neo.dusk)
[INFO | dev.baxlek.unrestricted_items] found 'Unrestricted Items' v1.1.1 by baxlek (/data/data/dev.twilitrealm.dusk/files/mods/dev.baxlek.unrestricted_items.dusk)
[INFO | dev.remiafterdark.coop_mod] found 'Crests of Courage' v1.9.0 by remiafterdark (/data/data/dev.twilitrealm.dusk/files/mods/dev.remiafterdark.coop_mod.dusk)
[INFO | dev.remiafterdark.ganondorf] found 'Ganondorf' v1.0.0 by remiafterdark (/data/data/dev.twilitrealm.dusk/files/mods/dev.remiafterdark.ganondorf.dusk)
[INFO | dev.twilitrealm.randomizer] /data/data/dev.twilitrealm.dusk/files/mods/dev.twilitrealm.randomizer.dusk v1.0.5 shadowed by /data/data/dev.twilitrealm.dusk/files/bundled_mods/randomizer.dusk v1.0.6
[INFO | com.skilarmbabcock.fierce_deity] found 'Fierce Deity' v1.0.0 by Skilar Babcock (/data/data/dev.twilitrealm.dusk/files/mods/fierce_deity.dusk)
[INFO | dev.baxlek.fire_arrows] found 'Fire Arrows Standalone' v1.0.1 by baxlek (/data/data/dev.twilitrealm.dusk/files/mods/fire_arrows.dusk)
[INFO | hopex.dark_link] found 'Dark Link' v1.1.3 by Nozzly (/data/data/dev.twilitrealm.dusk/files/mods/hopex.dark_link.dusk)
[INFO | dev.baxlek.hw_outfit] found 'Hyrule Warriors Outfit' v1.0.0 by baxlek (/data/data/dev.twilitrealm.dusk/files/mods/hw_outfit.dusk)
[INFO | com.snoopier.light_sword_anywhere] found 'Light Sword Anywhere' v0.4.1 by Snoopier (/data/data/dev.twilitrealm.dusk/files/mods/light_sword_anywhere-android.dusk)
[INFO | com.bytheeightdivines.royalshield] found 'Royal Shield' v1.0.0 by ByTheEightDivines (/data/data/dev.twilitrealm.dusk/files/mods/royal_shield.dusk)
[INFO | dev.baxlek.zelda_on_epona] found 'Zelda on Epona' v1.2.3 by baxlek (/data/data/dev.twilitrealm.dusk/files/mods/zelda_on_epona.dusk)
[INFO | dev.twilitrealm.cosmetics] found 'Cosmetics' v1.0.0 by Twilit Realm (/data/data/dev.twilitrealm.dusk/files/bundled_mods/cosmetics.dusk)
[INFO | dev.twilitrealm.luau] found 'Luau Support' v1.0.0 by Twilit Realm (/data/data/dev.twilitrealm.dusk/files/bundled_mods/luau_runtime.dusk)
[INFO | dev.twilitrealm.randomizer] found 'Dusklight Randomizer' v1.0.6 by Twilit Realm (/data/data/dev.twilitrealm.dusk/files/bundled_mods/randomizer.dusk)
[INFO | dusk::mods::loader] initializing 28 mod(s)...
[INFO | birdoflight.link.cloud] disabled by config
[INFO | alexandre.cooper_hat.texture_selector] disabled by config
[INFO | com.skilarmbabcock.champions_leathers] disabled by config
[INFO | com.blueflaregames.cutscene_player] disabled by config
[INFO | com.ditrey.linkle] disabled by config
[INFO | com.dusklight.twilit_essentials] disabled by config
[INFO | com.kamilink.lazytweaks] disabled by config
[INFO | com.mikey022.tp_randomizer_tracker] disabled by config
[INFO | com.ordonhero.zeldartist] disabled by config
[INFO | com.skilarmbabcock.hero_of_time] disabled by config
[INFO | dev.remiafterdark.coop_mod] disabled by config
[INFO | dev.remiafterdark.ganondorf] disabled by config
[INFO | com.bytheeightdivines.royalshield] disabled by config
[INFO | dev.twilitrealm.cosmetics] activating mod
[INFO | dev.twilitrealm.cosmetics] cosmetics initialized
[INFO | dev.twilitrealm.luau] activating mod
[INFO | dev.twilitrealm.randomizer] activating mod
[INFO | dev.twilitrealm.randomizer] randomizer v1.0.6-HEAD-1f24e81 initialized
[INFO | org.twilight.hd_hud] activating mod
[INFO | org.twilight.hd_hud] Text Font: Dusklight - Fira Sans Bold selected
[INFO | org.twilight.hd_hud] Twilight HD initialized
[INFO | com.blueflaregames.zora_swim] activating mod
[INFO | com.blueflaregames.zora_swim] zora_swim initialized (swim speed 200%)
[INFO | com.melonspeedruns.rollandsprint] activating mod
[INFO | com.tomtee.no_underwater_filter] activating mod
[INFO | dev.baxlek.time_sync_neo] activating mod
[INFO | dev.baxlek.time_sync_neo] time_sync_neo initialized
[INFO | dev.baxlek.unrestricted_items] activating mod
[INFO | dev.baxlek.unrestricted_items] unrestricted_items initialized
[INFO | com.skilarmbabcock.fierce_deity] activating mod
[INFO | dev.baxlek.fire_arrows] activating mod
[INFO | dev.baxlek.fire_arrows] fire_arrows initialized
[INFO | hopex.dark_link] activating mod
[INFO | dev.baxlek.hw_outfit] activating mod
[INFO | com.snoopier.light_sword_anywhere] activating mod
[INFO | com.snoopier.light_sword_anywhere] light_sword_anywhere initialized
[INFO | dev.baxlek.zelda_on_epona] activating mod
[INFO | dev.baxlek.zelda_on_epona] zelda_on_epona initialized
[DEBUG | dusk::mods::overlay] Registering 36 overlay file(s).
[INFO | dusk::mods::textures] [org.twilight.hd_hud] registered 2 texture replacement(s).
[INFO | dusk::mods::textures] [dev.baxlek.hw_outfit] registered 20 texture replacement(s).
[INFO | dusk::mods::loader] 15/28 mod(s) active
[INFO | dusk::osReport] Starting main01 (Game Loop)...
[DEBUG | aurora::ar] Initialized 0x1800000 bytes of ARAM!
[INFO | dusk] COPYDATE=[2006/11/06 18:16
]
[DEBUG | dusk] [DIAG] cDyl_InitCallback: START
[DEBUG | dusk] fopScnM_CreateReq: procName=9 fade=32767
[DEBUG | dusk] fopScnM_CreateReq: result=0 (error=4294967295)
[DEBUG | dusk] cDyl_InitCallback: fpcNm_LOGO_SCENE_e created, DONE
[INFO | aurora::input] Added controller 'Odin Controller' (instance 3, vid 2020, pid 0111, type 1)
[DEBUG | dusk] fapGm_Execute frame=0
[DEBUG | dusk] fpcDw_Handler: before BeforeOfDraw
[DEBUG | dusk] fpcDw_Handler: before draw iteration
[DEBUG | dusk] fpcDw_Handler: before AfterOfDraw
[DEBUG | dusk] fpcDw_Handler: done
[DEBUG | dusk] fpcNdRq_Handler: queue size=1
[DEBUG | dusk] fpcNdRq_phase_Create: name=9 layer=0x7acada5418
[DEBUG | dusk] fpcNdRq_phase_Create: creating_id=1 (error=4294967295)
[DEBUG | dusk] fopScnRq_phase_Execute: ret=0 name=9
[DEBUG | dusk] fapGm_Execute frame=1
[DEBUG | dusk] [DIAG] fpcSCtRq_phase_Load: procName=9 ret=4
[DEBUG | dusk] fpcSCtRq_phase_CreateProcess: procName=9
[DEBUG | dusk] fpcBs_Create: pid=1 profname=fpcNm_LOGO_SCENE_e (9) profile=0x7acab72020 procSize=1304 unkSize=0
[DEBUG | dusk] fpcSCtRq_phase_CreateProcess: fpcBs_Create OK proc=0xb400007a03756a48
[DEBUG | dusk] [DIAG] dScnLogo_Create: entry i_this=0xb400007a03756a48
[DEBUG | dusk] dScnLogo_c::create START
[DEBUG | dusk] dScnLogo_c::create resLoad=0 (need 4 for complete)
[DEBUG | dusk] fpcSCtRq_phase_SubCreateProcess: pid=1 procName=0009 ret=0
[DEBUG | dusk] fpcCtRq_Do: phase=0 process=0xb400007a03756a48
[DEBUG | dusk] fpcDw_Handler: before BeforeOfDraw
[DEBUG | dusk] fpcDw_Handler: before draw iteration
[DEBUG | dusk] fpcDw_Handler: before AfterOfDraw
[DEBUG | dusk] fpcDw_Handler: done
[DEBUG | dusk] fpcNdRq_Handler: queue size=1
[DEBUG | dusk] fopScnRq_phase_Execute: ret=0 name=9
[DEBUG | dusk] fapGm_Execute frame=2
[DEBUG | dusk] [DIAG] dScnLogo_Create: entry i_this=0xb400007a03756a48
[DEBUG | dusk] fpcSCtRq_phase_SubCreateProcess: pid=1 procName=0009 ret=0
[DEBUG | dusk] fpcCtRq_Do: phase=0 process=0xb400007a03756a48
[DEBUG | dusk] fpcDw_Handler: before BeforeOfDraw
[DEBUG | dusk] fpcDw_Handler: before draw iteration
[DEBUG | dusk] fpcDw_Handler: before AfterOfDraw
[DEBUG | dusk] fpcDw_Handler: done
[DEBUG | dusk] fpcNdRq_Handler: queue size=1
[DEBUG | dusk] fopScnRq_phase_Execute: ret=0 name=9
[DEBUG | dusk] fapGm_Execute frame=3
[DEBUG | dusk] [DIAG] dScnLogo_Create: entry i_this=0xb400007a03756a48
[DEBUG | dusk] fpcSCtRq_phase_SubCreateProcess: pid=1 procName=0009 ret=0
[DEBUG | dusk] fpcCtRq_Do: phase=0 process=0xb400007a03756a48
[DEBUG | dusk] fpcDw_Handler: before BeforeOfDraw
[DEBUG | dusk] fpcDw_Handler: before draw iteration
[DEBUG | dusk] fpcDw_Handler: before AfterOfDraw
[DEBUG | dusk] fpcDw_Handler: done
[DEBUG | dusk] fpcNdRq_Handler: queue size=1
[DEBUG | dusk] fopScnRq_phase_Execute: ret=0 name=9
[DEBUG | dusk] fapGm_Execute frame=4
[DEBUG | dusk] [DIAG] dScnLogo_Create: entry i_this=0xb400007a03756a48
[DEBUG | dusk] Loading Resource: dolby_p2_232_112.bti (Size: 26016)
[DEBUG | dusk] Loading Resource: nintendo_376x104.bti (Size: 78240)
[DEBUG | dusk] Loading Resource: progressive_choice.bti (Size: 15008)
[DEBUG | dusk] Loading Resource: progressive_inter.bti (Size: 15008)
[DEBUG | dusk] Loading Resource: progressive_no.bti (Size: 2592)
[DEBUG | dusk] Loading Resource: progressive_pro.bti (Size: 15008)
[DEBUG | dusk] Loading Resource: progressive_yes.bti (Size: 2848)
[DEBUG | dusk] Loading Resource: warning.bti (Size: 136224)
[DEBUG | dusk] Loading Resource: warning_pstart.bti (Size: 14624)
[DEBUG | dusk] dScnLogo_c::create resLoad COMPLETE, continuing init...
[DEBUG | dusk] fpcSCtRq_phase_SubCreateProcess: pid=1 procName=0009 ret=2
[DEBUG | dusk] fpcCtRq_Do: phase=4 process=0xb400007a03756a48
[DEBUG | dusk] fpcDw_Handler: before BeforeOfDraw
[DEBUG | dusk] fpcDw_Handler: before draw iteration
[DEBUG | dusk] dScnLogo_c::draw: mExecCommand=14 mTimer=0
[DEBUG | dusk] fpcDw_Handler: before AfterOfDraw
[DEBUG | dusk] fpcDw_Handler: done
[DEBUG | dusk] fpcNdRq_Handler: queue size=1
[DEBUG | dusk] fopScnRq_phase_Execute: ret=2 name=9
[DEBUG | dusk] fapGm_Execute frame=5
[DEBUG | dusk] dScnLogo_c::draw: mExecCommand=14 mTimer=0
[DEBUG | dusk] fapGm_Execute frame=6
[DEBUG | dusk] dScnLogo_c::draw: mExecCommand=14 mTimer=0
[DEBUG | dusk] Loading Resource: ef_mizubashira.bck (Size: 672)
[DEBUG | dusk] Loading Resource: f_znc_r_impact.bck (Size: 704)
[DEBUG | dusk] Loading Resource: o_g_hutk.bck (Size: 416)
[DEBUG | dusk] Loading Resource: o_g_hutu.bck (Size: 416)
[DEBUG | dusk] Loading Resource: waita.bck (Size: 768)
[DEBUG | dusk] Loading Resource: zelda_notice_cursor_red.bck (Size: 512)
[DEBUG | dusk] Loading Resource: zelda_notice_cursor_yellow.bck (Size: 416)
[DEBUG | dusk] Loading Resource: o_g_hart.bmd (Size: 5472)
[DEBUG | dusk] Loading Resource: o_g_hutk.bmd (Size: 29376)
[DEBUG | dusk] Loading Resource: o_g_hutu.bmd (Size: 29376)
[DEBUG | dusk] Loading Resource: o_g_rupy.bmd (Size: 8224)
[DEBUG | dusk] Loading Resource: breakwoodbox.bmd (Size: 3744)
[DEBUG | dusk] Loading Resource: d_brockbrk.bmd (Size: 2848)
[DEBUG | dusk] Loading Resource: ef_mizubashira.bmd (Size: 12224)
[DEBUG | dusk] Loading Resource: ef_screen_suityu.bmd (Size: 4128)
[DEBUG | dusk] Loading Resource: ef_thunder01.bmd (Size: 10016)
[DEBUG | dusk] Loading Resource: ef_thunder02.bmd (Size: 10304)
[DEBUG | dusk] Loading Resource: mpm_tubo.bmd (Size: 4704)
[DEBUG | dusk] Loading Resource: nv.bmd (Size: 4256)
[DEBUG | dusk] Loading Resource: o_g_arow.bmd (Size: 4960)
[DEBUG | dusk] Loading Resource: o_g_arow_taba.bmd (Size: 22304)
[DEBUG | dusk] Loading Resource: o_g_tane.bmd (Size: 13152)
[DEBUG | dusk] Loading Resource: zelda_notice_cursor_red.bmd (Size: 7808)
[DEBUG | dusk] Loading Resource: zelda_notice_cursor_yellow.bmd (Size: 10688)
[DEBUG | dusk] Loading Resource: f_znc_r_impact.bpk (Size: 416)
[DEBUG | dusk] Loading Resource: zelda_notice_cursor_red.bpk (Size: 320)
[DEBUG | dusk] Loading Resource: zelda_notice_cursor_yellow.bpk (Size: 320)
[DEBUG | dusk] Loading Resource: ef_mizubashira.brk (Size: 480)
[DEBUG | dusk] Loading Resource: ef_thunder.brk (Size: 640)
[DEBUG | dusk] Loading Resource: f_g_hart.brk (Size: 384)
[DEBUG | dusk] Loading Resource: f_g_rupy.brk (Size: 800)
[DEBUG | dusk] Loading Resource: f_znc_r_impact.brk (Size: 384)
[DEBUG | dusk] Loading Resource: o_g_hutk.brk (Size: 416)
[DEBUG | dusk] Loading Resource: o_g_hutu.brk (Size: 544)
[DEBUG | dusk] Loading Resource: zelda_notice_cursor_red.brk (Size: 288)
[DEBUG | dusk] Loading Resource: zelda_notice_cursor_red_02.brk (Size: 224)
[DEBUG | dusk] Loading Resource: zelda_notice_cursor_yellow.brk (Size: 544)
[DEBUG | dusk] Loading Resource: zelda_notice_cursor_yellow_02.brk (Size: 224)
[DEBUG | dusk] Loading Resource: ef_mizubashira.btk (Size: 704)
[DEBUG | dusk] Loading Resource: ef_screen_suityu.btk (Size: 320)
[DEBUG | dusk] Loading Resource: f_znc_r_impact.btk (Size: 256)
[DEBUG | dusk] Loading Resource: zelda_notice_cursor_red.btk (Size: 256)
[DEBUG | dusk] Loading Resource: zelda_notice_cursor_yellow.btk (Size: 576)
[DEBUG | dusk] Loading Resource: mpm_tubo.btp (Size: 128)
[DEBUG | dusk] Loading Resource: areamapres.bin (Size: 444)
[DEBUG | dusk] Loading Resource: item_table.bin (Size: 128)
[DEBUG | dusk] Loading Resource: a_kusa_rgba.bti (Size: 2080)
[DEBUG | dusk] Loading Resource: ball32_i4.bti (Size: 544)
[DEBUG | dusk] Loading Resource: im_enter_4i_32.bti (Size: 544)
[DEBUG | dusk] Loading Resource: im_map_icon_circle_4i.bti (Size: 64)
[DEBUG | dusk] Loading Resource: im_map_icon_enter_4i.bti (Size: 160)
[DEBUG | dusk] Loading Resource: im_map_icon_nijumaru_4i.bti (Size: 160)
[DEBUG | dusk] Loading Resource: im_map_icon_square_4i.bti (Size: 64)
[DEBUG | dusk] Loading Resource: im_map_icon_tresurebox_4i.bti (Size: 64)
[DEBUG | dusk] Loading Resource: im_map_icon_try_force_4i.bti (Size: 160)
[DEBUG | dusk] Loading Resource: map_icon_circle16x16_4i.bti (Size: 160)
[DEBUG | dusk] Loading Resource: moya.bti (Size: 1056)
[DEBUG | dusk] Loading Resource: rope.bti (Size: 160)
[DEBUG | dusk] Loading Resource: snow.bti (Size: 160)
[DEBUG | dusk] Loading Resource: snow_tex.bti (Size: 1056)
[DEBUG | dusk] Loading Resource: txa_ring_a_32hafe.bti (Size: 544)
[DEBUG | dusk] Loading Resource: txa_tuki_as.bti (Size: 2080)
[DEBUG | dusk] Loading Resource: txa_tuki_bs.bti (Size: 2080)
[DEBUG | dusk] Loading Resource: txa_tuki_cs.bti (Size: 2080)
[DEBUG | dusk] Loading Resource: txa_tuki_ds.bti (Size: 2080)
[DEBUG | dusk] Loading Resource: vr_lenzf_tex.bti (Size: 1056)
[DEBUG | dusk] Loading Resource: warp_tex.bti (Size: 1056)
[DEBUG | dusk] Loading Resource: zl2_polygon_ia8 (Size: 64)
[DEBUG | dusk] Loading Resource: crod_ball_revive_demo.bck (Size: 288)
[DEBUG | dusk] Loading Resource: crod_ball_wait_a.bck (Size: 288)
[DEBUG | dusk] Loading Resource: crod_ball_wait_a_t.bck (Size: 288)
[DEBUG | dusk] Loading Resource: crod_ball_wait_a_t_start.bck (Size: 288)
[DEBUG | dusk] Loading Resource: crod_ball_wait_b.bck (Size: 352)
[DEBUG | dusk] Loading Resource: crod_ball_wait_c.bck (Size: 384)
[DEBUG | dusk] Loading Resource: ef_shippu.bck (Size: 544)
[DEBUG | dusk] Loading Resource: pb_move.bck (Size: 2816)
[DEBUG | dusk] Loading Resource: pb_wait.bck (Size: 928)
[DEBUG | dusk] Loading Resource: spout.bck (Size: 1088)
[DEBUG | dusk] Loading Resource: ef_setboom.bmd (Size: 15392)
[DEBUG | dusk] Loading Resource: al_arrow.bmd (Size: 5024)
[DEBUG | dusk] Loading Resource: al_arrowb.bmd (Size: 9696)
[DEBUG | dusk] Loading Resource: al_bomb.bmd (Size: 11104)
[DEBUG | dusk] Loading Resource: al_boom.bmd (Size: 20000)
[DEBUG | dusk] Loading Resource: al_pachi_nut.bmd (Size: 2176)
[DEBUG | dusk] Loading Resource: al_sp.bmd (Size: 21824)
[DEBUG | dusk] Loading Resource: crod_ball.bmd (Size: 3840)
[DEBUG | dusk] Loading Resource: footmark.bmd (Size: 2272)
[DEBUG | dusk] Loading Resource: hk.bmd (Size: 3648)
[DEBUG | dusk] Loading Resource: inochidama.bmd (Size: 13120)
[DEBUG | dusk] Loading Resource: pb.bmd (Size: 34976)
[DEBUG | dusk] Loading Resource: pg.bmd (Size: 20736)
[DEBUG | dusk] Loading Resource: rod_ukia.bmd (Size: 4384)
[DEBUG | dusk] Loading Resource: rod_ukib.bmd (Size: 2656)
[DEBUG | dusk] Loading Resource: rod_ukic.bmd (Size: 2656)
[DEBUG | dusk] Loading Resource: sango_fook.bmd (Size: 9984)
[DEBUG | dusk] Loading Resource: sfook.bmd (Size: 3456)
[DEBUG | dusk] Loading Resource: uki.bmd (Size: 4928)
[DEBUG | dusk] Loading Resource: uki_saki.bmd (Size: 4160)
[DEBUG | dusk] Loading Resource: wl_change.bmd (Size: 44256)
[DEBUG | dusk] Loading Resource: worm.bmd (Size: 8256)
[DEBUG | dusk] Loading Resource: worm_hole.bmd (Size: 2816)
[DEBUG | dusk] Loading Resource: ef_shippu.bmd (Size: 33216)
[DEBUG | dusk] Loading Resource: al_podm.bmd (Size: 21504)
[DEBUG | dusk] Loading Resource: al_swm.bmd (Size: 22720)
[DEBUG | dusk] Loading Resource: al_poda.bmd (Size: 12032)
[DEBUG | dusk] Loading Resource: al_swa.bmd (Size: 11808)
[DEBUG | dusk] Loading Resource: al_swm.brk (Size: 256)
[DEBUG | dusk] Loading Resource: crod_ball.brk (Size: 736)
[DEBUG | dusk] Loading Resource: inochidama.brk (Size: 288)
[DEBUG | dusk] Loading Resource: al_swa.btk (Size: 320)
[DEBUG | dusk] Loading Resource: al_swm.btk (Size: 320)
[DEBUG | dusk] Loading Resource: crod_ball.btk (Size: 416)
[DEBUG | dusk] Loading Resource: ef_setboom.btk (Size: 704)
[DEBUG | dusk] Loading Resource: ef_shippu.btk (Size: 1120)
[DEBUG | dusk] Loading Resource: inochidama.btk (Size: 672)
[DEBUG | dusk] Loading Resource: zelda_v_cursor_new_orange.blo (Size: 2368)
[DEBUG | dusk] Loading Resource: zelda_v_cursor_new_orange.brk (Size: 320)
[DEBUG | dusk] Loading Resource: zelda_v_cursor_new_orange_02.brk (Size: 384)
[DEBUG | dusk] Loading Resource: zelda_v_cursor_new_red.blo (Size: 2368)
[DEBUG | dusk] Loading Resource: zelda_v_cursor_new_red.brk (Size: 320)
[DEBUG | dusk] Loading Resource: zelda_v_cursor_new_red_02.brk (Size: 384)
[DEBUG | dusk] Loading Resource: zelda_v_cursor_new_yellow.bck (Size: 2016)
[DEBUG | dusk] Loading Resource: zelda_v_cursor_new_yellow.blo (Size: 2336)
[DEBUG | dusk] Loading Resource: zelda_v_cursor_new_yellow.bpk (Size: 448)
[DEBUG | dusk] Loading Resource: zelda_v_cursor_new_yellow.brk (Size: 320)
[DEBUG | dusk] Loading Resource: zelda_v_cursor_new_yellow_02.brk (Size: 352)
[DEBUG | dusk] Loading Resource: blur.bti (Size: 96)
[DEBUG | dusk] Loading Resource: rock_mark.bti (Size: 544)
[DEBUG | dusk] Loading Resource: tt_v_point_128_00_4ia_02.bti (Size: 16416)
[DEBUG | dusk] Loading Resource: tt_map_icon_link_40_4ia_00.bti (Size: 1632)
[DEBUG | dusk] Loading Resource: tt_navi_l.bti (Size: 544)
[DEBUG | dusk] fapGm_Execute frame=7
[DEBUG | dusk] dScnLogo_c::draw: mExecCommand=14 mTimer=0
[DEBUG | dusk] fapGm_Execute frame=8
[DEBUG | dusk] dScnLogo_c::draw: mExecCommand=14 mTimer=0
[DEBUG | dusk] fapGm_Execute frame=9
[DEBUG | dusk] dScnLogo_c::draw: mExecCommand=15 mTimer=0
[DEBUG | dusk] fpcNdRq_Handler: queue size=1
[DEBUG | dusk] [DIAG] fpcSCtRq_phase_Load: procName=0 ret=4
[DEBUG | dusk] fpcSCtRq_phase_CreateProcess: procName=0
[DEBUG | dusk] fpcBs_Create: pid=2 profname=fpcNm_OVERLAP0_e (0) profile=0x7acab71b18 procSize=384 unkSize=0
[DEBUG | dusk] fpcSCtRq_phase_CreateProcess: fpcBs_Create OK proc=0xb400007a037568a8
[DEBUG | dusk] fpcSCtRq_phase_SubCreateProcess: pid=2 procName=0000 ret=2
[DEBUG | dusk] fpcCtRq_Do: phase=4 process=0xb400007a037568a8
[DEBUG | dusk] dScnLogo_c::draw: mExecCommand=15 mTimer=0
[DEBUG | dusk] fpcNdRq_Handler: queue size=1
[DEBUG | dusk] dScnLogo_c::draw: mExecCommand=15 mTimer=0
[DEBUG | dusk] fpcNdRq_Handler: queue size=1
[DEBUG | dusk] dScnLogo_c::draw: mExecCommand=15 mTimer=0
[DEBUG | dusk] fpcNdRq_Handler: queue size=1
[DEBUG | dusk] dScnLogo_c::draw: mExecCommand=15 mTimer=0
[DEBUG | dusk] fpcNdRq_Handler: queue size=1
[DEBUG | dusk] fpcNdRq_Handler: queue size=1
[DEBUG | dusk] fpcNdRq_Handler: queue size=1
[DEBUG | dusk] fpcNdRq_Handler: queue size=1
[DEBUG | dusk] fpcNdRq_Handler: queue size=1
[DEBUG | dusk] fpcNdRq_Handler: queue size=1
[DEBUG | dusk] fpcNdRq_Handler: queue size=1
[DEBUG | dusk] fpcNdRq_Handler: queue size=1
[DEBUG | dusk] fpcNdRq_Handler: queue size=1
[DEBUG | dusk] fpcNdRq_Handler: queue size=1
[DEBUG | dusk] fpcNdRq_Handler: queue size=1
[DEBUG | dusk] fpcNdRq_Handler: queue size=1
[DEBUG | dusk] fpcNdRq_Handler: queue size=1
[DEBUG | dusk] fpcNdRq_Handler: queue size=1
[DEBUG | dusk] fpcNdRq_Handler: queue size=1
[DEBUG | dusk] fpcNdRq_Handler: queue size=1
[DEBUG | dusk] fpcNdRq_Handler: queue size=1
[DEBUG | dusk] fpcNdRq_Handler: queue size=1
[DEBUG | dev.twilitrealm.cosmetics] Loaded base texture data for al_SP. size: 800 hash: 8F18F04BC30C8091
[DEBUG | dev.twilitrealm.cosmetics] Loaded base texture data for L_al_boom00. size: 2000 hash: A0B9537632BF5353
[DEBUG | dev.twilitrealm.cosmetics] Loaded base texture data for al_SWM. size: 800 hash: B28F966CE362E1B0
[DEBUG | dev.twilitrealm.cosmetics] Loaded base texture data for al_SWgripM. size: 800 hash: 9C3E2139933B9BEF
[DEBUG | dev.twilitrealm.cosmetics] Loaded base texture data for al_SWA. size: 800 hash: 91A45C6361D59DE5
[DEBUG | dev.twilitrealm.cosmetics] Loaded base texture data for al_SWgripA. size: 400 hash: 5EAEFD04199EDE61
[DEBUG | dusk] fpcNdRq_Handler: queue size=1
[DEBUG | dusk] fpcNdRq_Handler: queue size=1
[DEBUG | dusk] fpcNdRq_Handler: queue size=1
[INFO | dusk::mods::updates] Checked 28 installed mods for updates
[DEBUG | dusk] fopScnRq_phase_Execute: ret=0 name=12
[DEBUG | dusk] fopScnRq_phase_Execute: ret=0 name=12
[INFO | dev.baxlek.zelda_on_epona] Pscene181.jpc loaded as particle bank 2, resource heap has 1693328 bytes free
[DEBUG | dusk] fpcNdRq_phase_Create: name=12 layer=0x7acada5418
[DEBUG | dusk] fpcNdRq_phase_Create: creating_id=3 (error=4294967295)
[DEBUG | dusk] fopScnRq_phase_Execute: ret=0 name=12
[DEBUG | dusk] [DIAG] fpcSCtRq_phase_Load: procName=12 ret=4
[DEBUG | dusk] fpcSCtRq_phase_CreateProcess: procName=12
[DEBUG | dusk] fpcBs_Create: pid=3 profname=fpcNm_OPENING_SCENE_e (12) profile=0x7acab722a8 procSize=912 unkSize=0
[DEBUG | dusk] fpcSCtRq_phase_CreateProcess: fpcBs_Create OK proc=0xb400007a03756af0
[DEBUG | dusk] fpcSCtRq_phase_SubCreateProcess: pid=3 procName=000c ret=0
[DEBUG | dusk] fpcCtRq_Do: phase=0 process=0xb400007a03756af0
[DEBUG | dusk] fopScnRq_phase_Execute: ret=0 name=12
[DEBUG | dusk] Loading Resource: vrbox_kasumim.bmd (Size: 2272)
[DEBUG | dusk] Loading Resource: vrbox_kumo.bmd (Size: 69664)
[DEBUG | dusk] Loading Resource: vrbox_sora.bmd (Size: 6624)
[DEBUG | dusk] Loading Resource: vrbox_sun.bmd (Size: 12032)
[DEBUG | dusk] Loading Resource: vrbox_sun.btk (Size: 320)
[DEBUG | dusk] Loading Resource: colordata_tbl.dat (Size: 800)
[DEBUG | dusk] Loading Resource: pol_arg.dat (Size: 128)
[DEBUG | dusk] Loading Resource: pol_effcol.dat (Size: 128)
[DEBUG | dusk] Loading Resource: pol_effcol2.dat (Size: 128)
[DEBUG | dusk] Loading Resource: pol_efftbl.dat (Size: 128)
[DEBUG | dusk] Loading Resource: pol_efftbl2.dat (Size: 128)
[DEBUG | dusk] Loading Resource: pol_sound.dat (Size: 128)
[DEBUG | dusk] Loading Resource: room0.dzs (Size: 5440)
[DEBUG | dusk] Loading Resource: stage.dzs (Size: 1952)
[DEBUG | dusk] Loading Resource: cloudtx_01.bti (Size: 4128)
[DEBUG | dusk] Loading Resource: cloudtx_02.bti (Size: 4128)
[DEBUG | dusk] Loading Resource: cloudtx_03.bti (Size: 4128)
[DEBUG | dusk] Loading Resource: f_moon.bti (Size: 8224)
[DEBUG | dusk] Loading Resource: f_moon_a.bti (Size: 2080)
[DEBUG | dusk] Loading Resource: f_moon_a_a00.bti (Size: 64)
[DEBUG | dusk] Loading Resource: f_moon_a_a01.bti (Size: 544)
[DEBUG | dusk] Loading Resource: f_moon_a_a02.bti (Size: 544)
[DEBUG | dusk] Loading Resource: f_moon_a_a03.bti (Size: 544)
[DEBUG | dusk] fpcSCtRq_phase_SubCreateProcess: pid=3 procName=000c ret=0
[DEBUG | dusk] fpcCtRq_Do: phase=0 process=0xb400007a03756af0
[DEBUG | dusk] fopScnRq_phase_Execute: ret=0 name=12
[DEBUG | dusk] Loading Resource: event_list.dat (Size: 106476)
[DEBUG | dusk] Loading Resource: camstyle.dat (Size: 43328)
[DEBUG | dusk] Loading Resource: camtype.dat (Size: 14560)
[DEBUG | dusk] fpcSCtRq_phase_SubCreateProcess: pid=3 procName=000c ret=0
[DEBUG | dusk] fpcCtRq_Do: phase=0 process=0xb400007a03756af0
[DEBUG | dusk] fopScnRq_phase_Execute: ret=0 name=12
[DEBUG | dusk] fopScnM_CreateReq: procName=18 fade=32767
[DEBUG | dusk] fopScnM_CreateReq: result=2 (error=4294967295)
[DEBUG | dusk] fpcBs_Create: pid=7 profname=fpcNm_KANKYO_e (19) profile=0x7acab6ce60 procSize=440 unkSize=0
[DEBUG | dusk] fpcBs_Create: pid=9 profname=fpcNm_KYEFF_e (785) profile=0x7acab6ceb0 procSize=440 unkSize=0
[DEBUG | dusk] fpcBs_Create: pid=11 profname=fpcNm_KYEFF2_e (786) profile=0x7acab6cef0 procSize=440 unkSize=0
[DEBUG | dusk] fpcBs_Create: pid=13 profname=fpcNm_ENVSE_e (21) profile=0x7acab6bf20 procSize=456 unkSize=0
[DEBUG | dusk] fpcSCtRq_phase_SubCreateProcess: pid=3 procName=000c ret=2
[DEBUG | dusk] fpcCtRq_Do: phase=0 process=0xb400007a03756af0
[DEBUG | dusk] fopScnRq_phase_Execute: ret=0 name=12
[DEBUG | dusk] fpcNdRq_phase_Create: name=18 layer=0xb400007a03756c48
[DEBUG | dusk] fpcNdRq_phase_Create: creating_id=16 (error=4294967295)
[DEBUG | dusk] fopScnRq_phase_Execute: ret=0 name=18
[DEBUG | dusk] fpcCtRq_Do: phase=0 process=0xb400007a03756af0
[DEBUG | dusk] [DIAG] fpcSCtRq_phase_Load: procName=737 ret=4
[DEBUG | dusk] fpcSCtRq_phase_CreateProcess: procName=737
[DEBUG | dusk] fpcBs_Create: pid=4 profname=fpcNm_TITLE_e (737) profile=0x7acabafc90 procSize=1872 unkSize=0
[DEBUG | dusk] fpcSCtRq_phase_CreateProcess: fpcBs_Create OK proc=0xb400007a03755084
[DEBUG | dusk] fpcSCtRq_phase_SubCreateProcess: pid=4 procName=02e1 ret=0
[DEBUG | dusk] fpcCtRq_Do: phase=0 process=0xb400007a03755084
[DEBUG | dusk] [DIAG] fpcSCtRq_phase_Load: procName=781 ret=4
[DEBUG | dusk] fpcSCtRq_phase_CreateProcess: procName=781
[DEBUG | dusk] fpcBs_Create: pid=5 profname=fpcNm_CAMERA_e (781) profile=0x7acab6bd68 procSize=4240 unkSize=0
[DEBUG | dusk] fpcSCtRq_phase_CreateProcess: fpcBs_Create OK proc=0xb400007a03753fd4
[DEBUG | dusk] fpcSCtRq_phase_SubCreateProcess: pid=5 procName=030d ret=0
[DEBUG | dusk] fpcCtRq_Do: phase=0 process=0xb400007a03753fd4
[DEBUG | dusk] fpcCtRq_Do: phase=4 process=0xb400007a0375626c
[DEBUG | dusk] fpcCtRq_Do: phase=4 process=0xb400007a03755fd4
[DEBUG | dusk] fpcCtRq_Do: phase=4 process=0xb400007a03755d3c
[DEBUG | dusk] fpcCtRq_Do: phase=4 process=0xb400007a03755a94
[DEBUG | dusk] [DIAG] fpcSCtRq_phase_Load: procName=730 ret=4
[DEBUG | dusk] fpcSCtRq_phase_CreateProcess: procName=730
[DEBUG | dusk] fpcBs_Create: pid=14 profname=fpcNm_VRBOX_e (730) profile=0x7acab78078 procSize=1648 unkSize=0
[DEBUG | dusk] fpcSCtRq_phase_CreateProcess: fpcBs_Create OK proc=0xb400007a03753944
[DEBUG | dusk] fpcSCtRq_phase_SubCreateProcess: pid=14 procName=02da ret=2
[DEBUG | dusk] fpcCtRq_Do: phase=4 process=0xb400007a03753944
[DEBUG | dusk] [DIAG] fpcSCtRq_phase_Load: procName=731 ret=4
[DEBUG | dusk] fpcSCtRq_phase_CreateProcess: procName=731
[DEBUG | dusk] fpcBs_Create: pid=15 profname=fpcNm_VRBOX2_e (731) profile=0x7acab78130 procSize=1720 unkSize=0
[DEBUG | dusk] fpcSCtRq_phase_CreateProcess: fpcBs_Create OK proc=0xb400007a0375326c
[DEBUG | dusk] fpcSCtRq_phase_SubCreateProcess: pid=15 procName=02db ret=2
[DEBUG | dusk] fpcCtRq_Do: phase=4 process=0xb400007a0375326c
[DEBUG | dusk] [DIAG] fpcSCtRq_phase_Load: procName=18 ret=4
[DEBUG | dusk] fpcSCtRq_phase_CreateProcess: procName=18
[DEBUG | dusk] fpcBs_Create: pid=16 profname=fpcNm_ROOM_SCENE_e (18) profile=0x7acab72388 procSize=912 unkSize=0
[DEBUG | dusk] fpcSCtRq_phase_CreateProcess: fpcBs_Create OK proc=0xb400007a03752ebc
[DEBUG | dusk] fpcSCtRq_phase_SubCreateProcess: pid=16 procName=0012 ret=0
[DEBUG | dusk] fpcCtRq_Do: phase=0 process=0xb400007a03752ebc
[DEBUG | dusk] fopScnRq_phase_Execute: ret=0 name=12
[DEBUG | dusk] fopScnRq_phase_Execute: ret=0 name=18
[DEBUG | dusk] fpcCtRq_Do: phase=0 process=0xb400007a03756af0
[DEBUG | dusk] Loading Resource: titlelogo.bck (Size: 704)
[DEBUG | dusk] Loading Resource: titlelogo_r.bmd (Size: 1995456)
[DEBUG | dusk] Loading Resource: titlelogo.bpk (Size: 576)
[DEBUG | dusk] Loading Resource: titlelogo.brk (Size: 704)
[DEBUG | dusk] Loading Resource: titlelogo.btk (Size: 672)
[DEBUG | dusk] fpcSCtRq_phase_SubCreateProcess: pid=4 procName=02e1 ret=2
[DEBUG | dusk] fpcCtRq_Do: phase=4 process=0xb400007a03755084
[DEBUG | dusk] fpcSCtRq_phase_SubCreateProcess: pid=5 procName=030d ret=0
[DEBUG | dusk] fpcCtRq_Do: phase=0 process=0xb400007a03753fd4
[DEBUG | dusk] Loading Resource: model.bmd (Size: 927520)
[DEBUG | dusk] Loading Resource: model1.bmd (Size: 7488)
[DEBUG | dusk] Loading Resource: model2.bmd (Size: 22752)
[DEBUG | dusk] Loading Resource: model3.bmd (Size: 166848)
[DEBUG | dusk] Loading Resource: model4.bmd (Size: 10400)
[DEBUG | dusk] Loading Resource: model.btk (Size: 576)
[DEBUG | dusk] Loading Resource: model1.btk (Size: 320)
[DEBUG | dusk] Loading Resource: model2.btk (Size: 352)
[DEBUG | dusk] Loading Resource: model4.btk (Size: 320)
[DEBUG | dusk] Loading Resource: room.dzr (Size: 7456)
[DEBUG | dusk] Loading Resource: event_list.dat (Size: 5304)
[DEBUG | dusk] Loading Resource: room.kcl (Size: 449804)
[DEBUG | dusk] Loading Resource: room.plc (Size: 608)
[DEBUG | dusk] fpcSCtRq_phase_SubCreateProcess: pid=16 procName=0012 ret=0
[DEBUG | dusk] fpcCtRq_Do: phase=0 process=0xb400007a03752ebc
[DEBUG | dusk] fopScnRq_phase_Execute: ret=0 name=12
[DEBUG | dusk] fopScnRq_phase_Execute: ret=0 name=18
[DEBUG | dusk] fpcCtRq_Do: phase=0 process=0xb400007a03756af0
[DEBUG | dusk] fpcSCtRq_phase_SubCreateProcess: pid=5 procName=030d ret=0
[DEBUG | dusk] fpcCtRq_Do: phase=0 process=0xb400007a03753fd4
[DEBUG | dusk] Loading Resource: demo38_wl_cut01_gp_1_o.bck (Size: 8000)
[DEBUG | dusk] Loading Resource: demo38_wl_cut01_gp_1_l.bck (Size: 5088)
[DEBUG | dusk] Loading Resource: demo38_wl_cut00_gp_1_o.bmd (Size: 239584)
[DEBUG | dusk] Loading Resource: demo38_twfilm_cut00_gp_1_o.bmd (Size: 45376)
[DEBUG | dusk] Loading Resource: demo38_01.stb (Size: 9368)
[DEBUG | dusk] Loading Resource: demo38_twfilm_cut00_gp_1_l.btk (Size: 832)
[DEBUG | dusk] fpcSCtRq_phase_SubCreateProcess: pid=16 procName=0012 ret=0
[DEBUG | dusk] fpcCtRq_Do: phase=0 process=0xb400007a03752ebc
[DEBUG | dusk] [DIAG] fpcSCtRq_phase_Load: procName=253 ret=4
[DEBUG | dusk] fpcSCtRq_phase_CreateProcess: procName=253
[DEBUG | dusk] fpcBs_Create: pid=17 profname=fpcNm_ALINK_e (253) profile=0x7acab68250 procSize=18784 unkSize=0
[DEBUG | dusk] fpcSCtRq_phase_CreateProcess: fpcBs_Create OK proc=0xb400007a0374d238
[DEBUG | dusk] fpcSCtRq_phase_SubCreateProcess: pid=17 procName=00fd ret=0
[DEBUG | dusk] fpcCtRq_Do: phase=0 process=0xb400007a0374d238
[DEBUG | dusk] [DIAG] fpcSCtRq_phase_Load: procName=732 ret=4
[DEBUG | dusk] fpcSCtRq_phase_CreateProcess: procName=732
[DEBUG | dusk] fpcBs_Create: pid=18 profname=fpcNm_BG_e (732) profile=0x7acab753f8 procSize=1904 unkSize=0
[DEBUG | dusk] fpcSCtRq_phase_CreateProcess: fpcBs_Create OK proc=0xb400007a0374caa8
[DEBUG | dusk] fpcCtRq_Do: phase=4 process=0xb400007a0374caa8
[DEBUG | dusk] [DIAG] fpcSCtRq_phase_Load: procName=222 ret=4
[DEBUG | dusk] fpcSCtRq_phase_CreateProcess: procName=222
[DEBUG | dusk] fpcBs_Create: pid=19 profname=fpcNm_OBJ_IHASI_e (222) profile=0x7acab9d470 procSize=1752 unkSize=0
[DEBUG | dusk] fpcSCtRq_phase_CreateProcess: fpcBs_Create OK proc=0xb400007a0374c3b0
[DEBUG | dusk] fpcCtRq_Do: phase=0 process=0xb400007a0374c3b0
[DEBUG | dusk] [DIAG] fpcSCtRq_phase_Load: procName=187 ret=4
[DEBUG | dusk] fpcSCtRq_phase_CreateProcess: procName=187
[DEBUG | dusk] fpcBs_Create: pid=20 profname=fpcNm_CSTAF_e (187) profile=0x7acab790f8 procSize=3824 unkSize=0
[DEBUG | dusk] fpcSCtRq_phase_CreateProcess: fpcBs_Create OK proc=0xb400007a0374b4a0
[DEBUG | dusk] fpcCtRq_Do: phase=0 process=0xb400007a0374b4a0
[DEBUG | dusk] [DIAG] fpcSCtRq_phase_Load: procName=733 ret=4
[DEBUG | dusk] fpcSCtRq_phase_CreateProcess: procName=733
[DEBUG | dusk] fpcBs_Create: pid=21 profname=fpcNm_SET_BG_OBJ_e (733) profile=0x7acab76f08 procSize=1664 unkSize=0
[DEBUG | dusk] fpcSCtRq_phase_CreateProcess: fpcBs_Create OK proc=0xb400007a0374ae00
[DEBUG | dusk] [DIAG] fpcSCtRq_phase_Load: procName=238 ret=4
[DEBUG | dusk] fpcSCtRq_phase_CreateProcess: procName=238
[DEBUG | dusk] fpcBs_Create: pid=22 profname=fpcNm_HORSE_e (238) profile=0x7acab85d10 procSize=8464 unkSize=0
[DEBUG | dusk] fpcSCtRq_phase_CreateProcess: fpcBs_Create OK proc=0xb400007a03748cd0
[DEBUG | dusk] [DIAG] fpcSCtRq_phase_Load: procName=784 ret=4
[DEBUG | dusk] fpcSCtRq_phase_CreateProcess: procName=784
[DEBUG | dusk] fpcBs_Create: pid=23 profname=fpcNm_GRASS_e (784) profile=0x7acab79ae8 procSize=1640 unkSize=0
[DEBUG | dusk] fpcSCtRq_phase_CreateProcess: fpcBs_Create OK proc=0xb400007a03748648
[DEBUG | dusk] [DIAG] fpcSCtRq_phase_Load: procName=784 ret=4
[DEBUG | dusk] fpcSCtRq_phase_CreateProcess: procName=784
[DEBUG | dusk] fpcBs_Create: pid=24 profname=fpcNm_GRASS_e (784) profile=0x7acab79ae8 procSize=1640 unkSize=0
[DEBUG | dusk] fpcSCtRq_phase_CreateProcess: fpcBs_Create OK proc=0xb400007a03747fc0
[DEBUG | dusk] [DIAG] fpcSCtRq_phase_Load: procName=784 ret=4
[DEBUG | dusk] fpcSCtRq_phase_CreateProcess: procName=784
[DEBUG | dusk] fpcBs_Create: pid=25 profname=fpcNm_GRASS_e (784) profile=0x7acab79ae8 procSize=1640 unkSize=0
[DEBUG | dusk] fpcSCtRq_phase_CreateProcess: fpcBs_Create OK proc=0xb400007a03747938
[DEBUG | dusk] [DIAG] fpcSCtRq_phase_Load: procName=784 ret=4
[DEBUG | dusk] fpcSCtRq_phase_CreateProcess: procName=784
[DEBUG | dusk] fpcBs_Create: pid=26 profname=fpcNm_GRASS_e (784) profile=0x7acab79ae8 procSize=1640 unkSize=0
[DEBUG | dusk] fpcSCtRq_phase_CreateProcess: fpcBs_Create OK proc=0xb400007a037472b0
[DEBUG | dusk] [DIAG] fpcSCtRq_phase_Load: procName=784 ret=4
[DEBUG | dusk] fpcSCtRq_phase_CreateProcess: procName=784
[DEBUG | dusk] fpcBs_Create: pid=27 profname=fpcNm_GRASS_e (784) profile=0x7acab79ae8 procSize=1640 unkSize=0
[DEBUG | dusk] fpcSCtRq_phase_CreateProcess: fpcBs_Create OK proc=0xb400007a03746c28
[DEBUG | dusk] [DIAG] fpcSCtRq_phase_Load: procName=784 ret=4
[DEBUG | dusk] fpcSCtRq_phase_CreateProcess: procName=784
[DEBUG | dusk] fpcBs_Create: pid=28 profname=fpcNm_GRASS_e (784) profile=0x7acab79ae8 procSize=1640 unkSize=0
[DEBUG | dusk] fpcSCtRq_phase_CreateProcess: fpcBs_Create OK proc=0xb400007a037465a0
[DEBUG | dusk] [DIAG] fpcSCtRq_phase_Load: procName=333 ret=4
[DEBUG | dusk] fpcSCtRq_phase_CreateProcess: procName=333
[DEBUG | dusk] fpcBs_Create: pid=29 profname=fpcNm_Obj_Yobikusa_e (333) profile=0x7acab7e0c8 procSize=2360 unkSize=0
[DEBUG | dusk] fpcSCtRq_phase_CreateProcess: fpcBs_Create OK proc=0xb400007a03745c48
[DEBUG | dusk] [DIAG] fpcSCtRq_phase_Load: procName=333 ret=4
[DEBUG | dusk] fpcSCtRq_phase_CreateProcess: procName=333
[DEBUG | dusk] fpcBs_Create: pid=30 profname=fpcNm_Obj_Yobikusa_e (333) profile=0x7acab7e0c8 procSize=2360 unkSize=0
[DEBUG | dusk] fpcSCtRq_phase_CreateProcess: fpcBs_Create OK proc=0xb400007a037452f0
[DEBUG | dusk] [DIAG] fpcSCtRq_phase_Load: procName=333 ret=4
[DEBUG | dusk] fpcSCtRq_phase_CreateProcess: procName=333
[DEBUG | dusk] fpcBs_Create: pid=31 profname=fpcNm_Obj_Yobikusa_e (333) profile=0x7acab7e0c8 procSize=2360 unkSize=0
[DEBUG | dusk] fpcSCtRq_phase_CreateProcess: fpcBs_Create OK proc=0xb400007a03744998
[DEBUG | dusk] [DIAG] fpcSCtRq_phase_Load: procName=333 ret=4
[DEBUG | dusk] fpcSCtRq_phase_CreateProcess: procName=333
[DEBUG | dusk] fpcBs_Create: pid=32 profname=fpcNm_Obj_Yobikusa_e (333) profile=0x7acab7e0c8 procSize=2360 unkSize=0
[DEBUG | dusk] fpcSCtRq_phase_CreateProcess: fpcBs_Create OK proc=0xb400007a03744040
[DEBUG | dusk] [DIAG] fpcSCtRq_phase_Load: procName=333 ret=4
[DEBUG | dusk] fpcSCtRq_phase_CreateProcess: procName=333
[DEBUG | dusk] fpcBs_Create: pid=33 profname=fpcNm_Obj_Yobikusa_e (333) profile=0x7acab7e0c8 procSize=2360 unkSize=0
[DEBUG | dusk] fpcSCtRq_phase_CreateProcess: fpcBs_Create OK proc=0xb400007a037436e8
[DEBUG | dusk] [DIAG] fpcSCtRq_phase_Load: procName=333 ret=4
[DEBUG | dusk] fpcSCtRq_phase_CreateProcess: procName=333
[DEBUG | dusk] fpcBs_Create: pid=34 profname=fpcNm_Obj_Yobikusa_e (333) profile=0x7acab7e0c8 procSize=2360 unkSize=0
[DEBUG | dusk] fpcSCtRq_phase_CreateProcess: fpcBs_Create OK proc=0xb400007a03742d90
[DEBUG | dusk] [DIAG] fpcSCtRq_phase_Load: procName=733 ret=4
[DEBUG | dusk] fpcSCtRq_phase_CreateProcess: procName=733
[DEBUG | dusk] fpcBs_Create: pid=35 profname=fpcNm_SET_BG_OBJ_e (733) profile=0x7acab76f08 procSize=1664 unkSize=0
[DEBUG | dusk] fpcSCtRq_phase_CreateProcess: fpcBs_Create OK proc=0xb400007a037426f0
[DEBUG | dusk] [DIAG] fpcSCtRq_phase_Load: procName=733 ret=4
[DEBUG | dusk] fpcSCtRq_phase_CreateProcess: procName=733
[DEBUG | dusk] fpcBs_Create: pid=36 profname=fpcNm_SET_BG_OBJ_e (733) profile=0x7acab76f08 procSize=1664 unkSize=0
[DEBUG | dusk] fpcSCtRq_phase_CreateProcess: fpcBs_Create OK proc=0xb400007a03742050
[DEBUG | dusk] [DIAG] fpcSCtRq_phase_Load: procName=733 ret=4
[DEBUG | dusk] fpcSCtRq_phase_CreateProcess: procName=733
[DEBUG | dusk] fpcBs_Create: pid=37 profname=fpcNm_SET_BG_OBJ_e (733) profile=0x7acab76f08 procSize=1664 unkSize=0
[DEBUG | dusk] fpcSCtRq_phase_CreateProcess: fpcBs_Create OK proc=0xb400007a037419b0
[DEBUG | dusk] fopScnRq_phase_Execute: ret=0 name=12
[DEBUG | dusk] fopScnRq_phase_Execute: ret=0 name=18
[DEBUG | dusk] Loading Resource: al_kantera.bmd (Size: 21024)
[DEBUG | dusk] Loading Resource: ef_ktglow.bmd (Size: 3040)
[DEBUG | dusk] Loading Resource: al.bmd (Size: 176288)
[DEBUG | dusk] Loading Resource: al_bootsh.bmd (Size: 22048)
[DEBUG | dusk] Loading Resource: al_face.bmd (Size: 72576)
[DEBUG | dusk] Loading Resource: al_hands.bmd (Size: 61056)
[DEBUG | dusk] Loading Resource: al_head.bmd (Size: 33851)
[DEBUG | dusk] Loading Resource: al_swb.bmd (Size: 23552)
[DEBUG | dusk] Loading Resource: ef_ktglow.btk (Size: 512)
[DEBUG | dusk] Loading Resource: i_bajyohasiparts.bmd (Size: 76032)
[DEBUG | dusk] Loading Resource: i_bajyohasiparts_ef.bmd (Size: 37088)
[DEBUG | dusk] Loading Resource: i_bajyohasiparts_ef.btk (Size: 512)
[DEBUG | dusk] Loading Resource: i_bajyohasiparts.dzb (Size: 6848)
[DEBUG | dusk] Loading Resource: cs_f_b_fall.bck (Size: 448)
[DEBUG | dusk] Loading Resource: cs_f_b_swing_reaction.bck (Size: 416)
[DEBUG | dusk] Loading Resource: cs_f_b_walk.bck (Size: 544)
[DEBUG | dusk] Loading Resource: cs_f_b.bmd (Size: 66176)
[DEBUG | dusk] Loading Resource: cs_f_cover.bmd (Size: 30112)
[DEBUG | dusk] Loading Resource: cs_f_b_start.brk (Size: 352)
[DEBUG | dusk] Loading Resource: cs_f_b_stop.brk (Size: 320)
[DEBUG | dusk] Loading Resource: cs_f_cover_vanish.brk (Size: 544)
[DEBUG | dusk] Loading Resource: cs_f_b_start.btk (Size: 512)
[DEBUG | dusk] Loading Resource: cs_f_cover_vanish.btk (Size: 896)
[DEBUG | dusk] Loading Resource: cs_f_b.dzb (Size: 544)
[DEBUG | dusk] Loading Resource: model0.bmd (Size: 22624)
[DEBUG | dusk] Loading Resource: spec.dat (Size: 16)
[DEBUG | dusk] Loading Resource: hs_back_walk.bck (Size: 5536)
[DEBUG | dusk] Loading Resource: hs_back_walk_start.bck (Size: 6304)
[DEBUG | dusk] Loading Resource: hs_excitement.bck (Size: 11968)
[DEBUG | dusk] Loading Resource: hs_excitement_2.bck (Size: 14144)
[DEBUG | dusk] Loading Resource: hs_jump_end.bck (Size: 5344)
[DEBUG | dusk] Loading Resource: hs_jump_middle.bck (Size: 4640)
[DEBUG | dusk] Loading Resource: hs_jump_start.bck (Size: 4832)
[DEBUG | dusk] Loading Resource: hs_jump_start_clift.bck (Size: 5248)
[DEBUG | dusk] Loading Resource: hs_lash.bck (Size: 3200)
[DEBUG | dusk] Loading Resource: hs_neck_waitback_left.bck (Size: 2880)
[DEBUG | dusk] Loading Resource: hs_neck_waitback_right.bck (Size: 2848)
[DEBUG | dusk] Loading Resource: hs_run_dash.bck (Size: 7680)
[DEBUG | dusk] Loading Resource: hs_run_fast.bck (Size: 6688)
[DEBUG | dusk] Loading Resource: hs_run_slow.bck (Size: 7712)
[DEBUG | dusk] Loading Resource: hs_stand.bck (Size: 17984)
[DEBUG | dusk] Loading Resource: hs_stop_slow.bck (Size: 14208)
[DEBUG | dusk] Loading Resource: hs_stop_stand.bck (Size: 16352)
[DEBUG | dusk] Loading Resource: hs_turn_left.bck (Size: 9632)
[DEBUG | dusk] Loading Resource: hs_turn_left_start.bck (Size: 5248)
[DEBUG | dusk] Loading Resource: hs_turn_right.bck (Size: 9472)
[DEBUG | dusk] Loading Resource: hs_turn_right_start.bck (Size: 5344)
[DEBUG | dusk] Loading Resource: hs_wait_01.bck (Size: 4768)
[DEBUG | dusk] Loading Resource: hs_wait_01b.bck (Size: 4672)
[DEBUG | dusk] Loading Resource: hs_wait_01b_connect.bck (Size: 4672)
[DEBUG | dusk] Loading Resource: hs_wait_02.bck (Size: 8928)
[DEBUG | dusk] Loading Resource: hs_wait_03.bck (Size: 7552)
[DEBUG | dusk] Loading Resource: hs_wait_04.bck (Size: 12640)
[DEBUG | dusk] Loading Resource: hs_wait_05.bck (Size: 10528)
[DEBUG | dusk] Loading Resource: hs_walk_fast.bck (Size: 5792)
[DEBUG | dusk] Loading Resource: hs_walk_slow.bck (Size: 5600)
[DEBUG | dusk] Loading Resource: hs.bmd (Size: 131264)
[DEBUG | dusk] Loading Resource: hs_eye.btp (Size: 128)
[DEBUG | dusk] Loading Resource: tazuna.bti (Size: 160)
[DEBUG | dusk] Loading Resource: al_umakusa.bmd (Size: 5984)
[DEBUG | dusk] Loading Resource: j_umakusa.bmd (Size: 13152)
[DEBUG | dusk] Loading Resource: j_umakusa_c.bmd (Size: 9536)
[DEBUG | dusk] Loading Resource: model0.bmd (Size: 13312)
[DEBUG | dusk] Loading Resource: model1.bmd (Size: 10656)
[DEBUG | dusk] Loading Resource: model0.dzb (Size: 832)
[DEBUG | dusk] Loading Resource: spec.dat (Size: 148)
[DEBUG | dusk] [DIAG] fpcSCtRq_phase_Load: procName=734 ret=4
[DEBUG | dusk] fpcSCtRq_phase_CreateProcess: procName=734
[DEBUG | dusk] fpcBs_Create: pid=38 profname=fpcNm_BG_OBJ_e (734) profile=0x7acab754d8 procSize=4344 unkSize=0
[DEBUG | dusk] fpcSCtRq_phase_CreateProcess: fpcBs_Create OK proc=0xb400007a03740898
[DEBUG | dusk] [DIAG] fpcSCtRq_phase_Load: procName=734 ret=4
[DEBUG | dusk] fpcSCtRq_phase_CreateProcess: procName=734
[DEBUG | dusk] fpcBs_Create: pid=39 profname=fpcNm_BG_OBJ_e (734) profile=0x7acab754d8 procSize=4344 unkSize=0
[DEBUG | dusk] fpcSCtRq_phase_CreateProcess: fpcBs_Create OK proc=0xb400007a0373f780
[DEBUG | dusk] fpcBs_Create: pid=43 profname=fpcNm_Tag_Attp_e (346) profile=0x7acab78d00 procSize=1632 unkSize=0
[DEBUG | dusk] [DIAG] fpcSCtRq_phase_Load: procName=734 ret=4
[DEBUG | dusk] fpcSCtRq_phase_CreateProcess: procName=734
[DEBUG | dusk] fpcBs_Create: pid=40 profname=fpcNm_BG_OBJ_e (734) profile=0x7acab754d8 procSize=4344 unkSize=0
[DEBUG | dusk] fpcSCtRq_phase_CreateProcess: fpcBs_Create OK proc=0xb400007a0373e668
[DEBUG | dusk] fpcBs_Create: pid=45 profname=fpcNm_Tag_Attp_e (346) profile=0x7acab78d00 procSize=1632 unkSize=0
[DEBUG | dusk] [DIAG] fpcSCtRq_phase_Load: procName=734 ret=4
[DEBUG | dusk] fpcSCtRq_phase_CreateProcess: procName=734
[DEBUG | dusk] fpcBs_Create: pid=41 profname=fpcNm_BG_OBJ_e (734) profile=0x7acab754d8 procSize=4344 unkSize=0
[DEBUG | dusk] fpcSCtRq_phase_CreateProcess: fpcBs_Create OK proc=0xb400007a0373ced0
[DEBUG | dusk] fpcBs_Create: pid=47 profname=fpcNm_Tag_Attp_e (346) profile=0x7acab78d00 procSize=1632 unkSize=0
[DEBUG | dusk] fopScnRq_phase_Execute: ret=0 name=12
[DEBUG | dusk] fopScnRq_phase_Execute: ret=0 name=18
[INFO | dev.baxlek.zelda_on_epona] cutscene diagnostics: event='NO DATA' demoArc='Demo38_01' cutName='' demoStaffId=-1 room=0 layer=10 horseDemoMode=false titleScreen=true storyHoZeldaActive=false inScriptedCutscene=false alwaysHiddenCutscene=false showInCutscenesToggle=true hideSpawnedZelda=false hasSpawnedZelda=true
[DEBUG | dusk] [DIAG] fpcSCtRq_phase_Load: procName=548 ret=4
[DEBUG | dusk] fpcSCtRq_phase_CreateProcess: procName=548
[DEBUG | dusk] fpcBs_Create: pid=48 profname=fpcNm_HOZELDA_e (548) profile=0x7acab85e40 procSize=2368 unkSize=0
[DEBUG | dusk] fpcSCtRq_phase_CreateProcess: fpcBs_Create OK proc=0xb400007a03747ce8
[DEBUG | dusk] fopScnRq_phase_Execute: ret=0 name=12
[DEBUG | dusk] fopScnRq_phase_Execute: ret=0 name=18
[DEBUG | dusk] Loading Resource: al_sha.bmd (Size: 24288)
[DEBUG | dusk] Loading Resource: zelh_aldieh.bck (Size: 6240)
[DEBUG | dusk] Loading Resource: zelh_arelordh.bck (Size: 9280)
[DEBUG | dusk] Loading Resource: zelh_ashooth.bck (Size: 5216)
[DEBUG | dusk] Loading Resource: zelh_atbh.bck (Size: 4064)
[DEBUG | dusk] Loading Resource: zelh_barelordh.bck (Size: 1216)
[DEBUG | dusk] Loading Resource: zelh_bashooth.bck (Size: 1952)
[DEBUG | dusk] Loading Resource: zelh_damh.bck (Size: 4864)
[DEBUG | dusk] Loading Resource: zelh_dashh.bck (Size: 6976)
[DEBUG | dusk] Loading Resource: zelh_dstarth.bck (Size: 7584)
[DEBUG | dusk] Loading Resource: zelh_egnd_wh.bck (Size: 6048)
[DEBUG | dusk] Loading Resource: zelh_egnd_whb.bck (Size: 5344)
[DEBUG | dusk] Loading Resource: zelh_jumph.bck (Size: 5600)
[DEBUG | dusk] Loading Resource: zelh_jumphed.bck (Size: 5568)
[DEBUG | dusk] Loading Resource: zelh_jumphst.bck (Size: 4896)
[DEBUG | dusk] Loading Resource: zelh_numbh.bck (Size: 4704)
[DEBUG | dusk] Loading Resource: zelh_standh.bck (Size: 10624)
[DEBUG | dusk] Loading Resource: zelh_standhwc.bck (Size: 14176)
[DEBUG | dusk] Loading Resource: zelh_stoph.bck (Size: 8064)
[DEBUG | dusk] Loading Resource: zelh_stoptostandh.bck (Size: 11648)
[DEBUG | dusk] Loading Resource: zelh_waitbh.bck (Size: 6656)
[DEBUG | dusk] Loading Resource: zelh_waitch.bck (Size: 5184)
[DEBUG | dusk] Loading Resource: zelh_waith.bck (Size: 5216)
[DEBUG | dusk] Loading Resource: o_zg_arow.bmd (Size: 9312)
[DEBUG | dusk] Loading Resource: o_zg_bow.bmd (Size: 17120)
[DEBUG | dusk] Loading Resource: zelh.bmd (Size: 240768)
[DEBUG | dusk] Loading Resource: zelh_fa.btk (Size: 352)
[DEBUG | dusk] Loading Resource: zelh_faldieh.btk (Size: 992)
[DEBUG | dusk] Loading Resource: zelh_fegnd_wh.btk (Size: 352)
[DEBUG | dusk] Loading Resource: zelh_fa.btp (Size: 128)
[DEBUG | dusk] Loading Resource: zelh_faldieh.btp (Size: 864)
[DEBUG | dusk] Loading Resource: zelh_fb.btp (Size: 128)
[DEBUG | dusk] Loading Resource: zelh_fc.btp (Size: 128)
[DEBUG | dusk] Loading Resource: zelh_fmaba01.btp (Size: 160)
[DEBUG | dusk] fopScnRq_phase_Execute: ret=0 name=12
[DEBUG | dusk] fopScnRq_phase_Execute: ret=0 name=18
[DEBUG | dusk] fopScnRq_phase_Execute: ret=0 name=12
[DEBUG | dusk] fopScnRq_phase_Execute: ret=0 name=18
[DEBUG | dusk] [DIAG] fpcSCtRq_phase_Load: procName=255 ret=4
[DEBUG | dusk] fpcSCtRq_phase_CreateProcess: procName=255
[DEBUG | dusk] fpcBs_Create: pid=49 profname=fpcNm_MIDNA_e (255) profile=0x7acab78698 procSize=3360 unkSize=0
[DEBUG | dusk] fpcSCtRq_phase_CreateProcess: fpcBs_Create OK proc=0xb400007a03746fa8
[DEBUG | dusk] fopScnRq_phase_Execute: ret=0 name=12
[DEBUG | dusk] fopScnRq_phase_Execute: ret=0 name=18
[DEBUG | dusk] Loading Resource: s_md_hands.bmd (Size: 19776)
[DEBUG | dusk] Loading Resource: s_md_mask.bmd (Size: 15424)
[DEBUG | dusk] Loading Resource: s_md_gokou.bmd (Size: 3008)
[DEBUG | dusk] Loading Resource: s_md.bmd (Size: 69984)
[DEBUG | dusk] Loading Resource: s_md_hair_hand.bmd (Size: 18944)
[DEBUG | dusk] Loading Resource: s_md_appear.brk (Size: 352)
[DEBUG | dusk] Loading Resource: s_md_gokou_appear.brk (Size: 256)
[DEBUG | dusk] Loading Resource: s_md_hair_hand_appear.brk (Size: 288)
[DEBUG | dusk] Loading Resource: s_md_mask_appear.brk (Size: 256)
[DEBUG | dusk] Loading Resource: s_md_hair_hand_moya.btk (Size: 544)
[DEBUG | dusk] Loading Resource: s_md_hands_moya.btk (Size: 608)
[DEBUG | dusk] Loading Resource: s_md_mask_moya.btk (Size: 320)
[DEBUG | dusk] Loading Resource: s_md_moya.btk (Size: 512)
[DEBUG | dusk] fopScnRq_phase_Execute: ret=0 name=12
[DEBUG | dusk] fpcBs_Create: pid=51 profname=fpcNm_DEMO00_e (718) profile=0x7acab78470 procSize=11112 unkSize=0
[DEBUG | dusk] fpcBs_Create: pid=53 profname=fpcNm_DEMO00_e (718) profile=0x7acab78470 procSize=11112 unkSize=0
[DEBUG | dusk] fpcBs_Create: pid=55 profname=fpcNm_DEMO00_e (718) profile=0x7acab78470 procSize=11112 unkSize=0
[DEBUG | dusk] fpcBs_Create: pid=57 profname=fpcNm_DEMO00_e (718) profile=0x7acab78470 procSize=11112 unkSize=0
[DEBUG | dusk] frameInterp: onTypeChange 41 -> 40 (event_type_id=40, leaving_event=false, entering_event=true)
[DEBUG | dusk] frameInterp: presentation sync not requested for ZEV event [STBWAIT] (staff idx 12)
[INFO | dev.baxlek.zelda_on_epona] cutscene diagnostics: event='demo38_01' demoArc='Demo38_01' cutName='' demoStaffId=-1 room=0 layer=10 horseDemoMode=true titleScreen=true storyHoZeldaActive=false inScriptedCutscene=false alwaysHiddenCutscene=false showInCutscenesToggle=true hideSpawnedZelda=false hasSpawnedZelda=true
[DEBUG | dev.twilitrealm.cosmetics] Loaded base texture data for al_bootsH. size: 2000 hash: C9F8C58AA332C5E6
[DEBUG | dev.twilitrealm.cosmetics] Loaded base texture data for al_SWB. size: 4000 hash: 1071499E19799A7D
[DEBUG | dev.twilitrealm.cosmetics] Loaded base texture data for hs_body. size: 8000 hash: F473331D6D5B148D
[DEBUG | dev.twilitrealm.cosmetics] Loaded base texture data for hs_eye.1. size: 200 hash: 24B0258CCF8EED45
[DEBUG | dev.twilitrealm.cosmetics] Loaded base texture data for hs_eye.2. size: 200 hash: 1B47C467FC5CA5BC
[DEBUG | dev.twilitrealm.cosmetics] Loaded base texture data for hs_eye.3. size: 200 hash: EC429699463FDDB2
[DEBUG | dev.twilitrealm.cosmetics] Loaded base texture data for al_hair. size: 4000 hash: 582A10908B80C70E
[DEBUG | dev.twilitrealm.cosmetics] Loaded base texture data for al_lowbody. size: 2000 hash: C4790EAFCB60026F
[DEBUG | dev.twilitrealm.cosmetics] Loaded base texture data for al_upbody. size: 4000 hash: 33E862A57F216822
[DEBUG | dev.twilitrealm.cosmetics] Registered replacement for al_lowbody.
[DEBUG | dev.twilitrealm.cosmetics] Registered replacement for al_upbody.
[INFO | aurora::card] CARD API Initialized BUILT <Sep 30 2026 13:39:06>
[INFO | aurora::card] Loaded GC Card Image: /data/data/dev.twilitrealm.dusk/files/USA/Card A
[DEBUG | aurora::gpu::cache] Dawn cache prune completed; no stale entries found
[DEBUG | dusk] fapGm_Execute frame=300
[INFO | org.twilight.hd_hud] Text Font: replacement drawing active; original advances preserved
[INFO | org.twilight.hd_hud] Text Font: original cell=24x24 ascent=21 descent=3 scale=18.00x18.00
[DEBUG | dusk] [DIAG] fpcSCtRq_phase_Load: procName=0 ret=4
[DEBUG | dusk] fpcSCtRq_phase_CreateProcess: procName=0
[DEBUG | dusk] fpcBs_Create: pid=58 profname=fpcNm_OVERLAP0_e (0) profile=0x7acab71b18 procSize=384 unkSize=0
[DEBUG | dusk] fpcSCtRq_phase_CreateProcess: fpcBs_Create OK proc=0xb400007a03731650
[DEBUG | dusk] fpcNdRq_phase_Create: name=13 layer=0x7acada5418
[DEBUG | dusk] fpcNdRq_phase_Create: creating_id=59 (error=4294967295)
[WARNING | dusk::mods::actor] Attempted to delete actor with ID (48) but it doesn't exist!
[DEBUG | dusk] [DIAG] fpcSCtRq_phase_Load: procName=13 ret=4
[DEBUG | dusk] fpcSCtRq_phase_CreateProcess: procName=13
[DEBUG | dusk] fpcBs_Create: pid=59 profname=fpcNm_NAME_SCENE_e (13) profile=0x7acab72138 procSize=1704 unkSize=0
[DEBUG | dusk] fpcSCtRq_phase_CreateProcess: fpcBs_Create OK proc=0xb400007a037567d8
[DEBUG | dusk] Loading Resource: zelda_file_select.bck (Size: 23584)
[DEBUG | dusk] Loading Resource: zelda_file_select.blo (Size: 176800)
[DEBUG | dusk] Loading Resource: zelda_file_select.bpk (Size: 288)
[DEBUG | dusk] Loading Resource: zelda_file_select.brk (Size: 544)
[DEBUG | dusk] Loading Resource: zelda_file_select.btk (Size: 1408)
[DEBUG | dusk] Loading Resource: zelda_file_select_02.btk (Size: 544)
[DEBUG | dusk] Loading Resource: zelda_file_select_03.btk (Size: 544)
[DEBUG | dusk] Loading Resource: zelda_file_select_04.btk (Size: 448)
[DEBUG | dusk] Loading Resource: zelda_file_select_05.btk (Size: 800)
[DEBUG | dusk] Loading Resource: zelda_file_select_3menu_window.bck (Size: 5568)
[DEBUG | dusk] Loading Resource: zelda_file_select_3menu_window.blo (Size: 12992)
[DEBUG | dusk] Loading Resource: zelda_file_select_3menu_window.bpk (Size: 288)
[DEBUG | dusk] Loading Resource: zelda_file_select_3menu_window.btk (Size: 768)
[DEBUG | dusk] Loading Resource: zelda_file_select_copy_select.bck (Size: 5632)
[DEBUG | dusk] Loading Resource: zelda_file_select_copy_select.blo (Size: 55488)
[DEBUG | dusk] Loading Resource: zelda_file_select_copy_select.bpk (Size: 256)
[DEBUG | dusk] Loading Resource: zelda_file_select_copy_select.brk (Size: 416)
[DEBUG | dusk] Loading Resource: zelda_file_select_copy_select.btk (Size: 1120)
[DEBUG | dusk] Loading Resource: zelda_file_select_copy_select_02.btk (Size: 448)
[DEBUG | dusk] Loading Resource: zelda_file_select_copy_select_03.btk (Size: 608)
[DEBUG | dusk] Loading Resource: zelda_file_select_details.blo (Size: 23904)
[DEBUG | dusk] Loading Resource: zelda_file_select_details.btk (Size: 832)
[DEBUG | dusk] Loading Resource: zelda_file_select_info_text.blo (Size: 13728)
[DEBUG | dusk] Loading Resource: zelda_file_select_warning_window.bck (Size: 1088)
[DEBUG | dusk] Loading Resource: zelda_file_select_warning_window.blo (Size: 4704)
[DEBUG | dusk] Loading Resource: zelda_file_select_yes_no_window.bck (Size: 2944)
[DEBUG | dusk] Loading Resource: zelda_file_select_yes_no_window.blo (Size: 9024)
[DEBUG | dusk] Loading Resource: zelda_file_select_yes_no_window.bpk (Size: 224)
[DEBUG | dusk] Loading Resource: zelda_file_select_yes_no_window.btk (Size: 576)
[DEBUG | dusk] Loading Resource: zelda_option_check.blo (Size: 48832)
[DEBUG | dusk] Loading Resource: ak_kagerou_battle_rr.bti (Size: 2720)
[DEBUG | dusk] Loading Resource: ak_ocarina_fire_00.bti (Size: 32800)
[DEBUG | dusk] Loading Resource: ak_ocarina_fire_01.bti (Size: 32800)
[DEBUG | dusk] Loading Resource: ak_ocarina_ind_00.bti (Size: 32800)
[DEBUG | dusk] Loading Resource: black_80.bti (Size: 3232)
[DEBUG | dusk] Loading Resource: bow_light.bti (Size: 320)
[DEBUG | dusk] Loading Resource: i4_gra.bti (Size: 1056)
[DEBUG | dusk] Loading Resource: im_b_button_00.bti (Size: 1184)
[DEBUG | dusk] Loading Resource: im_kinobou_48.bti (Size: 2592)
[DEBUG | dusk] Loading Resource: navi_l.bti (Size: 544)
[DEBUG | dusk] Loading Resource: ni_hairianotate_48.bti (Size: 2816)
[DEBUG | dusk] Loading Resource: ni_kinotate_48.bti (Size: 2656)
[DEBUG | dusk] Loading Resource: ni_magicarmor_48.bti (Size: 2784)
[DEBUG | dusk] Loading Resource: ni_mastersword_48.bti (Size: 2688)
[DEBUG | dusk] Loading Resource: ni_zouranofuku_48.bti (Size: 2752)
[DEBUG | dusk] Loading Resource: ttdelunotate_s3_tc.bti (Size: 2592)
[DEBUG | dusk] Loading Resource: tt_1_metal_40x40.bti (Size: 1632)
[DEBUG | dusk] Loading Resource: tt_2_metal_40x40.bti (Size: 1632)
[DEBUG | dusk] Loading Resource: tt_3setu_w_l.bti (Size: 92960)
[DEBUG | dusk] Loading Resource: tt_3_metal_40x40.bti (Size: 1632)
[DEBUG | dusk] Loading Resource: tt_black_32.bti (Size: 1056)
[DEBUG | dusk] Loading Resource: tt_block128_00.bti (Size: 8224)
[DEBUG | dusk] Loading Resource: tt_block8x8.bti (Size: 64)
[DEBUG | dusk] Loading Resource: tt_book_meramera_00.bti (Size: 6944)
[DEBUG | dusk] Loading Resource: tt_button_base0_center_tate.bti (Size: 1312)
[DEBUG | dusk] Loading Resource: tt_button_base0_side.bti (Size: 1312)
[DEBUG | dusk] Loading Resource: tt_gold_uzu_long2.bti (Size: 4832)
[DEBUG | dusk] Loading Resource: tt_heart_00.bti (Size: 1312)
[DEBUG | dusk] Loading Resource: tt_horiwaku_lu.bti (Size: 1600)
[DEBUG | dusk] Loading Resource: tt_horiwaku_side_l_rr.bti (Size: 928)
[DEBUG | dusk] Loading Resource: tt_horiwaku_side_r_rr.bti (Size: 928)
[DEBUG | dusk] Loading Resource: tt_horiwaku_top_rr.bti (Size: 1056)
[DEBUG | dusk] Loading Resource: tt_i4_gra.bti (Size: 1056)
[DEBUG | dusk] Loading Resource: tt_iastarrr.bti (Size: 1056)
[DEBUG | dusk] Loading Resource: tt_itumonofuku_s3tc.bti (Size: 2624)
[DEBUG | dusk] Loading Resource: tt_kazari_kani_00.bti (Size: 4128)
[DEBUG | dusk] Loading Resource: tt_kazari_kani_02.bti (Size: 4128)
[DEBUG | dusk] Loading Resource: tt_kokirinoken_s3_tc.bti (Size: 2592)
[DEBUG | dusk] Loading Resource: tt_line2.bti (Size: 96)
[DEBUG | dusk] Loading Resource: tt_metal_cube_00.bti (Size: 1184)
[DEBUG | dusk] Loading Resource: tt_spot_square3.bti (Size: 2080)
[DEBUG | dusk] Loading Resource: tt_uzumaki_00.bti (Size: 16160)
[DEBUG | dusk] Loading Resource: tt_w08_160_gra.bti (Size: 6432)
[DEBUG | dusk] Loading Resource: tt_yakushima.bti (Size: 8224)
[DEBUG | dusk] Loading Resource: tt_zelda_button_ab_maru.bti (Size: 1632)
[DEBUG | dusk] Loading Resource: tt_zelda_button_a_8ia.bti (Size: 1568)
[DEBUG | dusk] Loading Resource: tt_zelda_button_a_text.bti (Size: 800)
[DEBUG | dusk] Loading Resource: tt_zelda_button_b_text.bti (Size: 512)
[DEBUG | dusk] Loading Resource: tt_zelda_revo_maru_button_64_8ia_01.bti (Size: 8736)
[INFO | dusk::mods::save] new save in gczelda2/2; mod blob store cleared
[DEBUG | dusk] [DIAG] fpcSCtRq_phase_Load: procName=0 ret=4
[DEBUG | dusk] fpcSCtRq_phase_CreateProcess: procName=0
[DEBUG | dusk] fpcBs_Create: pid=60 profname=fpcNm_OVERLAP0_e (0) profile=0x7acab71b18 procSize=384 unkSize=0
[DEBUG | dusk] fpcSCtRq_phase_CreateProcess: fpcBs_Create OK proc=0xb400007a03756458
[DEBUG | dusk] fpcNdRq_phase_Create: name=11 layer=0x7acada5418
[DEBUG | dusk] fpcNdRq_phase_Create: creating_id=61 (error=4294967295)
[DEBUG | dusk] [DIAG] fpcSCtRq_phase_Load: procName=11 ret=4
[DEBUG | dusk] fpcSCtRq_phase_CreateProcess: procName=11
[DEBUG | dusk] fpcBs_Create: pid=61 profname=fpcNm_PLAY_SCENE_e (11) profile=0x7acab72268 procSize=912 unkSize=0
[DEBUG | dusk] fpcSCtRq_phase_CreateProcess: fpcBs_Create OK proc=0xb400007a03756bd0
[DEBUG | dusk] Loading Resource: vrbox_kasumim.bmd (Size: 2272)
[DEBUG | dusk] Loading Resource: vrbox_kumo.bmd (Size: 69664)
[DEBUG | dusk] Loading Resource: vrbox_sora.bmd (Size: 6624)
[DEBUG | dusk] Loading Resource: vrbox_sun.bmd (Size: 12032)
[DEBUG | dusk] Loading Resource: door-knob_00.bmd (Size: 15200)
[DEBUG | dusk] Loading Resource: bank.bin (Size: 1664)
[DEBUG | dusk] Loading Resource: name.bin (Size: 416)
[DEBUG | dusk] Loading Resource: vrbox_sun.btk (Size: 320)
[DEBUG | dusk] Loading Resource: colordata_tbl.dat (Size: 800)
[DEBUG | dusk] Loading Resource: pol_arg.dat (Size: 128)
[DEBUG | dusk] Loading Resource: pol_effcol.dat (Size: 128)
[DEBUG | dusk] Loading Resource: pol_effcol2.dat (Size: 128)
[DEBUG | dusk] Loading Resource: pol_efftbl.dat (Size: 128)
[DEBUG | dusk] Loading Resource: pol_efftbl2.dat (Size: 128)
[DEBUG | dusk] Loading Resource: pol_sound.dat (Size: 128)
[DEBUG | dusk] Loading Resource: stage.dzs (Size: 17216)
[DEBUG | dusk] Loading Resource: event_list.dat (Size: 18504)
[DEBUG | dusk] Loading Resource: fog_look.stb (Size: 2432)
[DEBUG | dusk] Loading Resource: fog_walk.stb (Size: 576)
[DEBUG | dusk] Loading Resource: kekkai_01.stb (Size: 1728)
[DEBUG | dusk] Loading Resource: kekkai_b01.stb (Size: 1792)
[DEBUG | dusk] Loading Resource: light_look.stb (Size: 1216)
[DEBUG | dusk] Loading Resource: sekizo108.stb (Size: 820)
[DEBUG | dusk] Loading Resource: yami_mog.stb (Size: 620)
[DEBUG | dusk] Loading Resource: cloudtx_01.bti (Size: 4128)
[DEBUG | dusk] Loading Resource: cloudtx_02.bti (Size: 4128)
[DEBUG | dusk] Loading Resource: cloudtx_03.bti (Size: 4128)
[DEBUG | dusk] Loading Resource: f_moon.bti (Size: 8224)
[DEBUG | dusk] Loading Resource: f_moon_a.bti (Size: 2080)
[DEBUG | dusk] Loading Resource: f_moon_a_a00.bti (Size: 64)
[DEBUG | dusk] Loading Resource: f_moon_a_a01.bti (Size: 544)
[DEBUG | dusk] Loading Resource: f_moon_a_a02.bti (Size: 544)
[DEBUG | dusk] Loading Resource: f_moon_a_a03.bti (Size: 544)
[DEBUG | dusk] Loading Resource: c_a_chimney3.bti (Size: 2080)
[DEBUG | dusk] Loading Resource: c_a_hm_cloth00.bti (Size: 16416)
[DEBUG | dusk] Loading Resource: c_a_hm_iriguchi.bti (Size: 2080)
[DEBUG | dusk] Loading Resource: c_a_hm_kabe00.bti (Size: 21536)
[DEBUG | dusk] Loading Resource: c_a_hm_kabe01.bti (Size: 43040)
[DEBUG | dusk] Loading Resource: c_a_hm_kanban.bti (Size: 8224)
[DEBUG | dusk] Loading Resource: c_a_hm_kidanmen00.bti (Size: 2080)
[DEBUG | dusk] Loading Resource: c_a_hm_kiita00.bti (Size: 8224)
[DEBUG | dusk] Loading Resource: c_a_hm_kiita01.bti (Size: 8224)
[DEBUG | dusk] Loading Resource: c_a_hm_kikabe.bti (Size: 8224)
[DEBUG | dusk] Loading Resource: c_a_hm_kilow.bti (Size: 8224)
[DEBUG | dusk] Loading Resource: c_a_hm_kokage.bti (Size: 32800)
[DEBUG | dusk] Loading Resource: c_a_hm_kusa00.bti (Size: 43040)
[DEBUG | dusk] Loading Resource: c_a_hm_kusa01.bti (Size: 10272)
[DEBUG | dusk] Loading Resource: c_a_hm_leaf000.bti (Size: 21536)
[DEBUG | dusk] Loading Resource: c_a_hm_miti.bti (Size: 21536)
[DEBUG | dusk] Loading Resource: c_a_hm_mountain.bti (Size: 43040)
[DEBUG | dusk] Loading Resource: c_a_hm_rock00.bti (Size: 40992)
[DEBUG | dusk] Loading Resource: c_a_hm_sida.bti (Size: 2592)
[DEBUG | dusk] Loading Resource: c_a_hm_tuti00.bti (Size: 10272)
[DEBUG | dusk] Loading Resource: c_a_hm_wood00.bti (Size: 10784)
[DEBUG | dusk] Loading Resource: c_a_hm_wood01.bti (Size: 10272)
[DEBUG | dusk] Loading Resource: c_light_8ia.bti (Size: 10912)
[DEBUG | dusk] Loading Resource: c_moya_8i.bti (Size: 4128)
[DEBUG | dusk] Loading Resource: event_list.dat (Size: 106476)
[DEBUG | dusk] Loading Resource: camstyle.dat (Size: 43328)
[DEBUG | dusk] Loading Resource: camtype.dat (Size: 14560)
[DEBUG | dusk] fpcBs_Create: pid=75 profname=fpcNm_SUSPEND_e (783) profile=0x7acab78c48 procSize=1632 unkSize=0
[DEBUG | dusk] fopScnM_CreateReq: procName=18 fade=32767
[DEBUG | dusk] fopScnM_CreateReq: result=5 (error=4294967295)
[DEBUG | dusk] fopScnM_CreateReq: procName=18 fade=32767
[DEBUG | dusk] fopScnM_CreateReq: result=6 (error=4294967295)
[DEBUG | dusk] fopScnM_CreateReq: procName=18 fade=32767
[DEBUG | dusk] fopScnM_CreateReq: result=7 (error=4294967295)
[DEBUG | dusk] fpcBs_Create: pid=77 profname=fpcNm_KANKYO_e (19) profile=0x7acab6ce60 procSize=440 unkSize=0
[DEBUG | dusk] fpcBs_Create: pid=79 profname=fpcNm_KYEFF_e (785) profile=0x7acab6ceb0 procSize=440 unkSize=0
[DEBUG | dusk] fpcBs_Create: pid=81 profname=fpcNm_KYEFF2_e (786) profile=0x7acab6cef0 procSize=440 unkSize=0
[DEBUG | dusk] fpcBs_Create: pid=83 profname=fpcNm_ENVSE_e (21) profile=0x7acab6bf20 procSize=456 unkSize=0
[DEBUG | dusk] fpcNdRq_phase_Create: name=18 layer=0xb400007a03756d28
[DEBUG | dusk] fpcNdRq_phase_Create: creating_id=86 (error=4294967295)
[DEBUG | dusk] fpcNdRq_phase_Create: name=18 layer=0xb400007a03756d28
[DEBUG | dusk] fpcNdRq_phase_Create: creating_id=87 (error=4294967295)
[DEBUG | dusk] fpcNdRq_phase_Create: name=18 layer=0xb400007a03756d28
[DEBUG | dusk] fpcNdRq_phase_Create: creating_id=88 (error=4294967295)
[DEBUG | dusk] [DIAG] fpcSCtRq_phase_Load: procName=781 ret=4
[DEBUG | dusk] fpcSCtRq_phase_CreateProcess: procName=781
[DEBUG | dusk] fpcBs_Create: pid=62 profname=fpcNm_CAMERA_e (781) profile=0x7acab6bd68 procSize=4240 unkSize=0
[DEBUG | dusk] fpcSCtRq_phase_CreateProcess: fpcBs_Create OK proc=0xb400007a03752c50
[DEBUG | dusk] [DIAG] fpcSCtRq_phase_Load: procName=686 ret=4
[DEBUG | dusk] fpcSCtRq_phase_CreateProcess: procName=686
[DEBUG | dusk] fpcBs_Create: pid=63 profname=fpcNm_KYTAG04_e (686) profile=0x7acab75f28 procSize=1784 unkSize=0
[DEBUG | dusk] fpcSCtRq_phase_CreateProcess: fpcBs_Create OK proc=0xb400007a03752538
[DEBUG | dusk] [DIAG] fpcSCtRq_phase_Load: procName=686 ret=4
[DEBUG | dusk] fpcSCtRq_phase_CreateProcess: procName=686
[DEBUG | dusk] fpcBs_Create: pid=64 profname=fpcNm_KYTAG04_e (686) profile=0x7acab75f28 procSize=1784 unkSize=0
[DEBUG | dusk] fpcSCtRq_phase_CreateProcess: fpcBs_Create OK proc=0xb400007a03751e20
[DEBUG | dusk] [DIAG] fpcSCtRq_phase_Load: procName=686 ret=4
[DEBUG | dusk] fpcSCtRq_phase_CreateProcess: procName=686
[DEBUG | dusk] fpcBs_Create: pid=65 profname=fpcNm_KYTAG04_e (686) profile=0x7acab75f28 procSize=1784 unkSize=0
[DEBUG | dusk] fpcSCtRq_phase_CreateProcess: fpcBs_Create OK proc=0xb400007a03751708
[DEBUG | dusk] [DIAG] fpcSCtRq_phase_Load: procName=25 ret=4
[DEBUG | dusk] fpcSCtRq_phase_CreateProcess: procName=25
[DEBUG | dusk] fpcBs_Create: pid=66 profname=fpcNm_Tag_Gstart_e (25) profile=0x7acab7e860 procSize=1632 unkSize=0
[DEBUG | dusk] fpcSCtRq_phase_CreateProcess: fpcBs_Create OK proc=0xb400007a03751088
[DEBUG | dusk] [DIAG] fpcSCtRq_phase_Load: procName=559 ret=4
[DEBUG | dusk] fpcSCtRq_phase_CreateProcess: procName=559
[DEBUG | dusk] fpcBs_Create: pid=67 profname=fpcNm_Tag_Restart_e (559) profile=0x7acabaf048 procSize=1680 unkSize=0
[DEBUG | dusk] fpcSCtRq_phase_CreateProcess: fpcBs_Create OK proc=0xb400007a037509d8
[DEBUG | dusk] [DIAG] fpcSCtRq_phase_Load: procName=559 ret=4
[DEBUG | dusk] fpcSCtRq_phase_CreateProcess: procName=559
[DEBUG | dusk] fpcBs_Create: pid=68 profname=fpcNm_Tag_Restart_e (559) profile=0x7acabaf048 procSize=1680 unkSize=0
[DEBUG | dusk] fpcSCtRq_phase_CreateProcess: fpcBs_Create OK proc=0xb400007a03750328
[DEBUG | dusk] [DIAG] fpcSCtRq_phase_Load: procName=559 ret=4
[DEBUG | dusk] fpcSCtRq_phase_CreateProcess: procName=559
[DEBUG | dusk] fpcBs_Create: pid=69 profname=fpcNm_Tag_Restart_e (559) profile=0x7acabaf048 procSize=1680 unkSize=0
[DEBUG | dusk] fpcSCtRq_phase_CreateProcess: fpcBs_Create OK proc=0xb400007a0374fc78
[DEBUG | dusk] [DIAG] fpcSCtRq_phase_Load: procName=559 ret=4
[DEBUG | dusk] fpcSCtRq_phase_CreateProcess: procName=559
[DEBUG | dusk] fpcBs_Create: pid=70 profname=fpcNm_Tag_Restart_e (559) profile=0x7acabaf048 procSize=1680 unkSize=0
[DEBUG | dusk] fpcSCtRq_phase_CreateProcess: fpcBs_Create OK proc=0xb400007a0374f5c8
[DEBUG | dusk] [DIAG] fpcSCtRq_phase_Load: procName=559 ret=4
[DEBUG | dusk] fpcSCtRq_phase_CreateProcess: procName=559
[DEBUG | dusk] fpcBs_Create: pid=71 profname=fpcNm_Tag_Restart_e (559) profile=0x7acabaf048 procSize=1680 unkSize=0
[DEBUG | dusk] fpcSCtRq_phase_CreateProcess: fpcBs_Create OK proc=0xb400007a0374ef18
[DEBUG | dusk] [DIAG] fpcSCtRq_phase_Load: procName=559 ret=4
[DEBUG | dusk] fpcSCtRq_phase_CreateProcess: procName=559
[DEBUG | dusk] fpcBs_Create: pid=72 profname=fpcNm_Tag_Restart_e (559) profile=0x7acabaf048 procSize=1680 unkSize=0
[DEBUG | dusk] fpcSCtRq_phase_CreateProcess: fpcBs_Create OK proc=0xb400007a0375590c
[DEBUG | dusk] [DIAG] fpcSCtRq_phase_Load: procName=688 ret=4
[DEBUG | dusk] fpcSCtRq_phase_CreateProcess: procName=688
[DEBUG | dusk] fpcBs_Create: pid=73 profname=fpcNm_KYTAG06_e (688) profile=0x7acab86328 procSize=1688 unkSize=0
[DEBUG | dusk] fpcSCtRq_phase_CreateProcess: fpcBs_Create OK proc=0xb400007a0374e860
[DEBUG | dusk] [DIAG] fpcSCtRq_phase_Load: procName=730 ret=4
[DEBUG | dusk] fpcSCtRq_phase_CreateProcess: procName=730
[DEBUG | dusk] fpcBs_Create: pid=84 profname=fpcNm_VRBOX_e (730) profile=0x7acab78078 procSize=1648 unkSize=0
[DEBUG | dusk] fpcSCtRq_phase_CreateProcess: fpcBs_Create OK proc=0xb400007a0374e1d0
[DEBUG | dusk] [DIAG] fpcSCtRq_phase_Load: procName=731 ret=4
[DEBUG | dusk] fpcSCtRq_phase_CreateProcess: procName=731
[DEBUG | dusk] fpcBs_Create: pid=85 profname=fpcNm_VRBOX2_e (731) profile=0x7acab78130 procSize=1720 unkSize=0
[DEBUG | dusk] fpcSCtRq_phase_CreateProcess: fpcBs_Create OK proc=0xb400007a0374daf8
[DEBUG | dusk] [DIAG] fpcSCtRq_phase_Load: procName=18 ret=4
[DEBUG | dusk] fpcSCtRq_phase_CreateProcess: procName=18
[DEBUG | dusk] fpcBs_Create: pid=86 profname=fpcNm_ROOM_SCENE_e (18) profile=0x7acab72388 procSize=912 unkSize=0
[DEBUG | dusk] fpcSCtRq_phase_CreateProcess: fpcBs_Create OK proc=0xb400007a0374d748
[DEBUG | dusk] [DIAG] fpcSCtRq_phase_Load: procName=18 ret=4
[DEBUG | dusk] fpcSCtRq_phase_CreateProcess: procName=18
[DEBUG | dusk] fpcBs_Create: pid=87 profname=fpcNm_ROOM_SCENE_e (18) profile=0x7acab72388 procSize=912 unkSize=0
[DEBUG | dusk] fpcSCtRq_phase_CreateProcess: fpcBs_Create OK proc=0xb400007a0374d398
[DEBUG | dusk] [DIAG] fpcSCtRq_phase_Load: procName=18 ret=4
[DEBUG | dusk] fpcSCtRq_phase_CreateProcess: procName=18
[DEBUG | dusk] fpcBs_Create: pid=88 profname=fpcNm_ROOM_SCENE_e (18) profile=0x7acab72388 procSize=912 unkSize=0
[DEBUG | dusk] fpcSCtRq_phase_CreateProcess: fpcBs_Create OK proc=0xb400007a0374cfe8
[DEBUG | dusk] Loading Resource: ef_portal.bmd (Size: 60192)
[DEBUG | dusk] Loading Resource: ef_portal_blue_app.brk (Size: 896)
[DEBUG | dusk] Loading Resource: ef_portal_blue_disapp.brk (Size: 896)
[DEBUG | dusk] Loading Resource: ef_portal_red_app.brk (Size: 896)
[DEBUG | dusk] Loading Resource: ef_portal_red_disapp.brk (Size: 896)
[DEBUG | dusk] Loading Resource: ef_portal.btk (Size: 1792)
[DEBUG | dusk] Loading Resource: model.bmd (Size: 317312)
[DEBUG | dusk] Loading Resource: model1.bmd (Size: 9408)
[DEBUG | dusk] Loading Resource: model2.bmd (Size: 3616)
[DEBUG | dusk] Loading Resource: model.btk (Size: 1376)
[DEBUG | dusk] Loading Resource: model1.btk (Size: 320)
[DEBUG | dusk] Loading Resource: model2.btk (Size: 352)
[DEBUG | dusk] Loading Resource: room.dzr (Size: 21248)
[DEBUG | dusk] Loading Resource: event_list.dat (Size: 4192)
[DEBUG | dusk] Loading Resource: room.kcl (Size: 121738)
[DEBUG | dusk] Loading Resource: room.plc (Size: 192)
[DEBUG | dusk] Loading Resource: model.bmd (Size: 299104)
[DEBUG | dusk] Loading Resource: room.dzr (Size: 16320)
[DEBUG | dusk] Loading Resource: event_list.dat (Size: 10424)
[DEBUG | dusk] Loading Resource: start_ff03.stb (Size: 2020)
[DEBUG | dusk] Loading Resource: room.kcl (Size: 177208)
[DEBUG | dusk] Loading Resource: room.plc (Size: 224)
[DEBUG | dusk] Loading Resource: model.bmd (Size: 22400)
[DEBUG | dusk] Loading Resource: room.dzr (Size: 4800)
[DEBUG | dusk] Loading Resource: room.kcl (Size: 35456)
[DEBUG | dusk] Loading Resource: room.plc (Size: 96)
[DEBUG | dusk] [DIAG] fpcSCtRq_phase_Load: procName=253 ret=4
[DEBUG | dusk] fpcSCtRq_phase_CreateProcess: procName=253
[DEBUG | dusk] fpcBs_Create: pid=89 profname=fpcNm_ALINK_e (253) profile=0x7acab68250 procSize=18784 unkSize=0
[DEBUG | dusk] fpcSCtRq_phase_CreateProcess: fpcBs_Create OK proc=0xb400007a03748668
[DEBUG | dusk] [DIAG] fpcSCtRq_phase_Load: procName=790 ret=4
[DEBUG | dusk] fpcSCtRq_phase_CreateProcess: procName=790
[DEBUG | dusk] fpcBs_Create: pid=90 profname=fpcNm_METER2_e (790) profile=0x7acab6f430 procSize=1504 unkSize=0
[DEBUG | dusk] fpcSCtRq_phase_CreateProcess: fpcBs_Create OK proc=0xb400007a03754ff0
[DEBUG | dusk] Loading Resource: demo01_fwood_cut08_gp_1_o.bck (Size: 5472)
[DEBUG | dusk] Loading Resource: demo01_grein_cut08_gp_1_o.bck (Size: 16640)
[DEBUG | dusk] Loading Resource: demo01_horse_cut08_bd_1_o.bck (Size: 20032)
[DEBUG | dusk] Loading Resource: demo01_link_cut01_bd_1_l.bck (Size: 5600)
[DEBUG | dusk] Loading Resource: demo01_link_cut02_bd_1_o.bck (Size: 6368)
[DEBUG | dusk] Loading Resource: demo01_link_cut02_fc_1_o.bck (Size: 2240)
[DEBUG | dusk] Loading Resource: demo01_link_cut03_bd_1_l.bck (Size: 4512)
[DEBUG | dusk] Loading Resource: demo01_link_cut03_bd_2_o.bck (Size: 12224)
[DEBUG | dusk] Loading Resource: demo01_link_cut03_fc_1_l.bck (Size: 1248)
[DEBUG | dusk] Loading Resource: demo01_link_cut03_fc_2_o.bck (Size: 1920)
[DEBUG | dusk] Loading Resource: demo01_link_cut05_bd_1_o.bck (Size: 5184)
[DEBUG | dusk] Loading Resource: demo01_link_cut05_fc_1_o.bck (Size: 1696)
[DEBUG | dusk] Loading Resource: demo01_link_cut06_bd_1_l.bck (Size: 5600)
[DEBUG | dusk] Loading Resource: demo01_link_cut07_bd_1_o.bck (Size: 7424)
[DEBUG | dusk] Loading Resource: demo01_link_cut07_bd_2_o.bck (Size: 50272)
[DEBUG | dusk] Loading Resource: demo01_link_cut07_fc_1_o.bck (Size: 1792)
[DEBUG | dusk] Loading Resource: demo01_link_cut07_fc_2_o.bck (Size: 2624)
[DEBUG | dusk] Loading Resource: demo01_link_cut08_bd_1_o.bck (Size: 22144)
[DEBUG | dusk] Loading Resource: demo01_moi_cut01_gp_1_l.bck (Size: 6304)
[DEBUG | dusk] Loading Resource: demo01_moi_cut02_gp_1_o.bck (Size: 23680)
[DEBUG | dusk] Loading Resource: demo01_moi_cut04_gp_1_o.bck (Size: 20736)
[DEBUG | dusk] Loading Resource: demo01_moi_cut06_gp_1_l.bck (Size: 6304)
[DEBUG | dusk] Loading Resource: demo01_moi_cut07_gp_1_o.bck (Size: 26272)
[DEBUG | dusk] Loading Resource: demo01_moi_cut07_gp_2_o.bck (Size: 24544)
[DEBUG | dusk] Loading Resource: demo01_moi_cut08_gp_1_o.bck (Size: 28992)
[DEBUG | dusk] Loading Resource: demo01_msaya_cut01_gp_1_l.bck (Size: 544)
[DEBUG | dusk] Loading Resource: demo01_msaya_cut02_gp_1_o.bck (Size: 1504)
[DEBUG | dusk] Loading Resource: demo01_msaya_cut04_gp_1_o.bck (Size: 1312)
[DEBUG | dusk] Loading Resource: demo01_msaya_cut06_gp_1_l.bck (Size: 544)
[DEBUG | dusk] Loading Resource: demo01_msaya_cut07_gp_1_o.bck (Size: 2944)
[DEBUG | dusk] Loading Resource: demo01_msaya_cut07_gp_2_o.bck (Size: 3296)
[DEBUG | dusk] Loading Resource: demo01_msaya_cut08_gp_1_o.bck (Size: 4352)
[DEBUG | dusk] Loading Resource: demo00_link_cut00_hd_tmp.bck (Size: 1824)
[DEBUG | dusk] Loading Resource: demo01_link_cut07_hd_1_o.bck (Size: 1824)
[DEBUG | dusk] Loading Resource: demo01_link_cut07_hd_2_o.bck (Size: 1440)
[DEBUG | dusk] Loading Resource: demo01_link_cut02_fc_1_o.btk (Size: 416)
[DEBUG | dusk] Loading Resource: demo01_link_cut03_fc_1_l.btk (Size: 384)
[DEBUG | dusk] Loading Resource: demo01_link_cut03_fc_2_o.btk (Size: 544)
[DEBUG | dusk] Loading Resource: demo01_link_cut05_fc_1_o.btk (Size: 352)
[DEBUG | dusk] Loading Resource: demo01_link_cut07_fc_1_o.btk (Size: 416)
[DEBUG | dusk] Loading Resource: demo01_link_cut07_fc_2_o.btk (Size: 608)
[DEBUG | dusk] Loading Resource: demo01_moi_cut02_gp_1_o.btk (Size: 352)
[DEBUG | dusk] Loading Resource: demo01_moi_cut04_gp_1_o.btk (Size: 384)
[DEBUG | dusk] Loading Resource: demo01_moi_cut07_gp_1_o.btk (Size: 320)
[DEBUG | dusk] Loading Resource: demo01_moi_cut07_gp_2_o.btk (Size: 256)
[DEBUG | dusk] Loading Resource: demo01_link_cut02_fc_1_o.btp (Size: 928)
[DEBUG | dusk] Loading Resource: demo01_link_cut03_fc_1_l.btp (Size: 416)
[DEBUG | dusk] Loading Resource: demo01_link_cut03_fc_2_o.btp (Size: 864)
[DEBUG | dusk] Loading Resource: demo01_link_cut05_fc_1_o.btp (Size: 480)
[DEBUG | dusk] Loading Resource: demo01_link_cut07_fc_1_o.btp (Size: 896)
[DEBUG | dusk] Loading Resource: demo01_link_cut07_fc_2_o.btp (Size: 928)
[DEBUG | dusk] Loading Resource: demo01_moi_cut02_gp_1_o.btp (Size: 512)
[DEBUG | dusk] Loading Resource: demo01_moi_cut04_gp_1_o.btp (Size: 448)
[DEBUG | dusk] Loading Resource: demo01_moi_cut07_gp_1_o.btp (Size: 480)
[DEBUG | dusk] Loading Resource: demo01_moi_cut07_gp_2_o.btp (Size: 512)
[DEBUG | dusk] Loading Resource: demo01_fwood_cut00_gp_1.bmd (Size: 86720)
[DEBUG | dusk] Loading Resource: demo01_moi_cut00_gp_1.bmd (Size: 136384)
[DEBUG | dusk] Loading Resource: demo01_grein_cut00_gp_1.bmd (Size: 8480)
[DEBUG | dusk] Loading Resource: demo01_msaya_cut00_gp_1.bmd (Size: 17696)
[DEBUG | dusk] Loading Resource: demo01_01.stb (Size: 10352)
[DEBUG | dusk] [DIAG] fpcSCtRq_phase_Load: procName=788 ret=4
[DEBUG | dusk] fpcSCtRq_phase_CreateProcess: procName=788
[DEBUG | dusk] fpcBs_Create: pid=91 profname=fpcNm_MENUWINDOW_e (788) profile=0x7acab6ee20 procSize=592 unkSize=0
[DEBUG | dusk] fpcSCtRq_phase_CreateProcess: fpcBs_Create OK proc=0xb400007a037468c0
[DEBUG | dusk] [DIAG] fpcSCtRq_phase_Load: procName=787 ret=4
[DEBUG | dusk] fpcSCtRq_phase_CreateProcess: procName=787
[DEBUG | dusk] fpcBs_Create: pid=92 profname=fpcNm_MSG_OBJECT_e (787) profile=0x7acab6fa98 procSize=1512 unkSize=0
[DEBUG | dusk] fpcSCtRq_phase_CreateProcess: fpcBs_Create OK proc=0xb400007a037462b8
[DEBUG | dusk] [DIAG] fpcSCtRq_phase_Load: procName=732 ret=4
[DEBUG | dusk] fpcSCtRq_phase_CreateProcess: procName=732
[DEBUG | dusk] fpcBs_Create: pid=93 profname=fpcNm_BG_e (732) profile=0x7acab753f8 procSize=1904 unkSize=0
[DEBUG | dusk] fpcSCtRq_phase_CreateProcess: fpcBs_Create OK proc=0xb400007a03745b28
[DEBUG | dusk] [DIAG] fpcSCtRq_phase_Load: procName=696 ret=4
[DEBUG | dusk] fpcSCtRq_phase_CreateProcess: procName=696
[DEBUG | dusk] fpcBs_Create: pid=94 profname=fpcNm_KYTAG14_e (696) profile=0x7acab79e28 procSize=1640 unkSize=0
[DEBUG | dusk] fpcSCtRq_phase_CreateProcess: fpcBs_Create OK proc=0xb400007a037454a0
[DEBUG | dusk] [DIAG] fpcSCtRq_phase_Load: procName=784 ret=4
[DEBUG | dusk] fpcSCtRq_phase_CreateProcess: procName=784
[DEBUG | dusk] fpcBs_Create: pid=95 profname=fpcNm_GRASS_e (784) profile=0x7acab79ae8 procSize=1640 unkSize=0
[DEBUG | dusk] fpcSCtRq_phase_CreateProcess: fpcBs_Create OK proc=0xb400007a03744e18
[DEBUG | dusk] [DIAG] fpcSCtRq_phase_Load: procName=784 ret=4
[DEBUG | dusk] fpcSCtRq_phase_CreateProcess: procName=784
[DEBUG | dusk] fpcBs_Create: pid=96 profname=fpcNm_GRASS_e (784) profile=0x7acab79ae8 procSize=1640 unkSize=0
[DEBUG | dusk] fpcSCtRq_phase_CreateProcess: fpcBs_Create OK proc=0xb400007a03744790
[DEBUG | dusk] [DIAG] fpcSCtRq_phase_Load: procName=784 ret=4
[DEBUG | dusk] fpcSCtRq_phase_CreateProcess: procName=784
[DEBUG | dusk] fpcBs_Create: pid=97 profname=fpcNm_GRASS_e (784) profile=0x7acab79ae8 procSize=1640 unkSize=0
[DEBUG | dusk] fpcSCtRq_phase_CreateProcess: fpcBs_Create OK proc=0xb400007a03744108
[DEBUG | dusk] [DIAG] fpcSCtRq_phase_Load: procName=784 ret=4
[DEBUG | dusk] fpcSCtRq_phase_CreateProcess: procName=784
[DEBUG | dusk] fpcBs_Create: pid=98 profname=fpcNm_GRASS_e (784) profile=0x7acab79ae8 procSize=1640 unkSize=0
[DEBUG | dusk] fpcSCtRq_phase_CreateProcess: fpcBs_Create OK proc=0xb400007a03743a80
[DEBUG | dusk] [DIAG] fpcSCtRq_phase_Load: procName=83 ret=4
[DEBUG | dusk] fpcSCtRq_phase_CreateProcess: procName=83
[DEBUG | dusk] fpcBs_Create: pid=99 profname=fpcNm_Obj_Digpl_e (83) profile=0x7acab7c7f8 procSize=1712 unkSize=0
[DEBUG | dusk] fpcSCtRq_phase_CreateProcess: fpcBs_Create OK proc=0xb400007a037433b0
[DEBUG | dusk] [DIAG] fpcSCtRq_phase_Load: procName=696 ret=4
[DEBUG | dusk] fpcSCtRq_phase_CreateProcess: procName=696
[DEBUG | dusk] fpcBs_Create: pid=100 profname=fpcNm_KYTAG14_e (696) profile=0x7acab79e28 procSize=1640 unkSize=0
[DEBUG | dusk] fpcSCtRq_phase_CreateProcess: fpcBs_Create OK proc=0xb400007a03742d28
[DEBUG | dusk] [DIAG] fpcSCtRq_phase_Load: procName=719 ret=4
[DEBUG | dusk] fpcSCtRq_phase_CreateProcess: procName=719
[DEBUG | dusk] fpcBs_Create: pid=101 profname=fpcNm_TAG_CAMERA_e (719) profile=0x7acab77260 procSize=1672 unkSize=0
[DEBUG | dusk] fpcSCtRq_phase_CreateProcess: fpcBs_Create OK proc=0xb400007a03742680
[DEBUG | dusk] [DIAG] fpcSCtRq_phase_Load: procName=721 ret=4
[DEBUG | dusk] fpcSCtRq_phase_CreateProcess: procName=721
[DEBUG | dusk] fpcBs_Create: pid=102 profname=fpcNm_TAG_EVENT_e (721) profile=0x7acab77480 procSize=1640 unkSize=0
[DEBUG | dusk] fpcSCtRq_phase_CreateProcess: fpcBs_Create OK proc=0xb400007a03741ff8
[DEBUG | dusk] [DIAG] fpcSCtRq_phase_Load: procName=549 ret=4
[DEBUG | dusk] fpcSCtRq_phase_CreateProcess: procName=549
[DEBUG | dusk] fpcBs_Create: pid=103 profname=fpcNm_SWC00_e (549) profile=0x7acab7e4d0 procSize=1664 unkSize=0
[DEBUG | dusk] fpcSCtRq_phase_CreateProcess: fpcBs_Create OK proc=0xb400007a03741958
[DEBUG | dusk] [DIAG] fpcSCtRq_phase_Load: procName=549 ret=4
[DEBUG | dusk] fpcSCtRq_phase_CreateProcess: procName=549
[DEBUG | dusk] fpcBs_Create: pid=104 profname=fpcNm_SWC00_e (549) profile=0x7acab7e4d0 procSize=1664 unkSize=0
[DEBUG | dusk] fpcSCtRq_phase_CreateProcess: fpcBs_Create OK proc=0xb400007a037412b8
[DEBUG | dusk] [DIAG] fpcSCtRq_phase_Load: procName=549 ret=4
[DEBUG | dusk] fpcSCtRq_phase_CreateProcess: procName=549
[DEBUG | dusk] fpcBs_Create: pid=105 profname=fpcNm_SWC00_e (549) profile=0x7acab7e4d0 procSize=1664 unkSize=0
[DEBUG | dusk] fpcSCtRq_phase_CreateProcess: fpcBs_Create OK proc=0xb400007a03740c18
[DEBUG | dusk] [DIAG] fpcSCtRq_phase_Load: procName=426 ret=4
[DEBUG | dusk] fpcSCtRq_phase_CreateProcess: procName=426
[DEBUG | dusk] fpcBs_Create: pid=106 profname=fpcNm_Tag_AttackItem_e (426) profile=0x7acab7e730 procSize=2200 unkSize=0
[DEBUG | dusk] fpcSCtRq_phase_CreateProcess: fpcBs_Create OK proc=0xb400007a03740360
[DEBUG | dusk] [DIAG] fpcSCtRq_phase_Load: procName=238 ret=4
[DEBUG | dusk] fpcSCtRq_phase_CreateProcess: procName=238
[DEBUG | dusk] fpcBs_Create: pid=107 profname=fpcNm_HORSE_e (238) profile=0x7acab85d10 procSize=8464 unkSize=0
[DEBUG | dusk] fpcSCtRq_phase_CreateProcess: fpcBs_Create OK proc=0xb400007a0373e230
[DEBUG | dusk] [DIAG] fpcSCtRq_phase_Load: procName=732 ret=4
[DEBUG | dusk] fpcSCtRq_phase_CreateProcess: procName=732
[DEBUG | dusk] fpcBs_Create: pid=108 profname=fpcNm_BG_e (732) profile=0x7acab753f8 procSize=1904 unkSize=0
[DEBUG | dusk] fpcSCtRq_phase_CreateProcess: fpcBs_Create OK proc=0xb400007a03747ed8
[DEBUG | dusk] [DIAG] fpcSCtRq_phase_Load: procName=696 ret=4
[DEBUG | dusk] fpcSCtRq_phase_CreateProcess: procName=696
[DEBUG | dusk] fpcBs_Create: pid=109 profname=fpcNm_KYTAG14_e (696) profile=0x7acab79e28 procSize=1640 unkSize=0
[DEBUG | dusk] fpcSCtRq_phase_CreateProcess: fpcBs_Create OK proc=0xb400007a0373dba8
[DEBUG | dusk] [DIAG] fpcSCtRq_phase_Load: procName=696 ret=4
[DEBUG | dusk] fpcSCtRq_phase_CreateProcess: procName=696
[DEBUG | dusk] fpcBs_Create: pid=110 profname=fpcNm_KYTAG14_e (696) profile=0x7acab79e28 procSize=1640 unkSize=0
[DEBUG | dusk] fpcSCtRq_phase_CreateProcess: fpcBs_Create OK proc=0xb400007a0373d520
[DEBUG | dusk] [DIAG] fpcSCtRq_phase_Load: procName=83 ret=4
[DEBUG | dusk] fpcSCtRq_phase_CreateProcess: procName=83
[DEBUG | dusk] fpcBs_Create: pid=111 profname=fpcNm_Obj_Digpl_e (83) profile=0x7acab7c7f8 procSize=1712 unkSize=0
[DEBUG | dusk] fpcSCtRq_phase_CreateProcess: fpcBs_Create OK proc=0xb400007a0373ce50
[DEBUG | dusk] [DIAG] fpcSCtRq_phase_Load: procName=549 ret=4
[DEBUG | dusk] fpcSCtRq_phase_CreateProcess: procName=549
[DEBUG | dusk] fpcBs_Create: pid=112 profname=fpcNm_SWC00_e (549) profile=0x7acab7e4d0 procSize=1664 unkSize=0
[DEBUG | dusk] fpcSCtRq_phase_CreateProcess: fpcBs_Create OK proc=0xb400007a0373c7b0
[DEBUG | dusk] [DIAG] fpcSCtRq_phase_Load: procName=705 ret=4
[DEBUG | dusk] fpcSCtRq_phase_CreateProcess: procName=705
[DEBUG | dusk] fpcBs_Create: pid=113 profname=fpcNm_Tag_Mhint_e (705) profile=0x7acab7ed30 procSize=1768 unkSize=0
[DEBUG | dusk] fpcSCtRq_phase_CreateProcess: fpcBs_Create OK proc=0xb400007a0373c0a8
[DEBUG | dusk] [DIAG] fpcSCtRq_phase_Load: procName=719 ret=4
[DEBUG | dusk] fpcSCtRq_phase_CreateProcess: procName=719
[DEBUG | dusk] fpcBs_Create: pid=114 profname=fpcNm_TAG_CAMERA_e (719) profile=0x7acab77260 procSize=1672 unkSize=0
[DEBUG | dusk] fpcSCtRq_phase_CreateProcess: fpcBs_Create OK proc=0xb400007a0374761c
[DEBUG | dusk] [DIAG] fpcSCtRq_phase_Load: procName=706 ret=4
[DEBUG | dusk] fpcSCtRq_phase_CreateProcess: procName=706
[DEBUG | dusk] fpcBs_Create: pid=115 profname=fpcNm_Tag_Mmsg_e (706) profile=0x7acabae6e8 procSize=1648 unkSize=0
[DEBUG | dusk] fpcSCtRq_phase_CreateProcess: fpcBs_Create OK proc=0xb400007a0373ba18
[DEBUG | dusk] [DIAG] fpcSCtRq_phase_Load: procName=705 ret=4
[DEBUG | dusk] fpcSCtRq_phase_CreateProcess: procName=705
[DEBUG | dusk] fpcBs_Create: pid=116 profname=fpcNm_Tag_Mhint_e (705) profile=0x7acab7ed30 procSize=1768 unkSize=0
[DEBUG | dusk] fpcSCtRq_phase_CreateProcess: fpcBs_Create OK proc=0xb400007a0373b310
[DEBUG | dusk] [DIAG] fpcSCtRq_phase_Load: procName=732 ret=4
[DEBUG | dusk] fpcSCtRq_phase_CreateProcess: procName=732
[DEBUG | dusk] fpcBs_Create: pid=117 profname=fpcNm_BG_e (732) profile=0x7acab753f8 procSize=1904 unkSize=0
[DEBUG | dusk] fpcSCtRq_phase_CreateProcess: fpcBs_Create OK proc=0xb400007a0373ab80
[DEBUG | dusk] [DIAG] fpcSCtRq_phase_Load: procName=83 ret=4
[DEBUG | dusk] fpcSCtRq_phase_CreateProcess: procName=83
[DEBUG | dusk] fpcBs_Create: pid=118 profname=fpcNm_Obj_Digpl_e (83) profile=0x7acab7c7f8 procSize=1712 unkSize=0
[DEBUG | dusk] fpcSCtRq_phase_CreateProcess: fpcBs_Create OK proc=0xb400007a0373a4b0
[DEBUG | dusk] [DIAG] fpcSCtRq_phase_Load: procName=543 ret=4
[DEBUG | dusk] fpcSCtRq_phase_CreateProcess: procName=543
[DEBUG | dusk] fpcBs_Create: pid=119 profname=fpcNm_Obj_Drop_e (543) profile=0x7acab9a7e8 procSize=3616 unkSize=0
[DEBUG | dusk] fpcSCtRq_phase_CreateProcess: fpcBs_Create OK proc=0xb400007a03739670
[DEBUG | dusk] [DIAG] fpcSCtRq_phase_Load: procName=543 ret=4
[DEBUG | dusk] fpcSCtRq_phase_CreateProcess: procName=543
[DEBUG | dusk] fpcBs_Create: pid=120 profname=fpcNm_Obj_Drop_e (543) profile=0x7acab9a7e8 procSize=3616 unkSize=0
[DEBUG | dusk] fpcSCtRq_phase_CreateProcess: fpcBs_Create OK proc=0xb400007a03738830
[DEBUG | dusk] [DIAG] fpcSCtRq_phase_Load: procName=719 ret=4
[DEBUG | dusk] fpcSCtRq_phase_CreateProcess: procName=719
[DEBUG | dusk] fpcBs_Create: pid=121 profname=fpcNm_TAG_CAMERA_e (719) profile=0x7acab77260 procSize=1672 unkSize=0
[DEBUG | dusk] fpcSCtRq_phase_CreateProcess: fpcBs_Create OK proc=0xb400007a03746f74
[DEBUG | dusk] [DIAG] fpcSCtRq_phase_Load: procName=719 ret=4
[DEBUG | dusk] fpcSCtRq_phase_CreateProcess: procName=719
[DEBUG | dusk] fpcBs_Create: pid=122 profname=fpcNm_TAG_CAMERA_e (719) profile=0x7acab77260 procSize=1672 unkSize=0
[DEBUG | dusk] fpcSCtRq_phase_CreateProcess: fpcBs_Create OK proc=0xb400007a03738188
[DEBUG | dusk] Loading Resource: al_kantera.bmd (Size: 21024)
[DEBUG | dusk] Loading Resource: ef_ktglow.bmd (Size: 3040)
[DEBUG | dusk] Loading Resource: al_bootsh.bmd (Size: 22048)
[DEBUG | dusk] Loading Resource: al_face.bmd (Size: 72576)
[DEBUG | dusk] Loading Resource: al_swb.bmd (Size: 23552)
[DEBUG | dusk] Loading Resource: bl.bmd (Size: 165088)
[DEBUG | dusk] Loading Resource: bl_hands.bmd (Size: 63744)
[DEBUG | dusk] Loading Resource: bl_head.bmd (Size: 33568)
[DEBUG | dusk] Loading Resource: ef_ktglow.btk (Size: 512)
[DEBUG | dusk] Loading Resource: hs_back_walk.bck (Size: 5536)
[DEBUG | dusk] Loading Resource: hs_back_walk_start.bck (Size: 6304)
[DEBUG | dusk] Loading Resource: hs_excitement.bck (Size: 11968)
[DEBUG | dusk] Loading Resource: hs_excitement_2.bck (Size: 14144)
[DEBUG | dusk] Loading Resource: hs_jump_end.bck (Size: 5344)
[DEBUG | dusk] Loading Resource: hs_jump_middle.bck (Size: 4640)
[DEBUG | dusk] Loading Resource: hs_jump_start.bck (Size: 4832)
[DEBUG | dusk] Loading Resource: hs_jump_start_clift.bck (Size: 5248)
[DEBUG | dusk] Loading Resource: hs_lash.bck (Size: 3200)
[DEBUG | dusk] Loading Resource: hs_neck_waitback_left.bck (Size: 2880)
[DEBUG | dusk] Loading Resource: hs_neck_waitback_right.bck (Size: 2848)
[DEBUG | dusk] Loading Resource: hs_run_dash.bck (Size: 7680)
[DEBUG | dusk] Loading Resource: hs_run_fast.bck (Size: 6688)
[DEBUG | dusk] Loading Resource: hs_run_slow.bck (Size: 7712)
[DEBUG | dusk] Loading Resource: hs_stand.bck (Size: 17984)
[DEBUG | dusk] Loading Resource: hs_stop_slow.bck (Size: 14208)
[DEBUG | dusk] Loading Resource: hs_stop_stand.bck (Size: 16352)
[DEBUG | dusk] Loading Resource: hs_turn_left.bck (Size: 9632)
[DEBUG | dusk] Loading Resource: hs_turn_left_start.bck (Size: 5248)
[DEBUG | dusk] Loading Resource: hs_turn_right.bck (Size: 9472)
[DEBUG | dusk] Loading Resource: hs_turn_right_start.bck (Size: 5344)
[DEBUG | dusk] Loading Resource: hs_wait_01.bck (Size: 4768)
[DEBUG | dusk] Loading Resource: hs_wait_01b.bck (Size: 4672)
[DEBUG | dusk] Loading Resource: hs_wait_01b_connect.bck (Size: 4672)
[DEBUG | dusk] Loading Resource: hs_wait_02.bck (Size: 8928)
[DEBUG | dusk] Loading Resource: hs_wait_03.bck (Size: 7552)
[DEBUG | dusk] Loading Resource: hs_wait_04.bck (Size: 12640)
[DEBUG | dusk] Loading Resource: hs_wait_05.bck (Size: 10528)
[DEBUG | dusk] Loading Resource: hs_walk_fast.bck (Size: 5792)
[DEBUG | dusk] Loading Resource: hs_walk_slow.bck (Size: 5600)
[DEBUG | dusk] Loading Resource: hs.bmd (Size: 131264)
[DEBUG | dusk] Loading Resource: hs_eye.btp (Size: 128)
[DEBUG | dusk] Loading Resource: tazuna.bti (Size: 160)
[INFO | dev.baxlek.zelda_on_epona] cutscene diagnostics: event='NO DATA' demoArc='Demo01_01' cutName='' demoStaffId=-1 room=1 layer=13 horseDemoMode=false titleScreen=false storyHoZeldaActive=false inScriptedCutscene=false alwaysHiddenCutscene=false showInCutscenesToggle=true hideSpawnedZelda=false hasSpawnedZelda=true
[DEBUG | dusk] [DIAG] fpcSCtRq_phase_Load: procName=548 ret=4
[DEBUG | dusk] fpcSCtRq_phase_CreateProcess: procName=548
[DEBUG | dusk] fpcBs_Create: pid=123 profname=fpcNm_HOZELDA_e (548) profile=0x7acab85e40 procSize=2368 unkSize=0
[DEBUG | dusk] fpcSCtRq_phase_CreateProcess: fpcBs_Create OK proc=0xb400007a037444b8
[DEBUG | dusk] Loading Resource: al_shb.bmd (Size: 15040)
[DEBUG | dusk] Loading Resource: zelh_aldieh.bck (Size: 6240)
[DEBUG | dusk] Loading Resource: zelh_arelordh.bck (Size: 9280)
[DEBUG | dusk] Loading Resource: zelh_ashooth.bck (Size: 5216)
[DEBUG | dusk] Loading Resource: zelh_atbh.bck (Size: 4064)
[DEBUG | dusk] Loading Resource: zelh_barelordh.bck (Size: 1216)
[DEBUG | dusk] Loading Resource: zelh_bashooth.bck (Size: 1952)
[DEBUG | dusk] Loading Resource: zelh_damh.bck (Size: 4864)
[DEBUG | dusk] Loading Resource: zelh_dashh.bck (Size: 6976)
[DEBUG | dusk] Loading Resource: zelh_dstarth.bck (Size: 7584)
[DEBUG | dusk] Loading Resource: zelh_egnd_wh.bck (Size: 6048)
[DEBUG | dusk] Loading Resource: zelh_egnd_whb.bck (Size: 5344)
[DEBUG | dusk] Loading Resource: zelh_jumph.bck (Size: 5600)
[DEBUG | dusk] Loading Resource: zelh_jumphed.bck (Size: 5568)
[DEBUG | dusk] Loading Resource: zelh_jumphst.bck (Size: 4896)
[DEBUG | dusk] Loading Resource: zelh_numbh.bck (Size: 4704)
[DEBUG | dusk] Loading Resource: zelh_standh.bck (Size: 10624)
[DEBUG | dusk] Loading Resource: zelh_standhwc.bck (Size: 14176)
[DEBUG | dusk] Loading Resource: zelh_stoph.bck (Size: 8064)
[DEBUG | dusk] Loading Resource: zelh_stoptostandh.bck (Size: 11648)
[DEBUG | dusk] Loading Resource: zelh_waitbh.bck (Size: 6656)
[DEBUG | dusk] Loading Resource: zelh_waitch.bck (Size: 5184)
[DEBUG | dusk] Loading Resource: zelh_waith.bck (Size: 5216)
[DEBUG | dusk] Loading Resource: o_zg_arow.bmd (Size: 9312)
[DEBUG | dusk] Loading Resource: o_zg_bow.bmd (Size: 17120)
[DEBUG | dusk] Loading Resource: zelh.bmd (Size: 240768)
[DEBUG | dusk] Loading Resource: zelh_fa.btk (Size: 352)
[DEBUG | dusk] Loading Resource: zelh_faldieh.btk (Size: 992)
[DEBUG | dusk] Loading Resource: zelh_fegnd_wh.btk (Size: 352)
[DEBUG | dusk] Loading Resource: zelh_fa.btp (Size: 128)
[DEBUG | dusk] Loading Resource: zelh_faldieh.btp (Size: 864)
[DEBUG | dusk] Loading Resource: zelh_fb.btp (Size: 128)
[DEBUG | dusk] Loading Resource: zelh_fc.btp (Size: 128)
[DEBUG | dusk] Loading Resource: zelh_fmaba01.btp (Size: 160)
[DEBUG | dusk] [DIAG] fpcSCtRq_phase_Load: procName=255 ret=4
[DEBUG | dusk] fpcSCtRq_phase_CreateProcess: procName=255
[DEBUG | dusk] fpcBs_Create: pid=124 profname=fpcNm_MIDNA_e (255) profile=0x7acab78698 procSize=3360 unkSize=0
[DEBUG | dusk] fpcSCtRq_phase_CreateProcess: fpcBs_Create OK proc=0xb400007a03737448
[DEBUG | dusk] Loading Resource: s_md_hands.bmd (Size: 19776)
[DEBUG | dusk] Loading Resource: s_md_mask.bmd (Size: 15424)
[DEBUG | dusk] Loading Resource: s_md_gokou.bmd (Size: 3008)
[DEBUG | dusk] Loading Resource: s_md.bmd (Size: 69984)
[DEBUG | dusk] Loading Resource: s_md_hair_hand.bmd (Size: 18944)
[DEBUG | dusk] Loading Resource: s_md_appear.brk (Size: 352)
[DEBUG | dusk] Loading Resource: s_md_gokou_appear.brk (Size: 256)
[DEBUG | dusk] Loading Resource: s_md_hair_hand_appear.brk (Size: 288)
[DEBUG | dusk] Loading Resource: s_md_mask_appear.brk (Size: 256)
[DEBUG | dusk] Loading Resource: s_md_hair_hand_moya.btk (Size: 544)
[DEBUG | dusk] Loading Resource: s_md_hands_moya.btk (Size: 608)
[DEBUG | dusk] Loading Resource: s_md_mask_moya.btk (Size: 320)
[DEBUG | dusk] Loading Resource: s_md_moya.btk (Size: 512)
[DEBUG | dev.twilitrealm.cosmetics] Loaded base texture data for al_bootsH. size: 2000 hash: C9F8C58AA332C5E6
[DEBUG | dev.twilitrealm.cosmetics] Loaded base texture data for al_SWB. size: 4000 hash: 1071499E19799A7D
[DEBUG | dev.twilitrealm.cosmetics] Loaded base texture data for bl_hair. size: 4000 hash: 582A10908B80C70E
[DEBUG | dusk] fpcBs_Create: pid=126 profname=fpcNm_DEMO00_e (718) profile=0x7acab78470 procSize=11112 unkSize=0
[DEBUG | dusk] fpcBs_Create: pid=128 profname=fpcNm_DEMO00_e (718) profile=0x7acab78470 procSize=11112 unkSize=0
[DEBUG | dusk] fpcBs_Create: pid=130 profname=fpcNm_DEMO00_e (718) profile=0x7acab78470 procSize=11112 unkSize=0
[DEBUG | dusk] fpcBs_Create: pid=132 profname=fpcNm_DEMO00_e (718) profile=0x7acab78470 procSize=11112 unkSize=0
[DEBUG | dusk] fpcBs_Create: pid=134 profname=fpcNm_DEMO00_e (718) profile=0x7acab78470 procSize=11112 unkSize=0
[DEBUG | dusk] fpcBs_Create: pid=136 profname=fpcNm_DEMO00_e (718) profile=0x7acab78470 procSize=11112 unkSize=0
[DEBUG | dusk] fpcBs_Create: pid=138 profname=fpcNm_DEMO00_e (718) profile=0x7acab78470 procSize=11112 unkSize=0
[DEBUG | dusk] fpcBs_Create: pid=140 profname=fpcNm_DEMO00_e (718) profile=0x7acab78470 procSize=11112 unkSize=0
[DEBUG | dusk] fpcBs_Create: pid=142 profname=fpcNm_DEMO00_e (718) profile=0x7acab78470 procSize=11112 unkSize=0
[DEBUG | dusk] fopScnM_CreateReq: procName=18 fade=32767
[DEBUG | dusk] fopScnM_CreateReq: result=8 (error=4294967295)
[DEBUG | dusk] frameInterp: onTypeChange 41 -> 40 (event_type_id=40, leaving_event=false, entering_event=true)
[DEBUG | dusk] frameInterp: presentation sync not requested for ZEV event [STBWAIT] (staff idx 5)
[DEBUG | dusk] fpcNdRq_phase_Create: name=18 layer=0xb400007a03756d28
[DEBUG | dusk] fpcNdRq_phase_Create: creating_id=143 (error=4294967295)
[INFO | dev.baxlek.zelda_on_epona] cutscene diagnostics: event='demo01_01' demoArc='Demo01_01' cutName='' demoStaffId=-1 room=1 layer=13 horseDemoMode=true titleScreen=false storyHoZeldaActive=false inScriptedCutscene=true alwaysHiddenCutscene=true showInCutscenesToggle=true hideSpawnedZelda=true hasSpawnedZelda=true
[DEBUG | dusk] [DIAG] fpcSCtRq_phase_Load: procName=18 ret=4
[DEBUG | dusk] fpcSCtRq_phase_CreateProcess: procName=18
[DEBUG | dusk] fpcBs_Create: pid=143 profname=fpcNm_ROOM_SCENE_e (18) profile=0x7acab72388 procSize=912 unkSize=0
[DEBUG | dusk] fpcSCtRq_phase_CreateProcess: fpcBs_Create OK proc=0xb400007a0371e030
[DEBUG | dusk] Loading Resource: model.bmd (Size: 107712)
[DEBUG | dusk] Loading Resource: model2.bmd (Size: 3200)
[DEBUG | dusk] Loading Resource: model2.btk (Size: 352)
[DEBUG | dusk] Loading Resource: room.dzr (Size: 11072)
[DEBUG | dusk] Loading Resource: event_list.dat (Size: 1968)
[DEBUG | dusk] Loading Resource: sandaru.stb (Size: 600)
[DEBUG | dusk] Loading Resource: room.kcl (Size: 74766)
[DEBUG | dusk] Loading Resource: room.plc (Size: 160)
[DEBUG | dusk] fopScnM_CreateReq: procName=18 fade=32767
[DEBUG | dusk] fopScnM_CreateReq: result=9 (error=4294967295)
[DEBUG | dusk] fpcNdRq_phase_Create: name=18 layer=0xb400007a03756d28
[DEBUG | dusk] fpcNdRq_phase_Create: creating_id=144 (error=4294967295)
[DEBUG | dusk] [DIAG] fpcSCtRq_phase_Load: procName=18 ret=4
[DEBUG | dusk] fpcSCtRq_phase_CreateProcess: procName=18
[DEBUG | dusk] fpcBs_Create: pid=144 profname=fpcNm_ROOM_SCENE_e (18) profile=0x7acab72388 procSize=912 unkSize=0
[DEBUG | dusk] fpcSCtRq_phase_CreateProcess: fpcBs_Create OK proc=0xb400007a0371db80
[DEBUG | dusk] Loading Resource: model.bmd (Size: 398688)
[DEBUG | dusk] Loading Resource: model1.bmd (Size: 24160)
[DEBUG | dusk] Loading Resource: model1.btk (Size: 544)
[DEBUG | dusk] Loading Resource: room.dzr (Size: 9728)
[DEBUG | dusk] Loading Resource: event_list.dat (Size: 1968)
[DEBUG | dusk] Loading Resource: room.kcl (Size: 186220)
[DEBUG | dusk] Loading Resource: room.plc (Size: 288)
[DEBUG | dusk] fopScnM_CreateReq: procName=18 fade=32767
[DEBUG | dusk] fopScnM_CreateReq: result=10 (error=4294967295)
[DEBUG | dusk] fpcNdRq_phase_Create: name=18 layer=0xb400007a03756d28
[DEBUG | dusk] fpcNdRq_phase_Create: creating_id=145 (error=4294967295)
[DEBUG | dusk] [DIAG] fpcSCtRq_phase_Load: procName=18 ret=4
[DEBUG | dusk] fpcSCtRq_phase_CreateProcess: procName=18
[DEBUG | dusk] fpcBs_Create: pid=145 profname=fpcNm_ROOM_SCENE_e (18) profile=0x7acab72388 procSize=912 unkSize=0
[DEBUG | dusk] fpcSCtRq_phase_CreateProcess: fpcBs_Create OK proc=0xb400007a0371d7d0
[DEBUG | dusk] Loading Resource: model.bmd (Size: 91232)
[DEBUG | dusk] Loading Resource: room.dzr (Size: 11520)
[DEBUG | dusk] Loading Resource: event_list.dat (Size: 856)
[DEBUG | dusk] Loading Resource: room.kcl (Size: 121988)
[DEBUG | dusk] Loading Resource: room.plc (Size: 224)
[DEBUG | dusk] fapGm_Execute frame=600
[DEBUG | dusk] fapGm_Execute frame=900
[DEBUG | dusk] fapGm_Execute frame=1200
[DEBUG | dusk] fapGm_Execute frame=1500
[DEBUG | dusk] fapGm_Execute frame=1800
[DEBUG | dusk] fapGm_Execute frame=2100
[DEBUG | dusk] [DIAG] fpcSCtRq_phase_Load: procName=7 ret=4
[DEBUG | dusk] fpcSCtRq_phase_CreateProcess: procName=7
[DEBUG | dusk] fpcBs_Create: pid=146 profname=fpcNm_OVERLAP10_e (7) profile=0x7acab71c98 procSize=384 unkSize=0
[DEBUG | dusk] fpcSCtRq_phase_CreateProcess: fpcBs_Create OK proc=0xb400007a037417b8
[DEBUG | dusk] fpcNdRq_phase_Create: name=11 layer=0x7acada5418
[DEBUG | dusk] fpcNdRq_phase_Create: creating_id=147 (error=4294967295)
[WARNING | dusk::mods::actor] Attempted to delete actor with ID (123) but it doesn't exist!
[DEBUG | dusk] [DIAG] fpcSCtRq_phase_Load: procName=11 ret=4
[DEBUG | dusk] fpcSCtRq_phase_CreateProcess: procName=11
[DEBUG | dusk] fpcBs_Create: pid=147 profname=fpcNm_PLAY_SCENE_e (11) profile=0x7acab72268 procSize=912 unkSize=0
[DEBUG | dusk] fpcSCtRq_phase_CreateProcess: fpcBs_Create OK proc=0xb400007a03756bd0
[DEBUG | dusk] Loading Resource: vrbox_kasumim.bmd (Size: 2272)
[DEBUG | dusk] Loading Resource: vrbox_kumo.bmd (Size: 69664)
[DEBUG | dusk] Loading Resource: vrbox_sora.bmd (Size: 6624)
[DEBUG | dusk] Loading Resource: vrbox_sun.bmd (Size: 12032)
[DEBUG | dusk] Loading Resource: vrbox_sun.btk (Size: 320)
[DEBUG | dusk] Loading Resource: colordata_tbl.dat (Size: 800)
[DEBUG | dusk] Loading Resource: pol_arg.dat (Size: 128)
[DEBUG | dusk] Loading Resource: pol_effcol.dat (Size: 128)
[DEBUG | dusk] Loading Resource: pol_effcol2.dat (Size: 128)
[DEBUG | dusk] Loading Resource: pol_efftbl.dat (Size: 128)
[DEBUG | dusk] Loading Resource: pol_efftbl2.dat (Size: 128)
[DEBUG | dusk] Loading Resource: pol_sound.dat (Size: 128)
[DEBUG | dusk] Loading Resource: stage.dzs (Size: 5984)
[DEBUG | dusk] Loading Resource: event_list.dat (Size: 856)
[DEBUG | dusk] Loading Resource: cloudtx_01.bti (Size: 4128)
[DEBUG | dusk] Loading Resource: cloudtx_02.bti (Size: 4128)
[DEBUG | dusk] Loading Resource: cloudtx_03.bti (Size: 4128)
[DEBUG | dusk] Loading Resource: f_moon.bti (Size: 8224)
[DEBUG | dusk] Loading Resource: f_moon_a.bti (Size: 2080)
[DEBUG | dusk] Loading Resource: f_moon_a_a00.bti (Size: 64)
[DEBUG | dusk] Loading Resource: f_moon_a_a01.bti (Size: 544)
[DEBUG | dusk] Loading Resource: f_moon_a_a02.bti (Size: 544)
[DEBUG | dusk] Loading Resource: f_moon_a_a03.bti (Size: 544)
[DEBUG | dusk] Loading Resource: event_list.dat (Size: 106476)
[DEBUG | dusk] Loading Resource: camstyle.dat (Size: 43328)
[DEBUG | dusk] Loading Resource: camtype.dat (Size: 14560)
[DEBUG | dusk] fopScnM_CreateReq: procName=18 fade=32767
[DEBUG | dusk] fopScnM_CreateReq: result=12 (error=4294967295)
[DEBUG | dusk] fpcBs_Create: pid=151 profname=fpcNm_KANKYO_e (19) profile=0x7acab6ce60 procSize=440 unkSize=0
[DEBUG | dusk] fpcBs_Create: pid=153 profname=fpcNm_KYEFF_e (785) profile=0x7acab6ceb0 procSize=440 unkSize=0
[DEBUG | dusk] fpcBs_Create: pid=155 profname=fpcNm_KYEFF2_e (786) profile=0x7acab6cef0 procSize=440 unkSize=0
[DEBUG | dusk] fpcBs_Create: pid=157 profname=fpcNm_ENVSE_e (21) profile=0x7acab6bf20 procSize=456 unkSize=0
[DEBUG | dusk] fpcNdRq_phase_Create: name=18 layer=0xb400007a03756d28
[DEBUG | dusk] fpcNdRq_phase_Create: creating_id=160 (error=4294967295)
[DEBUG | dusk] [DIAG] fpcSCtRq_phase_Load: procName=781 ret=4
[DEBUG | dusk] fpcSCtRq_phase_CreateProcess: procName=781
[DEBUG | dusk] fpcBs_Create: pid=148 profname=fpcNm_CAMERA_e (781) profile=0x7acab6bd68 procSize=4240 unkSize=0
[DEBUG | dusk] fpcSCtRq_phase_CreateProcess: fpcBs_Create OK proc=0xb400007a037545ac
[DEBUG | dusk] [DIAG] fpcSCtRq_phase_Load: procName=686 ret=4
[DEBUG | dusk] fpcSCtRq_phase_CreateProcess: procName=686
[DEBUG | dusk] fpcBs_Create: pid=149 profname=fpcNm_KYTAG04_e (686) profile=0x7acab75f28 procSize=1784 unkSize=0
[DEBUG | dusk] fpcSCtRq_phase_CreateProcess: fpcBs_Create OK proc=0xb400007a03753e94
[DEBUG | dusk] [DIAG] fpcSCtRq_phase_Load: procName=730 ret=4
[DEBUG | dusk] fpcSCtRq_phase_CreateProcess: procName=730
[DEBUG | dusk] fpcBs_Create: pid=158 profname=fpcNm_VRBOX_e (730) profile=0x7acab78078 procSize=1648 unkSize=0
[DEBUG | dusk] fpcSCtRq_phase_CreateProcess: fpcBs_Create OK proc=0xb400007a03753804
[DEBUG | dusk] [DIAG] fpcSCtRq_phase_Load: procName=731 ret=4
[DEBUG | dusk] fpcSCtRq_phase_CreateProcess: procName=731
[DEBUG | dusk] fpcBs_Create: pid=159 profname=fpcNm_VRBOX2_e (731) profile=0x7acab78130 procSize=1720 unkSize=0
[DEBUG | dusk] fpcSCtRq_phase_CreateProcess: fpcBs_Create OK proc=0xb400007a0375312c
[DEBUG | dusk] [DIAG] fpcSCtRq_phase_Load: procName=18 ret=4
[DEBUG | dusk] fpcSCtRq_phase_CreateProcess: procName=18
[DEBUG | dusk] fpcBs_Create: pid=160 profname=fpcNm_ROOM_SCENE_e (18) profile=0x7acab72388 procSize=912 unkSize=0
[DEBUG | dusk] fpcSCtRq_phase_CreateProcess: fpcBs_Create OK proc=0xb400007a03752d7c
[DEBUG | dusk] Loading Resource: ef_portal.bmd (Size: 60192)
[DEBUG | dusk] Loading Resource: ef_portal_blue_app.brk (Size: 896)
[DEBUG | dusk] Loading Resource: ef_portal_blue_disapp.brk (Size: 896)
[DEBUG | dusk] Loading Resource: ef_portal_red_app.brk (Size: 896)
[DEBUG | dusk] Loading Resource: ef_portal_red_disapp.brk (Size: 896)
[DEBUG | dusk] Loading Resource: ef_portal.btk (Size: 1792)
[DEBUG | dusk] Loading Resource: model.bmd (Size: 1166848)
[DEBUG | dusk] Loading Resource: model1.bmd (Size: 26272)
[DEBUG | dusk] Loading Resource: model2.bmd (Size: 25216)
[DEBUG | dusk] Loading Resource: model.btk (Size: 3360)
[DEBUG | dusk] Loading Resource: model1.btk (Size: 320)
[DEBUG | dusk] Loading Resource: model2.btk (Size: 352)
[DEBUG | dusk] Loading Resource: room.dzr (Size: 12416)
[DEBUG | dusk] Loading Resource: event_list.dat (Size: 15264)
[DEBUG | dusk] Loading Resource: machina01$0.stb (Size: 756)
[DEBUG | dusk] Loading Resource: machina01.stb (Size: 2844)
[DEBUG | dusk] Loading Resource: room.kcl (Size: 511900)
[DEBUG | dusk] Loading Resource: room.plc (Size: 480)
[DEBUG | dusk] Loading Resource: demo01_fwood_cut01_gp_1_o.bck (Size: 13632)
[DEBUG | dusk] Loading Resource: demo01_fwood_cut03_gp_1_o.bck (Size: 1248)
[DEBUG | dusk] Loading Resource: demo01_fwood_cut04_gp_1_o.bck (Size: 13728)
[DEBUG | dusk] Loading Resource: demo01_grein_cut01_gp_1_o.bck (Size: 20832)
[DEBUG | dusk] Loading Resource: demo01_grein_cut04_gp_1_o.bck (Size: 23104)
[DEBUG | dusk] Loading Resource: demo01_horse_cut01_bd_1_o.bck (Size: 36512)
[DEBUG | dusk] Loading Resource: demo01_horse_cut03_bd_1_o.bck (Size: 8992)
[DEBUG | dusk] Loading Resource: demo01_horse_cut04_bd_1_o.bck (Size: 39616)
[DEBUG | dusk] Loading Resource: demo01_link_cut01_bd_1_o.bck (Size: 24960)
[DEBUG | dusk] Loading Resource: demo01_link_cut03_bd_1_o.bck (Size: 12896)
[DEBUG | dusk] Loading Resource: demo01_link_cut04_bd_1_o.bck (Size: 23712)
[DEBUG | dusk] Loading Resource: demo01_link_cut04_fc_1_o.bck (Size: 512)
[DEBUG | dusk] Loading Resource: demo01_moi_cut01_gp_1_o.bck (Size: 26560)
[DEBUG | dusk] Loading Resource: demo01_moi_cut03_gp_1_o.bck (Size: 27808)
[DEBUG | dusk] Loading Resource: demo01_moi_cut04_gp_1_o.bck (Size: 23424)
[DEBUG | dusk] Loading Resource: demo01_fwood_cut02_gp_1_o.bck (Size: 13728)
[DEBUG | dusk] Loading Resource: demo01_grein_cut02_gp_1_o.bck (Size: 23104)
[DEBUG | dusk] Loading Resource: demo01_horse_cut02_bd_1_o.bck (Size: 39616)
[DEBUG | dusk] Loading Resource: demo01_link_cut02_bd_1_o.bck (Size: 23136)
[DEBUG | dusk] Loading Resource: demo01_msaya_cut01_gp_1_o.bck (Size: 2944)
[DEBUG | dusk] Loading Resource: demo01_msaya_cut03_gp_1_o.bck (Size: 2720)
[DEBUG | dusk] Loading Resource: demo01_msaya_cut04_gp_1_o.bck (Size: 2176)
[DEBUG | dusk] Loading Resource: demo01_link_cut04_fc_1_o.btk (Size: 672)
[DEBUG | dusk] Loading Resource: demo01_moi_cut03_gp_1_o.btk (Size: 416)
[DEBUG | dusk] Loading Resource: demo01_moi_cut04_gp_1_o.btk (Size: 448)
[DEBUG | dusk] Loading Resource: demo01_link_cut04_fc_1_o.btp (Size: 1376)
[DEBUG | dusk] Loading Resource: demo01_moi_cut03_gp_1_o.btp (Size: 672)
[DEBUG | dusk] Loading Resource: demo01_moi_cut04_gp_1_o.btp (Size: 736)
[DEBUG | dusk] Loading Resource: demo01_fwood_cut00_gp_1.bmd (Size: 86720)
[DEBUG | dusk] Loading Resource: demo01_grein_cut00_gp_1.bmd (Size: 8480)
[DEBUG | dusk] Loading Resource: demo01_moi_cut00_gp_1.bmd (Size: 136384)
[DEBUG | dusk] Loading Resource: demo01_msaya_cut00_gp_1.bmd (Size: 17696)
[DEBUG | dusk] Loading Resource: demo01_02.stb (Size: 5312)
[DEBUG | dusk] [DIAG] fpcSCtRq_phase_Load: procName=253 ret=4
[DEBUG | dusk] fpcSCtRq_phase_CreateProcess: procName=253
[DEBUG | dusk] fpcBs_Create: pid=161 profname=fpcNm_ALINK_e (253) profile=0x7acab68250 procSize=18784 unkSize=0
[DEBUG | dusk] fpcSCtRq_phase_CreateProcess: fpcBs_Create OK proc=0xb400007a0374af44
[DEBUG | dusk] [DIAG] fpcSCtRq_phase_Load: procName=790 ret=4
[DEBUG | dusk] fpcSCtRq_phase_CreateProcess: procName=790
[DEBUG | dusk] fpcBs_Create: pid=162 profname=fpcNm_METER2_e (790) profile=0x7acab6f430 procSize=1504 unkSize=0
[DEBUG | dusk] fpcSCtRq_phase_CreateProcess: fpcBs_Create OK proc=0xb400007a0374a944
[DEBUG | dusk] [DIAG] fpcSCtRq_phase_Load: procName=732 ret=4
[DEBUG | dusk] fpcSCtRq_phase_CreateProcess: procName=732
[DEBUG | dusk] fpcBs_Create: pid=163 profname=fpcNm_BG_e (732) profile=0x7acab753f8 procSize=1904 unkSize=0
[DEBUG | dusk] fpcSCtRq_phase_CreateProcess: fpcBs_Create OK proc=0xb400007a03749ff4
[DEBUG | dusk] [DIAG] fpcSCtRq_phase_Load: procName=44 ret=4
[DEBUG | dusk] fpcSCtRq_phase_CreateProcess: procName=44
[DEBUG | dusk] fpcBs_Create: pid=164 profname=fpcNm_OBJ_BRG_e (44) profile=0x7acab98e68 procSize=54520 unkSize=0
[DEBUG | dusk] fpcSCtRq_phase_CreateProcess: fpcBs_Create OK proc=0xb400007a037342a0
[DEBUG | dusk] [DIAG] fpcSCtRq_phase_Load: procName=535 ret=4
[DEBUG | dusk] fpcSCtRq_phase_CreateProcess: procName=535
[DEBUG | dusk] fpcBs_Create: pid=165 profname=fpcNm_E_WAP_e (535) profile=0x7acab84da8 procSize=1928 unkSize=0
[DEBUG | dusk] fpcSCtRq_phase_CreateProcess: fpcBs_Create OK proc=0xb400007a0374984c
[DEBUG | dusk] [DIAG] fpcSCtRq_phase_Load: procName=83 ret=4
[DEBUG | dusk] fpcSCtRq_phase_CreateProcess: procName=83
[DEBUG | dusk] fpcBs_Create: pid=166 profname=fpcNm_Obj_Digpl_e (83) profile=0x7acab7c7f8 procSize=1712 unkSize=0
[DEBUG | dusk] fpcSCtRq_phase_CreateProcess: fpcBs_Create OK proc=0xb400007a0374917c
[DEBUG | dusk] [DIAG] fpcSCtRq_phase_Load: procName=765 ret=4
[DEBUG | dusk] fpcSCtRq_phase_CreateProcess: procName=765
[DEBUG | dusk] fpcBs_Create: pid=167 profname=fpcNm_Obj_Stone_e (765) profile=0x7acaba8480 procSize=3192 unkSize=0
[DEBUG | dusk] fpcSCtRq_phase_CreateProcess: fpcBs_Create OK proc=0xb400007a037484e4
[DEBUG | dusk] [DIAG] fpcSCtRq_phase_Load: procName=765 ret=4
[DEBUG | dusk] fpcSCtRq_phase_CreateProcess: procName=765
[DEBUG | dusk] fpcBs_Create: pid=168 profname=fpcNm_Obj_Stone_e (765) profile=0x7acaba8480 procSize=3192 unkSize=0
[DEBUG | dusk] fpcSCtRq_phase_CreateProcess: fpcBs_Create OK proc=0xb400007a0374784c
[DEBUG | dusk] [DIAG] fpcSCtRq_phase_Load: procName=765 ret=4
[DEBUG | dusk] fpcSCtRq_phase_CreateProcess: procName=765
[DEBUG | dusk] fpcBs_Create: pid=169 profname=fpcNm_Obj_Stone_e (765) profile=0x7acaba8480 procSize=3192 unkSize=0
[DEBUG | dusk] fpcSCtRq_phase_CreateProcess: fpcBs_Create OK proc=0xb400007a03746bb4
[DEBUG | dusk] [DIAG] fpcSCtRq_phase_Load: procName=765 ret=4
[DEBUG | dusk] fpcSCtRq_phase_CreateProcess: procName=765
[DEBUG | dusk] fpcBs_Create: pid=170 profname=fpcNm_Obj_Stone_e (765) profile=0x7acaba8480 procSize=3192 unkSize=0
[DEBUG | dusk] fpcSCtRq_phase_CreateProcess: fpcBs_Create OK proc=0xb400007a03745f1c
[DEBUG | dusk] [DIAG] fpcSCtRq_phase_Load: procName=765 ret=4
[DEBUG | dusk] fpcSCtRq_phase_CreateProcess: procName=765
[DEBUG | dusk] fpcBs_Create: pid=171 profname=fpcNm_Obj_Stone_e (765) profile=0x7acaba8480 procSize=3192 unkSize=0
[DEBUG | dusk] fpcSCtRq_phase_CreateProcess: fpcBs_Create OK proc=0xb400007a03745284
[DEBUG | dusk] [DIAG] fpcSCtRq_phase_Load: procName=765 ret=4
[DEBUG | dusk] fpcSCtRq_phase_CreateProcess: procName=765
[DEBUG | dusk] fpcBs_Create: pid=172 profname=fpcNm_Obj_Stone_e (765) profile=0x7acaba8480 procSize=3192 unkSize=0
[DEBUG | dusk] fpcSCtRq_phase_CreateProcess: fpcBs_Create OK proc=0xb400007a037445ec
[DEBUG | dusk] [DIAG] fpcSCtRq_phase_Load: procName=765 ret=4
[DEBUG | dusk] fpcSCtRq_phase_CreateProcess: procName=765
[DEBUG | dusk] fpcBs_Create: pid=173 profname=fpcNm_Obj_Stone_e (765) profile=0x7acaba8480 procSize=3192 unkSize=0
[DEBUG | dusk] fpcSCtRq_phase_CreateProcess: fpcBs_Create OK proc=0xb400007a03733608
[DEBUG | dusk] [DIAG] fpcSCtRq_phase_Load: procName=784 ret=4
[DEBUG | dusk] fpcSCtRq_phase_CreateProcess: procName=784
[DEBUG | dusk] fpcBs_Create: pid=174 profname=fpcNm_GRASS_e (784) profile=0x7acab79ae8 procSize=1640 unkSize=0
[DEBUG | dusk] fpcSCtRq_phase_CreateProcess: fpcBs_Create OK proc=0xb400007a03743f58
[DEBUG | dusk] [DIAG] fpcSCtRq_phase_Load: procName=784 ret=4
[DEBUG | dusk] fpcSCtRq_phase_CreateProcess: procName=784
[DEBUG | dusk] fpcBs_Create: pid=175 profname=fpcNm_GRASS_e (784) profile=0x7acab79ae8 procSize=1640 unkSize=0
[DEBUG | dusk] fpcSCtRq_phase_CreateProcess: fpcBs_Create OK proc=0xb400007a03732f80
[DEBUG | dusk] [DIAG] fpcSCtRq_phase_Load: procName=784 ret=4
[DEBUG | dusk] fpcSCtRq_phase_CreateProcess: procName=784
[DEBUG | dusk] fpcBs_Create: pid=176 profname=fpcNm_GRASS_e (784) profile=0x7acab79ae8 procSize=1640 unkSize=0
[DEBUG | dusk] fpcSCtRq_phase_CreateProcess: fpcBs_Create OK proc=0xb400007a037328f8
[DEBUG | dusk] [DIAG] fpcSCtRq_phase_Load: procName=784 ret=4
[DEBUG | dusk] fpcSCtRq_phase_CreateProcess: procName=784
[DEBUG | dusk] fpcBs_Create: pid=177 profname=fpcNm_GRASS_e (784) profile=0x7acab79ae8 procSize=1640 unkSize=0
[DEBUG | dusk] fpcSCtRq_phase_CreateProcess: fpcBs_Create OK proc=0xb400007a03732270
[DEBUG | dusk] [DIAG] fpcSCtRq_phase_Load: procName=784 ret=4
[DEBUG | dusk] fpcSCtRq_phase_CreateProcess: procName=784
[DEBUG | dusk] fpcBs_Create: pid=178 profname=fpcNm_GRASS_e (784) profile=0x7acab79ae8 procSize=1640 unkSize=0
[DEBUG | dusk] fpcSCtRq_phase_CreateProcess: fpcBs_Create OK proc=0xb400007a03731be8
[DEBUG | dusk] [DIAG] fpcSCtRq_phase_Load: procName=784 ret=4
[DEBUG | dusk] fpcSCtRq_phase_CreateProcess: procName=784
[DEBUG | dusk] fpcBs_Create: pid=179 profname=fpcNm_GRASS_e (784) profile=0x7acab79ae8 procSize=1640 unkSize=0
[DEBUG | dusk] fpcSCtRq_phase_CreateProcess: fpcBs_Create OK proc=0xb400007a03731560
[DEBUG | dusk] [DIAG] fpcSCtRq_phase_Load: procName=784 ret=4
[DEBUG | dusk] fpcSCtRq_phase_CreateProcess: procName=784
[DEBUG | dusk] fpcBs_Create: pid=180 profname=fpcNm_GRASS_e (784) profile=0x7acab79ae8 procSize=1640 unkSize=0
[DEBUG | dusk] fpcSCtRq_phase_CreateProcess: fpcBs_Create OK proc=0xb400007a03730ed8
[DEBUG | dusk] [DIAG] fpcSCtRq_phase_Load: procName=784 ret=4
[DEBUG | dusk] fpcSCtRq_phase_CreateProcess: procName=784
[DEBUG | dusk] fpcBs_Create: pid=181 profname=fpcNm_GRASS_e (784) profile=0x7acab79ae8 procSize=1640 unkSize=0
[DEBUG | dusk] fpcSCtRq_phase_CreateProcess: fpcBs_Create OK proc=0xb400007a03730850
[DEBUG | dusk] [DIAG] fpcSCtRq_phase_Load: procName=784 ret=4
[DEBUG | dusk] fpcSCtRq_phase_CreateProcess: procName=784
[DEBUG | dusk] fpcBs_Create: pid=182 profname=fpcNm_GRASS_e (784) profile=0x7acab79ae8 procSize=1640 unkSize=0
[DEBUG | dusk] fpcSCtRq_phase_CreateProcess: fpcBs_Create OK proc=0xb400007a037301c8
[DEBUG | dusk] [DIAG] fpcSCtRq_phase_Load: procName=784 ret=4
[DEBUG | dusk] fpcSCtRq_phase_CreateProcess: procName=784
[DEBUG | dusk] fpcBs_Create: pid=183 profname=fpcNm_GRASS_e (784) profile=0x7acab79ae8 procSize=1640 unkSize=0
[DEBUG | dusk] fpcSCtRq_phase_CreateProcess: fpcBs_Create OK proc=0xb400007a0372fb40
[DEBUG | dusk] [DIAG] fpcSCtRq_phase_Load: procName=719 ret=4
[DEBUG | dusk] fpcSCtRq_phase_CreateProcess: procName=719
[DEBUG | dusk] fpcBs_Create: pid=184 profname=fpcNm_TAG_CAMERA_e (719) profile=0x7acab77260 procSize=1672 unkSize=0
[DEBUG | dusk] fpcSCtRq_phase_CreateProcess: fpcBs_Create OK proc=0xb400007a0372f498
[DEBUG | dusk] [DIAG] fpcSCtRq_phase_Load: procName=549 ret=4
[DEBUG | dusk] fpcSCtRq_phase_CreateProcess: procName=549
[DEBUG | dusk] fpcBs_Create: pid=185 profname=fpcNm_SWC00_e (549) profile=0x7acab7e4d0 procSize=1664 unkSize=0
[DEBUG | dusk] fpcSCtRq_phase_CreateProcess: fpcBs_Create OK proc=0xb400007a0372edf8
[DEBUG | dusk] [DIAG] fpcSCtRq_phase_Load: procName=549 ret=4
[DEBUG | dusk] fpcSCtRq_phase_CreateProcess: procName=549
[DEBUG | dusk] fpcBs_Create: pid=186 profname=fpcNm_SWC00_e (549) profile=0x7acab7e4d0 procSize=1664 unkSize=0
[DEBUG | dusk] fpcSCtRq_phase_CreateProcess: fpcBs_Create OK proc=0xb400007a0372e758
[DEBUG | dusk] [DIAG] fpcSCtRq_phase_Load: procName=549 ret=4
[DEBUG | dusk] fpcSCtRq_phase_CreateProcess: procName=549
[DEBUG | dusk] fpcBs_Create: pid=187 profname=fpcNm_SWC00_e (549) profile=0x7acab7e4d0 procSize=1664 unkSize=0
[DEBUG | dusk] fpcSCtRq_phase_CreateProcess: fpcBs_Create OK proc=0xb400007a0372e0b8
[DEBUG | dusk] [DIAG] fpcSCtRq_phase_Load: procName=549 ret=4
[DEBUG | dusk] fpcSCtRq_phase_CreateProcess: procName=549
[DEBUG | dusk] fpcBs_Create: pid=188 profname=fpcNm_SWC00_e (549) profile=0x7acab7e4d0 procSize=1664 unkSize=0
[DEBUG | dusk] fpcSCtRq_phase_CreateProcess: fpcBs_Create OK proc=0xb400007a0372da18
[DEBUG | dusk] [DIAG] fpcSCtRq_phase_Load: procName=719 ret=4
[DEBUG | dusk] fpcSCtRq_phase_CreateProcess: procName=719
[DEBUG | dusk] fpcBs_Create: pid=189 profname=fpcNm_TAG_CAMERA_e (719) profile=0x7acab77260 procSize=1672 unkSize=0
[DEBUG | dusk] fpcSCtRq_phase_CreateProcess: fpcBs_Create OK proc=0xb400007a0375128c
[DEBUG | dusk] [DIAG] fpcSCtRq_phase_Load: procName=549 ret=4
[DEBUG | dusk] fpcSCtRq_phase_CreateProcess: procName=549
[DEBUG | dusk] fpcBs_Create: pid=190 profname=fpcNm_SWC00_e (549) profile=0x7acab7e4d0 procSize=1664 unkSize=0
[DEBUG | dusk] fpcSCtRq_phase_CreateProcess: fpcBs_Create OK proc=0xb400007a0372d378
[DEBUG | dusk] [DIAG] fpcSCtRq_phase_Load: procName=549 ret=4
[DEBUG | dusk] fpcSCtRq_phase_CreateProcess: procName=549
[DEBUG | dusk] fpcBs_Create: pid=191 profname=fpcNm_SWC00_e (549) profile=0x7acab7e4d0 procSize=1664 unkSize=0
[DEBUG | dusk] fpcSCtRq_phase_CreateProcess: fpcBs_Create OK proc=0xb400007a0372ccd8
[DEBUG | dusk] [DIAG] fpcSCtRq_phase_Load: procName=719 ret=4
[DEBUG | dusk] fpcSCtRq_phase_CreateProcess: procName=719
[DEBUG | dusk] fpcBs_Create: pid=192 profname=fpcNm_TAG_CAMERA_e (719) profile=0x7acab77260 procSize=1672 unkSize=0
[DEBUG | dusk] fpcSCtRq_phase_CreateProcess: fpcBs_Create OK proc=0xb400007a0372c630
[DEBUG | dusk] [DIAG] fpcSCtRq_phase_Load: procName=549 ret=4
[DEBUG | dusk] fpcSCtRq_phase_CreateProcess: procName=549
[DEBUG | dusk] fpcBs_Create: pid=193 profname=fpcNm_SWC00_e (549) profile=0x7acab7e4d0 procSize=1664 unkSize=0
[DEBUG | dusk] fpcSCtRq_phase_CreateProcess: fpcBs_Create OK proc=0xb400007a0372bf90
[DEBUG | dusk] [DIAG] fpcSCtRq_phase_Load: procName=549 ret=4
[DEBUG | dusk] fpcSCtRq_phase_CreateProcess: procName=549
[DEBUG | dusk] fpcBs_Create: pid=194 profname=fpcNm_SWC00_e (549) profile=0x7acab7e4d0 procSize=1664 unkSize=0
[DEBUG | dusk] fpcSCtRq_phase_CreateProcess: fpcBs_Create OK proc=0xb400007a0372b8f0
[DEBUG | dusk] [DIAG] fpcSCtRq_phase_Load: procName=719 ret=4
[DEBUG | dusk] fpcSCtRq_phase_CreateProcess: procName=719
[DEBUG | dusk] fpcBs_Create: pid=195 profname=fpcNm_TAG_CAMERA_e (719) profile=0x7acab77260 procSize=1672 unkSize=0
[DEBUG | dusk] fpcSCtRq_phase_CreateProcess: fpcBs_Create OK proc=0xb400007a03750be4
[DEBUG | dusk] [DIAG] fpcSCtRq_phase_Load: procName=236 ret=4
[DEBUG | dusk] fpcSCtRq_phase_CreateProcess: procName=236
[DEBUG | dusk] fpcBs_Create: pid=196 profname=fpcNm_Tag_Hstop_e (236) profile=0x7acab7eae8 procSize=1656 unkSize=0
[DEBUG | dusk] fpcSCtRq_phase_CreateProcess: fpcBs_Create OK proc=0xb400007a0372b258
[DEBUG | dusk] [DIAG] fpcSCtRq_phase_Load: procName=236 ret=4
[DEBUG | dusk] fpcSCtRq_phase_CreateProcess: procName=236
[DEBUG | dusk] fpcBs_Create: pid=197 profname=fpcNm_Tag_Hstop_e (236) profile=0x7acab7eae8 procSize=1656 unkSize=0
[DEBUG | dusk] fpcSCtRq_phase_CreateProcess: fpcBs_Create OK proc=0xb400007a0372abc0
[DEBUG | dusk] [DIAG] fpcSCtRq_phase_Load: procName=236 ret=4
[DEBUG | dusk] fpcSCtRq_phase_CreateProcess: procName=236
[DEBUG | dusk] fpcBs_Create: pid=198 profname=fpcNm_Tag_Hstop_e (236) profile=0x7acab7eae8 procSize=1656 unkSize=0
[DEBUG | dusk] fpcSCtRq_phase_CreateProcess: fpcBs_Create OK proc=0xb400007a0372a528
[DEBUG | dusk] [DIAG] fpcSCtRq_phase_Load: procName=236 ret=4
[DEBUG | dusk] fpcSCtRq_phase_CreateProcess: procName=236
[DEBUG | dusk] fpcBs_Create: pid=199 profname=fpcNm_Tag_Hstop_e (236) profile=0x7acab7eae8 procSize=1656 unkSize=0
[DEBUG | dusk] fpcSCtRq_phase_CreateProcess: fpcBs_Create OK proc=0xb400007a03729e90
[DEBUG | dusk] [DIAG] fpcSCtRq_phase_Load: procName=426 ret=4
[DEBUG | dusk] fpcSCtRq_phase_CreateProcess: procName=426
[DEBUG | dusk] fpcBs_Create: pid=200 profname=fpcNm_Tag_AttackItem_e (426) profile=0x7acab7e730 procSize=2200 unkSize=0
[DEBUG | dusk] fpcSCtRq_phase_CreateProcess: fpcBs_Create OK proc=0xb400007a037295d8
[DEBUG | dusk] [DIAG] fpcSCtRq_phase_Load: procName=426 ret=4
[DEBUG | dusk] fpcSCtRq_phase_CreateProcess: procName=426
[DEBUG | dusk] fpcBs_Create: pid=201 profname=fpcNm_Tag_AttackItem_e (426) profile=0x7acab7e730 procSize=2200 unkSize=0
[DEBUG | dusk] fpcSCtRq_phase_CreateProcess: fpcBs_Create OK proc=0xb400007a03728d20
[DEBUG | dusk] [DIAG] fpcSCtRq_phase_Load: procName=100 ret=4
[DEBUG | dusk] fpcSCtRq_phase_CreateProcess: procName=100
[DEBUG | dusk] fpcBs_Create: pid=202 profname=fpcNm_Obj_MGate_e (100) profile=0x7acab7d7d0 procSize=1760 unkSize=0
[DEBUG | dusk] fpcSCtRq_phase_CreateProcess: fpcBs_Create OK proc=0xb400007a037504e4
[DEBUG | dusk] [DIAG] fpcSCtRq_phase_Load: procName=100 ret=4
[DEBUG | dusk] fpcSCtRq_phase_CreateProcess: procName=100
[DEBUG | dusk] fpcBs_Create: pid=203 profname=fpcNm_Obj_MGate_e (100) profile=0x7acab7d7d0 procSize=1760 unkSize=0
[DEBUG | dusk] fpcSCtRq_phase_CreateProcess: fpcBs_Create OK proc=0xb400007a03728620
[DEBUG | dusk] [DIAG] fpcSCtRq_phase_Load: procName=233 ret=4
[DEBUG | dusk] fpcSCtRq_phase_CreateProcess: procName=233
[DEBUG | dusk] fpcBs_Create: pid=204 profname=fpcNm_Tag_Hinit_e (233) profile=0x7acab7e918 procSize=1640 unkSize=0
[DEBUG | dusk] fpcSCtRq_phase_CreateProcess: fpcBs_Create OK proc=0xb400007a03727f98
[DEBUG | dusk] [DIAG] fpcSCtRq_phase_Load: procName=333 ret=4
[DEBUG | dusk] fpcSCtRq_phase_CreateProcess: procName=333
[DEBUG | dusk] fpcBs_Create: pid=205 profname=fpcNm_Obj_Yobikusa_e (333) profile=0x7acab7e0c8 procSize=2360 unkSize=0
[DEBUG | dusk] fpcSCtRq_phase_CreateProcess: fpcBs_Create OK proc=0xb400007a03727640
[DEBUG | dusk] [DIAG] fpcSCtRq_phase_Load: procName=333 ret=4
[DEBUG | dusk] fpcSCtRq_phase_CreateProcess: procName=333
[DEBUG | dusk] fpcBs_Create: pid=206 profname=fpcNm_Obj_Yobikusa_e (333) profile=0x7acab7e0c8 procSize=2360 unkSize=0
[DEBUG | dusk] fpcSCtRq_phase_CreateProcess: fpcBs_Create OK proc=0xb400007a03726ce8
[DEBUG | dusk] [DIAG] fpcSCtRq_phase_Load: procName=333 ret=4
[DEBUG | dusk] fpcSCtRq_phase_CreateProcess: procName=333
[DEBUG | dusk] fpcBs_Create: pid=207 profname=fpcNm_Obj_Yobikusa_e (333) profile=0x7acab7e0c8 procSize=2360 unkSize=0
[DEBUG | dusk] fpcSCtRq_phase_CreateProcess: fpcBs_Create OK proc=0xb400007a03726390
[DEBUG | dusk] [DIAG] fpcSCtRq_phase_Load: procName=333 ret=4
[DEBUG | dusk] fpcSCtRq_phase_CreateProcess: procName=333
[DEBUG | dusk] fpcBs_Create: pid=208 profname=fpcNm_Obj_Yobikusa_e (333) profile=0x7acab7e0c8 procSize=2360 unkSize=0
[DEBUG | dusk] fpcSCtRq_phase_CreateProcess: fpcBs_Create OK proc=0xb400007a03725a38
[DEBUG | dusk] [DIAG] fpcSCtRq_phase_Load: procName=333 ret=4
[DEBUG | dusk] fpcSCtRq_phase_CreateProcess: procName=333
[DEBUG | dusk] fpcBs_Create: pid=209 profname=fpcNm_Obj_Yobikusa_e (333) profile=0x7acab7e0c8 procSize=2360 unkSize=0
[DEBUG | dusk] fpcSCtRq_phase_CreateProcess: fpcBs_Create OK proc=0xb400007a037250e0
[DEBUG | dusk] [DIAG] fpcSCtRq_phase_Load: procName=238 ret=4
[DEBUG | dusk] fpcSCtRq_phase_CreateProcess: procName=238
[DEBUG | dusk] fpcBs_Create: pid=210 profname=fpcNm_HORSE_e (238) profile=0x7acab85d10 procSize=8464 unkSize=0
[DEBUG | dusk] fpcSCtRq_phase_CreateProcess: fpcBs_Create OK proc=0xb400007a03722fb0
[DEBUG | dusk] [DIAG] fpcSCtRq_phase_Load: procName=788 ret=4
[DEBUG | dusk] fpcSCtRq_phase_CreateProcess: procName=788
[DEBUG | dusk] fpcBs_Create: pid=211 profname=fpcNm_MENUWINDOW_e (788) profile=0x7acab6ee20 procSize=592 unkSize=0
[DEBUG | dusk] fpcSCtRq_phase_CreateProcess: fpcBs_Create OK proc=0xb400007a03722d40
[DEBUG | dusk] [DIAG] fpcSCtRq_phase_Load: procName=787 ret=4
[DEBUG | dusk] fpcSCtRq_phase_CreateProcess: procName=787
[DEBUG | dusk] fpcBs_Create: pid=212 profname=fpcNm_MSG_OBJECT_e (787) profile=0x7acab6fa98 procSize=1512 unkSize=0
[DEBUG | dusk] fpcSCtRq_phase_CreateProcess: fpcBs_Create OK proc=0xb400007a03722738
[DEBUG | dusk] Loading Resource: al_kantera.bmd (Size: 21024)
[DEBUG | dusk] Loading Resource: ef_ktglow.bmd (Size: 3040)
[DEBUG | dusk] Loading Resource: al_bootsh.bmd (Size: 22048)
[DEBUG | dusk] Loading Resource: al_face.bmd (Size: 72576)
[DEBUG | dusk] Loading Resource: al_swb.bmd (Size: 23552)
[DEBUG | dusk] Loading Resource: bl.bmd (Size: 165088)
[DEBUG | dusk] Loading Resource: bl_hands.bmd (Size: 63744)
[DEBUG | dusk] Loading Resource: bl_head.bmd (Size: 33568)
[DEBUG | dusk] Loading Resource: ef_ktglow.btk (Size: 512)
[DEBUG | dusk] Loading Resource: k_bridge00.bmd (Size: 6432)
[DEBUG | dusk] Loading Resource: k_bridge01.bmd (Size: 6464)
[DEBUG | dusk] Loading Resource: m_bridge00.bmd (Size: 10560)
[DEBUG | dusk] Loading Resource: m_knot00.bmd (Size: 2624)
[DEBUG | dusk] Loading Resource: mbrdg.dzb (Size: 9312)
[DEBUG | dusk] Loading Resource: mbrdg2.dzb (Size: 9312)
[DEBUG | dusk] Loading Resource: brg_rope.bti (Size: 160)
[DEBUG | dusk] Loading Resource: m_wire00.bti (Size: 64)
[DEBUG | dusk] Loading Resource: d_srock.bmd (Size: 4704)
[DEBUG | dusk] Loading Resource: d_brock.bmd (Size: 4704)
[DEBUG | dusk] Loading Resource: m_igatekey.bmd (Size: 5440)
[DEBUG | dusk] Loading Resource: al_umakusa.bmd (Size: 5984)
[DEBUG | dusk] Loading Resource: j_umakusa.bmd (Size: 13152)
[DEBUG | dusk] Loading Resource: j_umakusa_c.bmd (Size: 9536)
[DEBUG | dusk] [DIAG] fpcSCtRq_phase_Load: procName=369 ret=4
[DEBUG | dusk] fpcSCtRq_phase_CreateProcess: procName=369
[DEBUG | dusk] fpcBs_Create: pid=213 profname=fpcNm_Obj_StoneMark_e (369) profile=0x7acab7ddb0 procSize=2640 unkSize=0
[DEBUG | dusk] fpcSCtRq_phase_CreateProcess: fpcBs_Create OK proc=0xb400007a03751f8c
[DEBUG | dusk] [DIAG] fpcSCtRq_phase_Load: procName=369 ret=4
[DEBUG | dusk] fpcSCtRq_phase_CreateProcess: procName=369
[DEBUG | dusk] fpcBs_Create: pid=214 profname=fpcNm_Obj_StoneMark_e (369) profile=0x7acab7ddb0 procSize=2640 unkSize=0
[DEBUG | dusk] fpcSCtRq_phase_CreateProcess: fpcBs_Create OK proc=0xb400007a03732b98
[DEBUG | dusk] [DIAG] fpcSCtRq_phase_Load: procName=369 ret=4
[DEBUG | dusk] fpcSCtRq_phase_CreateProcess: procName=369
[DEBUG | dusk] fpcBs_Create: pid=215 profname=fpcNm_Obj_StoneMark_e (369) profile=0x7acab7ddb0 procSize=2640 unkSize=0
[DEBUG | dusk] fpcSCtRq_phase_CreateProcess: fpcBs_Create OK proc=0xb400007a03732128
[DEBUG | dusk] [DIAG] fpcSCtRq_phase_Load: procName=369 ret=4
[DEBUG | dusk] fpcSCtRq_phase_CreateProcess: procName=369
[DEBUG | dusk] fpcBs_Create: pid=216 profname=fpcNm_Obj_StoneMark_e (369) profile=0x7acab7ddb0 procSize=2640 unkSize=0
[DEBUG | dusk] fpcSCtRq_phase_CreateProcess: fpcBs_Create OK proc=0xb400007a037316b8
[DEBUG | dusk] [DIAG] fpcSCtRq_phase_Load: procName=369 ret=4
[DEBUG | dusk] fpcSCtRq_phase_CreateProcess: procName=369
[DEBUG | dusk] fpcBs_Create: pid=217 profname=fpcNm_Obj_StoneMark_e (369) profile=0x7acab7ddb0 procSize=2640 unkSize=0
[DEBUG | dusk] fpcSCtRq_phase_CreateProcess: fpcBs_Create OK proc=0xb400007a03730c48
[DEBUG | dusk] [DIAG] fpcSCtRq_phase_Load: procName=369 ret=4
[DEBUG | dusk] fpcSCtRq_phase_CreateProcess: procName=369
[DEBUG | dusk] fpcBs_Create: pid=218 profname=fpcNm_Obj_StoneMark_e (369) profile=0x7acab7ddb0 procSize=2640 unkSize=0
[DEBUG | dusk] fpcSCtRq_phase_CreateProcess: fpcBs_Create OK proc=0xb400007a037301d8
[DEBUG | dusk] [DIAG] fpcSCtRq_phase_Load: procName=369 ret=4
[DEBUG | dusk] fpcSCtRq_phase_CreateProcess: procName=369
[DEBUG | dusk] fpcBs_Create: pid=219 profname=fpcNm_Obj_StoneMark_e (369) profile=0x7acab7ddb0 procSize=2640 unkSize=0
[DEBUG | dusk] fpcSCtRq_phase_CreateProcess: fpcBs_Create OK proc=0xb400007a03721cc8
[DEBUG | dusk] Loading Resource: al_shb.bmd (Size: 15040)
[DEBUG | dusk] Loading Resource: m_hashigate.bmd (Size: 55616)
[DEBUG | dusk] Loading Resource: m_hashigate.dzb (Size: 1152)
[DEBUG | dusk] Loading Resource: hs_back_walk.bck (Size: 5536)
[DEBUG | dusk] Loading Resource: hs_back_walk_start.bck (Size: 6304)
[DEBUG | dusk] Loading Resource: hs_excitement.bck (Size: 11968)
[DEBUG | dusk] Loading Resource: hs_excitement_2.bck (Size: 14144)
[DEBUG | dusk] Loading Resource: hs_jump_end.bck (Size: 5344)
[DEBUG | dusk] Loading Resource: hs_jump_middle.bck (Size: 4640)
[DEBUG | dusk] Loading Resource: hs_jump_start.bck (Size: 4832)
[DEBUG | dusk] Loading Resource: hs_jump_start_clift.bck (Size: 5248)
[DEBUG | dusk] Loading Resource: hs_lash.bck (Size: 3200)
[DEBUG | dusk] Loading Resource: hs_neck_waitback_left.bck (Size: 2880)
[DEBUG | dusk] Loading Resource: hs_neck_waitback_right.bck (Size: 2848)
[DEBUG | dusk] Loading Resource: hs_run_dash.bck (Size: 7680)
[DEBUG | dusk] Loading Resource: hs_run_fast.bck (Size: 6688)
[DEBUG | dusk] Loading Resource: hs_run_slow.bck (Size: 7712)
[DEBUG | dusk] Loading Resource: hs_stand.bck (Size: 17984)
[DEBUG | dusk] Loading Resource: hs_stop_slow.bck (Size: 14208)
[DEBUG | dusk] Loading Resource: hs_stop_stand.bck (Size: 16352)
[DEBUG | dusk] Loading Resource: hs_turn_left.bck (Size: 9632)
[DEBUG | dusk] Loading Resource: hs_turn_left_start.bck (Size: 5248)
[DEBUG | dusk] Loading Resource: hs_turn_right.bck (Size: 9472)
[DEBUG | dusk] Loading Resource: hs_turn_right_start.bck (Size: 5344)
[DEBUG | dusk] Loading Resource: hs_wait_01.bck (Size: 4768)
[DEBUG | dusk] Loading Resource: hs_wait_01b.bck (Size: 4672)
[DEBUG | dusk] Loading Resource: hs_wait_01b_connect.bck (Size: 4672)
[DEBUG | dusk] Loading Resource: hs_wait_02.bck (Size: 8928)
[DEBUG | dusk] Loading Resource: hs_wait_03.bck (Size: 7552)
[DEBUG | dusk] Loading Resource: hs_wait_04.bck (Size: 12640)
[DEBUG | dusk] Loading Resource: hs_wait_05.bck (Size: 10528)
[DEBUG | dusk] Loading Resource: hs_walk_fast.bck (Size: 5792)
[DEBUG | dusk] Loading Resource: hs_walk_slow.bck (Size: 5600)
[DEBUG | dusk] Loading Resource: hs.bmd (Size: 131264)
[DEBUG | dusk] Loading Resource: hs_eye.btp (Size: 128)
[DEBUG | dusk] Loading Resource: tazuna.bti (Size: 160)
[DEBUG | dusk] Loading Resource: a_iwaato.bti (Size: 16416)
[DEBUG | dusk] [DIAG] fpcSCtRq_phase_Load: procName=255 ret=4
[DEBUG | dusk] fpcSCtRq_phase_CreateProcess: procName=255
[DEBUG | dusk] fpcBs_Create: pid=220 profname=fpcNm_MIDNA_e (255) profile=0x7acab78698 procSize=3360 unkSize=0
[DEBUG | dusk] fpcSCtRq_phase_CreateProcess: fpcBs_Create OK proc=0xb400007a03720f88
[DEBUG | dusk] Loading Resource: s_md_hands.bmd (Size: 19776)
[DEBUG | dusk] Loading Resource: s_md_mask.bmd (Size: 15424)
[DEBUG | dusk] Loading Resource: s_md_gokou.bmd (Size: 3008)
[DEBUG | dusk] Loading Resource: s_md.bmd (Size: 69984)
[DEBUG | dusk] Loading Resource: s_md_hair_hand.bmd (Size: 18944)
[DEBUG | dusk] Loading Resource: s_md_appear.brk (Size: 352)
[DEBUG | dusk] Loading Resource: s_md_gokou_appear.brk (Size: 256)
[DEBUG | dusk] Loading Resource: s_md_hair_hand_appear.brk (Size: 288)
[DEBUG | dusk] Loading Resource: s_md_mask_appear.brk (Size: 256)
[DEBUG | dusk] Loading Resource: s_md_hair_hand_moya.btk (Size: 544)
[DEBUG | dusk] Loading Resource: s_md_hands_moya.btk (Size: 608)
[DEBUG | dusk] Loading Resource: s_md_mask_moya.btk (Size: 320)
[DEBUG | dusk] Loading Resource: s_md_moya.btk (Size: 512)
[DEBUG | dusk] fpcBs_Create: pid=222 profname=fpcNm_DEMO00_e (718) profile=0x7acab78470 procSize=11112 unkSize=0
[DEBUG | dusk] fpcBs_Create: pid=224 profname=fpcNm_DEMO00_e (718) profile=0x7acab78470 procSize=11112 unkSize=0
[DEBUG | dusk] fpcBs_Create: pid=226 profname=fpcNm_DEMO00_e (718) profile=0x7acab78470 procSize=11112 unkSize=0
[DEBUG | dusk] fpcBs_Create: pid=228 profname=fpcNm_DEMO00_e (718) profile=0x7acab78470 procSize=11112 unkSize=0
[DEBUG | dusk] fpcBs_Create: pid=230 profname=fpcNm_DEMO00_e (718) profile=0x7acab78470 procSize=11112 unkSize=0
[DEBUG | dusk] fpcBs_Create: pid=232 profname=fpcNm_DEMO00_e (718) profile=0x7acab78470 procSize=11112 unkSize=0
[DEBUG | dusk] fpcBs_Create: pid=234 profname=fpcNm_DEMO00_e (718) profile=0x7acab78470 procSize=11112 unkSize=0
[DEBUG | dusk] fpcBs_Create: pid=236 profname=fpcNm_DEMO00_e (718) profile=0x7acab78470 procSize=11112 unkSize=0
[DEBUG | dusk] frameInterp: onTypeChange 46 -> 40 (event_type_id=40, leaving_event=false, entering_event=true)
[DEBUG | dusk] frameInterp: presentation sync not requested for ZEV event [STBWAIT] (staff idx 23)
[INFO | dev.baxlek.zelda_on_epona] cutscene diagnostics: event='demo01_02' demoArc='Demo01_02' cutName='' demoStaffId=-1 room=1 layer=13 horseDemoMode=true titleScreen=false storyHoZeldaActive=false inScriptedCutscene=true alwaysHiddenCutscene=true showInCutscenesToggle=true hideSpawnedZelda=true hasSpawnedZelda=true
[DEBUG | dusk] [DIAG] fpcSCtRq_phase_Load: procName=548 ret=4
[DEBUG | dusk] fpcSCtRq_phase_CreateProcess: procName=548
[DEBUG | dusk] fpcBs_Create: pid=237 profname=fpcNm_HOZELDA_e (548) profile=0x7acab85e40 procSize=2368 unkSize=0
[DEBUG | dusk] fpcSCtRq_phase_CreateProcess: fpcBs_Create OK proc=0xb400007a0370a308
[DEBUG | dusk] Loading Resource: zelh_aldieh.bck (Size: 6240)
[DEBUG | dusk] Loading Resource: zelh_arelordh.bck (Size: 9280)
[DEBUG | dusk] Loading Resource: zelh_ashooth.bck (Size: 5216)
[DEBUG | dusk] Loading Resource: zelh_atbh.bck (Size: 4064)
[DEBUG | dusk] Loading Resource: zelh_barelordh.bck (Size: 1216)
[DEBUG | dusk] Loading Resource: zelh_bashooth.bck (Size: 1952)
[DEBUG | dusk] Loading Resource: zelh_damh.bck (Size: 4864)
[DEBUG | dusk] Loading Resource: zelh_dashh.bck (Size: 6976)
[DEBUG | dusk] Loading Resource: zelh_dstarth.bck (Size: 7584)
[DEBUG | dusk] Loading Resource: zelh_egnd_wh.bck (Size: 6048)
[DEBUG | dusk] Loading Resource: zelh_egnd_whb.bck (Size: 5344)
[DEBUG | dusk] Loading Resource: zelh_jumph.bck (Size: 5600)
[DEBUG | dusk] Loading Resource: zelh_jumphed.bck (Size: 5568)
[DEBUG | dusk] Loading Resource: zelh_jumphst.bck (Size: 4896)
[DEBUG | dusk] Loading Resource: zelh_numbh.bck (Size: 4704)
[DEBUG | dusk] Loading Resource: zelh_standh.bck (Size: 10624)
[DEBUG | dusk] Loading Resource: zelh_standhwc.bck (Size: 14176)
[DEBUG | dusk] Loading Resource: zelh_stoph.bck (Size: 8064)
[DEBUG | dusk] Loading Resource: zelh_stoptostandh.bck (Size: 11648)
[DEBUG | dusk] Loading Resource: zelh_waitbh.bck (Size: 6656)
[DEBUG | dusk] Loading Resource: zelh_waitch.bck (Size: 5184)
[DEBUG | dusk] Loading Resource: zelh_waith.bck (Size: 5216)
[DEBUG | dusk] Loading Resource: o_zg_arow.bmd (Size: 9312)
[DEBUG | dusk] Loading Resource: o_zg_bow.bmd (Size: 17120)
[DEBUG | dusk] Loading Resource: zelh.bmd (Size: 240768)
[DEBUG | dusk] Loading Resource: zelh_fa.btk (Size: 352)
[DEBUG | dusk] Loading Resource: zelh_faldieh.btk (Size: 992)
[DEBUG | dusk] Loading Resource: zelh_fegnd_wh.btk (Size: 352)
[DEBUG | dusk] Loading Resource: zelh_fa.btp (Size: 128)
[DEBUG | dusk] Loading Resource: zelh_faldieh.btp (Size: 864)
[DEBUG | dusk] Loading Resource: zelh_fb.btp (Size: 128)
[DEBUG | dusk] Loading Resource: zelh_fc.btp (Size: 128)
[DEBUG | dusk] Loading Resource: zelh_fmaba01.btp (Size: 160)
[DEBUG | dusk] fapGm_Execute frame=2400
[DEBUG | dusk] fapGm_Execute frame=2700
[DEBUG | dusk] fapGm_Execute frame=3000
[DEBUG | dusk] fapGm_Execute frame=3300
[DEBUG | dusk] [DIAG] fpcSCtRq_phase_Load: procName=7 ret=4
[DEBUG | dusk] fpcSCtRq_phase_CreateProcess: procName=7
[DEBUG | dusk] fpcBs_Create: pid=238 profname=fpcNm_OVERLAP10_e (7) profile=0x7acab71c98 procSize=384 unkSize=0
[DEBUG | dusk] fpcSCtRq_phase_CreateProcess: fpcBs_Create OK proc=0xb400007a03728480
[DEBUG | dusk] fpcNdRq_phase_Create: name=11 layer=0x7acada5418
[DEBUG | dusk] fpcNdRq_phase_Create: creating_id=239 (error=4294967295)
[WARNING | dusk::mods::actor] Attempted to delete actor with ID (237) but it doesn't exist!
[DEBUG | dusk] [DIAG] fpcSCtRq_phase_Load: procName=11 ret=4
[DEBUG | dusk] fpcSCtRq_phase_CreateProcess: procName=11
[DEBUG | dusk] fpcBs_Create: pid=239 profname=fpcNm_PLAY_SCENE_e (11) profile=0x7acab72268 procSize=912 unkSize=0
[DEBUG | dusk] fpcSCtRq_phase_CreateProcess: fpcBs_Create OK proc=0xb400007a03756bd0
[DEBUG | dusk] Loading Resource: vrbox_kasumim.bmd (Size: 2592)
[DEBUG | dusk] Loading Resource: vrbox_kumo.bmd (Size: 70048)
[DEBUG | dusk] Loading Resource: vrbox_sora.bmd (Size: 7136)
[DEBUG | dusk] Loading Resource: vrbox_sun.bmd (Size: 12032)
[DEBUG | dusk] Loading Resource: door-knob_00.bmd (Size: 9088)
[DEBUG | dusk] Loading Resource: door-knob_01.bmd (Size: 9248)
[DEBUG | dusk] Loading Resource: bank.bin (Size: 448)
[DEBUG | dusk] Loading Resource: name.bin (Size: 32)
[DEBUG | dusk] Loading Resource: vrbox_sun.btk (Size: 320)
[DEBUG | dusk] Loading Resource: colordata_tbl.dat (Size: 800)
[DEBUG | dusk] Loading Resource: pol_arg.dat (Size: 128)
[DEBUG | dusk] Loading Resource: pol_effcol.dat (Size: 128)
[DEBUG | dusk] Loading Resource: pol_effcol2.dat (Size: 128)
[DEBUG | dusk] Loading Resource: pol_efftbl.dat (Size: 128)
[DEBUG | dusk] Loading Resource: pol_efftbl2.dat (Size: 128)
[DEBUG | dusk] Loading Resource: pol_sound.dat (Size: 128)
[DEBUG | dusk] Loading Resource: stage.dzs (Size: 4064)
[DEBUG | dusk] Loading Resource: cloudtx_01.bti (Size: 4128)
[DEBUG | dusk] Loading Resource: cloudtx_02.bti (Size: 4128)
[DEBUG | dusk] Loading Resource: cloudtx_03.bti (Size: 4128)
[DEBUG | dusk] Loading Resource: f_moon.bti (Size: 8224)
[DEBUG | dusk] Loading Resource: f_moon_a.bti (Size: 2080)
[DEBUG | dusk] Loading Resource: f_moon_a_a00.bti (Size: 64)
[DEBUG | dusk] Loading Resource: f_moon_a_a01.bti (Size: 544)
[DEBUG | dusk] Loading Resource: f_moon_a_a02.bti (Size: 544)
[DEBUG | dusk] Loading Resource: f_moon_a_a03.bti (Size: 544)
[DEBUG | dusk] Loading Resource: i_kumo.bti (Size: 10784)
[DEBUG | dusk] Loading Resource: i_sakunenrin.bti (Size: 2080)
[DEBUG | dusk] Loading Resource: i_sakuwood.bti (Size: 10784)
[DEBUG | dusk] Loading Resource: event_list.dat (Size: 106476)
[DEBUG | dusk] Loading Resource: camstyle.dat (Size: 43328)
[DEBUG | dusk] Loading Resource: camtype.dat (Size: 14560)
[DEBUG | dusk] fopScnM_CreateReq: procName=18 fade=32767
[DEBUG | dusk] fopScnM_CreateReq: result=14 (error=4294967295)
[DEBUG | dusk] fpcBs_Create: pid=243 profname=fpcNm_KANKYO_e (19) profile=0x7acab6ce60 procSize=440 unkSize=0
[DEBUG | dusk] fpcBs_Create: pid=245 profname=fpcNm_KYEFF_e (785) profile=0x7acab6ceb0 procSize=440 unkSize=0
[DEBUG | dusk] fpcBs_Create: pid=247 profname=fpcNm_KYEFF2_e (786) profile=0x7acab6cef0 procSize=440 unkSize=0
[DEBUG | dusk] fpcBs_Create: pid=249 profname=fpcNm_ENVSE_e (21) profile=0x7acab6bf20 procSize=456 unkSize=0
[DEBUG | dusk] fpcNdRq_phase_Create: name=18 layer=0xb400007a03756d28
[DEBUG | dusk] fpcNdRq_phase_Create: creating_id=252 (error=4294967295)
[DEBUG | dusk] [DIAG] fpcSCtRq_phase_Load: procName=781 ret=4
[DEBUG | dusk] fpcSCtRq_phase_CreateProcess: procName=781
[DEBUG | dusk] fpcBs_Create: pid=240 profname=fpcNm_CAMERA_e (781) profile=0x7acab6bd68 procSize=4240 unkSize=0
[DEBUG | dusk] fpcSCtRq_phase_CreateProcess: fpcBs_Create OK proc=0xb400007a037545ac
[DEBUG | dusk] [DIAG] fpcSCtRq_phase_Load: procName=25 ret=4
[DEBUG | dusk] fpcSCtRq_phase_CreateProcess: procName=25
[DEBUG | dusk] fpcBs_Create: pid=241 profname=fpcNm_Tag_Gstart_e (25) profile=0x7acab7e860 procSize=1632 unkSize=0
[DEBUG | dusk] fpcSCtRq_phase_CreateProcess: fpcBs_Create OK proc=0xb400007a03753f2c
[DEBUG | dusk] [DIAG] fpcSCtRq_phase_Load: procName=730 ret=4
[DEBUG | dusk] fpcSCtRq_phase_CreateProcess: procName=730
[DEBUG | dusk] fpcBs_Create: pid=250 profname=fpcNm_VRBOX_e (730) profile=0x7acab78078 procSize=1648 unkSize=0
[DEBUG | dusk] fpcSCtRq_phase_CreateProcess: fpcBs_Create OK proc=0xb400007a0375389c
[DEBUG | dusk] [DIAG] fpcSCtRq_phase_Load: procName=731 ret=4
[DEBUG | dusk] fpcSCtRq_phase_CreateProcess: procName=731
[DEBUG | dusk] fpcBs_Create: pid=251 profname=fpcNm_VRBOX2_e (731) profile=0x7acab78130 procSize=1720 unkSize=0
[DEBUG | dusk] fpcSCtRq_phase_CreateProcess: fpcBs_Create OK proc=0xb400007a037531c4
[DEBUG | dusk] [DIAG] fpcSCtRq_phase_Load: procName=18 ret=4
[DEBUG | dusk] fpcSCtRq_phase_CreateProcess: procName=18
[DEBUG | dusk] fpcBs_Create: pid=252 profname=fpcNm_ROOM_SCENE_e (18) profile=0x7acab72388 procSize=912 unkSize=0
[DEBUG | dusk] fpcSCtRq_phase_CreateProcess: fpcBs_Create OK proc=0xb400007a03752e14
[DEBUG | dusk] Loading Resource: model.bmd (Size: 778304)
[DEBUG | dusk] Loading Resource: model1.bmd (Size: 18208)
[DEBUG | dusk] Loading Resource: model2.bmd (Size: 2336)
[DEBUG | dusk] Loading Resource: model1.btk (Size: 352)
[DEBUG | dusk] Loading Resource: room.dzr (Size: 10432)
[DEBUG | dusk] Loading Resource: event_list.dat (Size: 9984)
[DEBUG | dusk] Loading Resource: ztw_opening.stb (Size: 2956)
[DEBUG | dusk] Loading Resource: room.kcl (Size: 174576)
[DEBUG | dusk] Loading Resource: room.plc (Size: 416)
[DEBUG | dusk] [DIAG] fpcSCtRq_phase_Load: procName=253 ret=4
[DEBUG | dusk] fpcSCtRq_phase_CreateProcess: procName=253
[DEBUG | dusk] fpcBs_Create: pid=253 profname=fpcNm_ALINK_e (253) profile=0x7acab68250 procSize=18784 unkSize=0
[DEBUG | dusk] fpcSCtRq_phase_CreateProcess: fpcBs_Create OK proc=0xb400007a0374e494
[DEBUG | dusk] [DIAG] fpcSCtRq_phase_Load: procName=790 ret=4
[DEBUG | dusk] fpcSCtRq_phase_CreateProcess: procName=790
[DEBUG | dusk] fpcBs_Create: pid=254 profname=fpcNm_METER2_e (790) profile=0x7acab6f430 procSize=1504 unkSize=0
[DEBUG | dusk] fpcSCtRq_phase_CreateProcess: fpcBs_Create OK proc=0xb400007a0374de94
[DEBUG | dusk] Loading Resource: demo01_grein_cut01_gp_1_o.bck (Size: 4192)
[DEBUG | dusk] Loading Resource: demo01_horse_cut01_bd_1_l.bck (Size: 4704)
[DEBUG | dusk] Loading Resource: demo01_horse_cut04_bd_1_o.bck (Size: 6400)
[DEBUG | dusk] Loading Resource: demo01_kolin_cut02_gp_1_o.bck (Size: 36064)
[DEBUG | dusk] Loading Resource: demo01_kolin_cut03_gp_1_o.bck (Size: 21408)
[DEBUG | dusk] Loading Resource: demo01_link_cut01_bd_1_o.bck (Size: 8032)
[DEBUG | dusk] Loading Resource: demo01_link_cut01_fc_1_o.bck (Size: 512)
[DEBUG | dusk] Loading Resource: demo01_link_cut01_hd_1_o.bck (Size: 576)
[DEBUG | dusk] Loading Resource: demo01_link_cut04_bd_1_o.bck (Size: 4832)
[DEBUG | dusk] Loading Resource: demo01_link_cut04_fc_1_o.bck (Size: 1472)
[DEBUG | dusk] Loading Resource: demo01_moi_cut01_gp_1_o.bck (Size: 18688)
[DEBUG | dusk] Loading Resource: demo01_moi_cut02_gp_1_o.bck (Size: 17664)
[DEBUG | dusk] Loading Resource: demo01_moi_cut03_gp_1_o.bck (Size: 8288)
[DEBUG | dusk] Loading Resource: demo01_aru_cut10_gp_1_o.bck (Size: 23488)
[DEBUG | dusk] Loading Resource: demo01_aru_cut12_gp_1_l.bck (Size: 3456)
[DEBUG | dusk] Loading Resource: demo01_horse_cut10_bd_1_o.bck (Size: 45056)
[DEBUG | dusk] Loading Resource: demo01_horse_cut11_bd_1_o.bck (Size: 76832)
[DEBUG | dusk] Loading Resource: demo01_msaya_cut01_gp_1_o.bck (Size: 1984)
[DEBUG | dusk] Loading Resource: demo01_msaya_cut02_gp_1_o.bck (Size: 1824)
[DEBUG | dusk] Loading Resource: demo01_msaya_cut03_gp_1_o.bck (Size: 992)
[DEBUG | dusk] Loading Resource: demo01_yelia_cut10_gp_1_o.bck (Size: 22528)
[DEBUG | dusk] Loading Resource: demo01_yelia_cut11_gp_1_o.bck (Size: 31072)
[DEBUG | dusk] Loading Resource: demo01_aru_cut08_gp_1_o.bck (Size: 46976)
[DEBUG | dusk] Loading Resource: demo01_grein_cut07_gp_1_o.bck (Size: 2176)
[DEBUG | dusk] Loading Resource: demo01_horse_cut07_bd_1_o.bck (Size: 8352)
[DEBUG | dusk] Loading Resource: demo01_horse_cut08_bd_1_o.bck (Size: 23840)
[DEBUG | dusk] Loading Resource: demo01_link_cut09_bd_1_o.bck (Size: 14560)
[DEBUG | dusk] Loading Resource: demo01_link_cut09_bd_2_o.bck (Size: 11712)
[DEBUG | dusk] Loading Resource: demo01_yelia_cut07_gp_1_o.bck (Size: 30592)
[DEBUG | dusk] Loading Resource: demo01_yelia_cut08_gp_1_o.bck (Size: 14784)
[DEBUG | dusk] Loading Resource: demo01_uri_cut02_gp_1_o.bck (Size: 3168)
[DEBUG | dusk] Loading Resource: demo01_uri_cut03_gp_1_o.bck (Size: 2976)
[DEBUG | dusk] Loading Resource: demo01_kolin_cut02_gp_1_o.btk (Size: 352)
[DEBUG | dusk] Loading Resource: demo01_kolin_cut03_gp_1_o.btk (Size: 384)
[DEBUG | dusk] Loading Resource: demo01_link_cut04_fc_1_o.btk (Size: 480)
[DEBUG | dusk] Loading Resource: demo01_yelia_cut10_gp_1_o.btk (Size: 256)
[DEBUG | dusk] Loading Resource: demo01_yelia_cut11_gp_1_o.btk (Size: 256)
[DEBUG | dusk] Loading Resource: demo01_uri_cut02_gp_1_o.btk (Size: 256)
[DEBUG | dusk] Loading Resource: demo01_kolin_cut02_gp_1_o.btp (Size: 448)
[DEBUG | dusk] Loading Resource: demo01_kolin_cut03_gp_1_o.btp (Size: 256)
[DEBUG | dusk] Loading Resource: demo01_link_cut04_fc_1_o.btp (Size: 736)
[DEBUG | dusk] Loading Resource: demo01_horse_cut10_bd_1_o.btp (Size: 96)
[DEBUG | dusk] Loading Resource: demo01_horse_cut11_bd_1_o.btp (Size: 96)
[DEBUG | dusk] Loading Resource: demo01_yelia_cut10_gp_1_o.btp (Size: 896)
[DEBUG | dusk] Loading Resource: demo01_yelia_cut11_gp_1_o.btp (Size: 672)
[DEBUG | dusk] Loading Resource: demo01_link_cut09_fc_1_o.btp (Size: 800)
[DEBUG | dusk] Loading Resource: demo01_link_cut09_fc_2_o.btp (Size: 544)
[DEBUG | dusk] Loading Resource: demo01_uri_cut02_gp_1_o.btp (Size: 448)
[DEBUG | dusk] Loading Resource: demo01_grein_cut00_gp_1.bmd (Size: 8480)
[DEBUG | dusk] Loading Resource: demo01_kolin_cut00_gp_1.bmd (Size: 118336)
[DEBUG | dusk] Loading Resource: demo01_moi_cut00_gp_1.bmd (Size: 136384)
[DEBUG | dusk] Loading Resource: demo01_aru_cut00_gp_1.bmd (Size: 124224)
[DEBUG | dusk] Loading Resource: demo01_msaya_cut00_gp_1.bmd (Size: 17696)
[DEBUG | dusk] Loading Resource: demo01_yelia_cut00_gp_1.bmd (Size: 166144)
[DEBUG | dusk] Loading Resource: demo01_uri_cut00_gp_1.bmd (Size: 117536)
[DEBUG | dusk] Loading Resource: demo01_03.stb (Size: 8148)
[DEBUG | dusk] Loading Resource: demo31_27.stb (Size: 2100)
[DEBUG | dusk] [DIAG] fpcSCtRq_phase_Load: procName=788 ret=4
[DEBUG | dusk] fpcSCtRq_phase_CreateProcess: procName=788
[DEBUG | dusk] fpcBs_Create: pid=255 profname=fpcNm_MENUWINDOW_e (788) profile=0x7acab6ee20 procSize=592 unkSize=0
[DEBUG | dusk] fpcSCtRq_phase_CreateProcess: fpcBs_Create OK proc=0xb400007a0374b824
[DEBUG | dusk] [DIAG] fpcSCtRq_phase_Load: procName=787 ret=4
[DEBUG | dusk] fpcSCtRq_phase_CreateProcess: procName=787
[DEBUG | dusk] fpcBs_Create: pid=256 profname=fpcNm_MSG_OBJECT_e (787) profile=0x7acab6fa98 procSize=1512 unkSize=0
[DEBUG | dusk] fpcSCtRq_phase_CreateProcess: fpcBs_Create OK proc=0xb400007a0374b21c
[DEBUG | dusk] [DIAG] fpcSCtRq_phase_Load: procName=732 ret=4
[DEBUG | dusk] fpcSCtRq_phase_CreateProcess: procName=732
[DEBUG | dusk] fpcBs_Create: pid=257 profname=fpcNm_BG_e (732) profile=0x7acab753f8 procSize=1904 unkSize=0
[DEBUG | dusk] fpcSCtRq_phase_CreateProcess: fpcBs_Create OK proc=0xb400007a0374aa8c
[DEBUG | dusk] [DIAG] fpcSCtRq_phase_Load: procName=550 ret=4
[DEBUG | dusk] fpcSCtRq_phase_CreateProcess: procName=550
[DEBUG | dusk] fpcBs_Create: pid=258 profname=fpcNm_KNOB20_e (550) profile=0x7acab758a0 procSize=1888 unkSize=0
[DEBUG | dusk] fpcSCtRq_phase_CreateProcess: fpcBs_Create OK proc=0xb400007a0374a30c
[DEBUG | dusk] [DIAG] fpcSCtRq_phase_Load: procName=768 ret=4
[DEBUG | dusk] fpcSCtRq_phase_CreateProcess: procName=768
[DEBUG | dusk] fpcBs_Create: pid=259 profname=fpcNm_BD_e (768) profile=0x7acab78f48 procSize=3312 unkSize=0
[DEBUG | dusk] fpcSCtRq_phase_CreateProcess: fpcBs_Create OK proc=0xb400007a037495fc
[DEBUG | dusk] [DIAG] fpcSCtRq_phase_Load: procName=768 ret=4
[DEBUG | dusk] fpcSCtRq_phase_CreateProcess: procName=768
[DEBUG | dusk] fpcBs_Create: pid=260 profname=fpcNm_BD_e (768) profile=0x7acab78f48 procSize=3312 unkSize=0
[DEBUG | dusk] fpcSCtRq_phase_CreateProcess: fpcBs_Create OK proc=0xb400007a037488ec
[DEBUG | dusk] [DIAG] fpcSCtRq_phase_Load: procName=687 ret=4
[DEBUG | dusk] fpcSCtRq_phase_CreateProcess: procName=687
[DEBUG | dusk] fpcBs_Create: pid=261 profname=fpcNm_KYTAG05_e (687) profile=0x7acab79c00 procSize=1640 unkSize=0
[DEBUG | dusk] fpcSCtRq_phase_CreateProcess: fpcBs_Create OK proc=0xb400007a03748264
[DEBUG | dusk] [DIAG] fpcSCtRq_phase_Load: procName=256 ret=4
[DEBUG | dusk] fpcSCtRq_phase_CreateProcess: procName=256
[DEBUG | dusk] fpcBs_Create: pid=262 profname=fpcNm_NPC_TK_e (256) profile=0x7acab941a0 procSize=3824 unkSize=0
[DEBUG | dusk] fpcSCtRq_phase_CreateProcess: fpcBs_Create OK proc=0xb400007a03727570
[DEBUG | dusk] [DIAG] fpcSCtRq_phase_Load: procName=336 ret=4
[DEBUG | dusk] fpcSCtRq_phase_CreateProcess: procName=336
[DEBUG | dusk] fpcBs_Create: pid=263 profname=fpcNm_Obj_NamePlate_e (336) profile=0x7acab7d8d0 procSize=2360 unkSize=0
[DEBUG | dusk] fpcSCtRq_phase_CreateProcess: fpcBs_Create OK proc=0xb400007a03726c18
[DEBUG | dusk] [DIAG] fpcSCtRq_phase_Load: procName=337 ret=4
[DEBUG | dusk] fpcSCtRq_phase_CreateProcess: procName=337
[DEBUG | dusk] fpcBs_Create: pid=264 profname=fpcNm_Obj_OnCloth_e (337) profile=0x7acab7d988 procSize=2000 unkSize=0
[DEBUG | dusk] fpcSCtRq_phase_CreateProcess: fpcBs_Create OK proc=0xb400007a03726428
[DEBUG | dusk] [DIAG] fpcSCtRq_phase_Load: procName=696 ret=4
[DEBUG | dusk] fpcSCtRq_phase_CreateProcess: procName=696
[DEBUG | dusk] fpcBs_Create: pid=265 profname=fpcNm_KYTAG14_e (696) profile=0x7acab79e28 procSize=1640 unkSize=0
[DEBUG | dusk] fpcSCtRq_phase_CreateProcess: fpcBs_Create OK proc=0xb400007a03725da0
[DEBUG | dusk] [DIAG] fpcSCtRq_phase_Load: procName=561 ret=4
[DEBUG | dusk] fpcSCtRq_phase_CreateProcess: procName=561
[DEBUG | dusk] fpcBs_Create: pid=266 profname=fpcNm_ANDSW2_e (561) profile=0x7acab78e70 procSize=1632 unkSize=0
[DEBUG | dusk] fpcSCtRq_phase_CreateProcess: fpcBs_Create OK proc=0xb400007a03725720
[DEBUG | dusk] [DIAG] fpcSCtRq_phase_Load: procName=83 ret=4
[DEBUG | dusk] fpcSCtRq_phase_CreateProcess: procName=83
[DEBUG | dusk] fpcBs_Create: pid=267 profname=fpcNm_Obj_Digpl_e (83) profile=0x7acab7c7f8 procSize=1712 unkSize=0
[DEBUG | dusk] fpcSCtRq_phase_CreateProcess: fpcBs_Create OK proc=0xb400007a03725050
[DEBUG | dusk] [DIAG] fpcSCtRq_phase_Load: procName=784 ret=4
[DEBUG | dusk] fpcSCtRq_phase_CreateProcess: procName=784
[DEBUG | dusk] fpcBs_Create: pid=268 profname=fpcNm_GRASS_e (784) profile=0x7acab79ae8 procSize=1640 unkSize=0
[DEBUG | dusk] fpcSCtRq_phase_CreateProcess: fpcBs_Create OK proc=0xb400007a037249c8
[DEBUG | dusk] [DIAG] fpcSCtRq_phase_Load: procName=784 ret=4
[DEBUG | dusk] fpcSCtRq_phase_CreateProcess: procName=784
[DEBUG | dusk] fpcBs_Create: pid=269 profname=fpcNm_GRASS_e (784) profile=0x7acab79ae8 procSize=1640 unkSize=0
[DEBUG | dusk] fpcSCtRq_phase_CreateProcess: fpcBs_Create OK proc=0xb400007a03724340
[DEBUG | dusk] [DIAG] fpcSCtRq_phase_Load: procName=784 ret=4
[DEBUG | dusk] fpcSCtRq_phase_CreateProcess: procName=784
[DEBUG | dusk] fpcBs_Create: pid=270 profname=fpcNm_GRASS_e (784) profile=0x7acab79ae8 procSize=1640 unkSize=0
[DEBUG | dusk] fpcSCtRq_phase_CreateProcess: fpcBs_Create OK proc=0xb400007a03723cb8
[DEBUG | dusk] [DIAG] fpcSCtRq_phase_Load: procName=784 ret=4
[DEBUG | dusk] fpcSCtRq_phase_CreateProcess: procName=784
[DEBUG | dusk] fpcBs_Create: pid=271 profname=fpcNm_GRASS_e (784) profile=0x7acab79ae8 procSize=1640 unkSize=0
[DEBUG | dusk] fpcSCtRq_phase_CreateProcess: fpcBs_Create OK proc=0xb400007a03723630
[DEBUG | dusk] [DIAG] fpcSCtRq_phase_Load: procName=784 ret=4
[DEBUG | dusk] fpcSCtRq_phase_CreateProcess: procName=784
[DEBUG | dusk] fpcBs_Create: pid=272 profname=fpcNm_GRASS_e (784) profile=0x7acab79ae8 procSize=1640 unkSize=0
[DEBUG | dusk] fpcSCtRq_phase_CreateProcess: fpcBs_Create OK proc=0xb400007a03722fa8
[DEBUG | dusk] [DIAG] fpcSCtRq_phase_Load: procName=784 ret=4
[DEBUG | dusk] fpcSCtRq_phase_CreateProcess: procName=784
[DEBUG | dusk] fpcBs_Create: pid=273 profname=fpcNm_GRASS_e (784) profile=0x7acab79ae8 procSize=1640 unkSize=0
[DEBUG | dusk] fpcSCtRq_phase_CreateProcess: fpcBs_Create OK proc=0xb400007a03722920
[DEBUG | dusk] [DIAG] fpcSCtRq_phase_Load: procName=784 ret=4
[DEBUG | dusk] fpcSCtRq_phase_CreateProcess: procName=784
[DEBUG | dusk] fpcBs_Create: pid=274 profname=fpcNm_GRASS_e (784) profile=0x7acab79ae8 procSize=1640 unkSize=0
[DEBUG | dusk] fpcSCtRq_phase_CreateProcess: fpcBs_Create OK proc=0xb400007a03722298
[DEBUG | dusk] [DIAG] fpcSCtRq_phase_Load: procName=784 ret=4
[DEBUG | dusk] fpcSCtRq_phase_CreateProcess: procName=784
[DEBUG | dusk] fpcBs_Create: pid=275 profname=fpcNm_GRASS_e (784) profile=0x7acab79ae8 procSize=1640 unkSize=0
[DEBUG | dusk] fpcSCtRq_phase_CreateProcess: fpcBs_Create OK proc=0xb400007a03721c10
[DEBUG | dusk] [DIAG] fpcSCtRq_phase_Load: procName=784 ret=4
[DEBUG | dusk] fpcSCtRq_phase_CreateProcess: procName=784
[DEBUG | dusk] fpcBs_Create: pid=276 profname=fpcNm_GRASS_e (784) profile=0x7acab79ae8 procSize=1640 unkSize=0
[DEBUG | dusk] fpcSCtRq_phase_CreateProcess: fpcBs_Create OK proc=0xb400007a03721588
[DEBUG | dusk] [DIAG] fpcSCtRq_phase_Load: procName=784 ret=4
[DEBUG | dusk] fpcSCtRq_phase_CreateProcess: procName=784
[DEBUG | dusk] fpcBs_Create: pid=277 profname=fpcNm_GRASS_e (784) profile=0x7acab79ae8 procSize=1640 unkSize=0
[DEBUG | dusk] fpcSCtRq_phase_CreateProcess: fpcBs_Create OK proc=0xb400007a03720f00
[DEBUG | dusk] [DIAG] fpcSCtRq_phase_Load: procName=784 ret=4
[DEBUG | dusk] fpcSCtRq_phase_CreateProcess: procName=784
[DEBUG | dusk] fpcBs_Create: pid=278 profname=fpcNm_GRASS_e (784) profile=0x7acab79ae8 procSize=1640 unkSize=0
[DEBUG | dusk] fpcSCtRq_phase_CreateProcess: fpcBs_Create OK proc=0xb400007a03720878
[DEBUG | dusk] [DIAG] fpcSCtRq_phase_Load: procName=784 ret=4
[DEBUG | dusk] fpcSCtRq_phase_CreateProcess: procName=784
[DEBUG | dusk] fpcBs_Create: pid=279 profname=fpcNm_GRASS_e (784) profile=0x7acab79ae8 procSize=1640 unkSize=0
[DEBUG | dusk] fpcSCtRq_phase_CreateProcess: fpcBs_Create OK proc=0xb400007a037201f0
[DEBUG | dusk] [DIAG] fpcSCtRq_phase_Load: procName=745 ret=4
[DEBUG | dusk] fpcSCtRq_phase_CreateProcess: procName=745
[DEBUG | dusk] fpcBs_Create: pid=280 profname=fpcNm_TAG_EVTAREA_e (745) profile=0x7acab77600 procSize=1632 unkSize=0
[DEBUG | dusk] fpcSCtRq_phase_CreateProcess: fpcBs_Create OK proc=0xb400007a0371fb70
[DEBUG | dusk] [DIAG] fpcSCtRq_phase_Load: procName=719 ret=4
[DEBUG | dusk] fpcSCtRq_phase_CreateProcess: procName=719
[DEBUG | dusk] fpcBs_Create: pid=281 profname=fpcNm_TAG_CAMERA_e (719) profile=0x7acab77260 procSize=1672 unkSize=0
[DEBUG | dusk] fpcSCtRq_phase_CreateProcess: fpcBs_Create OK proc=0xb400007a0371f4c8
[DEBUG | dusk] [DIAG] fpcSCtRq_phase_Load: procName=719 ret=4
[DEBUG | dusk] fpcSCtRq_phase_CreateProcess: procName=719
[DEBUG | dusk] fpcBs_Create: pid=282 profname=fpcNm_TAG_CAMERA_e (719) profile=0x7acab77260 procSize=1672 unkSize=0
[DEBUG | dusk] fpcSCtRq_phase_CreateProcess: fpcBs_Create OK proc=0xb400007a0371ee20
[DEBUG | dusk] [DIAG] fpcSCtRq_phase_Load: procName=549 ret=4
[DEBUG | dusk] fpcSCtRq_phase_CreateProcess: procName=549
[DEBUG | dusk] fpcBs_Create: pid=283 profname=fpcNm_SWC00_e (549) profile=0x7acab7e4d0 procSize=1664 unkSize=0
[DEBUG | dusk] fpcSCtRq_phase_CreateProcess: fpcBs_Create OK proc=0xb400007a0371e780
[DEBUG | dusk] [DIAG] fpcSCtRq_phase_Load: procName=549 ret=4
[DEBUG | dusk] fpcSCtRq_phase_CreateProcess: procName=549
[DEBUG | dusk] fpcBs_Create: pid=284 profname=fpcNm_SWC00_e (549) profile=0x7acab7e4d0 procSize=1664 unkSize=0
[DEBUG | dusk] fpcSCtRq_phase_CreateProcess: fpcBs_Create OK proc=0xb400007a0371e0e0
[DEBUG | dusk] [DIAG] fpcSCtRq_phase_Load: procName=549 ret=4
[DEBUG | dusk] fpcSCtRq_phase_CreateProcess: procName=549
[DEBUG | dusk] fpcBs_Create: pid=285 profname=fpcNm_SWC00_e (549) profile=0x7acab7e4d0 procSize=1664 unkSize=0
[DEBUG | dusk] fpcSCtRq_phase_CreateProcess: fpcBs_Create OK proc=0xb400007a0374c070
[DEBUG | dusk] [DIAG] fpcSCtRq_phase_Load: procName=549 ret=4
[DEBUG | dusk] fpcSCtRq_phase_CreateProcess: procName=549
[DEBUG | dusk] fpcBs_Create: pid=286 profname=fpcNm_SWC00_e (549) profile=0x7acab7e4d0 procSize=1664 unkSize=0
[DEBUG | dusk] fpcSCtRq_phase_CreateProcess: fpcBs_Create OK proc=0xb400007a0371da40
[DEBUG | dusk] [DIAG] fpcSCtRq_phase_Load: procName=549 ret=4
[DEBUG | dusk] fpcSCtRq_phase_CreateProcess: procName=549
[DEBUG | dusk] fpcBs_Create: pid=287 profname=fpcNm_SWC00_e (549) profile=0x7acab7e4d0 procSize=1664 unkSize=0
[DEBUG | dusk] fpcSCtRq_phase_CreateProcess: fpcBs_Create OK proc=0xb400007a0371d3a0
[DEBUG | dusk] [DIAG] fpcSCtRq_phase_Load: procName=238 ret=4
[DEBUG | dusk] fpcSCtRq_phase_CreateProcess: procName=238
[DEBUG | dusk] fpcBs_Create: pid=288 profname=fpcNm_HORSE_e (238) profile=0x7acab85d10 procSize=8464 unkSize=0
[DEBUG | dusk] fpcSCtRq_phase_CreateProcess: fpcBs_Create OK proc=0xb400007a0371b270
[DEBUG | dusk] [DIAG] fpcSCtRq_phase_Load: procName=233 ret=4
[DEBUG | dusk] fpcSCtRq_phase_CreateProcess: procName=233
[DEBUG | dusk] fpcBs_Create: pid=289 profname=fpcNm_Tag_Hinit_e (233) profile=0x7acab7e918 procSize=1640 unkSize=0
[DEBUG | dusk] fpcSCtRq_phase_CreateProcess: fpcBs_Create OK proc=0xb400007a0371abe8
[DEBUG | dusk] Loading Resource: al_kantera.bmd (Size: 21024)
[DEBUG | dusk] Loading Resource: ef_ktglow.bmd (Size: 3040)
[DEBUG | dusk] Loading Resource: al_bootsh.bmd (Size: 22048)
[DEBUG | dusk] Loading Resource: al_face.bmd (Size: 72576)
[DEBUG | dusk] Loading Resource: al_swb.bmd (Size: 23552)
[DEBUG | dusk] Loading Resource: bl.bmd (Size: 165088)
[DEBUG | dusk] Loading Resource: bl_hands.bmd (Size: 63744)
[DEBUG | dusk] Loading Resource: bl_head.bmd (Size: 33568)
[DEBUG | dusk] Loading Resource: ef_ktglow.btk (Size: 512)
[DEBUG | dusk] Loading Resource: fdoora.bck (Size: 352)
[DEBUG | dusk] Loading Resource: fdoorb.bck (Size: 320)
[DEBUG | dusk] Loading Resource: door-knobdummy.bmd (Size: 1792)
[DEBUG | dusk] Loading Resource: door-pushdoubledummy.bmd (Size: 2752)
[DEBUG | dusk] Loading Resource: door-knob.dzb (Size: 480)
[DEBUG | dusk] Loading Resource: door-pushdouble.dzb (Size: 480)
[DEBUG | dusk] Loading Resource: door-shutter.dzb (Size: 448)
[DEBUG | dusk] Loading Resource: door-shutterbig.dzb (Size: 768)
[DEBUG | dusk] Loading Resource: door-shutterboss.dzb (Size: 704)
[DEBUG | dusk] Loading Resource: door-shutterlv9.dzb (Size: 768)
[DEBUG | dusk] Loading Resource: bd_fly.bck (Size: 672)
[DEBUG | dusk] Loading Resource: bd_kakku.bck (Size: 512)
[DEBUG | dusk] Loading Resource: bd_kakku1.bck (Size: 512)
[DEBUG | dusk] Loading Resource: bd_pita_down.bck (Size: 512)
[DEBUG | dusk] Loading Resource: bd_pita_leftup.bck (Size: 512)
[DEBUG | dusk] Loading Resource: bd_pita_right.bck (Size: 512)
[DEBUG | dusk] Loading Resource: bd_pyon.bck (Size: 672)
[DEBUG | dusk] Loading Resource: bd.bmd (Size: 10560)
[DEBUG | dusk] Loading Resource: bd.btk (Size: 640)
[DEBUG | dusk] Loading Resource: tk_breaking.bck (Size: 3360)
[DEBUG | dusk] Loading Resource: tk_fly.bck (Size: 2336)
[DEBUG | dusk] Loading Resource: tk_hovering.bck (Size: 2592)
[DEBUG | dusk] Loading Resource: tk_kakku.bck (Size: 1984)
[DEBUG | dusk] Loading Resource: tk_land.bck (Size: 4544)
[DEBUG | dusk] Loading Resource: tk_pick_a.bck (Size: 2240)
[DEBUG | dusk] Loading Resource: tk_pick_b.bck (Size: 2880)
[DEBUG | dusk] Loading Resource: tk_wait_a.bck (Size: 1888)
[DEBUG | dusk] Loading Resource: tk.bmd (Size: 36128)
[DEBUG | dusk] Loading Resource: event_list.dat (Size: 6760)
[DEBUG | dusk] Loading Resource: j_hyousatu.bmd (Size: 10016)
[DEBUG | dusk] Loading Resource: j_necktie.bmd (Size: 23872)
[DEBUG | dusk] Loading Resource: j_necktie.btk (Size: 544)
[DEBUG | dusk] Loading Resource: al_shb.bmd (Size: 15040)
[DEBUG | dusk] Loading Resource: event_list.dat (Size: 11912)
[DEBUG | dusk] Loading Resource: hs_back_walk.bck (Size: 5536)
[DEBUG | dusk] Loading Resource: hs_back_walk_start.bck (Size: 6304)
[DEBUG | dusk] Loading Resource: hs_excitement.bck (Size: 11968)
[DEBUG | dusk] Loading Resource: hs_excitement_2.bck (Size: 14144)
[DEBUG | dusk] Loading Resource: hs_jump_end.bck (Size: 5344)
[DEBUG | dusk] Loading Resource: hs_jump_middle.bck (Size: 4640)
[DEBUG | dusk] Loading Resource: hs_jump_start.bck (Size: 4832)
[DEBUG | dusk] Loading Resource: hs_jump_start_clift.bck (Size: 5248)
[DEBUG | dusk] Loading Resource: hs_lash.bck (Size: 3200)
[DEBUG | dusk] Loading Resource: hs_neck_waitback_left.bck (Size: 2880)
[DEBUG | dusk] Loading Resource: hs_neck_waitback_right.bck (Size: 2848)
[DEBUG | dusk] Loading Resource: hs_run_dash.bck (Size: 7680)
[DEBUG | dusk] Loading Resource: hs_run_fast.bck (Size: 6688)
[DEBUG | dusk] Loading Resource: hs_run_slow.bck (Size: 7712)
[DEBUG | dusk] Loading Resource: hs_stand.bck (Size: 17984)
[DEBUG | dusk] Loading Resource: hs_stop_slow.bck (Size: 14208)
[DEBUG | dusk] Loading Resource: hs_stop_stand.bck (Size: 16352)
[DEBUG | dusk] Loading Resource: hs_turn_left.bck (Size: 9632)
[DEBUG | dusk] Loading Resource: hs_turn_left_start.bck (Size: 5248)
[DEBUG | dusk] Loading Resource: hs_turn_right.bck (Size: 9472)
[DEBUG | dusk] Loading Resource: hs_turn_right_start.bck (Size: 5344)
[DEBUG | dusk] Loading Resource: hs_wait_01.bck (Size: 4768)
[DEBUG | dusk] Loading Resource: hs_wait_01b.bck (Size: 4672)
[DEBUG | dusk] Loading Resource: hs_wait_01b_connect.bck (Size: 4672)
[DEBUG | dusk] Loading Resource: hs_wait_02.bck (Size: 8928)
[DEBUG | dusk] Loading Resource: hs_wait_03.bck (Size: 7552)
[DEBUG | dusk] Loading Resource: hs_wait_04.bck (Size: 12640)
[DEBUG | dusk] Loading Resource: hs_wait_05.bck (Size: 10528)
[DEBUG | dusk] Loading Resource: hs_walk_fast.bck (Size: 5792)
[DEBUG | dusk] Loading Resource: hs_walk_slow.bck (Size: 5600)
[DEBUG | dusk] Loading Resource: hs.bmd (Size: 131264)
[DEBUG | dusk] Loading Resource: hs_eye.btp (Size: 128)
[DEBUG | dusk] Loading Resource: tazuna.bti (Size: 160)
[DEBUG | dusk] [DIAG] fpcSCtRq_phase_Load: procName=255 ret=4
[DEBUG | dusk] fpcSCtRq_phase_CreateProcess: procName=255
[DEBUG | dusk] fpcBs_Create: pid=290 profname=fpcNm_MIDNA_e (255) profile=0x7acab78698 procSize=3360 unkSize=0
[DEBUG | dusk] fpcSCtRq_phase_CreateProcess: fpcBs_Create OK proc=0xb400007a0374d154
[DEBUG | dusk] Loading Resource: s_md_hands.bmd (Size: 19776)
[DEBUG | dusk] Loading Resource: s_md_mask.bmd (Size: 15424)
[DEBUG | dusk] Loading Resource: s_md_gokou.bmd (Size: 3008)
[DEBUG | dusk] Loading Resource: s_md.bmd (Size: 69984)
[DEBUG | dusk] Loading Resource: s_md_hair_hand.bmd (Size: 18944)
[DEBUG | dusk] Loading Resource: s_md_appear.brk (Size: 352)
[DEBUG | dusk] Loading Resource: s_md_gokou_appear.brk (Size: 256)
[DEBUG | dusk] Loading Resource: s_md_hair_hand_appear.brk (Size: 288)
[DEBUG | dusk] Loading Resource: s_md_mask_appear.brk (Size: 256)
[DEBUG | dusk] Loading Resource: s_md_hair_hand_moya.btk (Size: 544)
[DEBUG | dusk] Loading Resource: s_md_hands_moya.btk (Size: 608)
[DEBUG | dusk] Loading Resource: s_md_mask_moya.btk (Size: 320)
[DEBUG | dusk] Loading Resource: s_md_moya.btk (Size: 512)
[DEBUG | dusk] fpcBs_Create: pid=292 profname=fpcNm_DEMO00_e (718) profile=0x7acab78470 procSize=11112 unkSize=0
[DEBUG | dusk] fpcBs_Create: pid=294 profname=fpcNm_DEMO00_e (718) profile=0x7acab78470 procSize=11112 unkSize=0
[DEBUG | dusk] fpcBs_Create: pid=296 profname=fpcNm_DEMO00_e (718) profile=0x7acab78470 procSize=11112 unkSize=0
[DEBUG | dusk] fpcBs_Create: pid=298 profname=fpcNm_DEMO00_e (718) profile=0x7acab78470 procSize=11112 unkSize=0
[DEBUG | dusk] fpcBs_Create: pid=300 profname=fpcNm_DEMO00_e (718) profile=0x7acab78470 procSize=11112 unkSize=0
[DEBUG | dusk] fpcBs_Create: pid=302 profname=fpcNm_DEMO00_e (718) profile=0x7acab78470 procSize=11112 unkSize=0
[DEBUG | dusk] fpcBs_Create: pid=304 profname=fpcNm_DEMO00_e (718) profile=0x7acab78470 procSize=11112 unkSize=0
[DEBUG | dusk] fpcBs_Create: pid=306 profname=fpcNm_DEMO00_e (718) profile=0x7acab78470 procSize=11112 unkSize=0
[DEBUG | dusk] frameInterp: onTypeChange 46 -> 40 (event_type_id=40, leaving_event=false, entering_event=true)
[DEBUG | dusk] frameInterp: presentation sync not requested for ZEV event [STBWAIT] (staff idx 18)
[INFO | dev.baxlek.zelda_on_epona] cutscene diagnostics: event='demo01_03' demoArc='Demo01_03' cutName='' demoStaffId=-1 room=1 layer=9 horseDemoMode=true titleScreen=false storyHoZeldaActive=false inScriptedCutscene=true alwaysHiddenCutscene=false showInCutscenesToggle=true hideSpawnedZelda=false hasSpawnedZelda=true
[DEBUG | dusk] [DIAG] fpcSCtRq_phase_Load: procName=548 ret=4
[DEBUG | dusk] fpcSCtRq_phase_CreateProcess: procName=548
[DEBUG | dusk] fpcBs_Create: pid=307 profname=fpcNm_HOZELDA_e (548) profile=0x7acab85e40 procSize=2368 unkSize=0
[DEBUG | dusk] fpcSCtRq_phase_CreateProcess: fpcBs_Create OK proc=0xb400007a037043e8
[DEBUG | dusk] Loading Resource: zelh_aldieh.bck (Size: 6240)
[DEBUG | dusk] Loading Resource: zelh_arelordh.bck (Size: 9280)
[DEBUG | dusk] Loading Resource: zelh_ashooth.bck (Size: 5216)
[DEBUG | dusk] Loading Resource: zelh_atbh.bck (Size: 4064)
[DEBUG | dusk] Loading Resource: zelh_barelordh.bck (Size: 1216)
[DEBUG | dusk] Loading Resource: zelh_bashooth.bck (Size: 1952)
[DEBUG | dusk] Loading Resource: zelh_damh.bck (Size: 4864)
[DEBUG | dusk] Loading Resource: zelh_dashh.bck (Size: 6976)
[DEBUG | dusk] Loading Resource: zelh_dstarth.bck (Size: 7584)
[DEBUG | dusk] Loading Resource: zelh_egnd_wh.bck (Size: 6048)
[DEBUG | dusk] Loading Resource: zelh_egnd_whb.bck (Size: 5344)
[DEBUG | dusk] Loading Resource: zelh_jumph.bck (Size: 5600)
[DEBUG | dusk] Loading Resource: zelh_jumphed.bck (Size: 5568)
[DEBUG | dusk] Loading Resource: zelh_jumphst.bck (Size: 4896)
[DEBUG | dusk] Loading Resource: zelh_numbh.bck (Size: 4704)
[DEBUG | dusk] Loading Resource: zelh_standh.bck (Size: 10624)
[DEBUG | dusk] Loading Resource: zelh_standhwc.bck (Size: 14176)
[DEBUG | dusk] Loading Resource: zelh_stoph.bck (Size: 8064)
[DEBUG | dusk] Loading Resource: zelh_stoptostandh.bck (Size: 11648)
[DEBUG | dusk] Loading Resource: zelh_waitbh.bck (Size: 6656)
[DEBUG | dusk] Loading Resource: zelh_waitch.bck (Size: 5184)
[DEBUG | dusk] Loading Resource: zelh_waith.bck (Size: 5216)
[DEBUG | dusk] Loading Resource: o_zg_arow.bmd (Size: 9312)
[DEBUG | dusk] Loading Resource: o_zg_bow.bmd (Size: 17120)
[DEBUG | dusk] Loading Resource: zelh.bmd (Size: 240768)
[DEBUG | dusk] Loading Resource: zelh_fa.btk (Size: 352)
[DEBUG | dusk] Loading Resource: zelh_faldieh.btk (Size: 992)
[DEBUG | dusk] Loading Resource: zelh_fegnd_wh.btk (Size: 352)
[DEBUG | dusk] Loading Resource: zelh_fa.btp (Size: 128)
[DEBUG | dusk] Loading Resource: zelh_faldieh.btp (Size: 864)
[DEBUG | dusk] Loading Resource: zelh_fb.btp (Size: 128)
[DEBUG | dusk] Loading Resource: zelh_fc.btp (Size: 128)
[DEBUG | dusk] Loading Resource: zelh_fmaba01.btp (Size: 160)
[DEBUG | dusk] fapGm_Execute frame=3600
[DEBUG | dusk] fapGm_Execute frame=3900
[DEBUG | dusk] fapGm_Execute frame=4200
[DEBUG | dusk] fapGm_Execute frame=4500
[DEBUG | dusk] fapGm_Execute frame=4800
[DEBUG | dusk] fapGm_Execute frame=5100
[DEBUG | dusk] fapGm_Execute frame=5400
[DEBUG | dusk] [DIAG] fpcSCtRq_phase_Load: procName=7 ret=4
[DEBUG | dusk] fpcSCtRq_phase_CreateProcess: procName=7
[DEBUG | dusk] fpcBs_Create: pid=308 profname=fpcNm_OVERLAP10_e (7) profile=0x7acab71c98 procSize=384 unkSize=0
[DEBUG | dusk] fpcSCtRq_phase_CreateProcess: fpcBs_Create OK proc=0xb400007a03724828
[DEBUG | dusk] fpcNdRq_phase_Create: name=11 layer=0x7acada5418
[DEBUG | dusk] fpcNdRq_phase_Create: creating_id=309 (error=4294967295)
[WARNING | dusk::mods::actor] Attempted to delete actor with ID (307) but it doesn't exist!
[DEBUG | dusk] [DIAG] fpcSCtRq_phase_Load: procName=11 ret=4
[DEBUG | dusk] fpcSCtRq_phase_CreateProcess: procName=11
[DEBUG | dusk] fpcBs_Create: pid=309 profname=fpcNm_PLAY_SCENE_e (11) profile=0x7acab72268 procSize=912 unkSize=0
[DEBUG | dusk] fpcSCtRq_phase_CreateProcess: fpcBs_Create OK proc=0xb400007a03756bd0
[DEBUG | dusk] Loading Resource: event_list.dat (Size: 106476)
[DEBUG | dusk] Loading Resource: camstyle.dat (Size: 43328)
[DEBUG | dusk] Loading Resource: camtype.dat (Size: 14560)
[DEBUG | dusk] fpcBs_Create: pid=313 profname=fpcNm_SUSPEND_e (783) profile=0x7acab78c48 procSize=1632 unkSize=0
[DEBUG | dusk] fopScnM_CreateReq: procName=18 fade=32767
[DEBUG | dusk] fopScnM_CreateReq: result=16 (error=4294967295)
[DEBUG | dusk] fpcBs_Create: pid=315 profname=fpcNm_KANKYO_e (19) profile=0x7acab6ce60 procSize=440 unkSize=0
[DEBUG | dusk] fpcBs_Create: pid=317 profname=fpcNm_KYEFF_e (785) profile=0x7acab6ceb0 procSize=440 unkSize=0
[DEBUG | dusk] fpcBs_Create: pid=319 profname=fpcNm_KYEFF2_e (786) profile=0x7acab6cef0 procSize=440 unkSize=0
[DEBUG | dusk] fpcBs_Create: pid=321 profname=fpcNm_ENVSE_e (21) profile=0x7acab6bf20 procSize=456 unkSize=0
[DEBUG | dusk] fpcNdRq_phase_Create: name=18 layer=0xb400007a03756d28
[DEBUG | dusk] fpcNdRq_phase_Create: creating_id=324 (error=4294967295)
[DEBUG | dusk] [DIAG] fpcSCtRq_phase_Load: procName=781 ret=4
[DEBUG | dusk] fpcSCtRq_phase_CreateProcess: procName=781
[DEBUG | dusk] fpcBs_Create: pid=310 profname=fpcNm_CAMERA_e (781) profile=0x7acab6bd68 procSize=4240 unkSize=0
[DEBUG | dusk] fpcSCtRq_phase_CreateProcess: fpcBs_Create OK proc=0xb400007a03753f60
[DEBUG | dusk] [DIAG] fpcSCtRq_phase_Load: procName=25 ret=4
[DEBUG | dusk] fpcSCtRq_phase_CreateProcess: procName=25
[DEBUG | dusk] fpcBs_Create: pid=311 profname=fpcNm_Tag_Gstart_e (25) profile=0x7acab7e860 procSize=1632 unkSize=0
[DEBUG | dusk] fpcSCtRq_phase_CreateProcess: fpcBs_Create OK proc=0xb400007a037538e0
[DEBUG | dusk] [DIAG] fpcSCtRq_phase_Load: procName=730 ret=4
[DEBUG | dusk] fpcSCtRq_phase_CreateProcess: procName=730
[DEBUG | dusk] fpcBs_Create: pid=322 profname=fpcNm_VRBOX_e (730) profile=0x7acab78078 procSize=1648 unkSize=0
[DEBUG | dusk] fpcSCtRq_phase_CreateProcess: fpcBs_Create OK proc=0xb400007a03753250
[DEBUG | dusk] [DIAG] fpcSCtRq_phase_Load: procName=731 ret=4
[DEBUG | dusk] fpcSCtRq_phase_CreateProcess: procName=731
[DEBUG | dusk] fpcBs_Create: pid=323 profname=fpcNm_VRBOX2_e (731) profile=0x7acab78130 procSize=1720 unkSize=0
[DEBUG | dusk] fpcSCtRq_phase_CreateProcess: fpcBs_Create OK proc=0xb400007a03752b78
[DEBUG | dusk] [DIAG] fpcSCtRq_phase_Load: procName=18 ret=4
[DEBUG | dusk] fpcSCtRq_phase_CreateProcess: procName=18
[DEBUG | dusk] fpcBs_Create: pid=324 profname=fpcNm_ROOM_SCENE_e (18) profile=0x7acab72388 procSize=912 unkSize=0
[DEBUG | dusk] fpcSCtRq_phase_CreateProcess: fpcBs_Create OK proc=0xb400007a037527c8
[DEBUG | dusk] [DIAG] fpcSCtRq_phase_Load: procName=253 ret=4
[DEBUG | dusk] fpcSCtRq_phase_CreateProcess: procName=253
[DEBUG | dusk] fpcBs_Create: pid=325 profname=fpcNm_ALINK_e (253) profile=0x7acab68250 procSize=18784 unkSize=0
[DEBUG | dusk] fpcSCtRq_phase_CreateProcess: fpcBs_Create OK proc=0xb400007a0374de48
[DEBUG | dusk] [DIAG] fpcSCtRq_phase_Load: procName=790 ret=4
[DEBUG | dusk] fpcSCtRq_phase_CreateProcess: procName=790
[DEBUG | dusk] fpcBs_Create: pid=326 profname=fpcNm_METER2_e (790) profile=0x7acab6f430 procSize=1504 unkSize=0
[DEBUG | dusk] fpcSCtRq_phase_CreateProcess: fpcBs_Create OK proc=0xb400007a03755dc0
[DEBUG | dusk] Loading Resource: @bg0034.arc (Size: 14624)
[DEBUG | dusk] Loading Resource: model0.bmd (Size: 13376)
[DEBUG | dusk] Loading Resource: model0.dzb (Size: 736)
[DEBUG | dusk] Loading Resource: spec.dat (Size: 8)
[DEBUG | dusk] Loading Resource: @bg004f.arc (Size: 5280)
[DEBUG | dusk] Loading Resource: model0.bmd (Size: 4384)
[DEBUG | dusk] Loading Resource: model0.dzb (Size: 384)
[DEBUG | dusk] Loading Resource: spec.dat (Size: 8)
[DEBUG | dusk] Loading Resource: a_iwaato.arc (Size: 16672)
[DEBUG | dusk] Loading Resource: a_iwaato.bti (Size: 16416)
[DEBUG | dusk] Loading Resource: bd.arc (Size: 15808)
[DEBUG | dusk] Loading Resource: bd_fly.bck (Size: 672)
[DEBUG | dusk] Loading Resource: bd_kakku.bck (Size: 512)
[DEBUG | dusk] Loading Resource: bd_kakku1.bck (Size: 512)
[DEBUG | dusk] Loading Resource: bd_pita_down.bck (Size: 512)
[DEBUG | dusk] Loading Resource: bd_pita_leftup.bck (Size: 512)
[DEBUG | dusk] Loading Resource: bd_pita_right.bck (Size: 512)
[DEBUG | dusk] Loading Resource: bd_pyon.bck (Size: 672)
[DEBUG | dusk] Loading Resource: bd.bmd (Size: 10560)
[DEBUG | dusk] Loading Resource: bd.btk (Size: 640)
[DEBUG | dusk] Loading Resource: besu.arc (Size: 132160)
[DEBUG | dusk] Loading Resource: besu.bmd (Size: 131904)
[DEBUG | dusk] Loading Resource: besu_p1.arc (Size: 23776)
[DEBUG | dusk] Loading Resource: besu_f_madtalk.bck (Size: 1888)
[DEBUG | dusk] Loading Resource: besu_f_talk_a.bck (Size: 1856)
[DEBUG | dusk] Loading Resource: besu_f_talk_c.bck (Size: 2016)
[DEBUG | dusk] Loading Resource: besu_f_yokeru.bck (Size: 1568)
[DEBUG | dusk] Loading Resource: besu_fh_madtalk.bck (Size: 1472)
[DEBUG | dusk] Loading Resource: besu_normal_talk_b.bck (Size: 4064)
[DEBUG | dusk] Loading Resource: besu_step.bck (Size: 2464)
[DEBUG | dusk] Loading Resource: besu_wait_a.bck (Size: 2432)
[DEBUG | dusk] Loading Resource: besu_yokeru.bck (Size: 4160)
[DEBUG | dusk] Loading Resource: besu.btk (Size: 256)
[DEBUG | dusk] Loading Resource: besu.btp (Size: 128)
[DEBUG | dusk] Loading Resource: besu_f_madtalk.btp (Size: 288)
[DEBUG | dusk] Loading Resource: besu_f_yokeru.btp (Size: 160)
[DEBUG | dusk] Loading Resource: besu_fh_madtalk.btp (Size: 96)
[DEBUG | dusk] Loading Resource: bou.arc (Size: 142016)
[DEBUG | dusk] Loading Resource: bou_f_talk_a.bck (Size: 3680)
[DEBUG | dusk] Loading Resource: bou_step.bck (Size: 4128)
[DEBUG | dusk] Loading Resource: bou_wait_a.bck (Size: 4416)
[DEBUG | dusk] Loading Resource: bou.bmd (Size: 128736)
[DEBUG | dusk] Loading Resource: bou.btk (Size: 256)
[DEBUG | dusk] Loading Resource: bou.btp (Size: 96)
[DEBUG | dusk] Loading Resource: doork10.arc (Size: 12192)
[DEBUG | dusk] Loading Resource: event_list.dat (Size: 11912)
[DEBUG | dusk] Loading Resource: d_srock.arc (Size: 4960)
[DEBUG | dusk] Loading Resource: d_srock.bmd (Size: 4704)
[DEBUG | dusk] Loading Resource: e_ga.arc (Size: 2688)
[DEBUG | dusk] Loading Resource: ga.bmd (Size: 2432)
[DEBUG | dusk] Loading Resource: fr.arc (Size: 31328)
[DEBUG | dusk] Loading Resource: fr_jump01.bck (Size: 2016)
[DEBUG | dusk] Loading Resource: fr_jump02.bck (Size: 1856)
[DEBUG | dusk] Loading Resource: fr_move01.bck (Size: 1472)
[DEBUG | dusk] Loading Resource: fr_move02.bck (Size: 896)
[DEBUG | dusk] Loading Resource: fr_move03.bck (Size: 1632)
[DEBUG | dusk] Loading Resource: fr_swim.bck (Size: 1664)
[DEBUG | dusk] Loading Resource: fr_wait.bck (Size: 1088)
[DEBUG | dusk] Loading Resource: fr.bmd (Size: 19712)
[DEBUG | dusk] Loading Resource: fr.btk (Size: 288)
[DEBUG | dusk] Loading Resource: j_hatake.arc (Size: 34240)
[DEBUG | dusk] Loading Resource: j_hatake00.bmd (Size: 33952)
[DEBUG | dusk] Loading Resource: j_hyosatu.arc (Size: 10304)
[DEBUG | dusk] Loading Resource: j_hyousatu.bmd (Size: 10016)
[DEBUG | dusk] Loading Resource: j_kazami.arc (Size: 6496)
[DEBUG | dusk] Loading Resource: arm.bmd (Size: 3008)
[DEBUG | dusk] Loading Resource: pole.bmd (Size: 3168)
[DEBUG | dusk] Loading Resource: j_necktie.arc (Size: 24832)
[DEBUG | dusk] Loading Resource: j_necktie.bmd (Size: 23872)
[DEBUG | dusk] Loading Resource: j_necktie.btk (Size: 544)
[DEBUG | dusk] Loading Resource: j_tobi.arc (Size: 39104)
[DEBUG | dusk] Loading Resource: al_tobikusa.bmd (Size: 6016)
[DEBUG | dusk] Loading Resource: j_tobi.bmd (Size: 17888)
[DEBUG | dusk] Loading Resource: j_tobi_c.bmd (Size: 14880)
[DEBUG | dusk] Loading Resource: kolin.arc (Size: 129120)
[DEBUG | dusk] Loading Resource: kolin_f_talk_a.bck (Size: 2368)
[DEBUG | dusk] Loading Resource: kolin_step.bck (Size: 3680)
[DEBUG | dusk] Loading Resource: kolin_wait_a.bck (Size: 2784)
[DEBUG | dusk] Loading Resource: kolin.bmd (Size: 118848)
[DEBUG | dusk] Loading Resource: kolin.btk (Size: 256)
[DEBUG | dusk] Loading Resource: kolin.btp (Size: 128)
[DEBUG | dusk] Loading Resource: kolin_f_talk_a.btp (Size: 288)
[DEBUG | dusk] Loading Resource: kolin_p1.arc (Size: 9856)
[DEBUG | dusk] Loading Resource: kolin_f_happy_talk.bck (Size: 2080)
[DEBUG | dusk] Loading Resource: kolin_fh_normal_talk.bck (Size: 1792)
[DEBUG | dusk] Loading Resource: kolin_normal_talk.bck (Size: 5632)
[DEBUG | dusk] Loading Resource: mg_f_bg.arc (Size: 12512)
[DEBUG | dusk] Loading Resource: bg.bmd (Size: 12256)
[DEBUG | dusk] Loading Resource: mg_f_cf.arc (Size: 18208)
[DEBUG | dusk] Loading Resource: cf.bmd (Size: 17952)
[DEBUG | dusk] Loading Resource: moi.arc (Size: 175360)
[DEBUG | dusk] Loading Resource: moi_f_talk_a.bck (Size: 2272)
[DEBUG | dusk] Loading Resource: moi_step.bck (Size: 3712)
[DEBUG | dusk] Loading Resource: moi_wait_a.bck (Size: 3328)
[DEBUG | dusk] Loading Resource: moi.bmd (Size: 136384)
[DEBUG | dusk] Loading Resource: moi_saya.bmd (Size: 17696)
[DEBUG | dusk] Loading Resource: moi_swa.bmd (Size: 10560)
[DEBUG | dusk] Loading Resource: moi.btk (Size: 256)
[DEBUG | dusk] Loading Resource: moi.btp (Size: 128)
[DEBUG | dusk] Loading Resource: moi_f_talk_a.btp (Size: 224)
[DEBUG | dusk] Loading Resource: moi1.arc (Size: 123968)
[DEBUG | dusk] Loading Resource: moi_bored.bck (Size: 8608)
[DEBUG | dusk] Loading Resource: moi_f_bittersmil.bck (Size: 2688)
[DEBUG | dusk] Loading Resource: moi_f_hold_s.bck (Size: 2816)
[DEBUG | dusk] Loading Resource: moi_f_serious.bck (Size: 3168)
[DEBUG | dusk] Loading Resource: moi_f_talk_b.bck (Size: 2752)
[DEBUG | dusk] Loading Resource: moi_f_wonder.bck (Size: 2816)
[DEBUG | dusk] Loading Resource: moi_fh_bittersmil.bck (Size: 1792)
[DEBUG | dusk] Loading Resource: moi_fh_hold_s.bck (Size: 1760)
[DEBUG | dusk] Loading Resource: moi_fh_serious.bck (Size: 1792)
[DEBUG | dusk] Loading Resource: moi_fh_talk_b.bck (Size: 1792)
[DEBUG | dusk] Loading Resource: moi_fh_wonder.bck (Size: 1792)
[DEBUG | dusk] Loading Resource: moi_hold_s.bck (Size: 2752)
[DEBUG | dusk] Loading Resource: moi_s_f_lesson.bck (Size: 2528)
[DEBUG | dusk] Loading Resource: moi_s_lesson.bck (Size: 19616)
[DEBUG | dusk] Loading Resource: moi_s_put.bck (Size: 2880)
[DEBUG | dusk] Loading Resource: moi_s_puttalk.bck (Size: 5280)
[DEBUG | dusk] Loading Resource: moi_search.bck (Size: 6080)
[DEBUG | dusk] Loading Resource: moi_set_s.bck (Size: 5344)
[DEBUG | dusk] Loading Resource: moi_talk_a.bck (Size: 4928)
[DEBUG | dusk] Loading Resource: moi_talk_b.bck (Size: 6784)
[DEBUG | dusk] Loading Resource: moi_talk_c.bck (Size: 5088)
[DEBUG | dusk] Loading Resource: moi_talk_d.bck (Size: 3776)
[DEBUG | dusk] Loading Resource: moi_talk_e.bck (Size: 5600)
[DEBUG | dusk] Loading Resource: moi_wait_b.bck (Size: 3040)
[DEBUG | dusk] Loading Resource: moi_wait_c.bck (Size: 2848)
[DEBUG | dusk] Loading Resource: moi_wait_d.bck (Size: 2752)
[DEBUG | dusk] Loading Resource: moi_walk_a.bck (Size: 5344)
[DEBUG | dusk] Loading Resource: moi_hold_s.btk (Size: 256)
[DEBUG | dusk] Loading Resource: moi_s_lesson.btk (Size: 384)
[DEBUG | dusk] Loading Resource: moi_f_bittersmil.btp (Size: 288)
[DEBUG | dusk] Loading Resource: moi_f_hold_s.btp (Size: 288)
[DEBUG | dusk] Loading Resource: moi_f_serious.btp (Size: 288)
[DEBUG | dusk] Loading Resource: moi_f_talk_b.btp (Size: 320)
[DEBUG | dusk] Loading Resource: moi_f_wonder.btp (Size: 288)
[DEBUG | dusk] Loading Resource: moi_fh_bittersmil.btp (Size: 96)
[DEBUG | dusk] Loading Resource: moi_fh_hold_s.btp (Size: 224)
[DEBUG | dusk] Loading Resource: moi_fh_serious.btp (Size: 96)
[DEBUG | dusk] Loading Resource: moi_fh_talk_b.btp (Size: 96)
[DEBUG | dusk] Loading Resource: moi_fh_wonder.btp (Size: 224)
[DEBUG | dusk] Loading Resource: moi_s_f_lesson.btp (Size: 352)
[DEBUG | dusk] Loading Resource: event_list.dat (Size: 2336)
[DEBUG | dusk] Loading Resource: ni.arc (Size: 71264)
[DEBUG | dusk] Loading Resource: ni_fall.bck (Size: 1888)
[DEBUG | dusk] Loading Resource: ni_fly.bck (Size: 1280)
[DEBUG | dusk] Loading Resource: ni_ikaku.bck (Size: 2912)
[DEBUG | dusk] Loading Resource: ni_miwatasi.bck (Size: 2400)
[DEBUG | dusk] Loading Resource: ni_mogaku.bck (Size: 2176)
[DEBUG | dusk] Loading Resource: ni_naku.bck (Size: 1824)
[DEBUG | dusk] Loading Resource: ni_wait1.bck (Size: 2144)
[DEBUG | dusk] Loading Resource: ni_walk_a.bck (Size: 1984)
[DEBUG | dusk] Loading Resource: ni_walk_b.bck (Size: 1696)
[DEBUG | dusk] Loading Resource: ni.bmd (Size: 51936)
[DEBUG | dusk] Loading Resource: ni.btk (Size: 288)
[DEBUG | dusk] Loading Resource: npc_tk.arc (Size: 65472)
[DEBUG | dusk] Loading Resource: tk_breaking.bck (Size: 3360)
[DEBUG | dusk] Loading Resource: tk_fly.bck (Size: 2336)
[DEBUG | dusk] Loading Resource: tk_hovering.bck (Size: 2592)
[DEBUG | dusk] Loading Resource: tk_kakku.bck (Size: 1984)
[DEBUG | dusk] Loading Resource: tk_land.bck (Size: 4544)
[DEBUG | dusk] Loading Resource: tk_pick_a.bck (Size: 2240)
[DEBUG | dusk] Loading Resource: tk_pick_b.bck (Size: 2880)
[DEBUG | dusk] Loading Resource: tk_wait_a.bck (Size: 1888)
[DEBUG | dusk] Loading Resource: tk.bmd (Size: 36128)
[DEBUG | dusk] Loading Resource: event_list.dat (Size: 6760)
[DEBUG | dusk] Loading Resource: obj_kn2.arc (Size: 54816)
[DEBUG | dusk] Loading Resource: j_kanban00.bmd (Size: 11456)
[DEBUG | dusk] Loading Resource: j_kanban00_01.bmd (Size: 2336)
[DEBUG | dusk] Loading Resource: j_kanban00_02.bmd (Size: 2336)
[DEBUG | dusk] Loading Resource: j_kanban00_03.bmd (Size: 2304)
[DEBUG | dusk] Loading Resource: j_kanban00_04.bmd (Size: 2304)
[DEBUG | dusk] Loading Resource: j_kanban00_05.bmd (Size: 2304)
[DEBUG | dusk] Loading Resource: j_kanban00_06.bmd (Size: 2336)
[DEBUG | dusk] Loading Resource: j_kanban00_07.bmd (Size: 2336)
[DEBUG | dusk] Loading Resource: j_kanban00_08.bmd (Size: 2336)
[DEBUG | dusk] Loading Resource: j_kanban00_09.bmd (Size: 2400)
[DEBUG | dusk] Loading Resource: j_kanban00_10.bmd (Size: 2400)
[DEBUG | dusk] Loading Resource: j_kanban00_11.bmd (Size: 2368)
[DEBUG | dusk] Loading Resource: j_kanban00_12.bmd (Size: 2368)
[DEBUG | dusk] Loading Resource: j_kanban00_13.bmd (Size: 2368)
[DEBUG | dusk] Loading Resource: j_kanban00_14.bmd (Size: 2368)
[DEBUG | dusk] Loading Resource: j_kanban00_15.bmd (Size: 2368)
[DEBUG | dusk] Loading Resource: j_kanban00_16.bmd (Size: 2368)
[DEBUG | dusk] Loading Resource: j_kanban00_17.bmd (Size: 2400)
[DEBUG | dusk] Loading Resource: j_kanban00_18.bmd (Size: 2400)
[DEBUG | dusk] Loading Resource: obj_lp.arc (Size: 3552)
[DEBUG | dusk] Loading Resource: hasu.bmd (Size: 3296)
[DEBUG | dusk] Loading Resource: obj_ndoor.arc (Size: 3104)
[DEBUG | dusk] Loading Resource: m_nekodoor.bmd (Size: 2816)
[DEBUG | dusk] Loading Resource: obj_sui.arc (Size: 30816)
[DEBUG | dusk] Loading Resource: m_suisya.bmd (Size: 30560)
[DEBUG | dusk] Loading Resource: pumpkin.arc (Size: 18080)
[DEBUG | dusk] Loading Resource: pumpkin.bmd (Size: 17824)
[DEBUG | dusk] Loading Resource: seira_p1.arc (Size: 33568)
[DEBUG | dusk] Loading Resource: sera_f_happytalk.bck (Size: 2880)
[DEBUG | dusk] Loading Resource: sera_f_sad.bck (Size: 2752)
[DEBUG | dusk] Loading Resource: sera_f_smile.bck (Size: 2048)
[DEBUG | dusk] Loading Resource: sera_f_talk_a.bck (Size: 3136)
[DEBUG | dusk] Loading Resource: sera_f_worrytalk.bck (Size: 2464)
[DEBUG | dusk] Loading Resource: sera_fh_sad.bck (Size: 1952)
[DEBUG | dusk] Loading Resource: sera_lookaround.bck (Size: 4576)
[DEBUG | dusk] Loading Resource: sera_step.bck (Size: 3264)
[DEBUG | dusk] Loading Resource: sera_talk_a.bck (Size: 4768)
[DEBUG | dusk] Loading Resource: sera_wait_a.bck (Size: 3168)
[DEBUG | dusk] Loading Resource: sera.btk (Size: 256)
[DEBUG | dusk] Loading Resource: sera.btp (Size: 128)
[DEBUG | dusk] Loading Resource: sera_f_happytalk.btp (Size: 256)
[DEBUG | dusk] Loading Resource: sera_f_sad.btp (Size: 288)
[DEBUG | dusk] Loading Resource: sera_f_smile.btp (Size: 256)
[DEBUG | dusk] Loading Resource: sera_f_worrytalk.btp (Size: 256)
[DEBUG | dusk] Loading Resource: sera_fh_sad.btp (Size: 96)
[DEBUG | dusk] Loading Resource: sera.arc (Size: 128864)
[DEBUG | dusk] Loading Resource: sera.bmd (Size: 123456)
[DEBUG | dusk] Loading Resource: event_list.dat (Size: 4984)
[DEBUG | dusk] [DIAG] fpcSCtRq_phase_Load: procName=788 ret=4
[DEBUG | dusk] fpcSCtRq_phase_CreateProcess: procName=788
[DEBUG | dusk] fpcBs_Create: pid=327 profname=fpcNm_MENUWINDOW_e (788) profile=0x7acab6ee20 procSize=592 unkSize=0
[DEBUG | dusk] fpcSCtRq_phase_CreateProcess: fpcBs_Create OK proc=0xb400007a0374a2c4
[DEBUG | dusk] [DIAG] fpcSCtRq_phase_Load: procName=787 ret=4
[DEBUG | dusk] fpcSCtRq_phase_CreateProcess: procName=787
[DEBUG | dusk] fpcBs_Create: pid=328 profname=fpcNm_MSG_OBJECT_e (787) profile=0x7acab6fa98 procSize=1512 unkSize=0
[DEBUG | dusk] fpcSCtRq_phase_CreateProcess: fpcBs_Create OK proc=0xb400007a03749cbc
[DEBUG | dusk] [DIAG] fpcSCtRq_phase_Load: procName=732 ret=4
[DEBUG | dusk] fpcSCtRq_phase_CreateProcess: procName=732
[DEBUG | dusk] fpcBs_Create: pid=329 profname=fpcNm_BG_e (732) profile=0x7acab753f8 procSize=1904 unkSize=0
[DEBUG | dusk] fpcSCtRq_phase_CreateProcess: fpcBs_Create OK proc=0xb400007a0374952c
[DEBUG | dusk] [DIAG] fpcSCtRq_phase_Load: procName=550 ret=4
[DEBUG | dusk] fpcSCtRq_phase_CreateProcess: procName=550
[DEBUG | dusk] fpcBs_Create: pid=330 profname=fpcNm_KNOB20_e (550) profile=0x7acab758a0 procSize=1888 unkSize=0
[DEBUG | dusk] fpcSCtRq_phase_CreateProcess: fpcBs_Create OK proc=0xb400007a03748dac
[DEBUG | dusk] [DIAG] fpcSCtRq_phase_Load: procName=768 ret=4
[DEBUG | dusk] fpcSCtRq_phase_CreateProcess: procName=768
[DEBUG | dusk] fpcBs_Create: pid=331 profname=fpcNm_BD_e (768) profile=0x7acab78f48 procSize=3312 unkSize=0
[DEBUG | dusk] fpcSCtRq_phase_CreateProcess: fpcBs_Create OK proc=0xb400007a0374809c
[DEBUG | dusk] [DIAG] fpcSCtRq_phase_Load: procName=768 ret=4
[DEBUG | dusk] fpcSCtRq_phase_CreateProcess: procName=768
[DEBUG | dusk] fpcBs_Create: pid=332 profname=fpcNm_BD_e (768) profile=0x7acab78f48 procSize=3312 unkSize=0
[DEBUG | dusk] fpcSCtRq_phase_CreateProcess: fpcBs_Create OK proc=0xb400007a0374738c
[DEBUG | dusk] [DIAG] fpcSCtRq_phase_Load: procName=687 ret=4
[DEBUG | dusk] fpcSCtRq_phase_CreateProcess: procName=687
[DEBUG | dusk] fpcBs_Create: pid=333 profname=fpcNm_KYTAG05_e (687) profile=0x7acab79c00 procSize=1640 unkSize=0
[DEBUG | dusk] fpcSCtRq_phase_CreateProcess: fpcBs_Create OK proc=0xb400007a03746d04
[DEBUG | dusk] [DIAG] fpcSCtRq_phase_Load: procName=256 ret=4
[DEBUG | dusk] fpcSCtRq_phase_CreateProcess: procName=256
[DEBUG | dusk] fpcBs_Create: pid=334 profname=fpcNm_NPC_TK_e (256) profile=0x7acab941a0 procSize=3824 unkSize=0
[DEBUG | dusk] fpcSCtRq_phase_CreateProcess: fpcBs_Create OK proc=0xb400007a03745df4
[DEBUG | dusk] [DIAG] fpcSCtRq_phase_Load: procName=336 ret=4
[DEBUG | dusk] fpcSCtRq_phase_CreateProcess: procName=336
[DEBUG | dusk] fpcBs_Create: pid=335 profname=fpcNm_Obj_NamePlate_e (336) profile=0x7acab7d8d0 procSize=2360 unkSize=0
[DEBUG | dusk] fpcSCtRq_phase_CreateProcess: fpcBs_Create OK proc=0xb400007a0374549c
[DEBUG | dusk] [DIAG] fpcSCtRq_phase_Load: procName=337 ret=4
[DEBUG | dusk] fpcSCtRq_phase_CreateProcess: procName=337
[DEBUG | dusk] fpcBs_Create: pid=336 profname=fpcNm_Obj_OnCloth_e (337) profile=0x7acab7d988 procSize=2000 unkSize=0
[DEBUG | dusk] fpcSCtRq_phase_CreateProcess: fpcBs_Create OK proc=0xb400007a03744cac
[DEBUG | dusk] [DIAG] fpcSCtRq_phase_Load: procName=696 ret=4
[DEBUG | dusk] fpcSCtRq_phase_CreateProcess: procName=696
[DEBUG | dusk] fpcBs_Create: pid=337 profname=fpcNm_KYTAG14_e (696) profile=0x7acab79e28 procSize=1640 unkSize=0
[DEBUG | dusk] fpcSCtRq_phase_CreateProcess: fpcBs_Create OK proc=0xb400007a03744624
[DEBUG | dusk] [DIAG] fpcSCtRq_phase_Load: procName=561 ret=4
[DEBUG | dusk] fpcSCtRq_phase_CreateProcess: procName=561
[DEBUG | dusk] fpcBs_Create: pid=338 profname=fpcNm_ANDSW2_e (561) profile=0x7acab78e70 procSize=1632 unkSize=0
[DEBUG | dusk] fpcSCtRq_phase_CreateProcess: fpcBs_Create OK proc=0xb400007a037241a8
[DEBUG | dusk] [DIAG] fpcSCtRq_phase_Load: procName=83 ret=4
[DEBUG | dusk] fpcSCtRq_phase_CreateProcess: procName=83
[DEBUG | dusk] fpcBs_Create: pid=339 profname=fpcNm_Obj_Digpl_e (83) profile=0x7acab7c7f8 procSize=1712 unkSize=0
[DEBUG | dusk] fpcSCtRq_phase_CreateProcess: fpcBs_Create OK proc=0xb400007a0374d4d8
[DEBUG | dusk] [DIAG] fpcSCtRq_phase_Load: procName=784 ret=4
[DEBUG | dusk] fpcSCtRq_phase_CreateProcess: procName=784
[DEBUG | dusk] fpcBs_Create: pid=340 profname=fpcNm_GRASS_e (784) profile=0x7acab79ae8 procSize=1640 unkSize=0
[DEBUG | dusk] fpcSCtRq_phase_CreateProcess: fpcBs_Create OK proc=0xb400007a03723b20
[DEBUG | dusk] [DIAG] fpcSCtRq_phase_Load: procName=784 ret=4
[DEBUG | dusk] fpcSCtRq_phase_CreateProcess: procName=784
[DEBUG | dusk] fpcBs_Create: pid=341 profname=fpcNm_GRASS_e (784) profile=0x7acab79ae8 procSize=1640 unkSize=0
[DEBUG | dusk] fpcSCtRq_phase_CreateProcess: fpcBs_Create OK proc=0xb400007a03723498
[DEBUG | dusk] [DIAG] fpcSCtRq_phase_Load: procName=784 ret=4
[DEBUG | dusk] fpcSCtRq_phase_CreateProcess: procName=784
[DEBUG | dusk] fpcBs_Create: pid=342 profname=fpcNm_GRASS_e (784) profile=0x7acab79ae8 procSize=1640 unkSize=0
[DEBUG | dusk] fpcSCtRq_phase_CreateProcess: fpcBs_Create OK proc=0xb400007a03722e10
[DEBUG | dusk] [DIAG] fpcSCtRq_phase_Load: procName=784 ret=4
[DEBUG | dusk] fpcSCtRq_phase_CreateProcess: procName=784
[DEBUG | dusk] fpcBs_Create: pid=343 profname=fpcNm_GRASS_e (784) profile=0x7acab79ae8 procSize=1640 unkSize=0
[DEBUG | dusk] fpcSCtRq_phase_CreateProcess: fpcBs_Create OK proc=0xb400007a03722788
[DEBUG | dusk] [DIAG] fpcSCtRq_phase_Load: procName=784 ret=4
[DEBUG | dusk] fpcSCtRq_phase_CreateProcess: procName=784
[DEBUG | dusk] fpcBs_Create: pid=344 profname=fpcNm_GRASS_e (784) profile=0x7acab79ae8 procSize=1640 unkSize=0
[DEBUG | dusk] fpcSCtRq_phase_CreateProcess: fpcBs_Create OK proc=0xb400007a03722100
[DEBUG | dusk] [DIAG] fpcSCtRq_phase_Load: procName=784 ret=4
[DEBUG | dusk] fpcSCtRq_phase_CreateProcess: procName=784
[DEBUG | dusk] fpcBs_Create: pid=345 profname=fpcNm_GRASS_e (784) profile=0x7acab79ae8 procSize=1640 unkSize=0
[DEBUG | dusk] fpcSCtRq_phase_CreateProcess: fpcBs_Create OK proc=0xb400007a03721a78
[DEBUG | dusk] [DIAG] fpcSCtRq_phase_Load: procName=784 ret=4
[DEBUG | dusk] fpcSCtRq_phase_CreateProcess: procName=784
[DEBUG | dusk] fpcBs_Create: pid=346 profname=fpcNm_GRASS_e (784) profile=0x7acab79ae8 procSize=1640 unkSize=0
[DEBUG | dusk] fpcSCtRq_phase_CreateProcess: fpcBs_Create OK proc=0xb400007a037213f0
[DEBUG | dusk] [DIAG] fpcSCtRq_phase_Load: procName=784 ret=4
[DEBUG | dusk] fpcSCtRq_phase_CreateProcess: procName=784
[DEBUG | dusk] fpcBs_Create: pid=347 profname=fpcNm_GRASS_e (784) profile=0x7acab79ae8 procSize=1640 unkSize=0
[DEBUG | dusk] fpcSCtRq_phase_CreateProcess: fpcBs_Create OK proc=0xb400007a03720d68
[DEBUG | dusk] [DIAG] fpcSCtRq_phase_Load: procName=784 ret=4
[DEBUG | dusk] fpcSCtRq_phase_CreateProcess: procName=784
[DEBUG | dusk] fpcBs_Create: pid=348 profname=fpcNm_GRASS_e (784) profile=0x7acab79ae8 procSize=1640 unkSize=0
[DEBUG | dusk] fpcSCtRq_phase_CreateProcess: fpcBs_Create OK proc=0xb400007a037206e0
[DEBUG | dusk] [DIAG] fpcSCtRq_phase_Load: procName=784 ret=4
[DEBUG | dusk] fpcSCtRq_phase_CreateProcess: procName=784
[DEBUG | dusk] fpcBs_Create: pid=349 profname=fpcNm_GRASS_e (784) profile=0x7acab79ae8 procSize=1640 unkSize=0
[DEBUG | dusk] fpcSCtRq_phase_CreateProcess: fpcBs_Create OK proc=0xb400007a03720058
[DEBUG | dusk] [DIAG] fpcSCtRq_phase_Load: procName=784 ret=4
[DEBUG | dusk] fpcSCtRq_phase_CreateProcess: procName=784
[DEBUG | dusk] fpcBs_Create: pid=350 profname=fpcNm_GRASS_e (784) profile=0x7acab79ae8 procSize=1640 unkSize=0
[DEBUG | dusk] fpcSCtRq_phase_CreateProcess: fpcBs_Create OK proc=0xb400007a0371f9d0
[DEBUG | dusk] [DIAG] fpcSCtRq_phase_Load: procName=784 ret=4
[DEBUG | dusk] fpcSCtRq_phase_CreateProcess: procName=784
[DEBUG | dusk] fpcBs_Create: pid=351 profname=fpcNm_GRASS_e (784) profile=0x7acab79ae8 procSize=1640 unkSize=0
[DEBUG | dusk] fpcSCtRq_phase_CreateProcess: fpcBs_Create OK proc=0xb400007a0371f348
[DEBUG | dusk] [DIAG] fpcSCtRq_phase_Load: procName=745 ret=4
[DEBUG | dusk] fpcSCtRq_phase_CreateProcess: procName=745
[DEBUG | dusk] fpcBs_Create: pid=352 profname=fpcNm_TAG_EVTAREA_e (745) profile=0x7acab77600 procSize=1632 unkSize=0
[DEBUG | dusk] fpcSCtRq_phase_CreateProcess: fpcBs_Create OK proc=0xb400007a0371ecc8
[DEBUG | dusk] [DIAG] fpcSCtRq_phase_Load: procName=719 ret=4
[DEBUG | dusk] fpcSCtRq_phase_CreateProcess: procName=719
[DEBUG | dusk] fpcBs_Create: pid=353 profname=fpcNm_TAG_CAMERA_e (719) profile=0x7acab77260 procSize=1672 unkSize=0
[DEBUG | dusk] fpcSCtRq_phase_CreateProcess: fpcBs_Create OK proc=0xb400007a0371e620
[DEBUG | dusk] [DIAG] fpcSCtRq_phase_Load: procName=719 ret=4
[DEBUG | dusk] fpcSCtRq_phase_CreateProcess: procName=719
[DEBUG | dusk] fpcBs_Create: pid=354 profname=fpcNm_TAG_CAMERA_e (719) profile=0x7acab77260 procSize=1672 unkSize=0
[DEBUG | dusk] fpcSCtRq_phase_CreateProcess: fpcBs_Create OK proc=0xb400007a0371df78
[DEBUG | dusk] [DIAG] fpcSCtRq_phase_Load: procName=549 ret=4
[DEBUG | dusk] fpcSCtRq_phase_CreateProcess: procName=549
[DEBUG | dusk] fpcBs_Create: pid=355 profname=fpcNm_SWC00_e (549) profile=0x7acab7e4d0 procSize=1664 unkSize=0
[DEBUG | dusk] fpcSCtRq_phase_CreateProcess: fpcBs_Create OK proc=0xb400007a0371d8d8
[DEBUG | dusk] [DIAG] fpcSCtRq_phase_Load: procName=549 ret=4
[DEBUG | dusk] fpcSCtRq_phase_CreateProcess: procName=549
[DEBUG | dusk] fpcBs_Create: pid=356 profname=fpcNm_SWC00_e (549) profile=0x7acab7e4d0 procSize=1664 unkSize=0
[DEBUG | dusk] fpcSCtRq_phase_CreateProcess: fpcBs_Create OK proc=0xb400007a0371d238
[DEBUG | dusk] [DIAG] fpcSCtRq_phase_Load: procName=549 ret=4
[DEBUG | dusk] fpcSCtRq_phase_CreateProcess: procName=549
[DEBUG | dusk] fpcBs_Create: pid=357 profname=fpcNm_SWC00_e (549) profile=0x7acab7e4d0 procSize=1664 unkSize=0
[DEBUG | dusk] fpcSCtRq_phase_CreateProcess: fpcBs_Create OK proc=0xb400007a0374c028
[DEBUG | dusk] [DIAG] fpcSCtRq_phase_Load: procName=549 ret=4
[DEBUG | dusk] fpcSCtRq_phase_CreateProcess: procName=549
[DEBUG | dusk] fpcBs_Create: pid=358 profname=fpcNm_SWC00_e (549) profile=0x7acab7e4d0 procSize=1664 unkSize=0
[DEBUG | dusk] fpcSCtRq_phase_CreateProcess: fpcBs_Create OK proc=0xb400007a0371cb98
[DEBUG | dusk] [DIAG] fpcSCtRq_phase_Load: procName=549 ret=4
[DEBUG | dusk] fpcSCtRq_phase_CreateProcess: procName=549
[DEBUG | dusk] fpcBs_Create: pid=359 profname=fpcNm_SWC00_e (549) profile=0x7acab7e4d0 procSize=1664 unkSize=0
[DEBUG | dusk] fpcSCtRq_phase_CreateProcess: fpcBs_Create OK proc=0xb400007a0371c4f8
[DEBUG | dusk] [DIAG] fpcSCtRq_phase_Load: procName=745 ret=4
[DEBUG | dusk] fpcSCtRq_phase_CreateProcess: procName=745
[DEBUG | dusk] fpcBs_Create: pid=360 profname=fpcNm_TAG_EVTAREA_e (745) profile=0x7acab77600 procSize=1632 unkSize=0
[DEBUG | dusk] fpcSCtRq_phase_CreateProcess: fpcBs_Create OK proc=0xb400007a0371be78
[DEBUG | dusk] [DIAG] fpcSCtRq_phase_Load: procName=549 ret=4
[DEBUG | dusk] fpcSCtRq_phase_CreateProcess: procName=549
[DEBUG | dusk] fpcBs_Create: pid=361 profname=fpcNm_SWC00_e (549) profile=0x7acab7e4d0 procSize=1664 unkSize=0
[DEBUG | dusk] fpcSCtRq_phase_CreateProcess: fpcBs_Create OK proc=0xb400007a0371b7d8
[DEBUG | dusk] [DIAG] fpcSCtRq_phase_Load: procName=780 ret=4
[DEBUG | dusk] fpcSCtRq_phase_CreateProcess: procName=780
[DEBUG | dusk] fpcBs_Create: pid=362 profname=fpcNm_SCENE_EXIT_e (780) profile=0x7acab76e48 procSize=1680 unkSize=0
[DEBUG | dusk] fpcSCtRq_phase_CreateProcess: fpcBs_Create OK proc=0xb400007a0371b128
[DEBUG | dusk] [DIAG] fpcSCtRq_phase_Load: procName=426 ret=4
[DEBUG | dusk] fpcSCtRq_phase_CreateProcess: procName=426
[DEBUG | dusk] fpcBs_Create: pid=363 profname=fpcNm_Tag_AttackItem_e (426) profile=0x7acab7e730 procSize=2200 unkSize=0
[DEBUG | dusk] fpcSCtRq_phase_CreateProcess: fpcBs_Create OK proc=0xb400007a0371a870
[DEBUG | dusk] [DIAG] fpcSCtRq_phase_Load: procName=426 ret=4
[DEBUG | dusk] fpcSCtRq_phase_CreateProcess: procName=426
[DEBUG | dusk] fpcBs_Create: pid=364 profname=fpcNm_Tag_AttackItem_e (426) profile=0x7acab7e730 procSize=2200 unkSize=0
[DEBUG | dusk] fpcSCtRq_phase_CreateProcess: fpcBs_Create OK proc=0xb400007a03719fb8
[DEBUG | dusk] [DIAG] fpcSCtRq_phase_Load: procName=426 ret=4
[DEBUG | dusk] fpcSCtRq_phase_CreateProcess: procName=426
[DEBUG | dusk] fpcBs_Create: pid=365 profname=fpcNm_Tag_AttackItem_e (426) profile=0x7acab7e730 procSize=2200 unkSize=0
[DEBUG | dusk] fpcSCtRq_phase_CreateProcess: fpcBs_Create OK proc=0xb400007a0374b770
[DEBUG | dusk] [DIAG] fpcSCtRq_phase_Load: procName=426 ret=4
[DEBUG | dusk] fpcSCtRq_phase_CreateProcess: procName=426
[DEBUG | dusk] fpcBs_Create: pid=366 profname=fpcNm_Tag_AttackItem_e (426) profile=0x7acab7e730 procSize=2200 unkSize=0
[DEBUG | dusk] fpcSCtRq_phase_CreateProcess: fpcBs_Create OK proc=0xb400007a03719700
[DEBUG | dusk] [DIAG] fpcSCtRq_phase_Load: procName=426 ret=4
[DEBUG | dusk] fpcSCtRq_phase_CreateProcess: procName=426
[DEBUG | dusk] fpcBs_Create: pid=367 profname=fpcNm_Tag_AttackItem_e (426) profile=0x7acab7e730 procSize=2200 unkSize=0
[DEBUG | dusk] fpcSCtRq_phase_CreateProcess: fpcBs_Create OK proc=0xb400007a03718e48
[DEBUG | dusk] [DIAG] fpcSCtRq_phase_Load: procName=426 ret=4
[DEBUG | dusk] fpcSCtRq_phase_CreateProcess: procName=426
[DEBUG | dusk] fpcBs_Create: pid=368 profname=fpcNm_Tag_AttackItem_e (426) profile=0x7acab7e730 procSize=2200 unkSize=0
[DEBUG | dusk] fpcSCtRq_phase_CreateProcess: fpcBs_Create OK proc=0xb400007a03718590
[DEBUG | dusk] [DIAG] fpcSCtRq_phase_Load: procName=426 ret=4
[DEBUG | dusk] fpcSCtRq_phase_CreateProcess: procName=426
[DEBUG | dusk] fpcBs_Create: pid=369 profname=fpcNm_Tag_AttackItem_e (426) profile=0x7acab7e730 procSize=2200 unkSize=0
[DEBUG | dusk] fpcSCtRq_phase_CreateProcess: fpcBs_Create OK proc=0xb400007a03717cd8
[DEBUG | dusk] [DIAG] fpcSCtRq_phase_Load: procName=579 ret=4
[DEBUG | dusk] fpcSCtRq_phase_CreateProcess: procName=579
[DEBUG | dusk] fpcBs_Create: pid=370 profname=fpcNm_NPC_ARU_e (579) profile=0x7acab87420 procSize=5344 unkSize=0
[DEBUG | dusk] fpcSCtRq_phase_CreateProcess: fpcBs_Create OK proc=0xb400007a037167d8
[DEBUG | dusk] [DIAG] fpcSCtRq_phase_Load: procName=765 ret=4
[DEBUG | dusk] fpcSCtRq_phase_CreateProcess: procName=765
[DEBUG | dusk] fpcBs_Create: pid=371 profname=fpcNm_Obj_Stone_e (765) profile=0x7acaba8480 procSize=3192 unkSize=0
[DEBUG | dusk] fpcSCtRq_phase_CreateProcess: fpcBs_Create OK proc=0xb400007a03715b40
[DEBUG | dusk] [DIAG] fpcSCtRq_phase_Load: procName=765 ret=4
[DEBUG | dusk] fpcSCtRq_phase_CreateProcess: procName=765
[DEBUG | dusk] fpcBs_Create: pid=372 profname=fpcNm_Obj_Stone_e (765) profile=0x7acaba8480 procSize=3192 unkSize=0
[DEBUG | dusk] fpcSCtRq_phase_CreateProcess: fpcBs_Create OK proc=0xb400007a03714ea8
[DEBUG | dusk] [DIAG] fpcSCtRq_phase_Load: procName=765 ret=4
[DEBUG | dusk] fpcSCtRq_phase_CreateProcess: procName=765
[DEBUG | dusk] fpcBs_Create: pid=373 profname=fpcNm_Obj_Stone_e (765) profile=0x7acaba8480 procSize=3192 unkSize=0
[DEBUG | dusk] fpcSCtRq_phase_CreateProcess: fpcBs_Create OK proc=0xb400007a03714210
[DEBUG | dusk] [DIAG] fpcSCtRq_phase_Load: procName=765 ret=4
[DEBUG | dusk] fpcSCtRq_phase_CreateProcess: procName=765
[DEBUG | dusk] fpcBs_Create: pid=374 profname=fpcNm_Obj_Stone_e (765) profile=0x7acaba8480 procSize=3192 unkSize=0
[DEBUG | dusk] fpcSCtRq_phase_CreateProcess: fpcBs_Create OK proc=0xb400007a03713578
[DEBUG | dusk] [DIAG] fpcSCtRq_phase_Load: procName=765 ret=4
[DEBUG | dusk] fpcSCtRq_phase_CreateProcess: procName=765
[DEBUG | dusk] fpcBs_Create: pid=375 profname=fpcNm_Obj_Stone_e (765) profile=0x7acaba8480 procSize=3192 unkSize=0
[DEBUG | dusk] fpcSCtRq_phase_CreateProcess: fpcBs_Create OK proc=0xb400007a037128e0
[DEBUG | dusk] [DIAG] fpcSCtRq_phase_Load: procName=577 ret=4
[DEBUG | dusk] fpcSCtRq_phase_CreateProcess: procName=577
[DEBUG | dusk] fpcBs_Create: pid=376 profname=fpcNm_NPC_KAKASHI_e (577) profile=0x7acab7acc8 procSize=6712 unkSize=0
[DEBUG | dusk] fpcSCtRq_phase_CreateProcess: fpcBs_Create OK proc=0xb400007a03710e88
[DEBUG | dusk] [DIAG] fpcSCtRq_phase_Load: procName=266 ret=4
[DEBUG | dusk] fpcSCtRq_phase_CreateProcess: procName=266
[DEBUG | dusk] fpcBs_Create: pid=377 profname=fpcNm_SQ_e (266) profile=0x7acab7e3c8 procSize=3768 unkSize=0
[DEBUG | dusk] fpcSCtRq_phase_CreateProcess: fpcBs_Create OK proc=0xb400007a0370ffb0
[DEBUG | dusk] [DIAG] fpcSCtRq_phase_Load: procName=696 ret=4
[DEBUG | dusk] fpcSCtRq_phase_CreateProcess: procName=696
[DEBUG | dusk] fpcBs_Create: pid=378 profname=fpcNm_KYTAG14_e (696) profile=0x7acab79e28 procSize=1640 unkSize=0
[DEBUG | dusk] fpcSCtRq_phase_CreateProcess: fpcBs_Create OK proc=0xb400007a0370f928
[DEBUG | dusk] [DIAG] fpcSCtRq_phase_Load: procName=693 ret=4
[DEBUG | dusk] fpcSCtRq_phase_CreateProcess: procName=693
[DEBUG | dusk] fpcBs_Create: pid=379 profname=fpcNm_KYTAG11_e (693) profile=0x7acab79d70 procSize=1640 unkSize=0
[DEBUG | dusk] fpcSCtRq_phase_CreateProcess: fpcBs_Create OK proc=0xb400007a0370f2a0
[DEBUG | dusk] [DIAG] fpcSCtRq_phase_Load: procName=369 ret=4
[DEBUG | dusk] fpcSCtRq_phase_CreateProcess: procName=369
[DEBUG | dusk] fpcBs_Create: pid=380 profname=fpcNm_Obj_StoneMark_e (369) profile=0x7acab7ddb0 procSize=2640 unkSize=0
[DEBUG | dusk] fpcSCtRq_phase_CreateProcess: fpcBs_Create OK proc=0xb400007a0370e830
[DEBUG | dusk] [DIAG] fpcSCtRq_phase_Load: procName=369 ret=4
[DEBUG | dusk] fpcSCtRq_phase_CreateProcess: procName=369
[DEBUG | dusk] fpcBs_Create: pid=381 profname=fpcNm_Obj_StoneMark_e (369) profile=0x7acab7ddb0 procSize=2640 unkSize=0
[DEBUG | dusk] fpcSCtRq_phase_CreateProcess: fpcBs_Create OK proc=0xb400007a0370ddc0
[DEBUG | dusk] [DIAG] fpcSCtRq_phase_Load: procName=369 ret=4
[DEBUG | dusk] fpcSCtRq_phase_CreateProcess: procName=369
[DEBUG | dusk] fpcBs_Create: pid=382 profname=fpcNm_Obj_StoneMark_e (369) profile=0x7acab7ddb0 procSize=2640 unkSize=0
[DEBUG | dusk] fpcSCtRq_phase_CreateProcess: fpcBs_Create OK proc=0xb400007a0370d350
[DEBUG | dusk] [DIAG] fpcSCtRq_phase_Load: procName=369 ret=4
[DEBUG | dusk] fpcSCtRq_phase_CreateProcess: procName=369
[DEBUG | dusk] fpcBs_Create: pid=383 profname=fpcNm_Obj_StoneMark_e (369) profile=0x7acab7ddb0 procSize=2640 unkSize=0
[DEBUG | dusk] fpcSCtRq_phase_CreateProcess: fpcBs_Create OK proc=0xb400007a0370c8e0
[DEBUG | dusk] [DIAG] fpcSCtRq_phase_Load: procName=369 ret=4
[DEBUG | dusk] fpcSCtRq_phase_CreateProcess: procName=369
[DEBUG | dusk] fpcBs_Create: pid=384 profname=fpcNm_Obj_StoneMark_e (369) profile=0x7acab7ddb0 procSize=2640 unkSize=0
[DEBUG | dusk] fpcSCtRq_phase_CreateProcess: fpcBs_Create OK proc=0xb400007a0370be70
[DEBUG | dusk] Loading Resource: al_kantera.bmd (Size: 21024)
[DEBUG | dusk] Loading Resource: ef_ktglow.bmd (Size: 3040)
[DEBUG | dusk] Loading Resource: al_bootsh.bmd (Size: 22048)
[DEBUG | dusk] Loading Resource: al_face.bmd (Size: 72576)
[DEBUG | dusk] Loading Resource: al_swb.bmd (Size: 23552)
[DEBUG | dusk] Loading Resource: bl.bmd (Size: 165088)
[DEBUG | dusk] Loading Resource: bl_hands.bmd (Size: 63744)
[DEBUG | dusk] Loading Resource: bl_head.bmd (Size: 33568)
[DEBUG | dusk] Loading Resource: ef_ktglow.btk (Size: 512)
[DEBUG | dusk] Loading Resource: fdoora.bck (Size: 352)
[DEBUG | dusk] Loading Resource: fdoorb.bck (Size: 320)
[DEBUG | dusk] Loading Resource: door-knobdummy.bmd (Size: 1792)
[DEBUG | dusk] Loading Resource: door-pushdoubledummy.bmd (Size: 2752)
[DEBUG | dusk] Loading Resource: door-knob.dzb (Size: 480)
[DEBUG | dusk] Loading Resource: door-pushdouble.dzb (Size: 480)
[DEBUG | dusk] Loading Resource: door-shutter.dzb (Size: 448)
[DEBUG | dusk] Loading Resource: door-shutterbig.dzb (Size: 768)
[DEBUG | dusk] Loading Resource: door-shutterboss.dzb (Size: 704)
[DEBUG | dusk] Loading Resource: door-shutterlv9.dzb (Size: 768)
[DEBUG | dusk] Loading Resource: aru_f_normal.bck (Size: 4128)
[DEBUG | dusk] Loading Resource: aru_fh_normal.bck (Size: 2688)
[DEBUG | dusk] Loading Resource: aru_step_r.bck (Size: 5088)
[DEBUG | dusk] Loading Resource: aru_wait_a.bck (Size: 3648)
[DEBUG | dusk] Loading Resource: aru.bmd (Size: 124224)
[DEBUG | dusk] Loading Resource: aru.btk (Size: 256)
[DEBUG | dusk] Loading Resource: aru.btp (Size: 128)
[DEBUG | dusk] Loading Resource: aru_fh_normal.btp (Size: 224)
[DEBUG | dusk] Loading Resource: aru_f_bittersmile.bck (Size: 4000)
[DEBUG | dusk] Loading Resource: aru_f_grumpy.bck (Size: 4096)
[DEBUG | dusk] Loading Resource: aru_f_serious.bck (Size: 3680)
[DEBUG | dusk] Loading Resource: aru_f_smile.bck (Size: 4000)
[DEBUG | dusk] Loading Resource: aru_f_worry.bck (Size: 4448)
[DEBUG | dusk] Loading Resource: aru_fh_bittersmile.bck (Size: 2496)
[DEBUG | dusk] Loading Resource: aru_fh_grumpy.bck (Size: 2976)
[DEBUG | dusk] Loading Resource: aru_fh_serious.bck (Size: 3072)
[DEBUG | dusk] Loading Resource: aru_fh_smile.bck (Size: 2336)
[DEBUG | dusk] Loading Resource: aru_fh_worry.bck (Size: 2592)
[DEBUG | dusk] Loading Resource: aru_hi.bck (Size: 7264)
[DEBUG | dusk] Loading Resource: aru_lookback.bck (Size: 4864)
[DEBUG | dusk] Loading Resource: aru_lookover.bck (Size: 4448)
[DEBUG | dusk] Loading Resource: aru_run.bck (Size: 4928)
[DEBUG | dusk] Loading Resource: aru_talk_a.bck (Size: 4640)
[DEBUG | dusk] Loading Resource: aru_talk_b.bck (Size: 5472)
[DEBUG | dusk] Loading Resource: aru_talk_c.bck (Size: 5344)
[DEBUG | dusk] Loading Resource: aru_talk_d.bck (Size: 4704)
[DEBUG | dusk] Loading Resource: aru_talk_e.bck (Size: 6560)
[DEBUG | dusk] Loading Resource: aru_wait_c.bck (Size: 3808)
[DEBUG | dusk] Loading Resource: aru_wait_d.bck (Size: 3584)
[DEBUG | dusk] Loading Resource: aru_lookback.btk (Size: 352)
[DEBUG | dusk] Loading Resource: aru_lookover.btk (Size: 384)
[DEBUG | dusk] Loading Resource: aru_talk_c.btk (Size: 256)
[DEBUG | dusk] Loading Resource: aru_talk_d.btk (Size: 352)
[DEBUG | dusk] Loading Resource: aru_f_bittersmile.btp (Size: 288)
[DEBUG | dusk] Loading Resource: aru_f_grumpy.btp (Size: 320)
[DEBUG | dusk] Loading Resource: aru_f_serious.btp (Size: 288)
[DEBUG | dusk] Loading Resource: aru_f_smile.btp (Size: 288)
[DEBUG | dusk] Loading Resource: aru_f_worry.btp (Size: 288)
[DEBUG | dusk] Loading Resource: aru_fh_bittersmile.btp (Size: 224)
[DEBUG | dusk] Loading Resource: aru_fh_grumpy.btp (Size: 224)
[DEBUG | dusk] Loading Resource: aru_fh_serious.btp (Size: 224)
[DEBUG | dusk] Loading Resource: aru_fh_smile.btp (Size: 96)
[DEBUG | dusk] Loading Resource: aru_fh_worry.btp (Size: 224)
[DEBUG | dusk] Loading Resource: event_list.dat (Size: 24172)
[DEBUG | dusk] Loading Resource: kakashi_fall.bck (Size: 2688)
[DEBUG | dusk] Loading Resource: backetl.bmd (Size: 20416)
[DEBUG | dusk] Loading Resource: backetr.bmd (Size: 18752)
[DEBUG | dusk] Loading Resource: kakashi.bmd (Size: 51936)
[DEBUG | dusk] Loading Resource: event_list.dat (Size: 46244)
[DEBUG | dusk] Loading Resource: sq_demo.bck (Size: 1216)
[DEBUG | dusk] Loading Resource: sq_drop.bck (Size: 2336)
[DEBUG | dusk] Loading Resource: sq_run.bck (Size: 2016)
[DEBUG | dusk] Loading Resource: sq_run_climb.bck (Size: 1984)
[DEBUG | dusk] Loading Resource: sq_wait1.bck (Size: 1152)
[DEBUG | dusk] Loading Resource: sq_wait2_01.bck (Size: 1216)
[DEBUG | dusk] Loading Resource: sq_wait2_02.bck (Size: 1152)
[DEBUG | dusk] Loading Resource: sq_wait2_03.bck (Size: 1152)
[DEBUG | dusk] Loading Resource: sq_wait3.bck (Size: 1056)
[DEBUG | dusk] Loading Resource: sq_wait4.bck (Size: 1120)
[DEBUG | dusk] Loading Resource: sq.bmd (Size: 28128)
[DEBUG | dusk] Loading Resource: sq.btk (Size: 288)
[DEBUG | dusk] Loading Resource: al_shb.bmd (Size: 15040)
[DEBUG | dusk] [DIAG] fpcSCtRq_phase_Load: procName=255 ret=4
[DEBUG | dusk] fpcSCtRq_phase_CreateProcess: procName=255
[DEBUG | dusk] fpcBs_Create: pid=385 profname=fpcNm_MIDNA_e (255) profile=0x7acab78698 procSize=3360 unkSize=0
[DEBUG | dusk] fpcSCtRq_phase_CreateProcess: fpcBs_Create OK proc=0xb400007a0374c798
[DEBUG | dusk] Loading Resource: s_md_hands.bmd (Size: 19776)
[DEBUG | dusk] Loading Resource: s_md_mask.bmd (Size: 15424)
[DEBUG | dusk] Loading Resource: s_md_gokou.bmd (Size: 3008)
[DEBUG | dusk] Loading Resource: s_md.bmd (Size: 69984)
[DEBUG | dusk] Loading Resource: s_md_hair_hand.bmd (Size: 18944)
[DEBUG | dusk] Loading Resource: s_md_appear.brk (Size: 352)
[DEBUG | dusk] Loading Resource: s_md_gokou_appear.brk (Size: 256)
[DEBUG | dusk] Loading Resource: s_md_hair_hand_appear.brk (Size: 288)
[DEBUG | dusk] Loading Resource: s_md_mask_appear.brk (Size: 256)
[DEBUG | dusk] Loading Resource: s_md_hair_hand_moya.btk (Size: 544)
[DEBUG | dusk] Loading Resource: s_md_hands_moya.btk (Size: 608)
[DEBUG | dusk] Loading Resource: s_md_mask_moya.btk (Size: 320)
[DEBUG | dusk] Loading Resource: s_md_moya.btk (Size: 512)
[DEBUG | dusk] frameInterp: onTypeChange 46 -> 40 (event_type_id=40, leaving_event=false, entering_event=true)
[DEBUG | dusk] frameInterp: presentation sync not requested for ZEV event [CURRENT] (staff idx 25)
[DEBUG | dusk] frameInterp: onTypeChange 40 -> 46 (event_type_id=40, leaving_event=true, entering_event=false)
[DEBUG | dusk] fapGm_Execute frame=5700
[DEBUG | dusk] [DIAG] fpcSCtRq_phase_Load: procName=2 ret=4
[DEBUG | dusk] fpcSCtRq_phase_CreateProcess: procName=2
[DEBUG | dusk] fpcBs_Create: pid=386 profname=fpcNm_OVERLAP3_e (2) profile=0x7acab71d98 procSize=464 unkSize=0
[DEBUG | dusk] fpcSCtRq_phase_CreateProcess: fpcBs_Create OK proc=0xb400007a03756408
[DEBUG | dusk] fpcNdRq_phase_Create: name=11 layer=0x7acada5418
[DEBUG | dusk] fpcNdRq_phase_Create: creating_id=387 (error=4294967295)
[DEBUG | dusk] [DIAG] fpcSCtRq_phase_Load: procName=11 ret=4
[DEBUG | dusk] fpcSCtRq_phase_CreateProcess: procName=11
[DEBUG | dusk] fpcBs_Create: pid=387 profname=fpcNm_PLAY_SCENE_e (11) profile=0x7acab72268 procSize=912 unkSize=0
[DEBUG | dusk] fpcSCtRq_phase_CreateProcess: fpcBs_Create OK proc=0xb400007a03756bd0
[DEBUG | dusk] Loading Resource: vrbox_kasumim.bmd (Size: 2272)
[DEBUG | dusk] Loading Resource: vrbox_kumo.bmd (Size: 69664)
[DEBUG | dusk] Loading Resource: vrbox_sora.bmd (Size: 6624)
[DEBUG | dusk] Loading Resource: vrbox_sun.bmd (Size: 12032)
[DEBUG | dusk] Loading Resource: vrbox_sun.btk (Size: 320)
[DEBUG | dusk] Loading Resource: colordata_tbl.dat (Size: 800)
[DEBUG | dusk] Loading Resource: pol_arg.dat (Size: 128)
[DEBUG | dusk] Loading Resource: pol_effcol.dat (Size: 128)
[DEBUG | dusk] Loading Resource: pol_effcol2.dat (Size: 128)
[DEBUG | dusk] Loading Resource: pol_efftbl.dat (Size: 128)
[DEBUG | dusk] Loading Resource: pol_efftbl2.dat (Size: 128)
[DEBUG | dusk] Loading Resource: pol_sound.dat (Size: 128)
[DEBUG | dusk] Loading Resource: stage.dzs (Size: 5984)
[DEBUG | dusk] Loading Resource: event_list.dat (Size: 856)
[DEBUG | dusk] Loading Resource: cloudtx_01.bti (Size: 4128)
[DEBUG | dusk] Loading Resource: cloudtx_02.bti (Size: 4128)
[DEBUG | dusk] Loading Resource: cloudtx_03.bti (Size: 4128)
[DEBUG | dusk] Loading Resource: f_moon.bti (Size: 8224)
[DEBUG | dusk] Loading Resource: f_moon_a.bti (Size: 2080)
[DEBUG | dusk] Loading Resource: f_moon_a_a00.bti (Size: 64)
[DEBUG | dusk] Loading Resource: f_moon_a_a01.bti (Size: 544)
[DEBUG | dusk] Loading Resource: f_moon_a_a02.bti (Size: 544)
[DEBUG | dusk] Loading Resource: f_moon_a_a03.bti (Size: 544)
[DEBUG | dusk] Loading Resource: event_list.dat (Size: 106476)
[DEBUG | dusk] Loading Resource: camstyle.dat (Size: 43328)
[DEBUG | dusk] Loading Resource: camtype.dat (Size: 14560)
[DEBUG | dusk] fpcBs_Create: pid=391 profname=fpcNm_SUSPEND_e (783) profile=0x7acab78c48 procSize=1632 unkSize=0
[DEBUG | dusk] fopScnM_CreateReq: procName=18 fade=32767
[DEBUG | dusk] fopScnM_CreateReq: result=18 (error=4294967295)
[DEBUG | dusk] fpcBs_Create: pid=393 profname=fpcNm_KANKYO_e (19) profile=0x7acab6ce60 procSize=440 unkSize=0
[DEBUG | dusk] fpcBs_Create: pid=395 profname=fpcNm_KYEFF_e (785) profile=0x7acab6ceb0 procSize=440 unkSize=0
[DEBUG | dusk] fpcBs_Create: pid=397 profname=fpcNm_KYEFF2_e (786) profile=0x7acab6cef0 procSize=440 unkSize=0
[DEBUG | dusk] fpcBs_Create: pid=399 profname=fpcNm_ENVSE_e (21) profile=0x7acab6bf20 procSize=456 unkSize=0
[DEBUG | dusk] fpcNdRq_phase_Create: name=18 layer=0xb400007a03756d28
[DEBUG | dusk] fpcNdRq_phase_Create: creating_id=402 (error=4294967295)
[DEBUG | dusk] [DIAG] fpcSCtRq_phase_Load: procName=781 ret=4
[DEBUG | dusk] fpcSCtRq_phase_CreateProcess: procName=781
[DEBUG | dusk] fpcBs_Create: pid=388 profname=fpcNm_CAMERA_e (781) profile=0x7acab6bd68 procSize=4240 unkSize=0
[DEBUG | dusk] fpcSCtRq_phase_CreateProcess: fpcBs_Create OK proc=0xb400007a03753c58
[DEBUG | dusk] [DIAG] fpcSCtRq_phase_Load: procName=686 ret=4
[DEBUG | dusk] fpcSCtRq_phase_CreateProcess: procName=686
[DEBUG | dusk] fpcBs_Create: pid=389 profname=fpcNm_KYTAG04_e (686) profile=0x7acab75f28 procSize=1784 unkSize=0
[DEBUG | dusk] fpcSCtRq_phase_CreateProcess: fpcBs_Create OK proc=0xb400007a03753540
[DEBUG | dusk] [DIAG] fpcSCtRq_phase_Load: procName=730 ret=4
[DEBUG | dusk] fpcSCtRq_phase_CreateProcess: procName=730
[DEBUG | dusk] fpcBs_Create: pid=400 profname=fpcNm_VRBOX_e (730) profile=0x7acab78078 procSize=1648 unkSize=0
[DEBUG | dusk] fpcSCtRq_phase_CreateProcess: fpcBs_Create OK proc=0xb400007a03752eb0
[DEBUG | dusk] [DIAG] fpcSCtRq_phase_Load: procName=731 ret=4
[DEBUG | dusk] fpcSCtRq_phase_CreateProcess: procName=731
[DEBUG | dusk] fpcBs_Create: pid=401 profname=fpcNm_VRBOX2_e (731) profile=0x7acab78130 procSize=1720 unkSize=0
[DEBUG | dusk] fpcSCtRq_phase_CreateProcess: fpcBs_Create OK proc=0xb400007a037527d8
[DEBUG | dusk] [DIAG] fpcSCtRq_phase_Load: procName=18 ret=4
[DEBUG | dusk] fpcSCtRq_phase_CreateProcess: procName=18
[DEBUG | dusk] fpcBs_Create: pid=402 profname=fpcNm_ROOM_SCENE_e (18) profile=0x7acab72388 procSize=912 unkSize=0
[DEBUG | dusk] fpcSCtRq_phase_CreateProcess: fpcBs_Create OK proc=0xb400007a03752428
[DEBUG | dusk] Loading Resource: ef_portal.bmd (Size: 60192)
[DEBUG | dusk] Loading Resource: ef_portal_blue_app.brk (Size: 896)
[DEBUG | dusk] Loading Resource: ef_portal_blue_disapp.brk (Size: 896)
[DEBUG | dusk] Loading Resource: ef_portal_red_app.brk (Size: 896)
[DEBUG | dusk] Loading Resource: ef_portal_red_disapp.brk (Size: 896)
[DEBUG | dusk] Loading Resource: ef_portal.btk (Size: 1792)
[DEBUG | dusk] Loading Resource: model.bmd (Size: 1166848)
[DEBUG | dusk] Loading Resource: model1.bmd (Size: 26272)
[DEBUG | dusk] Loading Resource: model2.bmd (Size: 25216)
[DEBUG | dusk] Loading Resource: model.btk (Size: 3360)
[DEBUG | dusk] Loading Resource: model1.btk (Size: 320)
[DEBUG | dusk] Loading Resource: model2.btk (Size: 352)
[DEBUG | dusk] Loading Resource: room.dzr (Size: 12416)
[DEBUG | dusk] Loading Resource: event_list.dat (Size: 15264)
[DEBUG | dusk] Loading Resource: machina01$0.stb (Size: 756)
[DEBUG | dusk] Loading Resource: machina01.stb (Size: 2844)
[DEBUG | dusk] Loading Resource: room.kcl (Size: 511900)
[DEBUG | dusk] Loading Resource: room.plc (Size: 480)
[DEBUG | dusk] [DIAG] fpcSCtRq_phase_Load: procName=253 ret=4
[DEBUG | dusk] fpcSCtRq_phase_CreateProcess: procName=253
[DEBUG | dusk] fpcBs_Create: pid=403 profname=fpcNm_ALINK_e (253) profile=0x7acab68250 procSize=18784 unkSize=0
[DEBUG | dusk] fpcSCtRq_phase_CreateProcess: fpcBs_Create OK proc=0xb400007a03749a88
[DEBUG | dusk] [DIAG] fpcSCtRq_phase_Load: procName=790 ret=4
[DEBUG | dusk] fpcSCtRq_phase_CreateProcess: procName=790
[DEBUG | dusk] fpcBs_Create: pid=404 profname=fpcNm_METER2_e (790) profile=0x7acab6f430 procSize=1504 unkSize=0
[DEBUG | dusk] fpcSCtRq_phase_CreateProcess: fpcBs_Create OK proc=0xb400007a03749488
[DEBUG | dusk] [DIAG] fpcSCtRq_phase_Load: procName=732 ret=4
[DEBUG | dusk] fpcSCtRq_phase_CreateProcess: procName=732
[DEBUG | dusk] fpcBs_Create: pid=405 profname=fpcNm_BG_e (732) profile=0x7acab753f8 procSize=1904 unkSize=0
[DEBUG | dusk] fpcSCtRq_phase_CreateProcess: fpcBs_Create OK proc=0xb400007a03748b38
[DEBUG | dusk] [DIAG] fpcSCtRq_phase_Load: procName=44 ret=4
[DEBUG | dusk] fpcSCtRq_phase_CreateProcess: procName=44
[DEBUG | dusk] fpcBs_Create: pid=406 profname=fpcNm_OBJ_BRG_e (44) profile=0x7acab98e68 procSize=54520 unkSize=0
[DEBUG | dusk] fpcSCtRq_phase_CreateProcess: fpcBs_Create OK proc=0xb400007a0373b620
[DEBUG | dusk] [DIAG] fpcSCtRq_phase_Load: procName=535 ret=4
[DEBUG | dusk] fpcSCtRq_phase_CreateProcess: procName=535
[DEBUG | dusk] fpcBs_Create: pid=407 profname=fpcNm_E_WAP_e (535) profile=0x7acab84da8 procSize=1928 unkSize=0
[DEBUG | dusk] fpcSCtRq_phase_CreateProcess: fpcBs_Create OK proc=0xb400007a0373ae78
[DEBUG | dusk] [DIAG] fpcSCtRq_phase_Load: procName=83 ret=4
[DEBUG | dusk] fpcSCtRq_phase_CreateProcess: procName=83
[DEBUG | dusk] fpcBs_Create: pid=408 profname=fpcNm_Obj_Digpl_e (83) profile=0x7acab7c7f8 procSize=1712 unkSize=0
[DEBUG | dusk] fpcSCtRq_phase_CreateProcess: fpcBs_Create OK proc=0xb400007a0373a7a8
[DEBUG | dusk] [DIAG] fpcSCtRq_phase_Load: procName=765 ret=4
[DEBUG | dusk] fpcSCtRq_phase_CreateProcess: procName=765
[DEBUG | dusk] fpcBs_Create: pid=409 profname=fpcNm_Obj_Stone_e (765) profile=0x7acaba8480 procSize=3192 unkSize=0
[DEBUG | dusk] fpcSCtRq_phase_CreateProcess: fpcBs_Create OK proc=0xb400007a03739b10
[DEBUG | dusk] [DIAG] fpcSCtRq_phase_Load: procName=765 ret=4
[DEBUG | dusk] fpcSCtRq_phase_CreateProcess: procName=765
[DEBUG | dusk] fpcBs_Create: pid=410 profname=fpcNm_Obj_Stone_e (765) profile=0x7acaba8480 procSize=3192 unkSize=0
[DEBUG | dusk] fpcSCtRq_phase_CreateProcess: fpcBs_Create OK proc=0xb400007a03738e78
[DEBUG | dusk] [DIAG] fpcSCtRq_phase_Load: procName=765 ret=4
[DEBUG | dusk] fpcSCtRq_phase_CreateProcess: procName=765
[DEBUG | dusk] fpcBs_Create: pid=411 profname=fpcNm_Obj_Stone_e (765) profile=0x7acaba8480 procSize=3192 unkSize=0
[DEBUG | dusk] fpcSCtRq_phase_CreateProcess: fpcBs_Create OK proc=0xb400007a037381e0
[DEBUG | dusk] [DIAG] fpcSCtRq_phase_Load: procName=765 ret=4
[DEBUG | dusk] fpcSCtRq_phase_CreateProcess: procName=765
[DEBUG | dusk] fpcBs_Create: pid=412 profname=fpcNm_Obj_Stone_e (765) profile=0x7acaba8480 procSize=3192 unkSize=0
[DEBUG | dusk] fpcSCtRq_phase_CreateProcess: fpcBs_Create OK proc=0xb400007a03737548
[DEBUG | dusk] [DIAG] fpcSCtRq_phase_Load: procName=765 ret=4
[DEBUG | dusk] fpcSCtRq_phase_CreateProcess: procName=765
[DEBUG | dusk] fpcBs_Create: pid=413 profname=fpcNm_Obj_Stone_e (765) profile=0x7acaba8480 procSize=3192 unkSize=0
[DEBUG | dusk] fpcSCtRq_phase_CreateProcess: fpcBs_Create OK proc=0xb400007a037368b0
[DEBUG | dusk] [DIAG] fpcSCtRq_phase_Load: procName=765 ret=4
[DEBUG | dusk] fpcSCtRq_phase_CreateProcess: procName=765
[DEBUG | dusk] fpcBs_Create: pid=414 profname=fpcNm_Obj_Stone_e (765) profile=0x7acaba8480 procSize=3192 unkSize=0
[DEBUG | dusk] fpcSCtRq_phase_CreateProcess: fpcBs_Create OK proc=0xb400007a03735c18
[DEBUG | dusk] [DIAG] fpcSCtRq_phase_Load: procName=765 ret=4
[DEBUG | dusk] fpcSCtRq_phase_CreateProcess: procName=765
[DEBUG | dusk] fpcBs_Create: pid=415 profname=fpcNm_Obj_Stone_e (765) profile=0x7acaba8480 procSize=3192 unkSize=0
[DEBUG | dusk] fpcSCtRq_phase_CreateProcess: fpcBs_Create OK proc=0xb400007a03734f80
[DEBUG | dusk] [DIAG] fpcSCtRq_phase_Load: procName=784 ret=4
[DEBUG | dusk] fpcSCtRq_phase_CreateProcess: procName=784
[DEBUG | dusk] fpcBs_Create: pid=416 profname=fpcNm_GRASS_e (784) profile=0x7acab79ae8 procSize=1640 unkSize=0
[DEBUG | dusk] fpcSCtRq_phase_CreateProcess: fpcBs_Create OK proc=0xb400007a037348f8
[DEBUG | dusk] [DIAG] fpcSCtRq_phase_Load: procName=784 ret=4
[DEBUG | dusk] fpcSCtRq_phase_CreateProcess: procName=784
[DEBUG | dusk] fpcBs_Create: pid=417 profname=fpcNm_GRASS_e (784) profile=0x7acab79ae8 procSize=1640 unkSize=0
[DEBUG | dusk] fpcSCtRq_phase_CreateProcess: fpcBs_Create OK proc=0xb400007a03734270
[DEBUG | dusk] [DIAG] fpcSCtRq_phase_Load: procName=784 ret=4
[DEBUG | dusk] fpcSCtRq_phase_CreateProcess: procName=784
[DEBUG | dusk] fpcBs_Create: pid=418 profname=fpcNm_GRASS_e (784) profile=0x7acab79ae8 procSize=1640 unkSize=0
[DEBUG | dusk] fpcSCtRq_phase_CreateProcess: fpcBs_Create OK proc=0xb400007a03733be8
[DEBUG | dusk] [DIAG] fpcSCtRq_phase_Load: procName=784 ret=4
[DEBUG | dusk] fpcSCtRq_phase_CreateProcess: procName=784
[DEBUG | dusk] fpcBs_Create: pid=419 profname=fpcNm_GRASS_e (784) profile=0x7acab79ae8 procSize=1640 unkSize=0
[DEBUG | dusk] fpcSCtRq_phase_CreateProcess: fpcBs_Create OK proc=0xb400007a03733560
[DEBUG | dusk] [DIAG] fpcSCtRq_phase_Load: procName=784 ret=4
[DEBUG | dusk] fpcSCtRq_phase_CreateProcess: procName=784
[DEBUG | dusk] fpcBs_Create: pid=420 profname=fpcNm_GRASS_e (784) profile=0x7acab79ae8 procSize=1640 unkSize=0
[DEBUG | dusk] fpcSCtRq_phase_CreateProcess: fpcBs_Create OK proc=0xb400007a03732ed8
[DEBUG | dusk] [DIAG] fpcSCtRq_phase_Load: procName=784 ret=4
[DEBUG | dusk] fpcSCtRq_phase_CreateProcess: procName=784
[DEBUG | dusk] fpcBs_Create: pid=421 profname=fpcNm_GRASS_e (784) profile=0x7acab79ae8 procSize=1640 unkSize=0
[DEBUG | dusk] fpcSCtRq_phase_CreateProcess: fpcBs_Create OK proc=0xb400007a03732850
[DEBUG | dusk] [DIAG] fpcSCtRq_phase_Load: procName=784 ret=4
[DEBUG | dusk] fpcSCtRq_phase_CreateProcess: procName=784
[DEBUG | dusk] fpcBs_Create: pid=422 profname=fpcNm_GRASS_e (784) profile=0x7acab79ae8 procSize=1640 unkSize=0
[DEBUG | dusk] fpcSCtRq_phase_CreateProcess: fpcBs_Create OK proc=0xb400007a037321c8
[DEBUG | dusk] [DIAG] fpcSCtRq_phase_Load: procName=784 ret=4
[DEBUG | dusk] fpcSCtRq_phase_CreateProcess: procName=784
[DEBUG | dusk] fpcBs_Create: pid=423 profname=fpcNm_GRASS_e (784) profile=0x7acab79ae8 procSize=1640 unkSize=0
[DEBUG | dusk] fpcSCtRq_phase_CreateProcess: fpcBs_Create OK proc=0xb400007a03731b40
[DEBUG | dusk] [DIAG] fpcSCtRq_phase_Load: procName=784 ret=4
[DEBUG | dusk] fpcSCtRq_phase_CreateProcess: procName=784
[DEBUG | dusk] fpcBs_Create: pid=424 profname=fpcNm_GRASS_e (784) profile=0x7acab79ae8 procSize=1640 unkSize=0
[DEBUG | dusk] fpcSCtRq_phase_CreateProcess: fpcBs_Create OK proc=0xb400007a037314b8
[DEBUG | dusk] [DIAG] fpcSCtRq_phase_Load: procName=784 ret=4
[DEBUG | dusk] fpcSCtRq_phase_CreateProcess: procName=784
[DEBUG | dusk] fpcBs_Create: pid=425 profname=fpcNm_GRASS_e (784) profile=0x7acab79ae8 procSize=1640 unkSize=0
[DEBUG | dusk] fpcSCtRq_phase_CreateProcess: fpcBs_Create OK proc=0xb400007a03730e30
[DEBUG | dusk] [DIAG] fpcSCtRq_phase_Load: procName=719 ret=4
[DEBUG | dusk] fpcSCtRq_phase_CreateProcess: procName=719
[DEBUG | dusk] fpcBs_Create: pid=426 profname=fpcNm_TAG_CAMERA_e (719) profile=0x7acab77260 procSize=1672 unkSize=0
[DEBUG | dusk] fpcSCtRq_phase_CreateProcess: fpcBs_Create OK proc=0xb400007a03730788
[DEBUG | dusk] [DIAG] fpcSCtRq_phase_Load: procName=549 ret=4
[DEBUG | dusk] fpcSCtRq_phase_CreateProcess: procName=549
[DEBUG | dusk] fpcBs_Create: pid=427 profname=fpcNm_SWC00_e (549) profile=0x7acab7e4d0 procSize=1664 unkSize=0
[DEBUG | dusk] fpcSCtRq_phase_CreateProcess: fpcBs_Create OK proc=0xb400007a037300e8
[DEBUG | dusk] [DIAG] fpcSCtRq_phase_Load: procName=549 ret=4
[DEBUG | dusk] fpcSCtRq_phase_CreateProcess: procName=549
[DEBUG | dusk] fpcBs_Create: pid=428 profname=fpcNm_SWC00_e (549) profile=0x7acab7e4d0 procSize=1664 unkSize=0
[DEBUG | dusk] fpcSCtRq_phase_CreateProcess: fpcBs_Create OK proc=0xb400007a0372fa48
[DEBUG | dusk] [DIAG] fpcSCtRq_phase_Load: procName=549 ret=4
[DEBUG | dusk] fpcSCtRq_phase_CreateProcess: procName=549
[DEBUG | dusk] fpcBs_Create: pid=429 profname=fpcNm_SWC00_e (549) profile=0x7acab7e4d0 procSize=1664 unkSize=0
[DEBUG | dusk] fpcSCtRq_phase_CreateProcess: fpcBs_Create OK proc=0xb400007a0372f3a8
[DEBUG | dusk] [DIAG] fpcSCtRq_phase_Load: procName=549 ret=4
[DEBUG | dusk] fpcSCtRq_phase_CreateProcess: procName=549
[DEBUG | dusk] fpcBs_Create: pid=430 profname=fpcNm_SWC00_e (549) profile=0x7acab7e4d0 procSize=1664 unkSize=0
[DEBUG | dusk] fpcSCtRq_phase_CreateProcess: fpcBs_Create OK proc=0xb400007a0372ed08
[DEBUG | dusk] [DIAG] fpcSCtRq_phase_Load: procName=719 ret=4
[DEBUG | dusk] fpcSCtRq_phase_CreateProcess: procName=719
[DEBUG | dusk] fpcBs_Create: pid=431 profname=fpcNm_TAG_CAMERA_e (719) profile=0x7acab77260 procSize=1672 unkSize=0
[DEBUG | dusk] fpcSCtRq_phase_CreateProcess: fpcBs_Create OK proc=0xb400007a03750f64
[DEBUG | dusk] [DIAG] fpcSCtRq_phase_Load: procName=549 ret=4
[DEBUG | dusk] fpcSCtRq_phase_CreateProcess: procName=549
[DEBUG | dusk] fpcBs_Create: pid=432 profname=fpcNm_SWC00_e (549) profile=0x7acab7e4d0 procSize=1664 unkSize=0
[DEBUG | dusk] fpcSCtRq_phase_CreateProcess: fpcBs_Create OK proc=0xb400007a0372e668
[DEBUG | dusk] [DIAG] fpcSCtRq_phase_Load: procName=549 ret=4
[DEBUG | dusk] fpcSCtRq_phase_CreateProcess: procName=549
[DEBUG | dusk] fpcBs_Create: pid=433 profname=fpcNm_SWC00_e (549) profile=0x7acab7e4d0 procSize=1664 unkSize=0
[DEBUG | dusk] fpcSCtRq_phase_CreateProcess: fpcBs_Create OK proc=0xb400007a0372dfc8
[DEBUG | dusk] [DIAG] fpcSCtRq_phase_Load: procName=719 ret=4
[DEBUG | dusk] fpcSCtRq_phase_CreateProcess: procName=719
[DEBUG | dusk] fpcBs_Create: pid=434 profname=fpcNm_TAG_CAMERA_e (719) profile=0x7acab77260 procSize=1672 unkSize=0
[DEBUG | dusk] fpcSCtRq_phase_CreateProcess: fpcBs_Create OK proc=0xb400007a0372d920
[DEBUG | dusk] [DIAG] fpcSCtRq_phase_Load: procName=549 ret=4
[DEBUG | dusk] fpcSCtRq_phase_CreateProcess: procName=549
[DEBUG | dusk] fpcBs_Create: pid=435 profname=fpcNm_SWC00_e (549) profile=0x7acab7e4d0 procSize=1664 unkSize=0
[DEBUG | dusk] fpcSCtRq_phase_CreateProcess: fpcBs_Create OK proc=0xb400007a0372d280
[DEBUG | dusk] [DIAG] fpcSCtRq_phase_Load: procName=549 ret=4
[DEBUG | dusk] fpcSCtRq_phase_CreateProcess: procName=549
[DEBUG | dusk] fpcBs_Create: pid=436 profname=fpcNm_SWC00_e (549) profile=0x7acab7e4d0 procSize=1664 unkSize=0
[DEBUG | dusk] fpcSCtRq_phase_CreateProcess: fpcBs_Create OK proc=0xb400007a0372cbe0
[DEBUG | dusk] [DIAG] fpcSCtRq_phase_Load: procName=719 ret=4
[DEBUG | dusk] fpcSCtRq_phase_CreateProcess: procName=719
[DEBUG | dusk] fpcBs_Create: pid=437 profname=fpcNm_TAG_CAMERA_e (719) profile=0x7acab77260 procSize=1672 unkSize=0
[DEBUG | dusk] fpcSCtRq_phase_CreateProcess: fpcBs_Create OK proc=0xb400007a037508bc
[DEBUG | dusk] [DIAG] fpcSCtRq_phase_Load: procName=236 ret=4
[DEBUG | dusk] fpcSCtRq_phase_CreateProcess: procName=236
[DEBUG | dusk] fpcBs_Create: pid=438 profname=fpcNm_Tag_Hstop_e (236) profile=0x7acab7eae8 procSize=1656 unkSize=0
[DEBUG | dusk] fpcSCtRq_phase_CreateProcess: fpcBs_Create OK proc=0xb400007a0372c548
[DEBUG | dusk] [DIAG] fpcSCtRq_phase_Load: procName=236 ret=4
[DEBUG | dusk] fpcSCtRq_phase_CreateProcess: procName=236
[DEBUG | dusk] fpcBs_Create: pid=439 profname=fpcNm_Tag_Hstop_e (236) profile=0x7acab7eae8 procSize=1656 unkSize=0
[DEBUG | dusk] fpcSCtRq_phase_CreateProcess: fpcBs_Create OK proc=0xb400007a0372beb0
[DEBUG | dusk] [DIAG] fpcSCtRq_phase_Load: procName=236 ret=4
[DEBUG | dusk] fpcSCtRq_phase_CreateProcess: procName=236
[DEBUG | dusk] fpcBs_Create: pid=440 profname=fpcNm_Tag_Hstop_e (236) profile=0x7acab7eae8 procSize=1656 unkSize=0
[DEBUG | dusk] fpcSCtRq_phase_CreateProcess: fpcBs_Create OK proc=0xb400007a0372b818
[DEBUG | dusk] [DIAG] fpcSCtRq_phase_Load: procName=236 ret=4
[DEBUG | dusk] fpcSCtRq_phase_CreateProcess: procName=236
[DEBUG | dusk] fpcBs_Create: pid=441 profname=fpcNm_Tag_Hstop_e (236) profile=0x7acab7eae8 procSize=1656 unkSize=0
[DEBUG | dusk] fpcSCtRq_phase_CreateProcess: fpcBs_Create OK proc=0xb400007a0372b180
[DEBUG | dusk] [DIAG] fpcSCtRq_phase_Load: procName=426 ret=4
[DEBUG | dusk] fpcSCtRq_phase_CreateProcess: procName=426
[DEBUG | dusk] fpcBs_Create: pid=442 profname=fpcNm_Tag_AttackItem_e (426) profile=0x7acab7e730 procSize=2200 unkSize=0
[DEBUG | dusk] fpcSCtRq_phase_CreateProcess: fpcBs_Create OK proc=0xb400007a0372a8c8
[DEBUG | dusk] [DIAG] fpcSCtRq_phase_Load: procName=426 ret=4
[DEBUG | dusk] fpcSCtRq_phase_CreateProcess: procName=426
[DEBUG | dusk] fpcBs_Create: pid=443 profname=fpcNm_Tag_AttackItem_e (426) profile=0x7acab7e730 procSize=2200 unkSize=0
[DEBUG | dusk] fpcSCtRq_phase_CreateProcess: fpcBs_Create OK proc=0xb400007a0372a010
[DEBUG | dusk] [DIAG] fpcSCtRq_phase_Load: procName=549 ret=4
[DEBUG | dusk] fpcSCtRq_phase_CreateProcess: procName=549
[DEBUG | dusk] fpcBs_Create: pid=444 profname=fpcNm_SWC00_e (549) profile=0x7acab7e4d0 procSize=1664 unkSize=0
[DEBUG | dusk] fpcSCtRq_phase_CreateProcess: fpcBs_Create OK proc=0xb400007a0375021c
[DEBUG | dusk] [DIAG] fpcSCtRq_phase_Load: procName=549 ret=4
[DEBUG | dusk] fpcSCtRq_phase_CreateProcess: procName=549
[DEBUG | dusk] fpcBs_Create: pid=445 profname=fpcNm_SWC00_e (549) profile=0x7acab7e4d0 procSize=1664 unkSize=0
[DEBUG | dusk] fpcSCtRq_phase_CreateProcess: fpcBs_Create OK proc=0xb400007a03729970
[DEBUG | dusk] [DIAG] fpcSCtRq_phase_Load: procName=722 ret=4
[DEBUG | dusk] fpcSCtRq_phase_CreateProcess: procName=722
[DEBUG | dusk] fpcBs_Create: pid=446 profname=fpcNm_TAG_EVT_e (722) profile=0x7acab77568 procSize=1800 unkSize=0
[DEBUG | dusk] fpcSCtRq_phase_CreateProcess: fpcBs_Create OK proc=0xb400007a03729248
[DEBUG | dusk] [DIAG] fpcSCtRq_phase_Load: procName=719 ret=4
[DEBUG | dusk] fpcSCtRq_phase_CreateProcess: procName=719
[DEBUG | dusk] fpcBs_Create: pid=447 profname=fpcNm_TAG_CAMERA_e (719) profile=0x7acab77260 procSize=1672 unkSize=0
[DEBUG | dusk] fpcSCtRq_phase_CreateProcess: fpcBs_Create OK proc=0xb400007a03728ba0
[DEBUG | dusk] [DIAG] fpcSCtRq_phase_Load: procName=722 ret=4
[DEBUG | dusk] fpcSCtRq_phase_CreateProcess: procName=722
[DEBUG | dusk] fpcBs_Create: pid=448 profname=fpcNm_TAG_EVT_e (722) profile=0x7acab77568 procSize=1800 unkSize=0
[DEBUG | dusk] fpcSCtRq_phase_CreateProcess: fpcBs_Create OK proc=0xb400007a03728478
[DEBUG | dusk] [DIAG] fpcSCtRq_phase_Load: procName=426 ret=4
[DEBUG | dusk] fpcSCtRq_phase_CreateProcess: procName=426
[DEBUG | dusk] fpcBs_Create: pid=449 profname=fpcNm_Tag_AttackItem_e (426) profile=0x7acab7e730 procSize=2200 unkSize=0
[DEBUG | dusk] fpcSCtRq_phase_CreateProcess: fpcBs_Create OK proc=0xb400007a03727bc0
[DEBUG | dusk] [DIAG] fpcSCtRq_phase_Load: procName=426 ret=4
[DEBUG | dusk] fpcSCtRq_phase_CreateProcess: procName=426
[DEBUG | dusk] fpcBs_Create: pid=450 profname=fpcNm_Tag_AttackItem_e (426) profile=0x7acab7e730 procSize=2200 unkSize=0
[DEBUG | dusk] fpcSCtRq_phase_CreateProcess: fpcBs_Create OK proc=0xb400007a03727308
[DEBUG | dusk] [DIAG] fpcSCtRq_phase_Load: procName=426 ret=4
[DEBUG | dusk] fpcSCtRq_phase_CreateProcess: procName=426
[DEBUG | dusk] fpcBs_Create: pid=451 profname=fpcNm_Tag_AttackItem_e (426) profile=0x7acab7e730 procSize=2200 unkSize=0
[DEBUG | dusk] fpcSCtRq_phase_CreateProcess: fpcBs_Create OK proc=0xb400007a03726a50
[DEBUG | dusk] [DIAG] fpcSCtRq_phase_Load: procName=426 ret=4
[DEBUG | dusk] fpcSCtRq_phase_CreateProcess: procName=426
[DEBUG | dusk] fpcBs_Create: pid=452 profname=fpcNm_Tag_AttackItem_e (426) profile=0x7acab7e730 procSize=2200 unkSize=0
[DEBUG | dusk] fpcSCtRq_phase_CreateProcess: fpcBs_Create OK proc=0xb400007a03726198
[DEBUG | dusk] [DIAG] fpcSCtRq_phase_Load: procName=426 ret=4
[DEBUG | dusk] fpcSCtRq_phase_CreateProcess: procName=426
[DEBUG | dusk] fpcBs_Create: pid=453 profname=fpcNm_Tag_AttackItem_e (426) profile=0x7acab7e730 procSize=2200 unkSize=0
[DEBUG | dusk] fpcSCtRq_phase_CreateProcess: fpcBs_Create OK proc=0xb400007a037258e0
[DEBUG | dusk] [DIAG] fpcSCtRq_phase_Load: procName=426 ret=4
[DEBUG | dusk] fpcSCtRq_phase_CreateProcess: procName=426
[DEBUG | dusk] fpcBs_Create: pid=454 profname=fpcNm_Tag_AttackItem_e (426) profile=0x7acab7e730 procSize=2200 unkSize=0
[DEBUG | dusk] fpcSCtRq_phase_CreateProcess: fpcBs_Create OK proc=0xb400007a03725028
[DEBUG | dusk] [DIAG] fpcSCtRq_phase_Load: procName=634 ret=4
[DEBUG | dusk] fpcSCtRq_phase_CreateProcess: procName=634
[DEBUG | dusk] fpcBs_Create: pid=455 profname=fpcNm_NPC_YELIA_e (634) profile=0x7acab95b78 procSize=5376 unkSize=0
[DEBUG | dusk] fpcSCtRq_phase_CreateProcess: fpcBs_Create OK proc=0xb400007a03723b08
[DEBUG | dusk] [DIAG] fpcSCtRq_phase_Load: procName=100 ret=4
[DEBUG | dusk] fpcSCtRq_phase_CreateProcess: procName=100
[DEBUG | dusk] fpcBs_Create: pid=456 profname=fpcNm_Obj_MGate_e (100) profile=0x7acab7d7d0 procSize=1760 unkSize=0
[DEBUG | dusk] fpcSCtRq_phase_CreateProcess: fpcBs_Create OK proc=0xb400007a0374f344
[DEBUG | dusk] [DIAG] fpcSCtRq_phase_Load: procName=100 ret=4
[DEBUG | dusk] fpcSCtRq_phase_CreateProcess: procName=100
[DEBUG | dusk] fpcBs_Create: pid=457 profname=fpcNm_Obj_MGate_e (100) profile=0x7acab7d7d0 procSize=1760 unkSize=0
[DEBUG | dusk] fpcSCtRq_phase_CreateProcess: fpcBs_Create OK proc=0xb400007a03723408
[DEBUG | dusk] [DIAG] fpcSCtRq_phase_Load: procName=100 ret=4
[DEBUG | dusk] fpcSCtRq_phase_CreateProcess: procName=100
[DEBUG | dusk] fpcBs_Create: pid=458 profname=fpcNm_Obj_MGate_e (100) profile=0x7acab7d7d0 procSize=1760 unkSize=0
[DEBUG | dusk] fpcSCtRq_phase_CreateProcess: fpcBs_Create OK proc=0xb400007a03722d08
[DEBUG | dusk] [DIAG] fpcSCtRq_phase_Load: procName=100 ret=4
[DEBUG | dusk] fpcSCtRq_phase_CreateProcess: procName=100
[DEBUG | dusk] fpcBs_Create: pid=459 profname=fpcNm_Obj_MGate_e (100) profile=0x7acab7d7d0 procSize=1760 unkSize=0
[DEBUG | dusk] fpcSCtRq_phase_CreateProcess: fpcBs_Create OK proc=0xb400007a03722608
[DEBUG | dusk] [DIAG] fpcSCtRq_phase_Load: procName=233 ret=4
[DEBUG | dusk] fpcSCtRq_phase_CreateProcess: procName=233
[DEBUG | dusk] fpcBs_Create: pid=460 profname=fpcNm_Tag_Hinit_e (233) profile=0x7acab7e918 procSize=1640 unkSize=0
[DEBUG | dusk] fpcSCtRq_phase_CreateProcess: fpcBs_Create OK proc=0xb400007a03721f80
[DEBUG | dusk] [DIAG] fpcSCtRq_phase_Load: procName=333 ret=4
[DEBUG | dusk] fpcSCtRq_phase_CreateProcess: procName=333
[DEBUG | dusk] fpcBs_Create: pid=461 profname=fpcNm_Obj_Yobikusa_e (333) profile=0x7acab7e0c8 procSize=2360 unkSize=0
[DEBUG | dusk] fpcSCtRq_phase_CreateProcess: fpcBs_Create OK proc=0xb400007a03721628
[DEBUG | dusk] [DIAG] fpcSCtRq_phase_Load: procName=333 ret=4
[DEBUG | dusk] fpcSCtRq_phase_CreateProcess: procName=333
[DEBUG | dusk] fpcBs_Create: pid=462 profname=fpcNm_Obj_Yobikusa_e (333) profile=0x7acab7e0c8 procSize=2360 unkSize=0
[DEBUG | dusk] fpcSCtRq_phase_CreateProcess: fpcBs_Create OK proc=0xb400007a03720cd0
[DEBUG | dusk] [DIAG] fpcSCtRq_phase_Load: procName=333 ret=4
[DEBUG | dusk] fpcSCtRq_phase_CreateProcess: procName=333
[DEBUG | dusk] fpcBs_Create: pid=463 profname=fpcNm_Obj_Yobikusa_e (333) profile=0x7acab7e0c8 procSize=2360 unkSize=0
[DEBUG | dusk] fpcSCtRq_phase_CreateProcess: fpcBs_Create OK proc=0xb400007a03720378
[DEBUG | dusk] [DIAG] fpcSCtRq_phase_Load: procName=333 ret=4
[DEBUG | dusk] fpcSCtRq_phase_CreateProcess: procName=333
[DEBUG | dusk] fpcBs_Create: pid=464 profname=fpcNm_Obj_Yobikusa_e (333) profile=0x7acab7e0c8 procSize=2360 unkSize=0
[DEBUG | dusk] fpcSCtRq_phase_CreateProcess: fpcBs_Create OK proc=0xb400007a0371fa20
[DEBUG | dusk] [DIAG] fpcSCtRq_phase_Load: procName=333 ret=4
[DEBUG | dusk] fpcSCtRq_phase_CreateProcess: procName=333
[DEBUG | dusk] fpcBs_Create: pid=465 profname=fpcNm_Obj_Yobikusa_e (333) profile=0x7acab7e0c8 procSize=2360 unkSize=0
[DEBUG | dusk] fpcSCtRq_phase_CreateProcess: fpcBs_Create OK proc=0xb400007a0371f0c8
[DEBUG | dusk] [DIAG] fpcSCtRq_phase_Load: procName=233 ret=4
[DEBUG | dusk] fpcSCtRq_phase_CreateProcess: procName=233
[DEBUG | dusk] fpcBs_Create: pid=466 profname=fpcNm_Tag_Hinit_e (233) profile=0x7acab7e918 procSize=1640 unkSize=0
[DEBUG | dusk] fpcSCtRq_phase_CreateProcess: fpcBs_Create OK proc=0xb400007a0371ea40
[DEBUG | dusk] [DIAG] fpcSCtRq_phase_Load: procName=238 ret=4
[DEBUG | dusk] fpcSCtRq_phase_CreateProcess: procName=238
[DEBUG | dusk] fpcBs_Create: pid=467 profname=fpcNm_HORSE_e (238) profile=0x7acab85d10 procSize=8464 unkSize=0
[DEBUG | dusk] fpcSCtRq_phase_CreateProcess: fpcBs_Create OK proc=0xb400007a0371c910
[DEBUG | dusk] [DIAG] fpcSCtRq_phase_Load: procName=788 ret=4
[DEBUG | dusk] fpcSCtRq_phase_CreateProcess: procName=788
[DEBUG | dusk] fpcBs_Create: pid=468 profname=fpcNm_MENUWINDOW_e (788) profile=0x7acab6ee20 procSize=592 unkSize=0
[DEBUG | dusk] fpcSCtRq_phase_CreateProcess: fpcBs_Create OK proc=0xb400007a03751d58
[DEBUG | dusk] [DIAG] fpcSCtRq_phase_Load: procName=787 ret=4
[DEBUG | dusk] fpcSCtRq_phase_CreateProcess: procName=787
[DEBUG | dusk] fpcBs_Create: pid=469 profname=fpcNm_MSG_OBJECT_e (787) profile=0x7acab6fa98 procSize=1512 unkSize=0
[DEBUG | dusk] fpcSCtRq_phase_CreateProcess: fpcBs_Create OK proc=0xb400007a0371c308
[DEBUG | dusk] Loading Resource: al_kantera.bmd (Size: 21024)
[DEBUG | dusk] Loading Resource: ef_ktglow.bmd (Size: 3040)
[DEBUG | dusk] Loading Resource: al_bootsh.bmd (Size: 22048)
[DEBUG | dusk] Loading Resource: al_face.bmd (Size: 72576)
[DEBUG | dusk] Loading Resource: al_swb.bmd (Size: 23552)
[DEBUG | dusk] Loading Resource: bl.bmd (Size: 165088)
[DEBUG | dusk] Loading Resource: bl_hands.bmd (Size: 63744)
[DEBUG | dusk] Loading Resource: bl_head.bmd (Size: 33568)
[DEBUG | dusk] Loading Resource: ef_ktglow.btk (Size: 512)
[DEBUG | dusk] Loading Resource: k_bridge00.bmd (Size: 6432)
[DEBUG | dusk] Loading Resource: k_bridge01.bmd (Size: 6464)
[DEBUG | dusk] Loading Resource: m_bridge00.bmd (Size: 10560)
[DEBUG | dusk] Loading Resource: m_knot00.bmd (Size: 2624)
[DEBUG | dusk] Loading Resource: mbrdg.dzb (Size: 9312)
[DEBUG | dusk] Loading Resource: mbrdg2.dzb (Size: 9312)
[DEBUG | dusk] Loading Resource: brg_rope.bti (Size: 160)
[DEBUG | dusk] Loading Resource: m_wire00.bti (Size: 64)
[DEBUG | dusk] Loading Resource: d_srock.bmd (Size: 4704)
[DEBUG | dusk] Loading Resource: d_brock.bmd (Size: 4704)
[DEBUG | dusk] Loading Resource: event_list.dat (Size: 1028)
[DEBUG | dusk] Loading Resource: yelia.bmd (Size: 165728)
[DEBUG | dusk] Loading Resource: yelia_f_happy_talk.bck (Size: 4128)
[DEBUG | dusk] Loading Resource: yelia_f_listen.bck (Size: 3200)
[DEBUG | dusk] Loading Resource: yelia_f_talk_a.bck (Size: 2816)
[DEBUG | dusk] Loading Resource: yelia_fh_happytalk.bck (Size: 2240)
[DEBUG | dusk] Loading Resource: yelia_fh_listen.bck (Size: 2240)
[DEBUG | dusk] Loading Resource: yelia_happytalk.bck (Size: 4800)
[DEBUG | dusk] Loading Resource: yelia_listen.bck (Size: 4448)
[DEBUG | dusk] Loading Resource: yelia_step.bck (Size: 4288)
[DEBUG | dusk] Loading Resource: yelia_wait_a.bck (Size: 3584)
[DEBUG | dusk] Loading Resource: yelia.btk (Size: 256)
[DEBUG | dusk] Loading Resource: yelia.btp (Size: 128)
[DEBUG | dusk] Loading Resource: yelia_f_happy_talk.btp (Size: 288)
[DEBUG | dusk] Loading Resource: yelia_f_listen.btp (Size: 288)
[DEBUG | dusk] Loading Resource: yelia_fh_happytalk.btp (Size: 96)
[DEBUG | dusk] Loading Resource: yelia_fh_listen.btp (Size: 96)
[DEBUG | dusk] Loading Resource: yelia_f_horse_lookback.bck (Size: 2752)
[DEBUG | dusk] Loading Resource: yelia_f_horse_return.bck (Size: 2688)
[DEBUG | dusk] Loading Resource: yelia_horse_lookback.bck (Size: 5248)
[DEBUG | dusk] Loading Resource: yelia_horse_return.bck (Size: 4960)
[DEBUG | dusk] Loading Resource: yelia_horse_talk_a.bck (Size: 4768)
[DEBUG | dusk] Loading Resource: yelia_horse_wait_a.bck (Size: 4416)
[DEBUG | dusk] Loading Resource: yelia_horse_wait_c.bck (Size: 3680)
[DEBUG | dusk] Loading Resource: yelia_horse_return.btk (Size: 320)
[DEBUG | dusk] Loading Resource: yelia_horse_wait_a.btk (Size: 256)
[DEBUG | dusk] Loading Resource: yelia_f_horse_lookback.btp (Size: 160)
[DEBUG | dusk] Loading Resource: yelia_f_horse_return.btp (Size: 160)
[DEBUG | dusk] [DIAG] fpcSCtRq_phase_Load: procName=369 ret=4
[DEBUG | dusk] fpcSCtRq_phase_CreateProcess: procName=369
[DEBUG | dusk] fpcBs_Create: pid=470 profname=fpcNm_Obj_StoneMark_e (369) profile=0x7acab7ddb0 procSize=2640 unkSize=0
[DEBUG | dusk] fpcSCtRq_phase_CreateProcess: fpcBs_Create OK proc=0xb400007a0371b898
[DEBUG | dusk] [DIAG] fpcSCtRq_phase_Load: procName=369 ret=4
[DEBUG | dusk] fpcSCtRq_phase_CreateProcess: procName=369
[DEBUG | dusk] fpcBs_Create: pid=471 profname=fpcNm_Obj_StoneMark_e (369) profile=0x7acab7ddb0 procSize=2640 unkSize=0
[DEBUG | dusk] fpcSCtRq_phase_CreateProcess: fpcBs_Create OK proc=0xb400007a0371ae28
[DEBUG | dusk] [DIAG] fpcSCtRq_phase_Load: procName=369 ret=4
[DEBUG | dusk] fpcSCtRq_phase_CreateProcess: procName=369
[DEBUG | dusk] fpcBs_Create: pid=472 profname=fpcNm_Obj_StoneMark_e (369) profile=0x7acab7ddb0 procSize=2640 unkSize=0
[DEBUG | dusk] fpcSCtRq_phase_CreateProcess: fpcBs_Create OK proc=0xb400007a0371a3b8
[DEBUG | dusk] [DIAG] fpcSCtRq_phase_Load: procName=369 ret=4
[DEBUG | dusk] fpcSCtRq_phase_CreateProcess: procName=369
[DEBUG | dusk] fpcBs_Create: pid=473 profname=fpcNm_Obj_StoneMark_e (369) profile=0x7acab7ddb0 procSize=2640 unkSize=0
[DEBUG | dusk] fpcSCtRq_phase_CreateProcess: fpcBs_Create OK proc=0xb400007a03719948
[DEBUG | dusk] [DIAG] fpcSCtRq_phase_Load: procName=369 ret=4
[DEBUG | dusk] fpcSCtRq_phase_CreateProcess: procName=369
[DEBUG | dusk] fpcBs_Create: pid=474 profname=fpcNm_Obj_StoneMark_e (369) profile=0x7acab7ddb0 procSize=2640 unkSize=0
[DEBUG | dusk] fpcSCtRq_phase_CreateProcess: fpcBs_Create OK proc=0xb400007a03718ed8
[DEBUG | dusk] [DIAG] fpcSCtRq_phase_Load: procName=369 ret=4
[DEBUG | dusk] fpcSCtRq_phase_CreateProcess: procName=369
[DEBUG | dusk] fpcBs_Create: pid=475 profname=fpcNm_Obj_StoneMark_e (369) profile=0x7acab7ddb0 procSize=2640 unkSize=0
[DEBUG | dusk] fpcSCtRq_phase_CreateProcess: fpcBs_Create OK proc=0xb400007a03718468
[DEBUG | dusk] [DIAG] fpcSCtRq_phase_Load: procName=369 ret=4
[DEBUG | dusk] fpcSCtRq_phase_CreateProcess: procName=369
[DEBUG | dusk] fpcBs_Create: pid=476 profname=fpcNm_Obj_StoneMark_e (369) profile=0x7acab7ddb0 procSize=2640 unkSize=0
[DEBUG | dusk] fpcSCtRq_phase_CreateProcess: fpcBs_Create OK proc=0xb400007a037179f8
[DEBUG | dusk] Loading Resource: yelb.bmd (Size: 163968)
[DEBUG | dusk] Loading Resource: yelia_f_kaisou_talk.bck (Size: 3136)
[DEBUG | dusk] Loading Resource: yelia_f_kaisou_wait_a.bck (Size: 2560)
[DEBUG | dusk] Loading Resource: yelia_f_kaisou_wait_b.bck (Size: 2400)
[DEBUG | dusk] Loading Resource: yelia_fh_kaisou_talk.bck (Size: 2240)
[DEBUG | dusk] Loading Resource: yelia_kaisou_talk.bck (Size: 5344)
[DEBUG | dusk] Loading Resource: yelia_kaisou_wait_a.bck (Size: 3584)
[DEBUG | dusk] Loading Resource: yelia_kaisou_wait_b.bck (Size: 3360)
[DEBUG | dusk] Loading Resource: yelia_kaisou_talk.btk (Size: 320)
[DEBUG | dusk] Loading Resource: yelia_kaisou_wait_a.btk (Size: 320)
[DEBUG | dusk] Loading Resource: yelia_kaisou_wait_b.btk (Size: 288)
[DEBUG | dusk] Loading Resource: yelia_f_kaisou_talk.btp (Size: 256)
[DEBUG | dusk] Loading Resource: yelia_f_kaisou_wait_a.btp (Size: 224)
[DEBUG | dusk] Loading Resource: al_shb.bmd (Size: 15040)
[DEBUG | dusk] Loading Resource: yelia_ask.bck (Size: 4224)
[DEBUG | dusk] Loading Resource: yelia_ask_step.bck (Size: 3904)
[DEBUG | dusk] Loading Resource: yelia_asking.bck (Size: 3328)
[DEBUG | dusk] Loading Resource: yelia_f_ask.bck (Size: 3424)
[DEBUG | dusk] Loading Resource: yelia_f_intense.bck (Size: 3264)
[DEBUG | dusk] Loading Resource: yelia_f_kizuku.bck (Size: 2944)
[DEBUG | dusk] Loading Resource: yelia_f_remember.bck (Size: 2880)
[DEBUG | dusk] Loading Resource: yelia_f_remembering.bck (Size: 3168)
[DEBUG | dusk] Loading Resource: yelia_f_sad.bck (Size: 2912)
[DEBUG | dusk] Loading Resource: yelia_f_think.bck (Size: 2848)
[DEBUG | dusk] Loading Resource: yelia_f_to_think.bck (Size: 2720)
[DEBUG | dusk] Loading Resource: yelia_fh_ask.bck (Size: 2240)
[DEBUG | dusk] Loading Resource: yelia_fh_intense.bck (Size: 2240)
[DEBUG | dusk] Loading Resource: yelia_fh_kizuku.bck (Size: 2240)
[DEBUG | dusk] Loading Resource: yelia_fh_remembering.bck (Size: 2240)
[DEBUG | dusk] Loading Resource: yelia_fh_sad.bck (Size: 2240)
[DEBUG | dusk] Loading Resource: yelia_fh_think.bck (Size: 2240)
[DEBUG | dusk] Loading Resource: yelia_kizuku.bck (Size: 5056)
[DEBUG | dusk] Loading Resource: yelia_kizuku_wait.bck (Size: 3072)
[DEBUG | dusk] Loading Resource: yelia_look.bck (Size: 3328)
[DEBUG | dusk] Loading Resource: yelia_looking.bck (Size: 3328)
[DEBUG | dusk] Loading Resource: yelia_remember.bck (Size: 4256)
[DEBUG | dusk] Loading Resource: yelia_remembering.bck (Size: 3488)
[DEBUG | dusk] Loading Resource: yelia_sittalk_a.bck (Size: 3456)
[DEBUG | dusk] Loading Resource: yelia_think.bck (Size: 3520)
[DEBUG | dusk] Loading Resource: yelia_to_think.bck (Size: 5344)
[DEBUG | dusk] Loading Resource: yelia_to_worry.bck (Size: 4384)
[DEBUG | dusk] Loading Resource: yelia_wait_utumuku.bck (Size: 3456)
[DEBUG | dusk] Loading Resource: yelia_wait_wonder.bck (Size: 3552)
[DEBUG | dusk] Loading Resource: yelia_wait_worry.bck (Size: 3712)
[DEBUG | dusk] Loading Resource: yelia_look.btk (Size: 256)
[DEBUG | dusk] Loading Resource: yelia_looking.btk (Size: 288)
[DEBUG | dusk] Loading Resource: yelia_wait_utumuku.btk (Size: 256)
[DEBUG | dusk] Loading Resource: yelia_wait_wonder.btk (Size: 256)
[DEBUG | dusk] Loading Resource: yelia_f_ask.btp (Size: 288)
[DEBUG | dusk] Loading Resource: yelia_f_intense.btp (Size: 288)
[DEBUG | dusk] Loading Resource: yelia_f_kizuku.btp (Size: 352)
[DEBUG | dusk] Loading Resource: yelia_f_remember.btp (Size: 160)
[DEBUG | dusk] Loading Resource: yelia_f_remembering.btp (Size: 288)
[DEBUG | dusk] Loading Resource: yelia_f_sad.btp (Size: 288)
[DEBUG | dusk] Loading Resource: yelia_f_think.btp (Size: 96)
[DEBUG | dusk] Loading Resource: yelia_f_to_think.btp (Size: 96)
[DEBUG | dusk] Loading Resource: yelia_fh_ask.btp (Size: 96)
[DEBUG | dusk] Loading Resource: yelia_fh_intense.btp (Size: 96)
[DEBUG | dusk] Loading Resource: yelia_fh_kizuku.btp (Size: 96)
[DEBUG | dusk] Loading Resource: yelia_fh_remembering.btp (Size: 96)
[DEBUG | dusk] Loading Resource: yelia_fh_sad.btp (Size: 96)
[DEBUG | dusk] Loading Resource: yelia_fh_think.btp (Size: 96)
[DEBUG | dusk] Loading Resource: event_list.dat (Size: 21524)
[DEBUG | dusk] Loading Resource: yelia_demo_wait_sit.bck (Size: 3456)
[DEBUG | dusk] Loading Resource: yelb_tw.bmd (Size: 142720)
[DEBUG | dusk] Loading Resource: event_list.dat (Size: 8752)
[DEBUG | dusk] Loading Resource: m_igatekey.bmd (Size: 5440)
[DEBUG | dusk] Loading Resource: al_umakusa.bmd (Size: 5984)
[DEBUG | dusk] Loading Resource: j_umakusa.bmd (Size: 13152)
[DEBUG | dusk] Loading Resource: j_umakusa_c.bmd (Size: 9536)
[DEBUG | dusk] Loading Resource: hs_back_walk.bck (Size: 5536)
[DEBUG | dusk] Loading Resource: hs_back_walk_start.bck (Size: 6304)
[DEBUG | dusk] Loading Resource: hs_excitement.bck (Size: 11968)
[DEBUG | dusk] Loading Resource: hs_excitement_2.bck (Size: 14144)
[DEBUG | dusk] Loading Resource: hs_jump_end.bck (Size: 5344)
[DEBUG | dusk] Loading Resource: hs_jump_middle.bck (Size: 4640)
[DEBUG | dusk] Loading Resource: hs_jump_start.bck (Size: 4832)
[DEBUG | dusk] Loading Resource: hs_jump_start_clift.bck (Size: 5248)
[DEBUG | dusk] Loading Resource: hs_lash.bck (Size: 3200)
[DEBUG | dusk] Loading Resource: hs_neck_waitback_left.bck (Size: 2880)
[DEBUG | dusk] Loading Resource: hs_neck_waitback_right.bck (Size: 2848)
[DEBUG | dusk] Loading Resource: hs_run_dash.bck (Size: 7680)
[DEBUG | dusk] Loading Resource: hs_run_fast.bck (Size: 6688)
[DEBUG | dusk] Loading Resource: hs_run_slow.bck (Size: 7712)
[DEBUG | dusk] Loading Resource: hs_stand.bck (Size: 17984)
[DEBUG | dusk] Loading Resource: hs_stop_slow.bck (Size: 14208)
[DEBUG | dusk] Loading Resource: hs_stop_stand.bck (Size: 16352)
[DEBUG | dusk] Loading Resource: hs_turn_left.bck (Size: 9632)
[DEBUG | dusk] Loading Resource: hs_turn_left_start.bck (Size: 5248)
[DEBUG | dusk] Loading Resource: hs_turn_right.bck (Size: 9472)
[DEBUG | dusk] Loading Resource: hs_turn_right_start.bck (Size: 5344)
[DEBUG | dusk] Loading Resource: hs_wait_01.bck (Size: 4768)
[DEBUG | dusk] Loading Resource: hs_wait_01b.bck (Size: 4672)
[DEBUG | dusk] Loading Resource: hs_wait_01b_connect.bck (Size: 4672)
[DEBUG | dusk] Loading Resource: hs_wait_02.bck (Size: 8928)
[DEBUG | dusk] Loading Resource: hs_wait_03.bck (Size: 7552)
[DEBUG | dusk] Loading Resource: hs_wait_04.bck (Size: 12640)
[DEBUG | dusk] Loading Resource: hs_wait_05.bck (Size: 10528)
[DEBUG | dusk] Loading Resource: hs_walk_fast.bck (Size: 5792)
[DEBUG | dusk] Loading Resource: hs_walk_slow.bck (Size: 5600)
[DEBUG | dusk] Loading Resource: hs.bmd (Size: 131264)
[DEBUG | dusk] Loading Resource: hs_eye.btp (Size: 128)
[DEBUG | dusk] Loading Resource: tazuna.bti (Size: 160)
[DEBUG | dusk] Loading Resource: a_iwaato.bti (Size: 16416)
[DEBUG | dusk] Loading Resource: m_izumigate.bmd (Size: 69760)
[DEBUG | dusk] Loading Resource: m_izumigate.dzb (Size: 1280)
[DEBUG | dusk] Loading Resource: m_hashigate.bmd (Size: 55616)
[DEBUG | dusk] Loading Resource: m_hashigate.dzb (Size: 1152)
[DEBUG | dusk] [DIAG] fpcSCtRq_phase_Load: procName=255 ret=4
[DEBUG | dusk] fpcSCtRq_phase_CreateProcess: procName=255
[DEBUG | dusk] fpcBs_Create: pid=477 profname=fpcNm_MIDNA_e (255) profile=0x7acab78698 procSize=3360 unkSize=0
[DEBUG | dusk] fpcSCtRq_phase_CreateProcess: fpcBs_Create OK proc=0xb400007a0374e604
[DEBUG | dusk] Loading Resource: s_md_hands.bmd (Size: 19776)
[DEBUG | dusk] Loading Resource: s_md_mask.bmd (Size: 15424)
[DEBUG | dusk] Loading Resource: s_md_gokou.bmd (Size: 3008)
[DEBUG | dusk] Loading Resource: s_md.bmd (Size: 69984)
[DEBUG | dusk] Loading Resource: s_md_hair_hand.bmd (Size: 18944)
[DEBUG | dusk] Loading Resource: s_md_appear.brk (Size: 352)
[DEBUG | dusk] Loading Resource: s_md_gokou_appear.brk (Size: 256)
[DEBUG | dusk] Loading Resource: s_md_hair_hand_appear.brk (Size: 288)
[DEBUG | dusk] Loading Resource: s_md_mask_appear.brk (Size: 256)
[DEBUG | dusk] Loading Resource: s_md_hair_hand_moya.btk (Size: 544)
[DEBUG | dusk] Loading Resource: s_md_hands_moya.btk (Size: 608)
[DEBUG | dusk] Loading Resource: s_md_mask_moya.btk (Size: 320)
[DEBUG | dusk] Loading Resource: s_md_moya.btk (Size: 512)
[DEBUG | dusk] frameInterp: onTypeChange 46 -> 40 (event_type_id=40, leaving_event=false, entering_event=true)
[DEBUG | dusk] frameInterp: presentation sync not requested for ZEV event [CURRENT] (staff idx 25)
[INFO | dev.baxlek.zelda_on_epona] cutscene diagnostics: event='DEFAULT_START' demoArc='' cutName='' demoStaffId=-1 room=1 layer=1 horseDemoMode=true titleScreen=false storyHoZeldaActive=false inScriptedCutscene=true alwaysHiddenCutscene=false showInCutscenesToggle=true hideSpawnedZelda=false hasSpawnedZelda=true
[DEBUG | dusk] [DIAG] fpcSCtRq_phase_Load: procName=548 ret=4
[DEBUG | dusk] fpcSCtRq_phase_CreateProcess: procName=548
[DEBUG | dusk] fpcBs_Create: pid=478 profname=fpcNm_HOZELDA_e (548) profile=0x7acab85e40 procSize=2368 unkSize=0
[DEBUG | dusk] fpcSCtRq_phase_CreateProcess: fpcBs_Create OK proc=0xb400007a0375597c
[DEBUG | dusk] Loading Resource: zelh_aldieh.bck (Size: 6240)
[DEBUG | dusk] Loading Resource: zelh_arelordh.bck (Size: 9280)
[DEBUG | dusk] Loading Resource: zelh_ashooth.bck (Size: 5216)
[DEBUG | dusk] Loading Resource: zelh_atbh.bck (Size: 4064)
[DEBUG | dusk] Loading Resource: zelh_barelordh.bck (Size: 1216)
[DEBUG | dusk] Loading Resource: zelh_bashooth.bck (Size: 1952)
[DEBUG | dusk] Loading Resource: zelh_damh.bck (Size: 4864)
[DEBUG | dusk] Loading Resource: zelh_dashh.bck (Size: 6976)
[DEBUG | dusk] Loading Resource: zelh_dstarth.bck (Size: 7584)
[DEBUG | dusk] Loading Resource: zelh_egnd_wh.bck (Size: 6048)
[DEBUG | dusk] Loading Resource: zelh_egnd_whb.bck (Size: 5344)
[DEBUG | dusk] Loading Resource: zelh_jumph.bck (Size: 5600)
[DEBUG | dusk] Loading Resource: zelh_jumphed.bck (Size: 5568)
[DEBUG | dusk] Loading Resource: zelh_jumphst.bck (Size: 4896)
[DEBUG | dusk] Loading Resource: zelh_numbh.bck (Size: 4704)
[DEBUG | dusk] Loading Resource: zelh_standh.bck (Size: 10624)
[DEBUG | dusk] Loading Resource: zelh_standhwc.bck (Size: 14176)
[DEBUG | dusk] Loading Resource: zelh_stoph.bck (Size: 8064)
[DEBUG | dusk] Loading Resource: zelh_stoptostandh.bck (Size: 11648)
[DEBUG | dusk] Loading Resource: zelh_waitbh.bck (Size: 6656)
[DEBUG | dusk] Loading Resource: zelh_waitch.bck (Size: 5184)
[DEBUG | dusk] Loading Resource: zelh_waith.bck (Size: 5216)
[DEBUG | dusk] Loading Resource: o_zg_arow.bmd (Size: 9312)
[DEBUG | dusk] Loading Resource: o_zg_bow.bmd (Size: 17120)
[DEBUG | dusk] Loading Resource: zelh.bmd (Size: 240768)
[DEBUG | dusk] Loading Resource: zelh_fa.btk (Size: 352)
[DEBUG | dusk] Loading Resource: zelh_faldieh.btk (Size: 992)
[DEBUG | dusk] Loading Resource: zelh_fegnd_wh.btk (Size: 352)
[DEBUG | dusk] Loading Resource: zelh_fa.btp (Size: 128)
[DEBUG | dusk] Loading Resource: zelh_faldieh.btp (Size: 864)
[DEBUG | dusk] Loading Resource: zelh_fb.btp (Size: 128)
[DEBUG | dusk] Loading Resource: zelh_fc.btp (Size: 128)
[DEBUG | dusk] Loading Resource: zelh_fmaba01.btp (Size: 160)
[INFO | dev.baxlek.zelda_on_epona] cutscene diagnostics: event='NOT RUNNING' demoArc='' cutName='' demoStaffId=-1 room=1 layer=1 horseDemoMode=true titleScreen=false storyHoZeldaActive=false inScriptedCutscene=true alwaysHiddenCutscene=false showInCutscenesToggle=true hideSpawnedZelda=false hasSpawnedZelda=true
[INFO | dev.baxlek.zelda_on_epona] cutscene diagnostics: event='NO DATA' demoArc='' cutName='' demoStaffId=-1 room=1 layer=1 horseDemoMode=false titleScreen=false storyHoZeldaActive=false inScriptedCutscene=false alwaysHiddenCutscene=false showInCutscenesToggle=true hideSpawnedZelda=false hasSpawnedZelda=true
[DEBUG | dusk] frameInterp: onTypeChange 40 -> 46 (event_type_id=40, leaving_event=true, entering_event=false)
[DEBUG | dusk] fapGm_Execute frame=6000
[DEBUG | dusk] frameInterp: onTypeChange 46 -> 164 (event_type_id=40, leaving_event=false, entering_event=false)
[DEBUG | dusk] frameInterp: onTypeChange 164 -> 40 (event_type_id=40, leaving_event=false, entering_event=true)
[DEBUG | dusk] frameInterp: presentation sync not requested for ZEV event [PAUSE] (staff idx 1)
[INFO | dev.baxlek.zelda_on_epona] cutscene diagnostics: event='JUMP_DEMOSTAGE' demoArc='' cutName='' demoStaffId=-1 room=1 layer=1 horseDemoMode=true titleScreen=false storyHoZeldaActive=false inScriptedCutscene=true alwaysHiddenCutscene=false showInCutscenesToggle=true hideSpawnedZelda=false hasSpawnedZelda=true
[DEBUG | dusk] [DIAG] fpcSCtRq_phase_Load: procName=0 ret=4
[DEBUG | dusk] fpcSCtRq_phase_CreateProcess: procName=0
[DEBUG | dusk] fpcBs_Create: pid=479 profname=fpcNm_OVERLAP0_e (0) profile=0x7acab71b18 procSize=384 unkSize=0
[DEBUG | dusk] fpcSCtRq_phase_CreateProcess: fpcBs_Create OK proc=0xb400007a03756378
[DEBUG | dusk] fpcNdRq_phase_Create: name=11 layer=0x7acada5418
[DEBUG | dusk] fpcNdRq_phase_Create: creating_id=480 (error=4294967295)
[WARNING | dusk::mods::actor] Attempted to delete actor with ID (478) but it doesn't exist!
[DEBUG | dusk] [DIAG] fpcSCtRq_phase_Load: procName=11 ret=4
[DEBUG | dusk] fpcSCtRq_phase_CreateProcess: procName=11
[DEBUG | dusk] fpcBs_Create: pid=480 profname=fpcNm_PLAY_SCENE_e (11) profile=0x7acab72268 procSize=912 unkSize=0
[DEBUG | dusk] fpcSCtRq_phase_CreateProcess: fpcBs_Create OK proc=0xb400007a03756bd0
[DEBUG | dusk] Loading Resource: event_list.dat (Size: 106476)
[DEBUG | dusk] Loading Resource: camstyle.dat (Size: 43328)
[DEBUG | dusk] Loading Resource: camtype.dat (Size: 14560)
[DEBUG | dusk] fopScnM_CreateReq: procName=18 fade=32767
[DEBUG | dusk] fopScnM_CreateReq: result=20 (error=4294967295)
[DEBUG | dusk] fpcBs_Create: pid=484 profname=fpcNm_KANKYO_e (19) profile=0x7acab6ce60 procSize=440 unkSize=0
[DEBUG | dusk] fpcBs_Create: pid=486 profname=fpcNm_KYEFF_e (785) profile=0x7acab6ceb0 procSize=440 unkSize=0
[DEBUG | dusk] fpcBs_Create: pid=488 profname=fpcNm_KYEFF2_e (786) profile=0x7acab6cef0 procSize=440 unkSize=0
[DEBUG | dusk] fpcBs_Create: pid=490 profname=fpcNm_ENVSE_e (21) profile=0x7acab6bf20 procSize=456 unkSize=0
[DEBUG | dusk] fpcNdRq_phase_Create: name=18 layer=0xb400007a03756d28
[DEBUG | dusk] fpcNdRq_phase_Create: creating_id=493 (error=4294967295)
[DEBUG | dusk] [DIAG] fpcSCtRq_phase_Load: procName=781 ret=4
[DEBUG | dusk] fpcSCtRq_phase_CreateProcess: procName=781
[DEBUG | dusk] fpcBs_Create: pid=481 profname=fpcNm_CAMERA_e (781) profile=0x7acab6bd68 procSize=4240 unkSize=0
[DEBUG | dusk] fpcSCtRq_phase_CreateProcess: fpcBs_Create OK proc=0xb400007a03754214
[DEBUG | dusk] [DIAG] fpcSCtRq_phase_Load: procName=686 ret=4
[DEBUG | dusk] fpcSCtRq_phase_CreateProcess: procName=686
[DEBUG | dusk] fpcBs_Create: pid=482 profname=fpcNm_KYTAG04_e (686) profile=0x7acab75f28 procSize=1784 unkSize=0
[DEBUG | dusk] fpcSCtRq_phase_CreateProcess: fpcBs_Create OK proc=0xb400007a03753afc
[DEBUG | dusk] [DIAG] fpcSCtRq_phase_Load: procName=730 ret=4
[DEBUG | dusk] fpcSCtRq_phase_CreateProcess: procName=730
[DEBUG | dusk] fpcBs_Create: pid=491 profname=fpcNm_VRBOX_e (730) profile=0x7acab78078 procSize=1648 unkSize=0
[DEBUG | dusk] fpcSCtRq_phase_CreateProcess: fpcBs_Create OK proc=0xb400007a0375346c
[DEBUG | dusk] [DIAG] fpcSCtRq_phase_Load: procName=731 ret=4
[DEBUG | dusk] fpcSCtRq_phase_CreateProcess: procName=731
[DEBUG | dusk] fpcBs_Create: pid=492 profname=fpcNm_VRBOX2_e (731) profile=0x7acab78130 procSize=1720 unkSize=0
[DEBUG | dusk] fpcSCtRq_phase_CreateProcess: fpcBs_Create OK proc=0xb400007a03752d94
[DEBUG | dusk] [DIAG] fpcSCtRq_phase_Load: procName=18 ret=4
[DEBUG | dusk] fpcSCtRq_phase_CreateProcess: procName=18
[DEBUG | dusk] fpcBs_Create: pid=493 profname=fpcNm_ROOM_SCENE_e (18) profile=0x7acab72388 procSize=912 unkSize=0
[DEBUG | dusk] fpcSCtRq_phase_CreateProcess: fpcBs_Create OK proc=0xb400007a037529e4
[DEBUG | dusk] Loading Resource: ef_portal.bmd (Size: 60192)
[DEBUG | dusk] Loading Resource: ef_portal_blue_app.brk (Size: 896)
[DEBUG | dusk] Loading Resource: ef_portal_blue_disapp.brk (Size: 896)
[DEBUG | dusk] Loading Resource: ef_portal_red_app.brk (Size: 896)
[DEBUG | dusk] Loading Resource: ef_portal_red_disapp.brk (Size: 896)
[DEBUG | dusk] Loading Resource: ef_portal.btk (Size: 1792)
[DEBUG | dusk] Loading Resource: demo01_04.stb (Size: 5184)
[DEBUG | dusk] Loading Resource: demo01_horse_cut01_bd_1_o.bck (Size: 5216)
[DEBUG | dusk] Loading Resource: demo01_horse_cut02_bd_1_o.bck (Size: 11584)
[DEBUG | dusk] Loading Resource: demo01_link_cut01_bd_1_o.bck (Size: 14464)
[DEBUG | dusk] Loading Resource: demo01_link_cut03_bd_1_o.bck (Size: 3904)
[DEBUG | dusk] Loading Resource: demo01_link_cut03_fc_1_o.bck (Size: 1984)
[DEBUG | dusk] Loading Resource: demo01_yelia_cut01_gp_1_o.bck (Size: 10400)
[DEBUG | dusk] Loading Resource: demo01_yelia_cut02_gp_1_o.bck (Size: 13120)
[DEBUG | dusk] Loading Resource: demo01_yelia_cut02_gp_2_o.bck (Size: 15168)
[DEBUG | dusk] Loading Resource: demo01_link_cut03_fc_1_o.btk (Size: 544)
[DEBUG | dusk] Loading Resource: demo01_yelia_cut02_gp_1_o.btk (Size: 448)
[DEBUG | dusk] Loading Resource: demo01_yelia_cut02_gp_2_o.btk (Size: 480)
[DEBUG | dusk] Loading Resource: demo01_link_cut03_fc_1_o.btp (Size: 1024)
[DEBUG | dusk] Loading Resource: demo01_yelia_cut02_gp_1_o.btp (Size: 480)
[DEBUG | dusk] Loading Resource: demo01_yelia_cut02_gp_2_o.btp (Size: 480)
[DEBUG | dusk] Loading Resource: demo01_yelia_cut00_gp_1.bmd (Size: 165728)
[DEBUG | dusk] fpcBs_Create: pid=536 profname=fpcNm_SUSPEND_e (783) profile=0x7acab78c48 procSize=1632 unkSize=0
[DEBUG | dusk] fpcBs_Create: pid=538 profname=fpcNm_SUSPEND_e (783) profile=0x7acab78c48 procSize=1632 unkSize=0
[DEBUG | dusk] [DIAG] fpcSCtRq_phase_Load: procName=253 ret=4
[DEBUG | dusk] fpcSCtRq_phase_CreateProcess: procName=253
[DEBUG | dusk] fpcBs_Create: pid=494 profname=fpcNm_ALINK_e (253) profile=0x7acab68250 procSize=18784 unkSize=0
[DEBUG | dusk] fpcSCtRq_phase_CreateProcess: fpcBs_Create OK proc=0xb400007a0374a20c
[DEBUG | dusk] [DIAG] fpcSCtRq_phase_Load: procName=790 ret=4
[DEBUG | dusk] fpcSCtRq_phase_CreateProcess: procName=790
[DEBUG | dusk] fpcBs_Create: pid=495 profname=fpcNm_METER2_e (790) profile=0x7acab6f430 procSize=1504 unkSize=0
[DEBUG | dusk] fpcSCtRq_phase_CreateProcess: fpcBs_Create OK proc=0xb400007a03749c0c
[DEBUG | dusk] [DIAG] fpcSCtRq_phase_Load: procName=732 ret=4
[DEBUG | dusk] fpcSCtRq_phase_CreateProcess: procName=732
[DEBUG | dusk] fpcBs_Create: pid=496 profname=fpcNm_BG_e (732) profile=0x7acab753f8 procSize=1904 unkSize=0
[DEBUG | dusk] fpcSCtRq_phase_CreateProcess: fpcBs_Create OK proc=0xb400007a037492bc
[DEBUG | dusk] [DIAG] fpcSCtRq_phase_Load: procName=44 ret=4
[DEBUG | dusk] fpcSCtRq_phase_CreateProcess: procName=44
[DEBUG | dusk] fpcBs_Create: pid=497 profname=fpcNm_OBJ_BRG_e (44) profile=0x7acab98e68 procSize=54520 unkSize=0
[DEBUG | dusk] fpcSCtRq_phase_CreateProcess: fpcBs_Create OK proc=0xb400007a0373bda4
[DEBUG | dusk] [DIAG] fpcSCtRq_phase_Load: procName=535 ret=4
[DEBUG | dusk] fpcSCtRq_phase_CreateProcess: procName=535
[DEBUG | dusk] fpcBs_Create: pid=498 profname=fpcNm_E_WAP_e (535) profile=0x7acab84da8 procSize=1928 unkSize=0
[DEBUG | dusk] fpcSCtRq_phase_CreateProcess: fpcBs_Create OK proc=0xb400007a0373b5fc
[DEBUG | dusk] [DIAG] fpcSCtRq_phase_Load: procName=83 ret=4
[DEBUG | dusk] fpcSCtRq_phase_CreateProcess: procName=83
[DEBUG | dusk] fpcBs_Create: pid=499 profname=fpcNm_Obj_Digpl_e (83) profile=0x7acab7c7f8 procSize=1712 unkSize=0
[DEBUG | dusk] fpcSCtRq_phase_CreateProcess: fpcBs_Create OK proc=0xb400007a0373af2c
[DEBUG | dusk] [DIAG] fpcSCtRq_phase_Load: procName=765 ret=4
[DEBUG | dusk] fpcSCtRq_phase_CreateProcess: procName=765
[DEBUG | dusk] fpcBs_Create: pid=500 profname=fpcNm_Obj_Stone_e (765) profile=0x7acaba8480 procSize=3192 unkSize=0
[DEBUG | dusk] fpcSCtRq_phase_CreateProcess: fpcBs_Create OK proc=0xb400007a0373a294
[DEBUG | dusk] [DIAG] fpcSCtRq_phase_Load: procName=765 ret=4
[DEBUG | dusk] fpcSCtRq_phase_CreateProcess: procName=765
[DEBUG | dusk] fpcBs_Create: pid=501 profname=fpcNm_Obj_Stone_e (765) profile=0x7acaba8480 procSize=3192 unkSize=0
[DEBUG | dusk] fpcSCtRq_phase_CreateProcess: fpcBs_Create OK proc=0xb400007a037395fc
[DEBUG | dusk] [DIAG] fpcSCtRq_phase_Load: procName=765 ret=4
[DEBUG | dusk] fpcSCtRq_phase_CreateProcess: procName=765
[DEBUG | dusk] fpcBs_Create: pid=502 profname=fpcNm_Obj_Stone_e (765) profile=0x7acaba8480 procSize=3192 unkSize=0
[DEBUG | dusk] fpcSCtRq_phase_CreateProcess: fpcBs_Create OK proc=0xb400007a03738964
[DEBUG | dusk] [DIAG] fpcSCtRq_phase_Load: procName=765 ret=4
[DEBUG | dusk] fpcSCtRq_phase_CreateProcess: procName=765
[DEBUG | dusk] fpcBs_Create: pid=503 profname=fpcNm_Obj_Stone_e (765) profile=0x7acaba8480 procSize=3192 unkSize=0
[DEBUG | dusk] fpcSCtRq_phase_CreateProcess: fpcBs_Create OK proc=0xb400007a03737ccc
[DEBUG | dusk] [DIAG] fpcSCtRq_phase_Load: procName=765 ret=4
[DEBUG | dusk] fpcSCtRq_phase_CreateProcess: procName=765
[DEBUG | dusk] fpcBs_Create: pid=504 profname=fpcNm_Obj_Stone_e (765) profile=0x7acaba8480 procSize=3192 unkSize=0
[DEBUG | dusk] fpcSCtRq_phase_CreateProcess: fpcBs_Create OK proc=0xb400007a03737034
[DEBUG | dusk] [DIAG] fpcSCtRq_phase_Load: procName=765 ret=4
[DEBUG | dusk] fpcSCtRq_phase_CreateProcess: procName=765
[DEBUG | dusk] fpcBs_Create: pid=505 profname=fpcNm_Obj_Stone_e (765) profile=0x7acaba8480 procSize=3192 unkSize=0
[DEBUG | dusk] fpcSCtRq_phase_CreateProcess: fpcBs_Create OK proc=0xb400007a0373639c
[DEBUG | dusk] [DIAG] fpcSCtRq_phase_Load: procName=765 ret=4
[DEBUG | dusk] fpcSCtRq_phase_CreateProcess: procName=765
[DEBUG | dusk] fpcBs_Create: pid=506 profname=fpcNm_Obj_Stone_e (765) profile=0x7acaba8480 procSize=3192 unkSize=0
[DEBUG | dusk] fpcSCtRq_phase_CreateProcess: fpcBs_Create OK proc=0xb400007a03735704
[DEBUG | dusk] [DIAG] fpcSCtRq_phase_Load: procName=784 ret=4
[DEBUG | dusk] fpcSCtRq_phase_CreateProcess: procName=784
[DEBUG | dusk] fpcBs_Create: pid=507 profname=fpcNm_GRASS_e (784) profile=0x7acab79ae8 procSize=1640 unkSize=0
[DEBUG | dusk] fpcSCtRq_phase_CreateProcess: fpcBs_Create OK proc=0xb400007a0373507c
[DEBUG | dusk] [DIAG] fpcSCtRq_phase_Load: procName=784 ret=4
[DEBUG | dusk] fpcSCtRq_phase_CreateProcess: procName=784
[DEBUG | dusk] fpcBs_Create: pid=508 profname=fpcNm_GRASS_e (784) profile=0x7acab79ae8 procSize=1640 unkSize=0
[DEBUG | dusk] fpcSCtRq_phase_CreateProcess: fpcBs_Create OK proc=0xb400007a037349f4
[DEBUG | dusk] [DIAG] fpcSCtRq_phase_Load: procName=784 ret=4
[DEBUG | dusk] fpcSCtRq_phase_CreateProcess: procName=784
[DEBUG | dusk] fpcBs_Create: pid=509 profname=fpcNm_GRASS_e (784) profile=0x7acab79ae8 procSize=1640 unkSize=0
[DEBUG | dusk] fpcSCtRq_phase_CreateProcess: fpcBs_Create OK proc=0xb400007a0373436c
[DEBUG | dusk] [DIAG] fpcSCtRq_phase_Load: procName=784 ret=4
[DEBUG | dusk] fpcSCtRq_phase_CreateProcess: procName=784
[DEBUG | dusk] fpcBs_Create: pid=510 profname=fpcNm_GRASS_e (784) profile=0x7acab79ae8 procSize=1640 unkSize=0
[DEBUG | dusk] fpcSCtRq_phase_CreateProcess: fpcBs_Create OK proc=0xb400007a03733ce4
[DEBUG | dusk] [DIAG] fpcSCtRq_phase_Load: procName=784 ret=4
[DEBUG | dusk] fpcSCtRq_phase_CreateProcess: procName=784
[DEBUG | dusk] fpcBs_Create: pid=511 profname=fpcNm_GRASS_e (784) profile=0x7acab79ae8 procSize=1640 unkSize=0
[DEBUG | dusk] fpcSCtRq_phase_CreateProcess: fpcBs_Create OK proc=0xb400007a0373365c
[DEBUG | dusk] [DIAG] fpcSCtRq_phase_Load: procName=784 ret=4
[DEBUG | dusk] fpcSCtRq_phase_CreateProcess: procName=784
[DEBUG | dusk] fpcBs_Create: pid=512 profname=fpcNm_GRASS_e (784) profile=0x7acab79ae8 procSize=1640 unkSize=0
[DEBUG | dusk] fpcSCtRq_phase_CreateProcess: fpcBs_Create OK proc=0xb400007a03732fd4
[DEBUG | dusk] [DIAG] fpcSCtRq_phase_Load: procName=784 ret=4
[DEBUG | dusk] fpcSCtRq_phase_CreateProcess: procName=784
[DEBUG | dusk] fpcBs_Create: pid=513 profname=fpcNm_GRASS_e (784) profile=0x7acab79ae8 procSize=1640 unkSize=0
[DEBUG | dusk] fpcSCtRq_phase_CreateProcess: fpcBs_Create OK proc=0xb400007a0373294c
[DEBUG | dusk] [DIAG] fpcSCtRq_phase_Load: procName=784 ret=4
[DEBUG | dusk] fpcSCtRq_phase_CreateProcess: procName=784
[DEBUG | dusk] fpcBs_Create: pid=514 profname=fpcNm_GRASS_e (784) profile=0x7acab79ae8 procSize=1640 unkSize=0
[DEBUG | dusk] fpcSCtRq_phase_CreateProcess: fpcBs_Create OK proc=0xb400007a037322c4
[DEBUG | dusk] [DIAG] fpcSCtRq_phase_Load: procName=784 ret=4
[DEBUG | dusk] fpcSCtRq_phase_CreateProcess: procName=784
[DEBUG | dusk] fpcBs_Create: pid=515 profname=fpcNm_GRASS_e (784) profile=0x7acab79ae8 procSize=1640 unkSize=0
[DEBUG | dusk] fpcSCtRq_phase_CreateProcess: fpcBs_Create OK proc=0xb400007a03731c3c
[DEBUG | dusk] [DIAG] fpcSCtRq_phase_Load: procName=784 ret=4
[DEBUG | dusk] fpcSCtRq_phase_CreateProcess: procName=784
[DEBUG | dusk] fpcBs_Create: pid=516 profname=fpcNm_GRASS_e (784) profile=0x7acab79ae8 procSize=1640 unkSize=0
[DEBUG | dusk] fpcSCtRq_phase_CreateProcess: fpcBs_Create OK proc=0xb400007a037315b4
[DEBUG | dusk] [DIAG] fpcSCtRq_phase_Load: procName=719 ret=4
[DEBUG | dusk] fpcSCtRq_phase_CreateProcess: procName=719
[DEBUG | dusk] fpcBs_Create: pid=517 profname=fpcNm_TAG_CAMERA_e (719) profile=0x7acab77260 procSize=1672 unkSize=0
[DEBUG | dusk] fpcSCtRq_phase_CreateProcess: fpcBs_Create OK proc=0xb400007a03730f0c
[DEBUG | dusk] [DIAG] fpcSCtRq_phase_Load: procName=549 ret=4
[DEBUG | dusk] fpcSCtRq_phase_CreateProcess: procName=549
[DEBUG | dusk] fpcBs_Create: pid=518 profname=fpcNm_SWC00_e (549) profile=0x7acab7e4d0 procSize=1664 unkSize=0
[DEBUG | dusk] fpcSCtRq_phase_CreateProcess: fpcBs_Create OK proc=0xb400007a0373086c
[DEBUG | dusk] [DIAG] fpcSCtRq_phase_Load: procName=549 ret=4
[DEBUG | dusk] fpcSCtRq_phase_CreateProcess: procName=549
[DEBUG | dusk] fpcBs_Create: pid=519 profname=fpcNm_SWC00_e (549) profile=0x7acab7e4d0 procSize=1664 unkSize=0
[DEBUG | dusk] fpcSCtRq_phase_CreateProcess: fpcBs_Create OK proc=0xb400007a037301cc
[DEBUG | dusk] [DIAG] fpcSCtRq_phase_Load: procName=549 ret=4
[DEBUG | dusk] fpcSCtRq_phase_CreateProcess: procName=549
[DEBUG | dusk] fpcBs_Create: pid=520 profname=fpcNm_SWC00_e (549) profile=0x7acab7e4d0 procSize=1664 unkSize=0
[DEBUG | dusk] fpcSCtRq_phase_CreateProcess: fpcBs_Create OK proc=0xb400007a0372fb2c
[DEBUG | dusk] [DIAG] fpcSCtRq_phase_Load: procName=549 ret=4
[DEBUG | dusk] fpcSCtRq_phase_CreateProcess: procName=549
[DEBUG | dusk] fpcBs_Create: pid=521 profname=fpcNm_SWC00_e (549) profile=0x7acab7e4d0 procSize=1664 unkSize=0
[DEBUG | dusk] fpcSCtRq_phase_CreateProcess: fpcBs_Create OK proc=0xb400007a0372f48c
[DEBUG | dusk] [DIAG] fpcSCtRq_phase_Load: procName=719 ret=4
[DEBUG | dusk] fpcSCtRq_phase_CreateProcess: procName=719
[DEBUG | dusk] fpcBs_Create: pid=522 profname=fpcNm_TAG_CAMERA_e (719) profile=0x7acab77260 procSize=1672 unkSize=0
[DEBUG | dusk] fpcSCtRq_phase_CreateProcess: fpcBs_Create OK proc=0xb400007a03750ef8
[DEBUG | dusk] [DIAG] fpcSCtRq_phase_Load: procName=549 ret=4
[DEBUG | dusk] fpcSCtRq_phase_CreateProcess: procName=549
[DEBUG | dusk] fpcBs_Create: pid=523 profname=fpcNm_SWC00_e (549) profile=0x7acab7e4d0 procSize=1664 unkSize=0
[DEBUG | dusk] fpcSCtRq_phase_CreateProcess: fpcBs_Create OK proc=0xb400007a0372edec
[DEBUG | dusk] [DIAG] fpcSCtRq_phase_Load: procName=549 ret=4
[DEBUG | dusk] fpcSCtRq_phase_CreateProcess: procName=549
[DEBUG | dusk] fpcBs_Create: pid=524 profname=fpcNm_SWC00_e (549) profile=0x7acab7e4d0 procSize=1664 unkSize=0
[DEBUG | dusk] fpcSCtRq_phase_CreateProcess: fpcBs_Create OK proc=0xb400007a0372e74c
[DEBUG | dusk] [DIAG] fpcSCtRq_phase_Load: procName=719 ret=4
[DEBUG | dusk] fpcSCtRq_phase_CreateProcess: procName=719
[DEBUG | dusk] fpcBs_Create: pid=525 profname=fpcNm_TAG_CAMERA_e (719) profile=0x7acab77260 procSize=1672 unkSize=0
[DEBUG | dusk] fpcSCtRq_phase_CreateProcess: fpcBs_Create OK proc=0xb400007a0372e0a4
[DEBUG | dusk] [DIAG] fpcSCtRq_phase_Load: procName=549 ret=4
[DEBUG | dusk] fpcSCtRq_phase_CreateProcess: procName=549
[DEBUG | dusk] fpcBs_Create: pid=526 profname=fpcNm_SWC00_e (549) profile=0x7acab7e4d0 procSize=1664 unkSize=0
[DEBUG | dusk] fpcSCtRq_phase_CreateProcess: fpcBs_Create OK proc=0xb400007a0372da04
[DEBUG | dusk] [DIAG] fpcSCtRq_phase_Load: procName=549 ret=4
[DEBUG | dusk] fpcSCtRq_phase_CreateProcess: procName=549
[DEBUG | dusk] fpcBs_Create: pid=527 profname=fpcNm_SWC00_e (549) profile=0x7acab7e4d0 procSize=1664 unkSize=0
[DEBUG | dusk] fpcSCtRq_phase_CreateProcess: fpcBs_Create OK proc=0xb400007a0372d364
[DEBUG | dusk] [DIAG] fpcSCtRq_phase_Load: procName=719 ret=4
[DEBUG | dusk] fpcSCtRq_phase_CreateProcess: procName=719
[DEBUG | dusk] fpcBs_Create: pid=528 profname=fpcNm_TAG_CAMERA_e (719) profile=0x7acab77260 procSize=1672 unkSize=0
[DEBUG | dusk] fpcSCtRq_phase_CreateProcess: fpcBs_Create OK proc=0xb400007a03750850
[DEBUG | dusk] [DIAG] fpcSCtRq_phase_Load: procName=236 ret=4
[DEBUG | dusk] fpcSCtRq_phase_CreateProcess: procName=236
[DEBUG | dusk] fpcBs_Create: pid=529 profname=fpcNm_Tag_Hstop_e (236) profile=0x7acab7eae8 procSize=1656 unkSize=0
[DEBUG | dusk] fpcSCtRq_phase_CreateProcess: fpcBs_Create OK proc=0xb400007a0372cccc
[DEBUG | dusk] [DIAG] fpcSCtRq_phase_Load: procName=236 ret=4
[DEBUG | dusk] fpcSCtRq_phase_CreateProcess: procName=236
[DEBUG | dusk] fpcBs_Create: pid=530 profname=fpcNm_Tag_Hstop_e (236) profile=0x7acab7eae8 procSize=1656 unkSize=0
[DEBUG | dusk] fpcSCtRq_phase_CreateProcess: fpcBs_Create OK proc=0xb400007a0372c634
[DEBUG | dusk] [DIAG] fpcSCtRq_phase_Load: procName=236 ret=4
[DEBUG | dusk] fpcSCtRq_phase_CreateProcess: procName=236
[DEBUG | dusk] fpcBs_Create: pid=531 profname=fpcNm_Tag_Hstop_e (236) profile=0x7acab7eae8 procSize=1656 unkSize=0
[DEBUG | dusk] fpcSCtRq_phase_CreateProcess: fpcBs_Create OK proc=0xb400007a0372bf9c
[DEBUG | dusk] [DIAG] fpcSCtRq_phase_Load: procName=236 ret=4
[DEBUG | dusk] fpcSCtRq_phase_CreateProcess: procName=236
[DEBUG | dusk] fpcBs_Create: pid=532 profname=fpcNm_Tag_Hstop_e (236) profile=0x7acab7eae8 procSize=1656 unkSize=0
[DEBUG | dusk] fpcSCtRq_phase_CreateProcess: fpcBs_Create OK proc=0xb400007a0372b904
[DEBUG | dusk] [DIAG] fpcSCtRq_phase_Load: procName=426 ret=4
[DEBUG | dusk] fpcSCtRq_phase_CreateProcess: procName=426
[DEBUG | dusk] fpcBs_Create: pid=533 profname=fpcNm_Tag_AttackItem_e (426) profile=0x7acab7e730 procSize=2200 unkSize=0
[DEBUG | dusk] fpcSCtRq_phase_CreateProcess: fpcBs_Create OK proc=0xb400007a0372b04c
[DEBUG | dusk] [DIAG] fpcSCtRq_phase_Load: procName=426 ret=4
[DEBUG | dusk] fpcSCtRq_phase_CreateProcess: procName=426
[DEBUG | dusk] fpcBs_Create: pid=534 profname=fpcNm_Tag_AttackItem_e (426) profile=0x7acab7e730 procSize=2200 unkSize=0
[DEBUG | dusk] fpcSCtRq_phase_CreateProcess: fpcBs_Create OK proc=0xb400007a0372a794
[DEBUG | dusk] [DIAG] fpcSCtRq_phase_Load: procName=333 ret=4
[DEBUG | dusk] fpcSCtRq_phase_CreateProcess: procName=333
[DEBUG | dusk] fpcBs_Create: pid=539 profname=fpcNm_Obj_Yobikusa_e (333) profile=0x7acab7e0c8 procSize=2360 unkSize=0
[DEBUG | dusk] fpcSCtRq_phase_CreateProcess: fpcBs_Create OK proc=0xb400007a03729e3c
[DEBUG | dusk] [DIAG] fpcSCtRq_phase_Load: procName=333 ret=4
[DEBUG | dusk] fpcSCtRq_phase_CreateProcess: procName=333
[DEBUG | dusk] fpcBs_Create: pid=540 profname=fpcNm_Obj_Yobikusa_e (333) profile=0x7acab7e0c8 procSize=2360 unkSize=0
[DEBUG | dusk] fpcSCtRq_phase_CreateProcess: fpcBs_Create OK proc=0xb400007a037294e4
[DEBUG | dusk] [DIAG] fpcSCtRq_phase_Load: procName=333 ret=4
[DEBUG | dusk] fpcSCtRq_phase_CreateProcess: procName=333
[DEBUG | dusk] fpcBs_Create: pid=541 profname=fpcNm_Obj_Yobikusa_e (333) profile=0x7acab7e0c8 procSize=2360 unkSize=0
[DEBUG | dusk] fpcSCtRq_phase_CreateProcess: fpcBs_Create OK proc=0xb400007a03728b8c
[DEBUG | dusk] [DIAG] fpcSCtRq_phase_Load: procName=333 ret=4
[DEBUG | dusk] fpcSCtRq_phase_CreateProcess: procName=333
[DEBUG | dusk] fpcBs_Create: pid=542 profname=fpcNm_Obj_Yobikusa_e (333) profile=0x7acab7e0c8 procSize=2360 unkSize=0
[DEBUG | dusk] fpcSCtRq_phase_CreateProcess: fpcBs_Create OK proc=0xb400007a03728234
[DEBUG | dusk] [DIAG] fpcSCtRq_phase_Load: procName=333 ret=4
[DEBUG | dusk] fpcSCtRq_phase_CreateProcess: procName=333
[DEBUG | dusk] fpcBs_Create: pid=543 profname=fpcNm_Obj_Yobikusa_e (333) profile=0x7acab7e0c8 procSize=2360 unkSize=0
[DEBUG | dusk] fpcSCtRq_phase_CreateProcess: fpcBs_Create OK proc=0xb400007a037278dc
[DEBUG | dusk] [DIAG] fpcSCtRq_phase_Load: procName=238 ret=4
[DEBUG | dusk] fpcSCtRq_phase_CreateProcess: procName=238
[DEBUG | dusk] fpcBs_Create: pid=544 profname=fpcNm_HORSE_e (238) profile=0x7acab85d10 procSize=8464 unkSize=0
[DEBUG | dusk] fpcSCtRq_phase_CreateProcess: fpcBs_Create OK proc=0xb400007a037257ac
[DEBUG | dusk] [DIAG] fpcSCtRq_phase_Load: procName=788 ret=4
[DEBUG | dusk] fpcSCtRq_phase_CreateProcess: procName=788
[DEBUG | dusk] fpcBs_Create: pid=545 profname=fpcNm_MENUWINDOW_e (788) profile=0x7acab6ee20 procSize=592 unkSize=0
[DEBUG | dusk] fpcSCtRq_phase_CreateProcess: fpcBs_Create OK proc=0xb400007a037505e0
[DEBUG | dusk] [DIAG] fpcSCtRq_phase_Load: procName=787 ret=4
[DEBUG | dusk] fpcSCtRq_phase_CreateProcess: procName=787
[DEBUG | dusk] fpcBs_Create: pid=546 profname=fpcNm_MSG_OBJECT_e (787) profile=0x7acab6fa98 procSize=1512 unkSize=0
[DEBUG | dusk] fpcSCtRq_phase_CreateProcess: fpcBs_Create OK proc=0xb400007a0374ffbc
[DEBUG | dusk] Loading Resource: al_kantera.bmd (Size: 21024)
[DEBUG | dusk] Loading Resource: ef_ktglow.bmd (Size: 3040)
[DEBUG | dusk] Loading Resource: al_bootsh.bmd (Size: 22048)
[DEBUG | dusk] Loading Resource: al_face.bmd (Size: 72576)
[DEBUG | dusk] Loading Resource: al_swb.bmd (Size: 23552)
[DEBUG | dusk] Loading Resource: bl.bmd (Size: 165088)
[DEBUG | dusk] Loading Resource: bl_hands.bmd (Size: 63744)
[DEBUG | dusk] Loading Resource: bl_head.bmd (Size: 33568)
[DEBUG | dusk] Loading Resource: ef_ktglow.btk (Size: 512)
[DEBUG | dusk] Loading Resource: k_bridge00.bmd (Size: 6432)
[DEBUG | dusk] Loading Resource: k_bridge01.bmd (Size: 6464)
[DEBUG | dusk] Loading Resource: m_bridge00.bmd (Size: 10560)
[DEBUG | dusk] Loading Resource: m_knot00.bmd (Size: 2624)
[DEBUG | dusk] Loading Resource: mbrdg.dzb (Size: 9312)
[DEBUG | dusk] Loading Resource: mbrdg2.dzb (Size: 9312)
[DEBUG | dusk] Loading Resource: brg_rope.bti (Size: 160)
[DEBUG | dusk] Loading Resource: m_wire00.bti (Size: 64)
[DEBUG | dusk] Loading Resource: d_srock.bmd (Size: 4704)
[DEBUG | dusk] Loading Resource: d_brock.bmd (Size: 4704)
[DEBUG | dusk] Loading Resource: al_umakusa.bmd (Size: 5984)
[DEBUG | dusk] Loading Resource: j_umakusa.bmd (Size: 13152)
[DEBUG | dusk] Loading Resource: j_umakusa_c.bmd (Size: 9536)
[DEBUG | dusk] Loading Resource: hs_back_walk.bck (Size: 5536)
[DEBUG | dusk] Loading Resource: hs_back_walk_start.bck (Size: 6304)
[DEBUG | dusk] Loading Resource: hs_excitement.bck (Size: 11968)
[DEBUG | dusk] Loading Resource: hs_excitement_2.bck (Size: 14144)
[DEBUG | dusk] Loading Resource: hs_jump_end.bck (Size: 5344)
[DEBUG | dusk] Loading Resource: hs_jump_middle.bck (Size: 4640)
[DEBUG | dusk] Loading Resource: hs_jump_start.bck (Size: 4832)
[DEBUG | dusk] Loading Resource: hs_jump_start_clift.bck (Size: 5248)
[DEBUG | dusk] Loading Resource: hs_lash.bck (Size: 3200)
[DEBUG | dusk] Loading Resource: hs_neck_waitback_left.bck (Size: 2880)
[DEBUG | dusk] Loading Resource: hs_neck_waitback_right.bck (Size: 2848)
[DEBUG | dusk] Loading Resource: hs_run_dash.bck (Size: 7680)
[DEBUG | dusk] Loading Resource: hs_run_fast.bck (Size: 6688)
[DEBUG | dusk] Loading Resource: hs_run_slow.bck (Size: 7712)
[DEBUG | dusk] Loading Resource: hs_stand.bck (Size: 17984)
[DEBUG | dusk] Loading Resource: hs_stop_slow.bck (Size: 14208)
[DEBUG | dusk] Loading Resource: hs_stop_stand.bck (Size: 16352)
[DEBUG | dusk] Loading Resource: hs_turn_left.bck (Size: 9632)
[DEBUG | dusk] Loading Resource: hs_turn_left_start.bck (Size: 5248)
[DEBUG | dusk] Loading Resource: hs_turn_right.bck (Size: 9472)
[DEBUG | dusk] Loading Resource: hs_turn_right_start.bck (Size: 5344)
[DEBUG | dusk] Loading Resource: hs_wait_01.bck (Size: 4768)
[DEBUG | dusk] Loading Resource: hs_wait_01b.bck (Size: 4672)
[DEBUG | dusk] Loading Resource: hs_wait_01b_connect.bck (Size: 4672)
[DEBUG | dusk] Loading Resource: hs_wait_02.bck (Size: 8928)
[DEBUG | dusk] Loading Resource: hs_wait_03.bck (Size: 7552)
[DEBUG | dusk] Loading Resource: hs_wait_04.bck (Size: 12640)
[DEBUG | dusk] Loading Resource: hs_wait_05.bck (Size: 10528)
[DEBUG | dusk] Loading Resource: hs_walk_fast.bck (Size: 5792)
[DEBUG | dusk] Loading Resource: hs_walk_slow.bck (Size: 5600)
[DEBUG | dusk] Loading Resource: hs.bmd (Size: 131264)
[DEBUG | dusk] Loading Resource: hs_eye.btp (Size: 128)
[DEBUG | dusk] Loading Resource: tazuna.bti (Size: 160)
[DEBUG | dusk] [DIAG] fpcSCtRq_phase_Load: procName=369 ret=4
[DEBUG | dusk] fpcSCtRq_phase_CreateProcess: procName=369
[DEBUG | dusk] fpcBs_Create: pid=547 profname=fpcNm_Obj_StoneMark_e (369) profile=0x7acab7ddb0 procSize=2640 unkSize=0
[DEBUG | dusk] fpcSCtRq_phase_CreateProcess: fpcBs_Create OK proc=0xb400007a03724d3c
[DEBUG | dusk] [DIAG] fpcSCtRq_phase_Load: procName=369 ret=4
[DEBUG | dusk] fpcSCtRq_phase_CreateProcess: procName=369
[DEBUG | dusk] fpcBs_Create: pid=548 profname=fpcNm_Obj_StoneMark_e (369) profile=0x7acab7ddb0 procSize=2640 unkSize=0
[DEBUG | dusk] fpcSCtRq_phase_CreateProcess: fpcBs_Create OK proc=0xb400007a037242cc
[DEBUG | dusk] [DIAG] fpcSCtRq_phase_Load: procName=369 ret=4
[DEBUG | dusk] fpcSCtRq_phase_CreateProcess: procName=369
[DEBUG | dusk] fpcBs_Create: pid=549 profname=fpcNm_Obj_StoneMark_e (369) profile=0x7acab7ddb0 procSize=2640 unkSize=0
[DEBUG | dusk] fpcSCtRq_phase_CreateProcess: fpcBs_Create OK proc=0xb400007a0372385c
[DEBUG | dusk] [DIAG] fpcSCtRq_phase_Load: procName=369 ret=4
[DEBUG | dusk] fpcSCtRq_phase_CreateProcess: procName=369
[DEBUG | dusk] fpcBs_Create: pid=550 profname=fpcNm_Obj_StoneMark_e (369) profile=0x7acab7ddb0 procSize=2640 unkSize=0
[DEBUG | dusk] fpcSCtRq_phase_CreateProcess: fpcBs_Create OK proc=0xb400007a03722dec
[DEBUG | dusk] [DIAG] fpcSCtRq_phase_Load: procName=369 ret=4
[DEBUG | dusk] fpcSCtRq_phase_CreateProcess: procName=369
[DEBUG | dusk] fpcBs_Create: pid=551 profname=fpcNm_Obj_StoneMark_e (369) profile=0x7acab7ddb0 procSize=2640 unkSize=0
[DEBUG | dusk] fpcSCtRq_phase_CreateProcess: fpcBs_Create OK proc=0xb400007a0372237c
[DEBUG | dusk] [DIAG] fpcSCtRq_phase_Load: procName=369 ret=4
[DEBUG | dusk] fpcSCtRq_phase_CreateProcess: procName=369
[DEBUG | dusk] fpcBs_Create: pid=552 profname=fpcNm_Obj_StoneMark_e (369) profile=0x7acab7ddb0 procSize=2640 unkSize=0
[DEBUG | dusk] fpcSCtRq_phase_CreateProcess: fpcBs_Create OK proc=0xb400007a0372190c
[DEBUG | dusk] [DIAG] fpcSCtRq_phase_Load: procName=369 ret=4
[DEBUG | dusk] fpcSCtRq_phase_CreateProcess: procName=369
[DEBUG | dusk] fpcBs_Create: pid=553 profname=fpcNm_Obj_StoneMark_e (369) profile=0x7acab7ddb0 procSize=2640 unkSize=0
[DEBUG | dusk] fpcSCtRq_phase_CreateProcess: fpcBs_Create OK proc=0xb400007a03720e9c
[INFO | dev.baxlek.zelda_on_epona] cutscene diagnostics: event='NO DATA' demoArc='Demo01_04' cutName='' demoStaffId=-1 room=1 layer=14 horseDemoMode=false titleScreen=false storyHoZeldaActive=false inScriptedCutscene=false alwaysHiddenCutscene=false showInCutscenesToggle=true hideSpawnedZelda=false hasSpawnedZelda=true
[DEBUG | dusk] Loading Resource: a_iwaato.bti (Size: 16416)
[DEBUG | dusk] [DIAG] fpcSCtRq_phase_Load: procName=548 ret=4
[DEBUG | dusk] fpcSCtRq_phase_CreateProcess: procName=548
[DEBUG | dusk] fpcBs_Create: pid=554 profname=fpcNm_HOZELDA_e (548) profile=0x7acab85e40 procSize=2368 unkSize=0
[DEBUG | dusk] fpcSCtRq_phase_CreateProcess: fpcBs_Create OK proc=0xb400007a03751c24
[DEBUG | dusk] Loading Resource: al_shb.bmd (Size: 15040)
[DEBUG | dusk] Loading Resource: zelh_aldieh.bck (Size: 6240)
[DEBUG | dusk] Loading Resource: zelh_arelordh.bck (Size: 9280)
[DEBUG | dusk] Loading Resource: zelh_ashooth.bck (Size: 5216)
[DEBUG | dusk] Loading Resource: zelh_atbh.bck (Size: 4064)
[DEBUG | dusk] Loading Resource: zelh_barelordh.bck (Size: 1216)
[DEBUG | dusk] Loading Resource: zelh_bashooth.bck (Size: 1952)
[DEBUG | dusk] Loading Resource: zelh_damh.bck (Size: 4864)
[DEBUG | dusk] Loading Resource: zelh_dashh.bck (Size: 6976)
[DEBUG | dusk] Loading Resource: zelh_dstarth.bck (Size: 7584)
[DEBUG | dusk] Loading Resource: zelh_egnd_wh.bck (Size: 6048)
[DEBUG | dusk] Loading Resource: zelh_egnd_whb.bck (Size: 5344)
[DEBUG | dusk] Loading Resource: zelh_jumph.bck (Size: 5600)
[DEBUG | dusk] Loading Resource: zelh_jumphed.bck (Size: 5568)
[DEBUG | dusk] Loading Resource: zelh_jumphst.bck (Size: 4896)
[DEBUG | dusk] Loading Resource: zelh_numbh.bck (Size: 4704)
[DEBUG | dusk] Loading Resource: zelh_standh.bck (Size: 10624)
[DEBUG | dusk] Loading Resource: zelh_standhwc.bck (Size: 14176)
[DEBUG | dusk] Loading Resource: zelh_stoph.bck (Size: 8064)
[DEBUG | dusk] Loading Resource: zelh_stoptostandh.bck (Size: 11648)
[DEBUG | dusk] Loading Resource: zelh_waitbh.bck (Size: 6656)
[DEBUG | dusk] Loading Resource: zelh_waitch.bck (Size: 5184)
[DEBUG | dusk] Loading Resource: zelh_waith.bck (Size: 5216)
[DEBUG | dusk] Loading Resource: o_zg_arow.bmd (Size: 9312)
[DEBUG | dusk] Loading Resource: o_zg_bow.bmd (Size: 17120)
[DEBUG | dusk] Loading Resource: zelh.bmd (Size: 240768)
[DEBUG | dusk] Loading Resource: zelh_fa.btk (Size: 352)
[DEBUG | dusk] Loading Resource: zelh_faldieh.btk (Size: 992)
[DEBUG | dusk] Loading Resource: zelh_fegnd_wh.btk (Size: 352)
[DEBUG | dusk] Loading Resource: zelh_fa.btp (Size: 128)
[DEBUG | dusk] Loading Resource: zelh_faldieh.btp (Size: 864)
[DEBUG | dusk] Loading Resource: zelh_fb.btp (Size: 128)
[DEBUG | dusk] Loading Resource: zelh_fc.btp (Size: 128)
[DEBUG | dusk] Loading Resource: zelh_fmaba01.btp (Size: 160)
[DEBUG | dusk] [DIAG] fpcSCtRq_phase_Load: procName=255 ret=4
[DEBUG | dusk] fpcSCtRq_phase_CreateProcess: procName=255
[DEBUG | dusk] fpcBs_Create: pid=555 profname=fpcNm_MIDNA_e (255) profile=0x7acab78698 procSize=3360 unkSize=0
[DEBUG | dusk] fpcSCtRq_phase_CreateProcess: fpcBs_Create OK proc=0xb400007a0374f27c
[DEBUG | dusk] Loading Resource: s_md_hands.bmd (Size: 19776)
[DEBUG | dusk] Loading Resource: s_md_mask.bmd (Size: 15424)
[DEBUG | dusk] Loading Resource: s_md_gokou.bmd (Size: 3008)
[DEBUG | dusk] Loading Resource: s_md.bmd (Size: 69984)
[DEBUG | dusk] Loading Resource: s_md_hair_hand.bmd (Size: 18944)
[DEBUG | dusk] Loading Resource: s_md_appear.brk (Size: 352)
[DEBUG | dusk] Loading Resource: s_md_gokou_appear.brk (Size: 256)
[DEBUG | dusk] Loading Resource: s_md_hair_hand_appear.brk (Size: 288)
[DEBUG | dusk] Loading Resource: s_md_mask_appear.brk (Size: 256)
[DEBUG | dusk] Loading Resource: s_md_hair_hand_moya.btk (Size: 544)
[DEBUG | dusk] Loading Resource: s_md_hands_moya.btk (Size: 608)
[DEBUG | dusk] Loading Resource: s_md_mask_moya.btk (Size: 320)
[DEBUG | dusk] Loading Resource: s_md_moya.btk (Size: 512)
[DEBUG | dusk] fpcBs_Create: pid=557 profname=fpcNm_DEMO00_e (718) profile=0x7acab78470 procSize=11112 unkSize=0
[DEBUG | dusk] fpcBs_Create: pid=559 profname=fpcNm_DEMO00_e (718) profile=0x7acab78470 procSize=11112 unkSize=0
[DEBUG | dusk] fpcBs_Create: pid=561 profname=fpcNm_DEMO00_e (718) profile=0x7acab78470 procSize=11112 unkSize=0
[DEBUG | dusk] fpcBs_Create: pid=563 profname=fpcNm_DEMO00_e (718) profile=0x7acab78470 procSize=11112 unkSize=0
[DEBUG | dusk] fpcBs_Create: pid=565 profname=fpcNm_DEMO00_e (718) profile=0x7acab78470 procSize=11112 unkSize=0
[DEBUG | dusk] fpcBs_Create: pid=567 profname=fpcNm_DEMO00_e (718) profile=0x7acab78470 procSize=11112 unkSize=0
[DEBUG | dusk] frameInterp: onTypeChange 46 -> 40 (event_type_id=40, leaving_event=false, entering_event=true)
[DEBUG | dusk] frameInterp: presentation sync not requested for ZEV event [STBWAIT] (staff idx 31)
[INFO | dev.baxlek.zelda_on_epona] cutscene diagnostics: event='demo01_04' demoArc='Demo01_04' cutName='' demoStaffId=-1 room=1 layer=14 horseDemoMode=true titleScreen=false storyHoZeldaActive=false inScriptedCutscene=true alwaysHiddenCutscene=false showInCutscenesToggle=true hideSpawnedZelda=false hasSpawnedZelda=true
[DEBUG | dusk] fapGm_Execute frame=6300
[DEBUG | dusk] fapGm_Execute frame=6600
[WARNING | aurora] Surface present failed
